[0.086s] DEBUG:colcon:Command line arguments: ['/usr/bin/colcon', 'build', '--symlink-install']
[0.086s] DEBUG:colcon:Parsed command line arguments: Namespace(log_base=None, log_level=None, verb_name='build', build_base='build', install_base='install', merge_install=False, symlink_install=True, test_result_base=None, continue_on_error=False, executor='parallel', parallel_workers=12, event_handlers=None, ignore_user_meta=False, metas=['./colcon.meta'], base_paths=['.'], packages_ignore=None, packages_ignore_regex=None, paths=None, packages_up_to=None, packages_up_to_regex=None, packages_above=None, packages_above_and_dependencies=None, packages_above_depth=None, packages_select_by_dep=None, packages_skip_by_dep=None, packages_skip_up_to=None, packages_select_build_failed=False, packages_skip_build_finished=False, packages_select_test_failures=False, packages_skip_test_passed=False, packages_select=None, packages_skip=None, packages_select_regex=None, packages_skip_regex=None, packages_start=None, packages_end=None, allow_overriding=[], cmake_args=None, cmake_target=None, cmake_target_skip_unavailable=False, cmake_clean_cache=False, cmake_clean_first=False, cmake_force_configure=False, ament_cmake_args=None, catkin_cmake_args=None, catkin_skip_building_tests=False, mixin_files=None, mixin=None, verb_parser=<colcon_mixin.mixin.mixin_argument.MixinArgumentDecorator object at 0x7e0cc8e95e80>, verb_extension=<colcon_core.verb.build.BuildVerb object at 0x7e0cc8fce3f0>, main=<bound method BuildVerb.main of <colcon_core.verb.build.BuildVerb object at 0x7e0cc8fce3f0>>, mixin_verb=('build',))
[0.116s] Level 1:colcon.colcon_core.package_discovery:discover_packages(colcon_meta) check parameters
[0.116s] Level 1:colcon.colcon_core.package_discovery:discover_packages(recursive) check parameters
[0.116s] Level 1:colcon.colcon_core.package_discovery:discover_packages(ignore) check parameters
[0.116s] Level 1:colcon.colcon_core.package_discovery:discover_packages(path) check parameters
[0.116s] Level 1:colcon.colcon_core.package_discovery:discover_packages(colcon_meta) discover
[0.117s] Level 1:colcon.colcon_core.package_discovery:discover_packages(recursive) discover
[0.117s] INFO:colcon.colcon_core.package_discovery:Crawling recursively for packages in '/home/berenic/Documents/LPRS2_2026/Robo_Hand_RS485/ROS2/robo_hand_ws'
[0.117s] Level 1:colcon.colcon_core.package_identification:_identify(.) by extensions ['ignore', 'ignore_ament_install']
[0.117s] Level 1:colcon.colcon_core.package_identification:_identify(.) by extension 'ignore'
[0.117s] Level 1:colcon.colcon_core.package_identification:_identify(.) by extension 'ignore_ament_install'
[0.117s] Level 1:colcon.colcon_core.package_identification:_identify(.) by extensions ['colcon_pkg']
[0.117s] Level 1:colcon.colcon_core.package_identification:_identify(.) by extension 'colcon_pkg'
[0.117s] Level 1:colcon.colcon_core.package_identification:_identify(.) by extensions ['colcon_meta']
[0.117s] Level 1:colcon.colcon_core.package_identification:_identify(.) by extension 'colcon_meta'
[0.117s] Level 1:colcon.colcon_core.package_identification:_identify(.) by extensions ['ros']
[0.117s] Level 1:colcon.colcon_core.package_identification:_identify(.) by extension 'ros'
[0.135s] Level 1:colcon.colcon_core.package_identification:_identify(.) by extensions ['cmake', 'python']
[0.136s] Level 1:colcon.colcon_core.package_identification:_identify(.) by extension 'cmake'
[0.136s] Level 1:colcon.colcon_core.package_identification:_identify(.) by extension 'python'
[0.136s] Level 1:colcon.colcon_core.package_identification:_identify(.) by extensions ['python_setup_py']
[0.136s] Level 1:colcon.colcon_core.package_identification:_identify(.) by extension 'python_setup_py'
[0.136s] Level 1:colcon.colcon_core.package_identification:_identify(build) by extensions ['ignore', 'ignore_ament_install']
[0.136s] Level 1:colcon.colcon_core.package_identification:_identify(build) by extension 'ignore'
[0.136s] Level 1:colcon.colcon_core.package_identification:_identify(build) ignored
[0.136s] Level 1:colcon.colcon_core.package_identification:_identify(install) by extensions ['ignore', 'ignore_ament_install']
[0.136s] Level 1:colcon.colcon_core.package_identification:_identify(install) by extension 'ignore'
[0.136s] Level 1:colcon.colcon_core.package_identification:_identify(install) ignored
[0.136s] Level 1:colcon.colcon_core.package_identification:_identify(log) by extensions ['ignore', 'ignore_ament_install']
[0.136s] Level 1:colcon.colcon_core.package_identification:_identify(log) by extension 'ignore'
[0.136s] Level 1:colcon.colcon_core.package_identification:_identify(log) ignored
[0.136s] Level 1:colcon.colcon_core.package_identification:_identify(patches) by extensions ['ignore', 'ignore_ament_install']
[0.137s] Level 1:colcon.colcon_core.package_identification:_identify(patches) by extension 'ignore'
[0.137s] Level 1:colcon.colcon_core.package_identification:_identify(patches) by extension 'ignore_ament_install'
[0.137s] Level 1:colcon.colcon_core.package_identification:_identify(patches) by extensions ['colcon_pkg']
[0.137s] Level 1:colcon.colcon_core.package_identification:_identify(patches) by extension 'colcon_pkg'
[0.137s] Level 1:colcon.colcon_core.package_identification:_identify(patches) by extensions ['colcon_meta']
[0.137s] Level 1:colcon.colcon_core.package_identification:_identify(patches) by extension 'colcon_meta'
[0.137s] Level 1:colcon.colcon_core.package_identification:_identify(patches) by extensions ['ros']
[0.137s] Level 1:colcon.colcon_core.package_identification:_identify(patches) by extension 'ros'
[0.137s] Level 1:colcon.colcon_core.package_identification:_identify(patches) by extensions ['cmake', 'python']
[0.137s] Level 1:colcon.colcon_core.package_identification:_identify(patches) by extension 'cmake'
[0.137s] Level 1:colcon.colcon_core.package_identification:_identify(patches) by extension 'python'
[0.137s] Level 1:colcon.colcon_core.package_identification:_identify(patches) by extensions ['python_setup_py']
[0.137s] Level 1:colcon.colcon_core.package_identification:_identify(patches) by extension 'python_setup_py'
[0.137s] Level 1:colcon.colcon_core.package_identification:_identify(src) by extensions ['ignore', 'ignore_ament_install']
[0.137s] Level 1:colcon.colcon_core.package_identification:_identify(src) by extension 'ignore'
[0.137s] Level 1:colcon.colcon_core.package_identification:_identify(src) by extension 'ignore_ament_install'
[0.137s] Level 1:colcon.colcon_core.package_identification:_identify(src) by extensions ['colcon_pkg']
[0.137s] Level 1:colcon.colcon_core.package_identification:_identify(src) by extension 'colcon_pkg'
[0.137s] Level 1:colcon.colcon_core.package_identification:_identify(src) by extensions ['colcon_meta']
[0.137s] Level 1:colcon.colcon_core.package_identification:_identify(src) by extension 'colcon_meta'
[0.137s] Level 1:colcon.colcon_core.package_identification:_identify(src) by extensions ['ros']
[0.137s] Level 1:colcon.colcon_core.package_identification:_identify(src) by extension 'ros'
[0.138s] Level 1:colcon.colcon_core.package_identification:_identify(src) by extensions ['cmake', 'python']
[0.138s] Level 1:colcon.colcon_core.package_identification:_identify(src) by extension 'cmake'
[0.138s] Level 1:colcon.colcon_core.package_identification:_identify(src) by extension 'python'
[0.138s] Level 1:colcon.colcon_core.package_identification:_identify(src) by extensions ['python_setup_py']
[0.138s] Level 1:colcon.colcon_core.package_identification:_identify(src) by extension 'python_setup_py'
[0.138s] Level 1:colcon.colcon_core.package_identification:_identify(src/build) by extensions ['ignore', 'ignore_ament_install']
[0.138s] Level 1:colcon.colcon_core.package_identification:_identify(src/build) by extension 'ignore'
[0.138s] Level 1:colcon.colcon_core.package_identification:_identify(src/build) ignored
[0.138s] Level 1:colcon.colcon_core.package_identification:_identify(src/custom) by extensions ['ignore', 'ignore_ament_install']
[0.138s] Level 1:colcon.colcon_core.package_identification:_identify(src/custom) by extension 'ignore'
[0.138s] Level 1:colcon.colcon_core.package_identification:_identify(src/custom) by extension 'ignore_ament_install'
[0.138s] Level 1:colcon.colcon_core.package_identification:_identify(src/custom) by extensions ['colcon_pkg']
[0.138s] Level 1:colcon.colcon_core.package_identification:_identify(src/custom) by extension 'colcon_pkg'
[0.138s] Level 1:colcon.colcon_core.package_identification:_identify(src/custom) by extensions ['colcon_meta']
[0.138s] Level 1:colcon.colcon_core.package_identification:_identify(src/custom) by extension 'colcon_meta'
[0.138s] Level 1:colcon.colcon_core.package_identification:_identify(src/custom) by extensions ['ros']
[0.138s] Level 1:colcon.colcon_core.package_identification:_identify(src/custom) by extension 'ros'
[0.138s] Level 1:colcon.colcon_core.package_identification:_identify(src/custom) by extensions ['cmake', 'python']
[0.138s] Level 1:colcon.colcon_core.package_identification:_identify(src/custom) by extension 'cmake'
[0.138s] Level 1:colcon.colcon_core.package_identification:_identify(src/custom) by extension 'python'
[0.139s] Level 1:colcon.colcon_core.package_identification:_identify(src/custom) by extensions ['python_setup_py']
[0.139s] Level 1:colcon.colcon_core.package_identification:_identify(src/custom) by extension 'python_setup_py'
[0.139s] Level 1:colcon.colcon_core.package_identification:_identify(src/custom/glue_events_routines) by extensions ['ignore', 'ignore_ament_install']
[0.139s] Level 1:colcon.colcon_core.package_identification:_identify(src/custom/glue_events_routines) by extension 'ignore'
[0.139s] Level 1:colcon.colcon_core.package_identification:_identify(src/custom/glue_events_routines) by extension 'ignore_ament_install'
[0.139s] Level 1:colcon.colcon_core.package_identification:_identify(src/custom/glue_events_routines) by extensions ['colcon_pkg']
[0.139s] Level 1:colcon.colcon_core.package_identification:_identify(src/custom/glue_events_routines) by extension 'colcon_pkg'
[0.139s] Level 1:colcon.colcon_core.package_identification:_identify(src/custom/glue_events_routines) by extensions ['colcon_meta']
[0.139s] Level 1:colcon.colcon_core.package_identification:_identify(src/custom/glue_events_routines) by extension 'colcon_meta'
[0.139s] Level 1:colcon.colcon_core.package_identification:_identify(src/custom/glue_events_routines) by extensions ['ros']
[0.139s] Level 1:colcon.colcon_core.package_identification:_identify(src/custom/glue_events_routines) by extension 'ros'
[0.141s] DEBUG:colcon.colcon_core.package_identification:Package 'src/custom/glue_events_routines' with type 'ros.ament_cmake' and name 'glue_events_routines'
[0.141s] Level 1:colcon.colcon_core.package_identification:_identify(src/install) by extensions ['ignore', 'ignore_ament_install']
[0.141s] Level 1:colcon.colcon_core.package_identification:_identify(src/install) by extension 'ignore'
[0.141s] Level 1:colcon.colcon_core.package_identification:_identify(src/install) ignored
[0.141s] Level 1:colcon.colcon_core.package_identification:_identify(src/log) by extensions ['ignore', 'ignore_ament_install']
[0.141s] Level 1:colcon.colcon_core.package_identification:_identify(src/log) by extension 'ignore'
[0.141s] Level 1:colcon.colcon_core.package_identification:_identify(src/log) ignored
[0.141s] Level 1:colcon.colcon_core.package_identification:_identify(src/xarm_ros2) by extensions ['ignore', 'ignore_ament_install']
[0.142s] Level 1:colcon.colcon_core.package_identification:_identify(src/xarm_ros2) by extension 'ignore'
[0.142s] Level 1:colcon.colcon_core.package_identification:_identify(src/xarm_ros2) by extension 'ignore_ament_install'
[0.142s] Level 1:colcon.colcon_core.package_identification:_identify(src/xarm_ros2) by extensions ['colcon_pkg']
[0.142s] Level 1:colcon.colcon_core.package_identification:_identify(src/xarm_ros2) by extension 'colcon_pkg'
[0.142s] Level 1:colcon.colcon_core.package_identification:_identify(src/xarm_ros2) by extensions ['colcon_meta']
[0.142s] Level 1:colcon.colcon_core.package_identification:_identify(src/xarm_ros2) by extension 'colcon_meta'
[0.142s] Level 1:colcon.colcon_core.package_identification:_identify(src/xarm_ros2) by extensions ['ros']
[0.142s] Level 1:colcon.colcon_core.package_identification:_identify(src/xarm_ros2) by extension 'ros'
[0.142s] Level 1:colcon.colcon_core.package_identification:_identify(src/xarm_ros2) by extensions ['cmake', 'python']
[0.142s] Level 1:colcon.colcon_core.package_identification:_identify(src/xarm_ros2) by extension 'cmake'
[0.142s] Level 1:colcon.colcon_core.package_identification:_identify(src/xarm_ros2) by extension 'python'
[0.142s] Level 1:colcon.colcon_core.package_identification:_identify(src/xarm_ros2) by extensions ['python_setup_py']
[0.142s] Level 1:colcon.colcon_core.package_identification:_identify(src/xarm_ros2) by extension 'python_setup_py'
[0.142s] Level 1:colcon.colcon_core.package_identification:_identify(src/xarm_ros2/demo) by extensions ['ignore', 'ignore_ament_install']
[0.142s] Level 1:colcon.colcon_core.package_identification:_identify(src/xarm_ros2/demo) by extension 'ignore'
[0.142s] Level 1:colcon.colcon_core.package_identification:_identify(src/xarm_ros2/demo) by extension 'ignore_ament_install'
[0.142s] Level 1:colcon.colcon_core.package_identification:_identify(src/xarm_ros2/demo) by extensions ['colcon_pkg']
[0.142s] Level 1:colcon.colcon_core.package_identification:_identify(src/xarm_ros2/demo) by extension 'colcon_pkg'
[0.142s] Level 1:colcon.colcon_core.package_identification:_identify(src/xarm_ros2/demo) by extensions ['colcon_meta']
[0.142s] Level 1:colcon.colcon_core.package_identification:_identify(src/xarm_ros2/demo) by extension 'colcon_meta'
[0.143s] Level 1:colcon.colcon_core.package_identification:_identify(src/xarm_ros2/demo) by extensions ['ros']
[0.143s] Level 1:colcon.colcon_core.package_identification:_identify(src/xarm_ros2/demo) by extension 'ros'
[0.143s] Level 1:colcon.colcon_core.package_identification:_identify(src/xarm_ros2/demo) by extensions ['cmake', 'python']
[0.143s] Level 1:colcon.colcon_core.package_identification:_identify(src/xarm_ros2/demo) by extension 'cmake'
[0.143s] Level 1:colcon.colcon_core.package_identification:_identify(src/xarm_ros2/demo) by extension 'python'
[0.143s] Level 1:colcon.colcon_core.package_identification:_identify(src/xarm_ros2/demo) by extensions ['python_setup_py']
[0.143s] Level 1:colcon.colcon_core.package_identification:_identify(src/xarm_ros2/demo) by extension 'python_setup_py'
[0.143s] Level 1:colcon.colcon_core.package_identification:_identify(src/xarm_ros2/demo/mbot_demo) by extensions ['ignore', 'ignore_ament_install']
[0.143s] Level 1:colcon.colcon_core.package_identification:_identify(src/xarm_ros2/demo/mbot_demo) by extension 'ignore'
[0.143s] Level 1:colcon.colcon_core.package_identification:_identify(src/xarm_ros2/demo/mbot_demo) by extension 'ignore_ament_install'
[0.143s] Level 1:colcon.colcon_core.package_identification:_identify(src/xarm_ros2/demo/mbot_demo) by extensions ['colcon_pkg']
[0.143s] Level 1:colcon.colcon_core.package_identification:_identify(src/xarm_ros2/demo/mbot_demo) by extension 'colcon_pkg'
[0.143s] Level 1:colcon.colcon_core.package_identification:_identify(src/xarm_ros2/demo/mbot_demo) by extensions ['colcon_meta']
[0.143s] Level 1:colcon.colcon_core.package_identification:_identify(src/xarm_ros2/demo/mbot_demo) by extension 'colcon_meta'
[0.143s] Level 1:colcon.colcon_core.package_identification:_identify(src/xarm_ros2/demo/mbot_demo) by extensions ['ros']
[0.143s] Level 1:colcon.colcon_core.package_identification:_identify(src/xarm_ros2/demo/mbot_demo) by extension 'ros'
[0.144s] DEBUG:colcon.colcon_core.package_identification:Package 'src/xarm_ros2/demo/mbot_demo' with type 'ros.ament_cmake' and name 'mbot_demo'
[0.144s] Level 1:colcon.colcon_core.package_identification:_identify(src/xarm_ros2/thirdparty) by extensions ['ignore', 'ignore_ament_install']
[0.144s] Level 1:colcon.colcon_core.package_identification:_identify(src/xarm_ros2/thirdparty) by extension 'ignore'
[0.144s] Level 1:colcon.colcon_core.package_identification:_identify(src/xarm_ros2/thirdparty) by extension 'ignore_ament_install'
[0.144s] Level 1:colcon.colcon_core.package_identification:_identify(src/xarm_ros2/thirdparty) by extensions ['colcon_pkg']
[0.144s] Level 1:colcon.colcon_core.package_identification:_identify(src/xarm_ros2/thirdparty) by extension 'colcon_pkg'
[0.144s] Level 1:colcon.colcon_core.package_identification:_identify(src/xarm_ros2/thirdparty) by extensions ['colcon_meta']
[0.144s] Level 1:colcon.colcon_core.package_identification:_identify(src/xarm_ros2/thirdparty) by extension 'colcon_meta'
[0.144s] Level 1:colcon.colcon_core.package_identification:_identify(src/xarm_ros2/thirdparty) by extensions ['ros']
[0.144s] Level 1:colcon.colcon_core.package_identification:_identify(src/xarm_ros2/thirdparty) by extension 'ros'
[0.144s] Level 1:colcon.colcon_core.package_identification:_identify(src/xarm_ros2/thirdparty) by extensions ['cmake', 'python']
[0.144s] Level 1:colcon.colcon_core.package_identification:_identify(src/xarm_ros2/thirdparty) by extension 'cmake'
[0.144s] Level 1:colcon.colcon_core.package_identification:_identify(src/xarm_ros2/thirdparty) by extension 'python'
[0.144s] Level 1:colcon.colcon_core.package_identification:_identify(src/xarm_ros2/thirdparty) by extensions ['python_setup_py']
[0.144s] Level 1:colcon.colcon_core.package_identification:_identify(src/xarm_ros2/thirdparty) by extension 'python_setup_py'
[0.144s] Level 1:colcon.colcon_core.package_identification:_identify(src/xarm_ros2/thirdparty/realsense_gazebo_plugin) by extensions ['ignore', 'ignore_ament_install']
[0.144s] Level 1:colcon.colcon_core.package_identification:_identify(src/xarm_ros2/thirdparty/realsense_gazebo_plugin) by extension 'ignore'
[0.144s] Level 1:colcon.colcon_core.package_identification:_identify(src/xarm_ros2/thirdparty/realsense_gazebo_plugin) by extension 'ignore_ament_install'
[0.145s] Level 1:colcon.colcon_core.package_identification:_identify(src/xarm_ros2/thirdparty/realsense_gazebo_plugin) by extensions ['colcon_pkg']
[0.145s] Level 1:colcon.colcon_core.package_identification:_identify(src/xarm_ros2/thirdparty/realsense_gazebo_plugin) by extension 'colcon_pkg'
[0.145s] Level 1:colcon.colcon_core.package_identification:_identify(src/xarm_ros2/thirdparty/realsense_gazebo_plugin) by extensions ['colcon_meta']
[0.145s] Level 1:colcon.colcon_core.package_identification:_identify(src/xarm_ros2/thirdparty/realsense_gazebo_plugin) by extension 'colcon_meta'
[0.145s] Level 1:colcon.colcon_core.package_identification:_identify(src/xarm_ros2/thirdparty/realsense_gazebo_plugin) by extensions ['ros']
[0.145s] Level 1:colcon.colcon_core.package_identification:_identify(src/xarm_ros2/thirdparty/realsense_gazebo_plugin) by extension 'ros'
[0.145s] DEBUG:colcon.colcon_core.package_identification:Package 'src/xarm_ros2/thirdparty/realsense_gazebo_plugin' with type 'ros.ament_cmake' and name 'realsense_gazebo_plugin'
[0.145s] Level 1:colcon.colcon_core.package_identification:_identify(src/xarm_ros2/uf_ros_lib) by extensions ['ignore', 'ignore_ament_install']
[0.145s] Level 1:colcon.colcon_core.package_identification:_identify(src/xarm_ros2/uf_ros_lib) by extension 'ignore'
[0.145s] Level 1:colcon.colcon_core.package_identification:_identify(src/xarm_ros2/uf_ros_lib) by extension 'ignore_ament_install'
[0.145s] Level 1:colcon.colcon_core.package_identification:_identify(src/xarm_ros2/uf_ros_lib) by extensions ['colcon_pkg']
[0.145s] Level 1:colcon.colcon_core.package_identification:_identify(src/xarm_ros2/uf_ros_lib) by extension 'colcon_pkg'
[0.145s] Level 1:colcon.colcon_core.package_identification:_identify(src/xarm_ros2/uf_ros_lib) by extensions ['colcon_meta']
[0.146s] Level 1:colcon.colcon_core.package_identification:_identify(src/xarm_ros2/uf_ros_lib) by extension 'colcon_meta'
[0.146s] Level 1:colcon.colcon_core.package_identification:_identify(src/xarm_ros2/uf_ros_lib) by extensions ['ros']
[0.146s] Level 1:colcon.colcon_core.package_identification:_identify(src/xarm_ros2/uf_ros_lib) by extension 'ros'
[0.146s] DEBUG:colcon.colcon_core.package_identification:Package 'src/xarm_ros2/uf_ros_lib' with type 'ros.ament_python' and name 'uf_ros_lib'
[0.146s] Level 1:colcon.colcon_core.package_identification:_identify(src/xarm_ros2/xarm_api) by extensions ['ignore', 'ignore_ament_install']
[0.146s] Level 1:colcon.colcon_core.package_identification:_identify(src/xarm_ros2/xarm_api) by extension 'ignore'
[0.146s] Level 1:colcon.colcon_core.package_identification:_identify(src/xarm_ros2/xarm_api) by extension 'ignore_ament_install'
[0.146s] Level 1:colcon.colcon_core.package_identification:_identify(src/xarm_ros2/xarm_api) by extensions ['colcon_pkg']
[0.146s] Level 1:colcon.colcon_core.package_identification:_identify(src/xarm_ros2/xarm_api) by extension 'colcon_pkg'
[0.146s] Level 1:colcon.colcon_core.package_identification:_identify(src/xarm_ros2/xarm_api) by extensions ['colcon_meta']
[0.146s] Level 1:colcon.colcon_core.package_identification:_identify(src/xarm_ros2/xarm_api) by extension 'colcon_meta'
[0.146s] Level 1:colcon.colcon_core.package_identification:_identify(src/xarm_ros2/xarm_api) by extensions ['ros']
[0.146s] Level 1:colcon.colcon_core.package_identification:_identify(src/xarm_ros2/xarm_api) by extension 'ros'
[0.147s] DEBUG:colcon.colcon_core.package_identification:Package 'src/xarm_ros2/xarm_api' with type 'ros.ament_cmake' and name 'xarm_api'
[0.147s] Level 1:colcon.colcon_core.package_identification:_identify(src/xarm_ros2/xarm_controller) by extensions ['ignore', 'ignore_ament_install']
[0.147s] Level 1:colcon.colcon_core.package_identification:_identify(src/xarm_ros2/xarm_controller) by extension 'ignore'
[0.147s] Level 1:colcon.colcon_core.package_identification:_identify(src/xarm_ros2/xarm_controller) by extension 'ignore_ament_install'
[0.147s] Level 1:colcon.colcon_core.package_identification:_identify(src/xarm_ros2/xarm_controller) by extensions ['colcon_pkg']
[0.147s] Level 1:colcon.colcon_core.package_identification:_identify(src/xarm_ros2/xarm_controller) by extension 'colcon_pkg'
[0.147s] Level 1:colcon.colcon_core.package_identification:_identify(src/xarm_ros2/xarm_controller) by extensions ['colcon_meta']
[0.147s] Level 1:colcon.colcon_core.package_identification:_identify(src/xarm_ros2/xarm_controller) by extension 'colcon_meta'
[0.147s] Level 1:colcon.colcon_core.package_identification:_identify(src/xarm_ros2/xarm_controller) by extensions ['ros']
[0.147s] Level 1:colcon.colcon_core.package_identification:_identify(src/xarm_ros2/xarm_controller) by extension 'ros'
[0.148s] DEBUG:colcon.colcon_core.package_identification:Package 'src/xarm_ros2/xarm_controller' with type 'ros.ament_cmake' and name 'xarm_controller'
[0.148s] Level 1:colcon.colcon_core.package_identification:_identify(src/xarm_ros2/xarm_description) by extensions ['ignore', 'ignore_ament_install']
[0.148s] Level 1:colcon.colcon_core.package_identification:_identify(src/xarm_ros2/xarm_description) by extension 'ignore'
[0.148s] Level 1:colcon.colcon_core.package_identification:_identify(src/xarm_ros2/xarm_description) by extension 'ignore_ament_install'
[0.148s] Level 1:colcon.colcon_core.package_identification:_identify(src/xarm_ros2/xarm_description) by extensions ['colcon_pkg']
[0.149s] Level 1:colcon.colcon_core.package_identification:_identify(src/xarm_ros2/xarm_description) by extension 'colcon_pkg'
[0.149s] Level 1:colcon.colcon_core.package_identification:_identify(src/xarm_ros2/xarm_description) by extensions ['colcon_meta']
[0.149s] Level 1:colcon.colcon_core.package_identification:_identify(src/xarm_ros2/xarm_description) by extension 'colcon_meta'
[0.149s] Level 1:colcon.colcon_core.package_identification:_identify(src/xarm_ros2/xarm_description) by extensions ['ros']
[0.149s] Level 1:colcon.colcon_core.package_identification:_identify(src/xarm_ros2/xarm_description) by extension 'ros'
[0.149s] DEBUG:colcon.colcon_core.package_identification:Package 'src/xarm_ros2/xarm_description' with type 'ros.ament_cmake' and name 'xarm_description'
[0.149s] Level 1:colcon.colcon_core.package_identification:_identify(src/xarm_ros2/xarm_gazebo) by extensions ['ignore', 'ignore_ament_install']
[0.149s] Level 1:colcon.colcon_core.package_identification:_identify(src/xarm_ros2/xarm_gazebo) by extension 'ignore'
[0.149s] Level 1:colcon.colcon_core.package_identification:_identify(src/xarm_ros2/xarm_gazebo) by extension 'ignore_ament_install'
[0.149s] Level 1:colcon.colcon_core.package_identification:_identify(src/xarm_ros2/xarm_gazebo) by extensions ['colcon_pkg']
[0.149s] Level 1:colcon.colcon_core.package_identification:_identify(src/xarm_ros2/xarm_gazebo) by extension 'colcon_pkg'
[0.149s] Level 1:colcon.colcon_core.package_identification:_identify(src/xarm_ros2/xarm_gazebo) by extensions ['colcon_meta']
[0.149s] Level 1:colcon.colcon_core.package_identification:_identify(src/xarm_ros2/xarm_gazebo) by extension 'colcon_meta'
[0.149s] Level 1:colcon.colcon_core.package_identification:_identify(src/xarm_ros2/xarm_gazebo) by extensions ['ros']
[0.149s] Level 1:colcon.colcon_core.package_identification:_identify(src/xarm_ros2/xarm_gazebo) by extension 'ros'
[0.150s] DEBUG:colcon.colcon_core.package_identification:Package 'src/xarm_ros2/xarm_gazebo' with type 'ros.ament_cmake' and name 'xarm_gazebo'
[0.150s] Level 1:colcon.colcon_core.package_identification:_identify(src/xarm_ros2/xarm_moveit_config) by extensions ['ignore', 'ignore_ament_install']
[0.150s] Level 1:colcon.colcon_core.package_identification:_identify(src/xarm_ros2/xarm_moveit_config) by extension 'ignore'
[0.150s] Level 1:colcon.colcon_core.package_identification:_identify(src/xarm_ros2/xarm_moveit_config) by extension 'ignore_ament_install'
[0.150s] Level 1:colcon.colcon_core.package_identification:_identify(src/xarm_ros2/xarm_moveit_config) by extensions ['colcon_pkg']
[0.150s] Level 1:colcon.colcon_core.package_identification:_identify(src/xarm_ros2/xarm_moveit_config) by extension 'colcon_pkg'
[0.150s] Level 1:colcon.colcon_core.package_identification:_identify(src/xarm_ros2/xarm_moveit_config) by extensions ['colcon_meta']
[0.150s] Level 1:colcon.colcon_core.package_identification:_identify(src/xarm_ros2/xarm_moveit_config) by extension 'colcon_meta'
[0.150s] Level 1:colcon.colcon_core.package_identification:_identify(src/xarm_ros2/xarm_moveit_config) by extensions ['ros']
[0.150s] Level 1:colcon.colcon_core.package_identification:_identify(src/xarm_ros2/xarm_moveit_config) by extension 'ros'
[0.151s] DEBUG:colcon.colcon_core.package_identification:Package 'src/xarm_ros2/xarm_moveit_config' with type 'ros.ament_cmake' and name 'xarm_moveit_config'
[0.151s] Level 1:colcon.colcon_core.package_identification:_identify(src/xarm_ros2/xarm_moveit_servo) by extensions ['ignore', 'ignore_ament_install']
[0.151s] Level 1:colcon.colcon_core.package_identification:_identify(src/xarm_ros2/xarm_moveit_servo) by extension 'ignore'
[0.151s] Level 1:colcon.colcon_core.package_identification:_identify(src/xarm_ros2/xarm_moveit_servo) by extension 'ignore_ament_install'
[0.151s] Level 1:colcon.colcon_core.package_identification:_identify(src/xarm_ros2/xarm_moveit_servo) by extensions ['colcon_pkg']
[0.151s] Level 1:colcon.colcon_core.package_identification:_identify(src/xarm_ros2/xarm_moveit_servo) by extension 'colcon_pkg'
[0.151s] Level 1:colcon.colcon_core.package_identification:_identify(src/xarm_ros2/xarm_moveit_servo) by extensions ['colcon_meta']
[0.151s] Level 1:colcon.colcon_core.package_identification:_identify(src/xarm_ros2/xarm_moveit_servo) by extension 'colcon_meta'
[0.151s] Level 1:colcon.colcon_core.package_identification:_identify(src/xarm_ros2/xarm_moveit_servo) by extensions ['ros']
[0.151s] Level 1:colcon.colcon_core.package_identification:_identify(src/xarm_ros2/xarm_moveit_servo) by extension 'ros'
[0.152s] DEBUG:colcon.colcon_core.package_identification:Package 'src/xarm_ros2/xarm_moveit_servo' with type 'ros.ament_cmake' and name 'xarm_moveit_servo'
[0.152s] Level 1:colcon.colcon_core.package_identification:_identify(src/xarm_ros2/xarm_msgs) by extensions ['ignore', 'ignore_ament_install']
[0.152s] Level 1:colcon.colcon_core.package_identification:_identify(src/xarm_ros2/xarm_msgs) by extension 'ignore'
[0.152s] Level 1:colcon.colcon_core.package_identification:_identify(src/xarm_ros2/xarm_msgs) by extension 'ignore_ament_install'
[0.153s] Level 1:colcon.colcon_core.package_identification:_identify(src/xarm_ros2/xarm_msgs) by extensions ['colcon_pkg']
[0.153s] Level 1:colcon.colcon_core.package_identification:_identify(src/xarm_ros2/xarm_msgs) by extension 'colcon_pkg'
[0.153s] Level 1:colcon.colcon_core.package_identification:_identify(src/xarm_ros2/xarm_msgs) by extensions ['colcon_meta']
[0.153s] Level 1:colcon.colcon_core.package_identification:_identify(src/xarm_ros2/xarm_msgs) by extension 'colcon_meta'
[0.153s] Level 1:colcon.colcon_core.package_identification:_identify(src/xarm_ros2/xarm_msgs) by extensions ['ros']
[0.153s] Level 1:colcon.colcon_core.package_identification:_identify(src/xarm_ros2/xarm_msgs) by extension 'ros'
[0.153s] DEBUG:colcon.colcon_core.package_identification:Package 'src/xarm_ros2/xarm_msgs' with type 'ros.ament_cmake' and name 'xarm_msgs'
[0.153s] Level 1:colcon.colcon_core.package_identification:_identify(src/xarm_ros2/xarm_planner) by extensions ['ignore', 'ignore_ament_install']
[0.153s] Level 1:colcon.colcon_core.package_identification:_identify(src/xarm_ros2/xarm_planner) by extension 'ignore'
[0.153s] Level 1:colcon.colcon_core.package_identification:_identify(src/xarm_ros2/xarm_planner) by extension 'ignore_ament_install'
[0.153s] Level 1:colcon.colcon_core.package_identification:_identify(src/xarm_ros2/xarm_planner) by extensions ['colcon_pkg']
[0.153s] Level 1:colcon.colcon_core.package_identification:_identify(src/xarm_ros2/xarm_planner) by extension 'colcon_pkg'
[0.153s] Level 1:colcon.colcon_core.package_identification:_identify(src/xarm_ros2/xarm_planner) by extensions ['colcon_meta']
[0.153s] Level 1:colcon.colcon_core.package_identification:_identify(src/xarm_ros2/xarm_planner) by extension 'colcon_meta'
[0.153s] Level 1:colcon.colcon_core.package_identification:_identify(src/xarm_ros2/xarm_planner) by extensions ['ros']
[0.154s] Level 1:colcon.colcon_core.package_identification:_identify(src/xarm_ros2/xarm_planner) by extension 'ros'
[0.154s] DEBUG:colcon.colcon_core.package_identification:Package 'src/xarm_ros2/xarm_planner' with type 'ros.ament_cmake' and name 'xarm_planner'
[0.154s] Level 1:colcon.colcon_core.package_identification:_identify(src/xarm_ros2/xarm_sdk) by extensions ['ignore', 'ignore_ament_install']
[0.154s] Level 1:colcon.colcon_core.package_identification:_identify(src/xarm_ros2/xarm_sdk) by extension 'ignore'
[0.154s] Level 1:colcon.colcon_core.package_identification:_identify(src/xarm_ros2/xarm_sdk) by extension 'ignore_ament_install'
[0.154s] Level 1:colcon.colcon_core.package_identification:_identify(src/xarm_ros2/xarm_sdk) by extensions ['colcon_pkg']
[0.154s] Level 1:colcon.colcon_core.package_identification:_identify(src/xarm_ros2/xarm_sdk) by extension 'colcon_pkg'
[0.154s] Level 1:colcon.colcon_core.package_identification:_identify(src/xarm_ros2/xarm_sdk) by extensions ['colcon_meta']
[0.154s] Level 1:colcon.colcon_core.package_identification:_identify(src/xarm_ros2/xarm_sdk) by extension 'colcon_meta'
[0.155s] Level 1:colcon.colcon_core.package_identification:_identify(src/xarm_ros2/xarm_sdk) by extensions ['ros']
[0.155s] Level 1:colcon.colcon_core.package_identification:_identify(src/xarm_ros2/xarm_sdk) by extension 'ros'
[0.155s] DEBUG:colcon.colcon_core.package_identification:Package 'src/xarm_ros2/xarm_sdk' with type 'ros.ament_cmake' and name 'xarm_sdk'
[0.155s] Level 1:colcon.colcon_core.package_discovery:discover_packages(recursive) using defaults
[0.155s] Level 1:colcon.colcon_core.package_discovery:discover_packages(ignore) discover
[0.155s] Level 1:colcon.colcon_core.package_discovery:discover_packages(ignore) using defaults
[0.155s] Level 1:colcon.colcon_core.package_discovery:discover_packages(path) discover
[0.155s] Level 1:colcon.colcon_core.package_discovery:discover_packages(path) using defaults
[0.173s] Level 1:colcon.colcon_core.package_discovery:discover_packages(prefix_path) check parameters
[0.173s] Level 1:colcon.colcon_core.package_discovery:discover_packages(prefix_path) discover
[0.175s] DEBUG:colcon.colcon_installed_package_information.package_discovery:Found 13 installed packages in /home/berenic/Documents/LPRS2_2026/Robo_Hand_RS485/ROS2/robo_hand_ws/install
[0.177s] DEBUG:colcon.colcon_installed_package_information.package_discovery:Found 377 installed packages in /opt/ros/jazzy
[0.177s] Level 1:colcon.colcon_core.package_discovery:discover_packages(prefix_path) using defaults
[0.216s] Level 5:colcon.colcon_core.verb:set package 'realsense_gazebo_plugin' build argument 'cmake_args' from command line to 'None'
[0.217s] Level 5:colcon.colcon_core.verb:set package 'realsense_gazebo_plugin' build argument 'cmake_target' from command line to 'None'
[0.217s] Level 5:colcon.colcon_core.verb:set package 'realsense_gazebo_plugin' build argument 'cmake_target_skip_unavailable' from command line to 'False'
[0.217s] Level 5:colcon.colcon_core.verb:set package 'realsense_gazebo_plugin' build argument 'cmake_clean_cache' from command line to 'False'
[0.217s] Level 5:colcon.colcon_core.verb:set package 'realsense_gazebo_plugin' build argument 'cmake_clean_first' from command line to 'False'
[0.217s] Level 5:colcon.colcon_core.verb:set package 'realsense_gazebo_plugin' build argument 'cmake_force_configure' from command line to 'False'
[0.217s] Level 5:colcon.colcon_core.verb:set package 'realsense_gazebo_plugin' build argument 'ament_cmake_args' from command line to 'None'
[0.217s] Level 5:colcon.colcon_core.verb:set package 'realsense_gazebo_plugin' build argument 'catkin_cmake_args' from command line to 'None'
[0.217s] Level 5:colcon.colcon_core.verb:set package 'realsense_gazebo_plugin' build argument 'catkin_skip_building_tests' from command line to 'False'
[0.217s] DEBUG:colcon.colcon_core.verb:Building package 'realsense_gazebo_plugin' with the following arguments: {'ament_cmake_args': None, 'build_base': '/home/berenic/Documents/LPRS2_2026/Robo_Hand_RS485/ROS2/robo_hand_ws/build/realsense_gazebo_plugin', 'catkin_cmake_args': None, 'catkin_skip_building_tests': False, 'cmake_args': None, 'cmake_clean_cache': False, 'cmake_clean_first': False, 'cmake_force_configure': False, 'cmake_target': None, 'cmake_target_skip_unavailable': False, 'install_base': '/home/berenic/Documents/LPRS2_2026/Robo_Hand_RS485/ROS2/robo_hand_ws/install/realsense_gazebo_plugin', 'merge_install': False, 'path': '/home/berenic/Documents/LPRS2_2026/Robo_Hand_RS485/ROS2/robo_hand_ws/src/xarm_ros2/thirdparty/realsense_gazebo_plugin', 'symlink_install': True, 'test_result_base': None}
[0.217s] Level 5:colcon.colcon_core.verb:set package 'uf_ros_lib' build argument 'cmake_args' from command line to 'None'
[0.217s] Level 5:colcon.colcon_core.verb:set package 'uf_ros_lib' build argument 'cmake_target' from command line to 'None'
[0.217s] Level 5:colcon.colcon_core.verb:set package 'uf_ros_lib' build argument 'cmake_target_skip_unavailable' from command line to 'False'
[0.217s] Level 5:colcon.colcon_core.verb:set package 'uf_ros_lib' build argument 'cmake_clean_cache' from command line to 'False'
[0.217s] Level 5:colcon.colcon_core.verb:set package 'uf_ros_lib' build argument 'cmake_clean_first' from command line to 'False'
[0.217s] Level 5:colcon.colcon_core.verb:set package 'uf_ros_lib' build argument 'cmake_force_configure' from command line to 'False'
[0.217s] Level 5:colcon.colcon_core.verb:set package 'uf_ros_lib' build argument 'ament_cmake_args' from command line to 'None'
[0.217s] Level 5:colcon.colcon_core.verb:set package 'uf_ros_lib' build argument 'catkin_cmake_args' from command line to 'None'
[0.217s] Level 5:colcon.colcon_core.verb:set package 'uf_ros_lib' build argument 'catkin_skip_building_tests' from command line to 'False'
[0.217s] DEBUG:colcon.colcon_core.verb:Building package 'uf_ros_lib' with the following arguments: {'ament_cmake_args': None, 'build_base': '/home/berenic/Documents/LPRS2_2026/Robo_Hand_RS485/ROS2/robo_hand_ws/build/uf_ros_lib', 'catkin_cmake_args': None, 'catkin_skip_building_tests': False, 'cmake_args': None, 'cmake_clean_cache': False, 'cmake_clean_first': False, 'cmake_force_configure': False, 'cmake_target': None, 'cmake_target_skip_unavailable': False, 'install_base': '/home/berenic/Documents/LPRS2_2026/Robo_Hand_RS485/ROS2/robo_hand_ws/install/uf_ros_lib', 'merge_install': False, 'path': '/home/berenic/Documents/LPRS2_2026/Robo_Hand_RS485/ROS2/robo_hand_ws/src/xarm_ros2/uf_ros_lib', 'symlink_install': True, 'test_result_base': None}
[0.217s] Level 5:colcon.colcon_core.verb:set package 'xarm_description' build argument 'cmake_args' from command line to 'None'
[0.217s] Level 5:colcon.colcon_core.verb:set package 'xarm_description' build argument 'cmake_target' from command line to 'None'
[0.217s] Level 5:colcon.colcon_core.verb:set package 'xarm_description' build argument 'cmake_target_skip_unavailable' from command line to 'False'
[0.217s] Level 5:colcon.colcon_core.verb:set package 'xarm_description' build argument 'cmake_clean_cache' from command line to 'False'
[0.217s] Level 5:colcon.colcon_core.verb:set package 'xarm_description' build argument 'cmake_clean_first' from command line to 'False'
[0.218s] Level 5:colcon.colcon_core.verb:set package 'xarm_description' build argument 'cmake_force_configure' from command line to 'False'
[0.218s] Level 5:colcon.colcon_core.verb:set package 'xarm_description' build argument 'ament_cmake_args' from command line to 'None'
[0.218s] Level 5:colcon.colcon_core.verb:set package 'xarm_description' build argument 'catkin_cmake_args' from command line to 'None'
[0.218s] Level 5:colcon.colcon_core.verb:set package 'xarm_description' build argument 'catkin_skip_building_tests' from command line to 'False'
[0.218s] DEBUG:colcon.colcon_core.verb:Building package 'xarm_description' with the following arguments: {'ament_cmake_args': None, 'build_base': '/home/berenic/Documents/LPRS2_2026/Robo_Hand_RS485/ROS2/robo_hand_ws/build/xarm_description', 'catkin_cmake_args': None, 'catkin_skip_building_tests': False, 'cmake_args': None, 'cmake_clean_cache': False, 'cmake_clean_first': False, 'cmake_force_configure': False, 'cmake_target': None, 'cmake_target_skip_unavailable': False, 'install_base': '/home/berenic/Documents/LPRS2_2026/Robo_Hand_RS485/ROS2/robo_hand_ws/install/xarm_description', 'merge_install': False, 'path': '/home/berenic/Documents/LPRS2_2026/Robo_Hand_RS485/ROS2/robo_hand_ws/src/xarm_ros2/xarm_description', 'symlink_install': True, 'test_result_base': None}
[0.218s] Level 5:colcon.colcon_core.verb:set package 'xarm_msgs' build argument 'cmake_args' from command line to 'None'
[0.218s] Level 5:colcon.colcon_core.verb:set package 'xarm_msgs' build argument 'cmake_target' from command line to 'None'
[0.218s] Level 5:colcon.colcon_core.verb:set package 'xarm_msgs' build argument 'cmake_target_skip_unavailable' from command line to 'False'
[0.218s] Level 5:colcon.colcon_core.verb:set package 'xarm_msgs' build argument 'cmake_clean_cache' from command line to 'False'
[0.218s] Level 5:colcon.colcon_core.verb:set package 'xarm_msgs' build argument 'cmake_clean_first' from command line to 'False'
[0.218s] Level 5:colcon.colcon_core.verb:set package 'xarm_msgs' build argument 'cmake_force_configure' from command line to 'False'
[0.218s] Level 5:colcon.colcon_core.verb:set package 'xarm_msgs' build argument 'ament_cmake_args' from command line to 'None'
[0.218s] Level 5:colcon.colcon_core.verb:set package 'xarm_msgs' build argument 'catkin_cmake_args' from command line to 'None'
[0.218s] Level 5:colcon.colcon_core.verb:set package 'xarm_msgs' build argument 'catkin_skip_building_tests' from command line to 'False'
[0.218s] DEBUG:colcon.colcon_core.verb:Building package 'xarm_msgs' with the following arguments: {'ament_cmake_args': None, 'build_base': '/home/berenic/Documents/LPRS2_2026/Robo_Hand_RS485/ROS2/robo_hand_ws/build/xarm_msgs', 'catkin_cmake_args': None, 'catkin_skip_building_tests': False, 'cmake_args': None, 'cmake_clean_cache': False, 'cmake_clean_first': False, 'cmake_force_configure': False, 'cmake_target': None, 'cmake_target_skip_unavailable': False, 'install_base': '/home/berenic/Documents/LPRS2_2026/Robo_Hand_RS485/ROS2/robo_hand_ws/install/xarm_msgs', 'merge_install': False, 'path': '/home/berenic/Documents/LPRS2_2026/Robo_Hand_RS485/ROS2/robo_hand_ws/src/xarm_ros2/xarm_msgs', 'symlink_install': True, 'test_result_base': None}
[0.218s] Level 5:colcon.colcon_core.verb:set package 'xarm_sdk' build argument 'cmake_args' from command line to 'None'
[0.218s] Level 5:colcon.colcon_core.verb:set package 'xarm_sdk' build argument 'cmake_target' from command line to 'None'
[0.218s] Level 5:colcon.colcon_core.verb:set package 'xarm_sdk' build argument 'cmake_target_skip_unavailable' from command line to 'False'
[0.218s] Level 5:colcon.colcon_core.verb:set package 'xarm_sdk' build argument 'cmake_clean_cache' from command line to 'False'
[0.218s] Level 5:colcon.colcon_core.verb:set package 'xarm_sdk' build argument 'cmake_clean_first' from command line to 'False'
[0.218s] Level 5:colcon.colcon_core.verb:set package 'xarm_sdk' build argument 'cmake_force_configure' from command line to 'False'
[0.218s] Level 5:colcon.colcon_core.verb:set package 'xarm_sdk' build argument 'ament_cmake_args' from command line to 'None'
[0.218s] Level 5:colcon.colcon_core.verb:set package 'xarm_sdk' build argument 'catkin_cmake_args' from command line to 'None'
[0.218s] Level 5:colcon.colcon_core.verb:set package 'xarm_sdk' build argument 'catkin_skip_building_tests' from command line to 'False'
[0.218s] DEBUG:colcon.colcon_core.verb:Building package 'xarm_sdk' with the following arguments: {'ament_cmake_args': None, 'build_base': '/home/berenic/Documents/LPRS2_2026/Robo_Hand_RS485/ROS2/robo_hand_ws/build/xarm_sdk', 'catkin_cmake_args': None, 'catkin_skip_building_tests': False, 'cmake_args': None, 'cmake_clean_cache': False, 'cmake_clean_first': False, 'cmake_force_configure': False, 'cmake_target': None, 'cmake_target_skip_unavailable': False, 'install_base': '/home/berenic/Documents/LPRS2_2026/Robo_Hand_RS485/ROS2/robo_hand_ws/install/xarm_sdk', 'merge_install': False, 'path': '/home/berenic/Documents/LPRS2_2026/Robo_Hand_RS485/ROS2/robo_hand_ws/src/xarm_ros2/xarm_sdk', 'symlink_install': True, 'test_result_base': None}
[0.219s] Level 5:colcon.colcon_core.verb:set package 'mbot_demo' build argument 'cmake_args' from command line to 'None'
[0.219s] Level 5:colcon.colcon_core.verb:set package 'mbot_demo' build argument 'cmake_target' from command line to 'None'
[0.219s] Level 5:colcon.colcon_core.verb:set package 'mbot_demo' build argument 'cmake_target_skip_unavailable' from command line to 'False'
[0.219s] Level 5:colcon.colcon_core.verb:set package 'mbot_demo' build argument 'cmake_clean_cache' from command line to 'False'
[0.219s] Level 5:colcon.colcon_core.verb:set package 'mbot_demo' build argument 'cmake_clean_first' from command line to 'False'
[0.219s] Level 5:colcon.colcon_core.verb:set package 'mbot_demo' build argument 'cmake_force_configure' from command line to 'False'
[0.219s] Level 5:colcon.colcon_core.verb:set package 'mbot_demo' build argument 'ament_cmake_args' from command line to 'None'
[0.219s] Level 5:colcon.colcon_core.verb:set package 'mbot_demo' build argument 'catkin_cmake_args' from command line to 'None'
[0.219s] Level 5:colcon.colcon_core.verb:set package 'mbot_demo' build argument 'catkin_skip_building_tests' from command line to 'False'
[0.219s] DEBUG:colcon.colcon_core.verb:Building package 'mbot_demo' with the following arguments: {'ament_cmake_args': None, 'build_base': '/home/berenic/Documents/LPRS2_2026/Robo_Hand_RS485/ROS2/robo_hand_ws/build/mbot_demo', 'catkin_cmake_args': None, 'catkin_skip_building_tests': False, 'cmake_args': None, 'cmake_clean_cache': False, 'cmake_clean_first': False, 'cmake_force_configure': False, 'cmake_target': None, 'cmake_target_skip_unavailable': False, 'install_base': '/home/berenic/Documents/LPRS2_2026/Robo_Hand_RS485/ROS2/robo_hand_ws/install/mbot_demo', 'merge_install': False, 'path': '/home/berenic/Documents/LPRS2_2026/Robo_Hand_RS485/ROS2/robo_hand_ws/src/xarm_ros2/demo/mbot_demo', 'symlink_install': True, 'test_result_base': None}
[0.219s] Level 5:colcon.colcon_core.verb:set package 'xarm_api' build argument 'cmake_args' from command line to 'None'
[0.219s] Level 5:colcon.colcon_core.verb:set package 'xarm_api' build argument 'cmake_target' from command line to 'None'
[0.219s] Level 5:colcon.colcon_core.verb:set package 'xarm_api' build argument 'cmake_target_skip_unavailable' from command line to 'False'
[0.219s] Level 5:colcon.colcon_core.verb:set package 'xarm_api' build argument 'cmake_clean_cache' from command line to 'False'
[0.219s] Level 5:colcon.colcon_core.verb:set package 'xarm_api' build argument 'cmake_clean_first' from command line to 'False'
[0.219s] Level 5:colcon.colcon_core.verb:set package 'xarm_api' build argument 'cmake_force_configure' from command line to 'False'
[0.219s] Level 5:colcon.colcon_core.verb:set package 'xarm_api' build argument 'ament_cmake_args' from command line to 'None'
[0.219s] Level 5:colcon.colcon_core.verb:set package 'xarm_api' build argument 'catkin_cmake_args' from command line to 'None'
[0.219s] Level 5:colcon.colcon_core.verb:set package 'xarm_api' build argument 'catkin_skip_building_tests' from command line to 'False'
[0.219s] DEBUG:colcon.colcon_core.verb:Building package 'xarm_api' with the following arguments: {'ament_cmake_args': None, 'build_base': '/home/berenic/Documents/LPRS2_2026/Robo_Hand_RS485/ROS2/robo_hand_ws/build/xarm_api', 'catkin_cmake_args': None, 'catkin_skip_building_tests': False, 'cmake_args': None, 'cmake_clean_cache': False, 'cmake_clean_first': False, 'cmake_force_configure': False, 'cmake_target': None, 'cmake_target_skip_unavailable': False, 'install_base': '/home/berenic/Documents/LPRS2_2026/Robo_Hand_RS485/ROS2/robo_hand_ws/install/xarm_api', 'merge_install': False, 'path': '/home/berenic/Documents/LPRS2_2026/Robo_Hand_RS485/ROS2/robo_hand_ws/src/xarm_ros2/xarm_api', 'symlink_install': True, 'test_result_base': None}
[0.219s] Level 5:colcon.colcon_core.verb:set package 'xarm_controller' build argument 'cmake_args' from command line to 'None'
[0.220s] Level 5:colcon.colcon_core.verb:set package 'xarm_controller' build argument 'cmake_target' from command line to 'None'
[0.220s] Level 5:colcon.colcon_core.verb:set package 'xarm_controller' build argument 'cmake_target_skip_unavailable' from command line to 'False'
[0.220s] Level 5:colcon.colcon_core.verb:set package 'xarm_controller' build argument 'cmake_clean_cache' from command line to 'False'
[0.220s] Level 5:colcon.colcon_core.verb:set package 'xarm_controller' build argument 'cmake_clean_first' from command line to 'False'
[0.220s] Level 5:colcon.colcon_core.verb:set package 'xarm_controller' build argument 'cmake_force_configure' from command line to 'False'
[0.220s] Level 5:colcon.colcon_core.verb:set package 'xarm_controller' build argument 'ament_cmake_args' from command line to 'None'
[0.220s] Level 5:colcon.colcon_core.verb:set package 'xarm_controller' build argument 'catkin_cmake_args' from command line to 'None'
[0.220s] Level 5:colcon.colcon_core.verb:set package 'xarm_controller' build argument 'catkin_skip_building_tests' from command line to 'False'
[0.220s] DEBUG:colcon.colcon_core.verb:Building package 'xarm_controller' with the following arguments: {'ament_cmake_args': None, 'build_base': '/home/berenic/Documents/LPRS2_2026/Robo_Hand_RS485/ROS2/robo_hand_ws/build/xarm_controller', 'catkin_cmake_args': None, 'catkin_skip_building_tests': False, 'cmake_args': None, 'cmake_clean_cache': False, 'cmake_clean_first': False, 'cmake_force_configure': False, 'cmake_target': None, 'cmake_target_skip_unavailable': False, 'install_base': '/home/berenic/Documents/LPRS2_2026/Robo_Hand_RS485/ROS2/robo_hand_ws/install/xarm_controller', 'merge_install': False, 'path': '/home/berenic/Documents/LPRS2_2026/Robo_Hand_RS485/ROS2/robo_hand_ws/src/xarm_ros2/xarm_controller', 'symlink_install': True, 'test_result_base': None}
[0.220s] Level 5:colcon.colcon_core.verb:set package 'xarm_gazebo' build argument 'cmake_args' from command line to 'None'
[0.220s] Level 5:colcon.colcon_core.verb:set package 'xarm_gazebo' build argument 'cmake_target' from command line to 'None'
[0.220s] Level 5:colcon.colcon_core.verb:set package 'xarm_gazebo' build argument 'cmake_target_skip_unavailable' from command line to 'False'
[0.220s] Level 5:colcon.colcon_core.verb:set package 'xarm_gazebo' build argument 'cmake_clean_cache' from command line to 'False'
[0.220s] Level 5:colcon.colcon_core.verb:set package 'xarm_gazebo' build argument 'cmake_clean_first' from command line to 'False'
[0.220s] Level 5:colcon.colcon_core.verb:set package 'xarm_gazebo' build argument 'cmake_force_configure' from command line to 'False'
[0.220s] Level 5:colcon.colcon_core.verb:set package 'xarm_gazebo' build argument 'ament_cmake_args' from command line to 'None'
[0.220s] Level 5:colcon.colcon_core.verb:set package 'xarm_gazebo' build argument 'catkin_cmake_args' from command line to 'None'
[0.220s] Level 5:colcon.colcon_core.verb:set package 'xarm_gazebo' build argument 'catkin_skip_building_tests' from command line to 'False'
[0.220s] DEBUG:colcon.colcon_core.verb:Building package 'xarm_gazebo' with the following arguments: {'ament_cmake_args': None, 'build_base': '/home/berenic/Documents/LPRS2_2026/Robo_Hand_RS485/ROS2/robo_hand_ws/build/xarm_gazebo', 'catkin_cmake_args': None, 'catkin_skip_building_tests': False, 'cmake_args': None, 'cmake_clean_cache': False, 'cmake_clean_first': False, 'cmake_force_configure': False, 'cmake_target': None, 'cmake_target_skip_unavailable': False, 'install_base': '/home/berenic/Documents/LPRS2_2026/Robo_Hand_RS485/ROS2/robo_hand_ws/install/xarm_gazebo', 'merge_install': False, 'path': '/home/berenic/Documents/LPRS2_2026/Robo_Hand_RS485/ROS2/robo_hand_ws/src/xarm_ros2/xarm_gazebo', 'symlink_install': True, 'test_result_base': None}
[0.220s] Level 5:colcon.colcon_core.verb:set package 'xarm_moveit_config' build argument 'cmake_args' from command line to 'None'
[0.220s] Level 5:colcon.colcon_core.verb:set package 'xarm_moveit_config' build argument 'cmake_target' from command line to 'None'
[0.220s] Level 5:colcon.colcon_core.verb:set package 'xarm_moveit_config' build argument 'cmake_target_skip_unavailable' from command line to 'False'
[0.220s] Level 5:colcon.colcon_core.verb:set package 'xarm_moveit_config' build argument 'cmake_clean_cache' from command line to 'False'
[0.220s] Level 5:colcon.colcon_core.verb:set package 'xarm_moveit_config' build argument 'cmake_clean_first' from command line to 'False'
[0.220s] Level 5:colcon.colcon_core.verb:set package 'xarm_moveit_config' build argument 'cmake_force_configure' from command line to 'False'
[0.220s] Level 5:colcon.colcon_core.verb:set package 'xarm_moveit_config' build argument 'ament_cmake_args' from command line to 'None'
[0.220s] Level 5:colcon.colcon_core.verb:set package 'xarm_moveit_config' build argument 'catkin_cmake_args' from command line to 'None'
[0.221s] Level 5:colcon.colcon_core.verb:set package 'xarm_moveit_config' build argument 'catkin_skip_building_tests' from command line to 'False'
[0.221s] DEBUG:colcon.colcon_core.verb:Building package 'xarm_moveit_config' with the following arguments: {'ament_cmake_args': None, 'build_base': '/home/berenic/Documents/LPRS2_2026/Robo_Hand_RS485/ROS2/robo_hand_ws/build/xarm_moveit_config', 'catkin_cmake_args': None, 'catkin_skip_building_tests': False, 'cmake_args': None, 'cmake_clean_cache': False, 'cmake_clean_first': False, 'cmake_force_configure': False, 'cmake_target': None, 'cmake_target_skip_unavailable': False, 'install_base': '/home/berenic/Documents/LPRS2_2026/Robo_Hand_RS485/ROS2/robo_hand_ws/install/xarm_moveit_config', 'merge_install': False, 'path': '/home/berenic/Documents/LPRS2_2026/Robo_Hand_RS485/ROS2/robo_hand_ws/src/xarm_ros2/xarm_moveit_config', 'symlink_install': True, 'test_result_base': None}
[0.221s] Level 5:colcon.colcon_core.verb:set package 'xarm_moveit_servo' build argument 'cmake_args' from command line to 'None'
[0.221s] Level 5:colcon.colcon_core.verb:set package 'xarm_moveit_servo' build argument 'cmake_target' from command line to 'None'
[0.221s] Level 5:colcon.colcon_core.verb:set package 'xarm_moveit_servo' build argument 'cmake_target_skip_unavailable' from command line to 'False'
[0.221s] Level 5:colcon.colcon_core.verb:set package 'xarm_moveit_servo' build argument 'cmake_clean_cache' from command line to 'False'
[0.221s] Level 5:colcon.colcon_core.verb:set package 'xarm_moveit_servo' build argument 'cmake_clean_first' from command line to 'False'
[0.221s] Level 5:colcon.colcon_core.verb:set package 'xarm_moveit_servo' build argument 'cmake_force_configure' from command line to 'False'
[0.221s] Level 5:colcon.colcon_core.verb:set package 'xarm_moveit_servo' build argument 'ament_cmake_args' from command line to 'None'
[0.221s] Level 5:colcon.colcon_core.verb:set package 'xarm_moveit_servo' build argument 'catkin_cmake_args' from command line to 'None'
[0.221s] Level 5:colcon.colcon_core.verb:set package 'xarm_moveit_servo' build argument 'catkin_skip_building_tests' from command line to 'False'
[0.221s] DEBUG:colcon.colcon_core.verb:Building package 'xarm_moveit_servo' with the following arguments: {'ament_cmake_args': None, 'build_base': '/home/berenic/Documents/LPRS2_2026/Robo_Hand_RS485/ROS2/robo_hand_ws/build/xarm_moveit_servo', 'catkin_cmake_args': None, 'catkin_skip_building_tests': False, 'cmake_args': None, 'cmake_clean_cache': False, 'cmake_clean_first': False, 'cmake_force_configure': False, 'cmake_target': None, 'cmake_target_skip_unavailable': False, 'install_base': '/home/berenic/Documents/LPRS2_2026/Robo_Hand_RS485/ROS2/robo_hand_ws/install/xarm_moveit_servo', 'merge_install': False, 'path': '/home/berenic/Documents/LPRS2_2026/Robo_Hand_RS485/ROS2/robo_hand_ws/src/xarm_ros2/xarm_moveit_servo', 'symlink_install': True, 'test_result_base': None}
[0.221s] Level 5:colcon.colcon_core.verb:set package 'xarm_planner' build argument 'cmake_args' from command line to 'None'
[0.221s] Level 5:colcon.colcon_core.verb:set package 'xarm_planner' build argument 'cmake_target' from command line to 'None'
[0.221s] Level 5:colcon.colcon_core.verb:set package 'xarm_planner' build argument 'cmake_target_skip_unavailable' from command line to 'False'
[0.221s] Level 5:colcon.colcon_core.verb:set package 'xarm_planner' build argument 'cmake_clean_cache' from command line to 'False'
[0.221s] Level 5:colcon.colcon_core.verb:set package 'xarm_planner' build argument 'cmake_clean_first' from command line to 'False'
[0.221s] Level 5:colcon.colcon_core.verb:set package 'xarm_planner' build argument 'cmake_force_configure' from command line to 'False'
[0.221s] Level 5:colcon.colcon_core.verb:set package 'xarm_planner' build argument 'ament_cmake_args' from command line to 'None'
[0.221s] Level 5:colcon.colcon_core.verb:set package 'xarm_planner' build argument 'catkin_cmake_args' from command line to 'None'
[0.221s] Level 5:colcon.colcon_core.verb:set package 'xarm_planner' build argument 'catkin_skip_building_tests' from command line to 'False'
[0.221s] DEBUG:colcon.colcon_core.verb:Building package 'xarm_planner' with the following arguments: {'ament_cmake_args': None, 'build_base': '/home/berenic/Documents/LPRS2_2026/Robo_Hand_RS485/ROS2/robo_hand_ws/build/xarm_planner', 'catkin_cmake_args': None, 'catkin_skip_building_tests': False, 'cmake_args': None, 'cmake_clean_cache': False, 'cmake_clean_first': False, 'cmake_force_configure': False, 'cmake_target': None, 'cmake_target_skip_unavailable': False, 'install_base': '/home/berenic/Documents/LPRS2_2026/Robo_Hand_RS485/ROS2/robo_hand_ws/install/xarm_planner', 'merge_install': False, 'path': '/home/berenic/Documents/LPRS2_2026/Robo_Hand_RS485/ROS2/robo_hand_ws/src/xarm_ros2/xarm_planner', 'symlink_install': True, 'test_result_base': None}
[0.221s] Level 5:colcon.colcon_core.verb:set package 'glue_events_routines' build argument 'cmake_args' from command line to 'None'
[0.222s] Level 5:colcon.colcon_core.verb:set package 'glue_events_routines' build argument 'cmake_target' from command line to 'None'
[0.222s] Level 5:colcon.colcon_core.verb:set package 'glue_events_routines' build argument 'cmake_target_skip_unavailable' from command line to 'False'
[0.222s] Level 5:colcon.colcon_core.verb:set package 'glue_events_routines' build argument 'cmake_clean_cache' from command line to 'False'
[0.222s] Level 5:colcon.colcon_core.verb:set package 'glue_events_routines' build argument 'cmake_clean_first' from command line to 'False'
[0.222s] Level 5:colcon.colcon_core.verb:set package 'glue_events_routines' build argument 'cmake_force_configure' from command line to 'False'
[0.222s] Level 5:colcon.colcon_core.verb:set package 'glue_events_routines' build argument 'ament_cmake_args' from command line to 'None'
[0.222s] Level 5:colcon.colcon_core.verb:set package 'glue_events_routines' build argument 'catkin_cmake_args' from command line to 'None'
[0.222s] Level 5:colcon.colcon_core.verb:set package 'glue_events_routines' build argument 'catkin_skip_building_tests' from command line to 'False'
[0.222s] DEBUG:colcon.colcon_core.verb:Building package 'glue_events_routines' with the following arguments: {'ament_cmake_args': None, 'build_base': '/home/berenic/Documents/LPRS2_2026/Robo_Hand_RS485/ROS2/robo_hand_ws/build/glue_events_routines', 'catkin_cmake_args': None, 'catkin_skip_building_tests': False, 'cmake_args': None, 'cmake_clean_cache': False, 'cmake_clean_first': False, 'cmake_force_configure': False, 'cmake_target': None, 'cmake_target_skip_unavailable': False, 'install_base': '/home/berenic/Documents/LPRS2_2026/Robo_Hand_RS485/ROS2/robo_hand_ws/install/glue_events_routines', 'merge_install': False, 'path': '/home/berenic/Documents/LPRS2_2026/Robo_Hand_RS485/ROS2/robo_hand_ws/src/custom/glue_events_routines', 'symlink_install': True, 'test_result_base': None}
[0.222s] INFO:colcon.colcon_core.executor:Executing jobs using 'parallel' executor
[0.223s] DEBUG:colcon.colcon_parallel_executor.executor.parallel:run_until_complete
[0.223s] INFO:colcon.colcon_ros.task.ament_cmake.build:Building ROS package in '/home/berenic/Documents/LPRS2_2026/Robo_Hand_RS485/ROS2/robo_hand_ws/src/xarm_ros2/xarm_description' with build type 'ament_cmake'
[0.223s] INFO:colcon.colcon_cmake.task.cmake.build:Building CMake package in '/home/berenic/Documents/LPRS2_2026/Robo_Hand_RS485/ROS2/robo_hand_ws/src/xarm_ros2/xarm_description'
[0.225s] INFO:colcon.colcon_core.plugin_system:Skipping extension 'colcon_core.shell.bat': Not used on non-Windows systems
[0.225s] INFO:colcon.colcon_core.shell:Skip shell extension 'powershell' for command environment: Not usable outside of PowerShell
[0.225s] DEBUG:colcon.colcon_core.shell:Skip shell extension 'dsv' for command environment
[0.230s] INFO:colcon.colcon_ros.task.ament_cmake.build:Building ROS package in '/home/berenic/Documents/LPRS2_2026/Robo_Hand_RS485/ROS2/robo_hand_ws/src/xarm_ros2/xarm_msgs' with build type 'ament_cmake'
[0.230s] INFO:colcon.colcon_cmake.task.cmake.build:Building CMake package in '/home/berenic/Documents/LPRS2_2026/Robo_Hand_RS485/ROS2/robo_hand_ws/src/xarm_ros2/xarm_msgs'
[0.230s] INFO:colcon.colcon_core.shell:Skip shell extension 'powershell' for command environment: Not usable outside of PowerShell
[0.230s] DEBUG:colcon.colcon_core.shell:Skip shell extension 'dsv' for command environment
[0.233s] INFO:colcon.colcon_ros.task.ament_cmake.build:Building ROS package in '/home/berenic/Documents/LPRS2_2026/Robo_Hand_RS485/ROS2/robo_hand_ws/src/xarm_ros2/xarm_sdk' with build type 'ament_cmake'
[0.233s] INFO:colcon.colcon_cmake.task.cmake.build:Building CMake package in '/home/berenic/Documents/LPRS2_2026/Robo_Hand_RS485/ROS2/robo_hand_ws/src/xarm_ros2/xarm_sdk'
[0.234s] INFO:colcon.colcon_core.shell:Skip shell extension 'powershell' for command environment: Not usable outside of PowerShell
[0.234s] DEBUG:colcon.colcon_core.shell:Skip shell extension 'dsv' for command environment
[0.237s] INFO:colcon.colcon_ros.task.ament_python.build:Building ROS package in '/home/berenic/Documents/LPRS2_2026/Robo_Hand_RS485/ROS2/robo_hand_ws/src/xarm_ros2/uf_ros_lib' with build type 'ament_python'
[0.237s] Level 1:colcon.colcon_core.shell:create_environment_hook('uf_ros_lib', 'ament_prefix_path')
[0.237s] INFO:colcon.colcon_core.shell:Creating environment hook '/home/berenic/Documents/LPRS2_2026/Robo_Hand_RS485/ROS2/robo_hand_ws/install/uf_ros_lib/share/uf_ros_lib/hook/ament_prefix_path.ps1'
[0.238s] INFO:colcon.colcon_core.shell:Creating environment descriptor '/home/berenic/Documents/LPRS2_2026/Robo_Hand_RS485/ROS2/robo_hand_ws/install/uf_ros_lib/share/uf_ros_lib/hook/ament_prefix_path.dsv'
[0.238s] INFO:colcon.colcon_core.shell:Creating environment hook '/home/berenic/Documents/LPRS2_2026/Robo_Hand_RS485/ROS2/robo_hand_ws/install/uf_ros_lib/share/uf_ros_lib/hook/ament_prefix_path.sh'
[0.238s] INFO:colcon.colcon_core.shell:Skip shell extension 'powershell' for command environment: Not usable outside of PowerShell
[0.239s] DEBUG:colcon.colcon_core.shell:Skip shell extension 'dsv' for command environment
[0.242s] INFO:colcon.colcon_ros.task.ament_cmake.build:Building ROS package in '/home/berenic/Documents/LPRS2_2026/Robo_Hand_RS485/ROS2/robo_hand_ws/src/xarm_ros2/thirdparty/realsense_gazebo_plugin' with build type 'ament_cmake'
[0.242s] INFO:colcon.colcon_cmake.task.cmake.build:Building CMake package in '/home/berenic/Documents/LPRS2_2026/Robo_Hand_RS485/ROS2/robo_hand_ws/src/xarm_ros2/thirdparty/realsense_gazebo_plugin'
[0.242s] INFO:colcon.colcon_core.shell:Skip shell extension 'powershell' for command environment: Not usable outside of PowerShell
[0.242s] DEBUG:colcon.colcon_core.shell:Skip shell extension 'dsv' for command environment
[0.249s] DEBUG:colcon.colcon_core.event_handler.log_command:Invoking command in '/home/berenic/Documents/LPRS2_2026/Robo_Hand_RS485/ROS2/robo_hand_ws/build/xarm_description': CMAKE_PREFIX_PATH=${CMAKE_PREFIX_PATH}:/home/berenic/Documents/LPRS2_2026/Robo_Hand_RS485/ROS2/robo_hand_ws/install/uf_ros_lib:/opt/ros/jazzy DEBUGINFOD_URLS=https://debuginfod.ubuntu.com /usr/bin/cmake --build /home/berenic/Documents/LPRS2_2026/Robo_Hand_RS485/ROS2/robo_hand_ws/build/xarm_description -- -j12 -l12
[0.251s] DEBUG:colcon.colcon_core.event_handler.log_command:Invoking command in '/home/berenic/Documents/LPRS2_2026/Robo_Hand_RS485/ROS2/robo_hand_ws/build/xarm_msgs': CMAKE_PREFIX_PATH=${CMAKE_PREFIX_PATH}:/home/berenic/Documents/LPRS2_2026/Robo_Hand_RS485/ROS2/robo_hand_ws/install/uf_ros_lib:/opt/ros/jazzy DEBUGINFOD_URLS=https://debuginfod.ubuntu.com /usr/bin/cmake --build /home/berenic/Documents/LPRS2_2026/Robo_Hand_RS485/ROS2/robo_hand_ws/build/xarm_msgs -- -j12 -l12
[0.253s] DEBUG:colcon.colcon_core.event_handler.log_command:Invoking command in '/home/berenic/Documents/LPRS2_2026/Robo_Hand_RS485/ROS2/robo_hand_ws/build/xarm_sdk': CMAKE_PREFIX_PATH=${CMAKE_PREFIX_PATH}:/home/berenic/Documents/LPRS2_2026/Robo_Hand_RS485/ROS2/robo_hand_ws/install/uf_ros_lib:/opt/ros/jazzy DEBUGINFOD_URLS=https://debuginfod.ubuntu.com /usr/bin/cmake --build /home/berenic/Documents/LPRS2_2026/Robo_Hand_RS485/ROS2/robo_hand_ws/build/xarm_sdk -- -j12 -l12
[0.483s] INFO:colcon.colcon_core.task.python.build:Building Python package in '/home/berenic/Documents/LPRS2_2026/Robo_Hand_RS485/ROS2/robo_hand_ws/src/xarm_ros2/uf_ros_lib'
[0.484s] INFO:colcon.colcon_core.shell:Skip shell extension 'powershell' for command environment: Not usable outside of PowerShell
[0.484s] DEBUG:colcon.colcon_core.shell:Skip shell extension 'dsv' for command environment
[0.492s] DEBUG:colcon.colcon_core.event_handler.log_command:Invoked command in '/home/berenic/Documents/LPRS2_2026/Robo_Hand_RS485/ROS2/robo_hand_ws/build/xarm_description' returned '0': CMAKE_PREFIX_PATH=${CMAKE_PREFIX_PATH}:/home/berenic/Documents/LPRS2_2026/Robo_Hand_RS485/ROS2/robo_hand_ws/install/uf_ros_lib:/opt/ros/jazzy DEBUGINFOD_URLS=https://debuginfod.ubuntu.com /usr/bin/cmake --build /home/berenic/Documents/LPRS2_2026/Robo_Hand_RS485/ROS2/robo_hand_ws/build/xarm_description -- -j12 -l12
[0.503s] DEBUG:colcon.colcon_core.event_handler.log_command:Invoking command in '/home/berenic/Documents/LPRS2_2026/Robo_Hand_RS485/ROS2/robo_hand_ws/build/xarm_description': CMAKE_PREFIX_PATH=${CMAKE_PREFIX_PATH}:/home/berenic/Documents/LPRS2_2026/Robo_Hand_RS485/ROS2/robo_hand_ws/install/uf_ros_lib:/opt/ros/jazzy DEBUGINFOD_URLS=https://debuginfod.ubuntu.com /usr/bin/cmake --install /home/berenic/Documents/LPRS2_2026/Robo_Hand_RS485/ROS2/robo_hand_ws/build/xarm_description
[0.506s] DEBUG:colcon.colcon_core.event_handler.log_command:Invoking command in '/home/berenic/Documents/LPRS2_2026/Robo_Hand_RS485/ROS2/robo_hand_ws/build/realsense_gazebo_plugin': CMAKE_PREFIX_PATH=${CMAKE_PREFIX_PATH}:/home/berenic/Documents/LPRS2_2026/Robo_Hand_RS485/ROS2/robo_hand_ws/install/uf_ros_lib:/opt/ros/jazzy DEBUGINFOD_URLS=https://debuginfod.ubuntu.com /usr/bin/cmake --build /home/berenic/Documents/LPRS2_2026/Robo_Hand_RS485/ROS2/robo_hand_ws/build/realsense_gazebo_plugin -- -j12 -l12
[0.507s] DEBUG:colcon.colcon_core.event_handler.log_command:Invoked command in '/home/berenic/Documents/LPRS2_2026/Robo_Hand_RS485/ROS2/robo_hand_ws/build/xarm_sdk' returned '0': CMAKE_PREFIX_PATH=${CMAKE_PREFIX_PATH}:/home/berenic/Documents/LPRS2_2026/Robo_Hand_RS485/ROS2/robo_hand_ws/install/uf_ros_lib:/opt/ros/jazzy DEBUGINFOD_URLS=https://debuginfod.ubuntu.com /usr/bin/cmake --build /home/berenic/Documents/LPRS2_2026/Robo_Hand_RS485/ROS2/robo_hand_ws/build/xarm_sdk -- -j12 -l12
[0.507s] DEBUG:colcon.colcon_core.event_handler.log_command:Invoking command in '/home/berenic/Documents/LPRS2_2026/Robo_Hand_RS485/ROS2/robo_hand_ws/build/xarm_sdk': CMAKE_PREFIX_PATH=${CMAKE_PREFIX_PATH}:/home/berenic/Documents/LPRS2_2026/Robo_Hand_RS485/ROS2/robo_hand_ws/install/uf_ros_lib:/opt/ros/jazzy DEBUGINFOD_URLS=https://debuginfod.ubuntu.com /usr/bin/cmake --install /home/berenic/Documents/LPRS2_2026/Robo_Hand_RS485/ROS2/robo_hand_ws/build/xarm_sdk
[0.548s] Level 1:colcon.colcon_core.environment:create_environment_scripts_only(xarm_sdk)
[0.549s] DEBUG:colcon.colcon_core.event_handler.log_command:Invoked command in '/home/berenic/Documents/LPRS2_2026/Robo_Hand_RS485/ROS2/robo_hand_ws/build/xarm_sdk' returned '0': CMAKE_PREFIX_PATH=${CMAKE_PREFIX_PATH}:/home/berenic/Documents/LPRS2_2026/Robo_Hand_RS485/ROS2/robo_hand_ws/install/uf_ros_lib:/opt/ros/jazzy DEBUGINFOD_URLS=https://debuginfod.ubuntu.com /usr/bin/cmake --install /home/berenic/Documents/LPRS2_2026/Robo_Hand_RS485/ROS2/robo_hand_ws/build/xarm_sdk
[0.574s] Level 1:colcon.colcon_core.environment:checking '/home/berenic/Documents/LPRS2_2026/Robo_Hand_RS485/ROS2/robo_hand_ws/install/xarm_sdk' for CMake module files
[0.575s] Level 1:colcon.colcon_core.environment:checking '/home/berenic/Documents/LPRS2_2026/Robo_Hand_RS485/ROS2/robo_hand_ws/install/xarm_sdk' for CMake config files
[0.575s] Level 1:colcon.colcon_core.shell:create_environment_hook('xarm_sdk', 'cmake_prefix_path')
[0.575s] INFO:colcon.colcon_core.shell:Creating environment hook '/home/berenic/Documents/LPRS2_2026/Robo_Hand_RS485/ROS2/robo_hand_ws/install/xarm_sdk/share/xarm_sdk/hook/cmake_prefix_path.ps1'
[0.576s] INFO:colcon.colcon_core.shell:Creating environment descriptor '/home/berenic/Documents/LPRS2_2026/Robo_Hand_RS485/ROS2/robo_hand_ws/install/xarm_sdk/share/xarm_sdk/hook/cmake_prefix_path.dsv'
[0.576s] INFO:colcon.colcon_core.shell:Creating environment hook '/home/berenic/Documents/LPRS2_2026/Robo_Hand_RS485/ROS2/robo_hand_ws/install/xarm_sdk/share/xarm_sdk/hook/cmake_prefix_path.sh'
[0.577s] Level 1:colcon.colcon_core.environment:checking '/home/berenic/Documents/LPRS2_2026/Robo_Hand_RS485/ROS2/robo_hand_ws/install/xarm_sdk/lib'
[0.577s] Level 1:colcon.colcon_core.shell:create_environment_hook('xarm_sdk', 'ld_library_path_lib')
[0.577s] INFO:colcon.colcon_core.shell:Creating environment hook '/home/berenic/Documents/LPRS2_2026/Robo_Hand_RS485/ROS2/robo_hand_ws/install/xarm_sdk/share/xarm_sdk/hook/ld_library_path_lib.ps1'
[0.577s] INFO:colcon.colcon_core.shell:Creating environment descriptor '/home/berenic/Documents/LPRS2_2026/Robo_Hand_RS485/ROS2/robo_hand_ws/install/xarm_sdk/share/xarm_sdk/hook/ld_library_path_lib.dsv'
[0.578s] INFO:colcon.colcon_core.shell:Creating environment hook '/home/berenic/Documents/LPRS2_2026/Robo_Hand_RS485/ROS2/robo_hand_ws/install/xarm_sdk/share/xarm_sdk/hook/ld_library_path_lib.sh'
[0.578s] Level 1:colcon.colcon_core.environment:checking '/home/berenic/Documents/LPRS2_2026/Robo_Hand_RS485/ROS2/robo_hand_ws/install/xarm_sdk/bin'
[0.578s] Level 1:colcon.colcon_core.environment:checking '/home/berenic/Documents/LPRS2_2026/Robo_Hand_RS485/ROS2/robo_hand_ws/install/xarm_sdk/lib/pkgconfig/xarm_sdk.pc'
[0.579s] Level 1:colcon.colcon_core.environment:checking '/home/berenic/Documents/LPRS2_2026/Robo_Hand_RS485/ROS2/robo_hand_ws/install/xarm_sdk/lib/python3.12/site-packages'
[0.579s] Level 1:colcon.colcon_core.environment:checking '/home/berenic/Documents/LPRS2_2026/Robo_Hand_RS485/ROS2/robo_hand_ws/install/xarm_sdk/bin'
[0.579s] INFO:colcon.colcon_core.shell:Creating package script '/home/berenic/Documents/LPRS2_2026/Robo_Hand_RS485/ROS2/robo_hand_ws/install/xarm_sdk/share/xarm_sdk/package.ps1'
[0.580s] INFO:colcon.colcon_core.shell:Creating package descriptor '/home/berenic/Documents/LPRS2_2026/Robo_Hand_RS485/ROS2/robo_hand_ws/install/xarm_sdk/share/xarm_sdk/package.dsv'
[0.580s] INFO:colcon.colcon_core.shell:Creating package script '/home/berenic/Documents/LPRS2_2026/Robo_Hand_RS485/ROS2/robo_hand_ws/install/xarm_sdk/share/xarm_sdk/package.sh'
[0.581s] INFO:colcon.colcon_core.shell:Creating package script '/home/berenic/Documents/LPRS2_2026/Robo_Hand_RS485/ROS2/robo_hand_ws/install/xarm_sdk/share/xarm_sdk/package.bash'
[0.581s] INFO:colcon.colcon_core.shell:Creating package script '/home/berenic/Documents/LPRS2_2026/Robo_Hand_RS485/ROS2/robo_hand_ws/install/xarm_sdk/share/xarm_sdk/package.zsh'
[0.581s] Level 1:colcon.colcon_core.environment:create_file_with_runtime_dependencies(/home/berenic/Documents/LPRS2_2026/Robo_Hand_RS485/ROS2/robo_hand_ws/install/xarm_sdk/share/colcon-core/packages/xarm_sdk)
[0.582s] Level 1:colcon.colcon_core.environment:create_environment_scripts_only(xarm_sdk)
[0.582s] Level 1:colcon.colcon_core.environment:checking '/home/berenic/Documents/LPRS2_2026/Robo_Hand_RS485/ROS2/robo_hand_ws/install/xarm_sdk' for CMake module files
[0.582s] Level 1:colcon.colcon_core.environment:checking '/home/berenic/Documents/LPRS2_2026/Robo_Hand_RS485/ROS2/robo_hand_ws/install/xarm_sdk' for CMake config files
[0.583s] Level 1:colcon.colcon_core.shell:create_environment_hook('xarm_sdk', 'cmake_prefix_path')
[0.583s] INFO:colcon.colcon_core.shell:Creating environment hook '/home/berenic/Documents/LPRS2_2026/Robo_Hand_RS485/ROS2/robo_hand_ws/install/xarm_sdk/share/xarm_sdk/hook/cmake_prefix_path.ps1'
[0.583s] INFO:colcon.colcon_core.shell:Creating environment descriptor '/home/berenic/Documents/LPRS2_2026/Robo_Hand_RS485/ROS2/robo_hand_ws/install/xarm_sdk/share/xarm_sdk/hook/cmake_prefix_path.dsv'
[0.583s] INFO:colcon.colcon_core.shell:Creating environment hook '/home/berenic/Documents/LPRS2_2026/Robo_Hand_RS485/ROS2/robo_hand_ws/install/xarm_sdk/share/xarm_sdk/hook/cmake_prefix_path.sh'
[0.584s] Level 1:colcon.colcon_core.environment:checking '/home/berenic/Documents/LPRS2_2026/Robo_Hand_RS485/ROS2/robo_hand_ws/install/xarm_sdk/lib'
[0.584s] Level 1:colcon.colcon_core.shell:create_environment_hook('xarm_sdk', 'ld_library_path_lib')
[0.584s] INFO:colcon.colcon_core.shell:Creating environment hook '/home/berenic/Documents/LPRS2_2026/Robo_Hand_RS485/ROS2/robo_hand_ws/install/xarm_sdk/share/xarm_sdk/hook/ld_library_path_lib.ps1'
[0.584s] INFO:colcon.colcon_core.shell:Creating environment descriptor '/home/berenic/Documents/LPRS2_2026/Robo_Hand_RS485/ROS2/robo_hand_ws/install/xarm_sdk/share/xarm_sdk/hook/ld_library_path_lib.dsv'
[0.585s] INFO:colcon.colcon_core.shell:Creating environment hook '/home/berenic/Documents/LPRS2_2026/Robo_Hand_RS485/ROS2/robo_hand_ws/install/xarm_sdk/share/xarm_sdk/hook/ld_library_path_lib.sh'
[0.585s] Level 1:colcon.colcon_core.environment:checking '/home/berenic/Documents/LPRS2_2026/Robo_Hand_RS485/ROS2/robo_hand_ws/install/xarm_sdk/bin'
[0.585s] Level 1:colcon.colcon_core.environment:checking '/home/berenic/Documents/LPRS2_2026/Robo_Hand_RS485/ROS2/robo_hand_ws/install/xarm_sdk/lib/pkgconfig/xarm_sdk.pc'
[0.585s] Level 1:colcon.colcon_core.environment:checking '/home/berenic/Documents/LPRS2_2026/Robo_Hand_RS485/ROS2/robo_hand_ws/install/xarm_sdk/lib/python3.12/site-packages'
[0.586s] Level 1:colcon.colcon_core.environment:checking '/home/berenic/Documents/LPRS2_2026/Robo_Hand_RS485/ROS2/robo_hand_ws/install/xarm_sdk/bin'
[0.586s] INFO:colcon.colcon_core.shell:Creating package script '/home/berenic/Documents/LPRS2_2026/Robo_Hand_RS485/ROS2/robo_hand_ws/install/xarm_sdk/share/xarm_sdk/package.ps1'
[0.586s] INFO:colcon.colcon_core.shell:Creating package descriptor '/home/berenic/Documents/LPRS2_2026/Robo_Hand_RS485/ROS2/robo_hand_ws/install/xarm_sdk/share/xarm_sdk/package.dsv'
[0.587s] INFO:colcon.colcon_core.shell:Creating package script '/home/berenic/Documents/LPRS2_2026/Robo_Hand_RS485/ROS2/robo_hand_ws/install/xarm_sdk/share/xarm_sdk/package.sh'
[0.587s] INFO:colcon.colcon_core.shell:Creating package script '/home/berenic/Documents/LPRS2_2026/Robo_Hand_RS485/ROS2/robo_hand_ws/install/xarm_sdk/share/xarm_sdk/package.bash'
[0.587s] INFO:colcon.colcon_core.shell:Creating package script '/home/berenic/Documents/LPRS2_2026/Robo_Hand_RS485/ROS2/robo_hand_ws/install/xarm_sdk/share/xarm_sdk/package.zsh'
[0.588s] Level 1:colcon.colcon_core.environment:create_file_with_runtime_dependencies(/home/berenic/Documents/LPRS2_2026/Robo_Hand_RS485/ROS2/robo_hand_ws/install/xarm_sdk/share/colcon-core/packages/xarm_sdk)
[0.590s] DEBUG:colcon.colcon_core.event_handler.log_command:Invoked command in '/home/berenic/Documents/LPRS2_2026/Robo_Hand_RS485/ROS2/robo_hand_ws/build/realsense_gazebo_plugin' returned '0': CMAKE_PREFIX_PATH=${CMAKE_PREFIX_PATH}:/home/berenic/Documents/LPRS2_2026/Robo_Hand_RS485/ROS2/robo_hand_ws/install/uf_ros_lib:/opt/ros/jazzy DEBUGINFOD_URLS=https://debuginfod.ubuntu.com /usr/bin/cmake --build /home/berenic/Documents/LPRS2_2026/Robo_Hand_RS485/ROS2/robo_hand_ws/build/realsense_gazebo_plugin -- -j12 -l12
[0.591s] DEBUG:colcon.colcon_core.event_handler.log_command:Invoking command in '/home/berenic/Documents/LPRS2_2026/Robo_Hand_RS485/ROS2/robo_hand_ws/build/realsense_gazebo_plugin': CMAKE_PREFIX_PATH=${CMAKE_PREFIX_PATH}:/home/berenic/Documents/LPRS2_2026/Robo_Hand_RS485/ROS2/robo_hand_ws/install/uf_ros_lib:/opt/ros/jazzy DEBUGINFOD_URLS=https://debuginfod.ubuntu.com /usr/bin/cmake --install /home/berenic/Documents/LPRS2_2026/Robo_Hand_RS485/ROS2/robo_hand_ws/build/realsense_gazebo_plugin
[0.592s] Level 1:colcon.colcon_core.environment:create_environment_scripts_only(xarm_description)
[0.592s] Level 1:colcon.colcon_core.environment:checking '/home/berenic/Documents/LPRS2_2026/Robo_Hand_RS485/ROS2/robo_hand_ws/install/xarm_description' for CMake module files
[0.593s] DEBUG:colcon.colcon_core.event_handler.log_command:Invoked command in '/home/berenic/Documents/LPRS2_2026/Robo_Hand_RS485/ROS2/robo_hand_ws/build/xarm_description' returned '0': CMAKE_PREFIX_PATH=${CMAKE_PREFIX_PATH}:/home/berenic/Documents/LPRS2_2026/Robo_Hand_RS485/ROS2/robo_hand_ws/install/uf_ros_lib:/opt/ros/jazzy DEBUGINFOD_URLS=https://debuginfod.ubuntu.com /usr/bin/cmake --install /home/berenic/Documents/LPRS2_2026/Robo_Hand_RS485/ROS2/robo_hand_ws/build/xarm_description
[0.593s] Level 1:colcon.colcon_core.environment:checking '/home/berenic/Documents/LPRS2_2026/Robo_Hand_RS485/ROS2/robo_hand_ws/install/xarm_description' for CMake config files
[0.594s] Level 1:colcon.colcon_core.shell:create_environment_hook('xarm_description', 'cmake_prefix_path')
[0.594s] INFO:colcon.colcon_core.shell:Creating environment hook '/home/berenic/Documents/LPRS2_2026/Robo_Hand_RS485/ROS2/robo_hand_ws/install/xarm_description/share/xarm_description/hook/cmake_prefix_path.ps1'
[0.594s] INFO:colcon.colcon_core.shell:Creating environment descriptor '/home/berenic/Documents/LPRS2_2026/Robo_Hand_RS485/ROS2/robo_hand_ws/install/xarm_description/share/xarm_description/hook/cmake_prefix_path.dsv'
[0.594s] INFO:colcon.colcon_core.shell:Creating environment hook '/home/berenic/Documents/LPRS2_2026/Robo_Hand_RS485/ROS2/robo_hand_ws/install/xarm_description/share/xarm_description/hook/cmake_prefix_path.sh'
[0.595s] Level 1:colcon.colcon_core.environment:checking '/home/berenic/Documents/LPRS2_2026/Robo_Hand_RS485/ROS2/robo_hand_ws/install/xarm_description/bin'
[0.595s] Level 1:colcon.colcon_core.environment:checking '/home/berenic/Documents/LPRS2_2026/Robo_Hand_RS485/ROS2/robo_hand_ws/install/xarm_description/lib/pkgconfig/xarm_description.pc'
[0.595s] Level 1:colcon.colcon_core.environment:checking '/home/berenic/Documents/LPRS2_2026/Robo_Hand_RS485/ROS2/robo_hand_ws/install/xarm_description/lib/python3.12/site-packages'
[0.595s] Level 1:colcon.colcon_core.environment:checking '/home/berenic/Documents/LPRS2_2026/Robo_Hand_RS485/ROS2/robo_hand_ws/install/xarm_description/bin'
[0.596s] INFO:colcon.colcon_core.shell:Creating package script '/home/berenic/Documents/LPRS2_2026/Robo_Hand_RS485/ROS2/robo_hand_ws/install/xarm_description/share/xarm_description/package.ps1'
[0.596s] INFO:colcon.colcon_core.shell:Creating package descriptor '/home/berenic/Documents/LPRS2_2026/Robo_Hand_RS485/ROS2/robo_hand_ws/install/xarm_description/share/xarm_description/package.dsv'
[0.596s] INFO:colcon.colcon_core.shell:Creating package script '/home/berenic/Documents/LPRS2_2026/Robo_Hand_RS485/ROS2/robo_hand_ws/install/xarm_description/share/xarm_description/package.sh'
[0.597s] INFO:colcon.colcon_core.shell:Creating package script '/home/berenic/Documents/LPRS2_2026/Robo_Hand_RS485/ROS2/robo_hand_ws/install/xarm_description/share/xarm_description/package.bash'
[0.597s] INFO:colcon.colcon_core.shell:Creating package script '/home/berenic/Documents/LPRS2_2026/Robo_Hand_RS485/ROS2/robo_hand_ws/install/xarm_description/share/xarm_description/package.zsh'
[0.597s] Level 1:colcon.colcon_core.environment:create_file_with_runtime_dependencies(/home/berenic/Documents/LPRS2_2026/Robo_Hand_RS485/ROS2/robo_hand_ws/install/xarm_description/share/colcon-core/packages/xarm_description)
[0.598s] Level 1:colcon.colcon_core.environment:create_environment_scripts_only(xarm_description)
[0.598s] Level 1:colcon.colcon_core.environment:checking '/home/berenic/Documents/LPRS2_2026/Robo_Hand_RS485/ROS2/robo_hand_ws/install/xarm_description' for CMake module files
[0.598s] Level 1:colcon.colcon_core.environment:checking '/home/berenic/Documents/LPRS2_2026/Robo_Hand_RS485/ROS2/robo_hand_ws/install/xarm_description' for CMake config files
[0.599s] Level 1:colcon.colcon_core.shell:create_environment_hook('xarm_description', 'cmake_prefix_path')
[0.599s] INFO:colcon.colcon_core.shell:Creating environment hook '/home/berenic/Documents/LPRS2_2026/Robo_Hand_RS485/ROS2/robo_hand_ws/install/xarm_description/share/xarm_description/hook/cmake_prefix_path.ps1'
[0.599s] INFO:colcon.colcon_core.shell:Creating environment descriptor '/home/berenic/Documents/LPRS2_2026/Robo_Hand_RS485/ROS2/robo_hand_ws/install/xarm_description/share/xarm_description/hook/cmake_prefix_path.dsv'
[0.599s] INFO:colcon.colcon_core.shell:Creating environment hook '/home/berenic/Documents/LPRS2_2026/Robo_Hand_RS485/ROS2/robo_hand_ws/install/xarm_description/share/xarm_description/hook/cmake_prefix_path.sh'
[0.600s] Level 1:colcon.colcon_core.environment:checking '/home/berenic/Documents/LPRS2_2026/Robo_Hand_RS485/ROS2/robo_hand_ws/install/xarm_description/bin'
[0.600s] Level 1:colcon.colcon_core.environment:checking '/home/berenic/Documents/LPRS2_2026/Robo_Hand_RS485/ROS2/robo_hand_ws/install/xarm_description/lib/pkgconfig/xarm_description.pc'
[0.600s] Level 1:colcon.colcon_core.environment:checking '/home/berenic/Documents/LPRS2_2026/Robo_Hand_RS485/ROS2/robo_hand_ws/install/xarm_description/lib/python3.12/site-packages'
[0.600s] Level 1:colcon.colcon_core.environment:checking '/home/berenic/Documents/LPRS2_2026/Robo_Hand_RS485/ROS2/robo_hand_ws/install/xarm_description/bin'
[0.601s] INFO:colcon.colcon_core.shell:Creating package script '/home/berenic/Documents/LPRS2_2026/Robo_Hand_RS485/ROS2/robo_hand_ws/install/xarm_description/share/xarm_description/package.ps1'
[0.601s] INFO:colcon.colcon_core.shell:Creating package descriptor '/home/berenic/Documents/LPRS2_2026/Robo_Hand_RS485/ROS2/robo_hand_ws/install/xarm_description/share/xarm_description/package.dsv'
[0.602s] INFO:colcon.colcon_core.shell:Creating package script '/home/berenic/Documents/LPRS2_2026/Robo_Hand_RS485/ROS2/robo_hand_ws/install/xarm_description/share/xarm_description/package.sh'
[0.603s] INFO:colcon.colcon_core.shell:Creating package script '/home/berenic/Documents/LPRS2_2026/Robo_Hand_RS485/ROS2/robo_hand_ws/install/xarm_description/share/xarm_description/package.bash'
[0.603s] INFO:colcon.colcon_core.shell:Creating package script '/home/berenic/Documents/LPRS2_2026/Robo_Hand_RS485/ROS2/robo_hand_ws/install/xarm_description/share/xarm_description/package.zsh'
[0.604s] Level 1:colcon.colcon_core.environment:create_file_with_runtime_dependencies(/home/berenic/Documents/LPRS2_2026/Robo_Hand_RS485/ROS2/robo_hand_ws/install/xarm_description/share/colcon-core/packages/xarm_description)
[0.621s] Level 1:colcon.colcon_core.environment:create_environment_scripts_only(realsense_gazebo_plugin)
[0.621s] Level 1:colcon.colcon_core.environment:checking '/home/berenic/Documents/LPRS2_2026/Robo_Hand_RS485/ROS2/robo_hand_ws/install/realsense_gazebo_plugin' for CMake module files
[0.622s] DEBUG:colcon.colcon_core.event_handler.log_command:Invoked command in '/home/berenic/Documents/LPRS2_2026/Robo_Hand_RS485/ROS2/robo_hand_ws/build/realsense_gazebo_plugin' returned '0': CMAKE_PREFIX_PATH=${CMAKE_PREFIX_PATH}:/home/berenic/Documents/LPRS2_2026/Robo_Hand_RS485/ROS2/robo_hand_ws/install/uf_ros_lib:/opt/ros/jazzy DEBUGINFOD_URLS=https://debuginfod.ubuntu.com /usr/bin/cmake --install /home/berenic/Documents/LPRS2_2026/Robo_Hand_RS485/ROS2/robo_hand_ws/build/realsense_gazebo_plugin
[0.622s] Level 1:colcon.colcon_core.environment:checking '/home/berenic/Documents/LPRS2_2026/Robo_Hand_RS485/ROS2/robo_hand_ws/install/realsense_gazebo_plugin' for CMake config files
[0.622s] Level 1:colcon.colcon_core.shell:create_environment_hook('realsense_gazebo_plugin', 'cmake_prefix_path')
[0.622s] INFO:colcon.colcon_core.shell:Creating environment hook '/home/berenic/Documents/LPRS2_2026/Robo_Hand_RS485/ROS2/robo_hand_ws/install/realsense_gazebo_plugin/share/realsense_gazebo_plugin/hook/cmake_prefix_path.ps1'
[0.623s] INFO:colcon.colcon_core.shell:Creating environment descriptor '/home/berenic/Documents/LPRS2_2026/Robo_Hand_RS485/ROS2/robo_hand_ws/install/realsense_gazebo_plugin/share/realsense_gazebo_plugin/hook/cmake_prefix_path.dsv'
[0.623s] INFO:colcon.colcon_core.shell:Creating environment hook '/home/berenic/Documents/LPRS2_2026/Robo_Hand_RS485/ROS2/robo_hand_ws/install/realsense_gazebo_plugin/share/realsense_gazebo_plugin/hook/cmake_prefix_path.sh'
[0.624s] Level 1:colcon.colcon_core.environment:checking '/home/berenic/Documents/LPRS2_2026/Robo_Hand_RS485/ROS2/robo_hand_ws/install/realsense_gazebo_plugin/bin'
[0.624s] Level 1:colcon.colcon_core.environment:checking '/home/berenic/Documents/LPRS2_2026/Robo_Hand_RS485/ROS2/robo_hand_ws/install/realsense_gazebo_plugin/lib/pkgconfig/realsense_gazebo_plugin.pc'
[0.624s] Level 1:colcon.colcon_core.environment:checking '/home/berenic/Documents/LPRS2_2026/Robo_Hand_RS485/ROS2/robo_hand_ws/install/realsense_gazebo_plugin/lib/python3.12/site-packages'
[0.624s] Level 1:colcon.colcon_core.environment:checking '/home/berenic/Documents/LPRS2_2026/Robo_Hand_RS485/ROS2/robo_hand_ws/install/realsense_gazebo_plugin/bin'
[0.625s] INFO:colcon.colcon_core.shell:Creating package script '/home/berenic/Documents/LPRS2_2026/Robo_Hand_RS485/ROS2/robo_hand_ws/install/realsense_gazebo_plugin/share/realsense_gazebo_plugin/package.ps1'
[0.625s] INFO:colcon.colcon_core.shell:Creating package descriptor '/home/berenic/Documents/LPRS2_2026/Robo_Hand_RS485/ROS2/robo_hand_ws/install/realsense_gazebo_plugin/share/realsense_gazebo_plugin/package.dsv'
[0.625s] INFO:colcon.colcon_core.shell:Creating package script '/home/berenic/Documents/LPRS2_2026/Robo_Hand_RS485/ROS2/robo_hand_ws/install/realsense_gazebo_plugin/share/realsense_gazebo_plugin/package.sh'
[0.626s] INFO:colcon.colcon_core.shell:Creating package script '/home/berenic/Documents/LPRS2_2026/Robo_Hand_RS485/ROS2/robo_hand_ws/install/realsense_gazebo_plugin/share/realsense_gazebo_plugin/package.bash'
[0.626s] INFO:colcon.colcon_core.shell:Creating package script '/home/berenic/Documents/LPRS2_2026/Robo_Hand_RS485/ROS2/robo_hand_ws/install/realsense_gazebo_plugin/share/realsense_gazebo_plugin/package.zsh'
[0.626s] Level 1:colcon.colcon_core.environment:create_file_with_runtime_dependencies(/home/berenic/Documents/LPRS2_2026/Robo_Hand_RS485/ROS2/robo_hand_ws/install/realsense_gazebo_plugin/share/colcon-core/packages/realsense_gazebo_plugin)
[0.627s] Level 1:colcon.colcon_core.environment:create_environment_scripts_only(realsense_gazebo_plugin)
[0.627s] Level 1:colcon.colcon_core.environment:checking '/home/berenic/Documents/LPRS2_2026/Robo_Hand_RS485/ROS2/robo_hand_ws/install/realsense_gazebo_plugin' for CMake module files
[0.627s] Level 1:colcon.colcon_core.environment:checking '/home/berenic/Documents/LPRS2_2026/Robo_Hand_RS485/ROS2/robo_hand_ws/install/realsense_gazebo_plugin' for CMake config files
[0.627s] Level 1:colcon.colcon_core.shell:create_environment_hook('realsense_gazebo_plugin', 'cmake_prefix_path')
[0.628s] INFO:colcon.colcon_core.shell:Creating environment hook '/home/berenic/Documents/LPRS2_2026/Robo_Hand_RS485/ROS2/robo_hand_ws/install/realsense_gazebo_plugin/share/realsense_gazebo_plugin/hook/cmake_prefix_path.ps1'
[0.628s] INFO:colcon.colcon_core.shell:Creating environment descriptor '/home/berenic/Documents/LPRS2_2026/Robo_Hand_RS485/ROS2/robo_hand_ws/install/realsense_gazebo_plugin/share/realsense_gazebo_plugin/hook/cmake_prefix_path.dsv'
[0.628s] INFO:colcon.colcon_core.shell:Creating environment hook '/home/berenic/Documents/LPRS2_2026/Robo_Hand_RS485/ROS2/robo_hand_ws/install/realsense_gazebo_plugin/share/realsense_gazebo_plugin/hook/cmake_prefix_path.sh'
[0.629s] Level 1:colcon.colcon_core.environment:checking '/home/berenic/Documents/LPRS2_2026/Robo_Hand_RS485/ROS2/robo_hand_ws/install/realsense_gazebo_plugin/bin'
[0.629s] Level 1:colcon.colcon_core.environment:checking '/home/berenic/Documents/LPRS2_2026/Robo_Hand_RS485/ROS2/robo_hand_ws/install/realsense_gazebo_plugin/lib/pkgconfig/realsense_gazebo_plugin.pc'
[0.629s] Level 1:colcon.colcon_core.environment:checking '/home/berenic/Documents/LPRS2_2026/Robo_Hand_RS485/ROS2/robo_hand_ws/install/realsense_gazebo_plugin/lib/python3.12/site-packages'
[0.629s] Level 1:colcon.colcon_core.environment:checking '/home/berenic/Documents/LPRS2_2026/Robo_Hand_RS485/ROS2/robo_hand_ws/install/realsense_gazebo_plugin/bin'
[0.630s] INFO:colcon.colcon_core.shell:Creating package script '/home/berenic/Documents/LPRS2_2026/Robo_Hand_RS485/ROS2/robo_hand_ws/install/realsense_gazebo_plugin/share/realsense_gazebo_plugin/package.ps1'
[0.630s] INFO:colcon.colcon_core.shell:Creating package descriptor '/home/berenic/Documents/LPRS2_2026/Robo_Hand_RS485/ROS2/robo_hand_ws/install/realsense_gazebo_plugin/share/realsense_gazebo_plugin/package.dsv'
[0.630s] INFO:colcon.colcon_core.shell:Creating package script '/home/berenic/Documents/LPRS2_2026/Robo_Hand_RS485/ROS2/robo_hand_ws/install/realsense_gazebo_plugin/share/realsense_gazebo_plugin/package.sh'
[0.631s] INFO:colcon.colcon_core.shell:Creating package script '/home/berenic/Documents/LPRS2_2026/Robo_Hand_RS485/ROS2/robo_hand_ws/install/realsense_gazebo_plugin/share/realsense_gazebo_plugin/package.bash'
[0.631s] INFO:colcon.colcon_core.shell:Creating package script '/home/berenic/Documents/LPRS2_2026/Robo_Hand_RS485/ROS2/robo_hand_ws/install/realsense_gazebo_plugin/share/realsense_gazebo_plugin/package.zsh'
[0.631s] Level 1:colcon.colcon_core.environment:create_file_with_runtime_dependencies(/home/berenic/Documents/LPRS2_2026/Robo_Hand_RS485/ROS2/robo_hand_ws/install/realsense_gazebo_plugin/share/colcon-core/packages/realsense_gazebo_plugin)
[0.721s] DEBUG:colcon.colcon_core.event_handler.log_command:Invoked command in '/home/berenic/Documents/LPRS2_2026/Robo_Hand_RS485/ROS2/robo_hand_ws/build/xarm_msgs' returned '0': CMAKE_PREFIX_PATH=${CMAKE_PREFIX_PATH}:/home/berenic/Documents/LPRS2_2026/Robo_Hand_RS485/ROS2/robo_hand_ws/install/uf_ros_lib:/opt/ros/jazzy DEBUGINFOD_URLS=https://debuginfod.ubuntu.com /usr/bin/cmake --build /home/berenic/Documents/LPRS2_2026/Robo_Hand_RS485/ROS2/robo_hand_ws/build/xarm_msgs -- -j12 -l12
[0.722s] DEBUG:colcon.colcon_core.event_handler.log_command:Invoking command in '/home/berenic/Documents/LPRS2_2026/Robo_Hand_RS485/ROS2/robo_hand_ws/build/xarm_msgs': CMAKE_PREFIX_PATH=${CMAKE_PREFIX_PATH}:/home/berenic/Documents/LPRS2_2026/Robo_Hand_RS485/ROS2/robo_hand_ws/install/uf_ros_lib:/opt/ros/jazzy DEBUGINFOD_URLS=https://debuginfod.ubuntu.com /usr/bin/cmake --install /home/berenic/Documents/LPRS2_2026/Robo_Hand_RS485/ROS2/robo_hand_ws/build/xarm_msgs
[0.937s] Level 1:colcon.colcon_core.environment:create_environment_scripts_only(xarm_msgs)
[0.937s] DEBUG:colcon.colcon_core.event_handler.log_command:Invoked command in '/home/berenic/Documents/LPRS2_2026/Robo_Hand_RS485/ROS2/robo_hand_ws/build/xarm_msgs' returned '0': CMAKE_PREFIX_PATH=${CMAKE_PREFIX_PATH}:/home/berenic/Documents/LPRS2_2026/Robo_Hand_RS485/ROS2/robo_hand_ws/install/uf_ros_lib:/opt/ros/jazzy DEBUGINFOD_URLS=https://debuginfod.ubuntu.com /usr/bin/cmake --install /home/berenic/Documents/LPRS2_2026/Robo_Hand_RS485/ROS2/robo_hand_ws/build/xarm_msgs
[0.937s] Level 1:colcon.colcon_core.environment:checking '/home/berenic/Documents/LPRS2_2026/Robo_Hand_RS485/ROS2/robo_hand_ws/install/xarm_msgs' for CMake module files
[0.938s] Level 1:colcon.colcon_core.environment:checking '/home/berenic/Documents/LPRS2_2026/Robo_Hand_RS485/ROS2/robo_hand_ws/install/xarm_msgs' for CMake config files
[0.938s] Level 1:colcon.colcon_core.shell:create_environment_hook('xarm_msgs', 'cmake_prefix_path')
[0.938s] INFO:colcon.colcon_core.shell:Creating environment hook '/home/berenic/Documents/LPRS2_2026/Robo_Hand_RS485/ROS2/robo_hand_ws/install/xarm_msgs/share/xarm_msgs/hook/cmake_prefix_path.ps1'
[0.939s] INFO:colcon.colcon_core.shell:Creating environment descriptor '/home/berenic/Documents/LPRS2_2026/Robo_Hand_RS485/ROS2/robo_hand_ws/install/xarm_msgs/share/xarm_msgs/hook/cmake_prefix_path.dsv'
[0.939s] INFO:colcon.colcon_core.shell:Creating environment hook '/home/berenic/Documents/LPRS2_2026/Robo_Hand_RS485/ROS2/robo_hand_ws/install/xarm_msgs/share/xarm_msgs/hook/cmake_prefix_path.sh'
[0.940s] Level 1:colcon.colcon_core.environment:checking '/home/berenic/Documents/LPRS2_2026/Robo_Hand_RS485/ROS2/robo_hand_ws/install/xarm_msgs/lib'
[0.940s] Level 1:colcon.colcon_core.shell:create_environment_hook('xarm_msgs', 'ld_library_path_lib')
[0.940s] INFO:colcon.colcon_core.shell:Creating environment hook '/home/berenic/Documents/LPRS2_2026/Robo_Hand_RS485/ROS2/robo_hand_ws/install/xarm_msgs/share/xarm_msgs/hook/ld_library_path_lib.ps1'
[0.940s] INFO:colcon.colcon_core.shell:Creating environment descriptor '/home/berenic/Documents/LPRS2_2026/Robo_Hand_RS485/ROS2/robo_hand_ws/install/xarm_msgs/share/xarm_msgs/hook/ld_library_path_lib.dsv'
[0.940s] INFO:colcon.colcon_core.shell:Creating environment hook '/home/berenic/Documents/LPRS2_2026/Robo_Hand_RS485/ROS2/robo_hand_ws/install/xarm_msgs/share/xarm_msgs/hook/ld_library_path_lib.sh'
[0.941s] Level 1:colcon.colcon_core.environment:checking '/home/berenic/Documents/LPRS2_2026/Robo_Hand_RS485/ROS2/robo_hand_ws/install/xarm_msgs/bin'
[0.941s] Level 1:colcon.colcon_core.environment:checking '/home/berenic/Documents/LPRS2_2026/Robo_Hand_RS485/ROS2/robo_hand_ws/install/xarm_msgs/lib/pkgconfig/xarm_msgs.pc'
[0.941s] Level 1:colcon.colcon_core.environment:checking '/home/berenic/Documents/LPRS2_2026/Robo_Hand_RS485/ROS2/robo_hand_ws/install/xarm_msgs/lib/python3.12/site-packages'
[0.941s] Level 1:colcon.colcon_core.shell:create_environment_hook('xarm_msgs', 'pythonpath')
[0.941s] INFO:colcon.colcon_core.shell:Creating environment hook '/home/berenic/Documents/LPRS2_2026/Robo_Hand_RS485/ROS2/robo_hand_ws/install/xarm_msgs/share/xarm_msgs/hook/pythonpath.ps1'
[0.941s] INFO:colcon.colcon_core.shell:Creating environment descriptor '/home/berenic/Documents/LPRS2_2026/Robo_Hand_RS485/ROS2/robo_hand_ws/install/xarm_msgs/share/xarm_msgs/hook/pythonpath.dsv'
[0.942s] INFO:colcon.colcon_core.shell:Creating environment hook '/home/berenic/Documents/LPRS2_2026/Robo_Hand_RS485/ROS2/robo_hand_ws/install/xarm_msgs/share/xarm_msgs/hook/pythonpath.sh'
[0.942s] Level 1:colcon.colcon_core.environment:checking '/home/berenic/Documents/LPRS2_2026/Robo_Hand_RS485/ROS2/robo_hand_ws/install/xarm_msgs/bin'
[0.942s] INFO:colcon.colcon_core.shell:Creating package script '/home/berenic/Documents/LPRS2_2026/Robo_Hand_RS485/ROS2/robo_hand_ws/install/xarm_msgs/share/xarm_msgs/package.ps1'
[0.943s] INFO:colcon.colcon_core.shell:Creating package descriptor '/home/berenic/Documents/LPRS2_2026/Robo_Hand_RS485/ROS2/robo_hand_ws/install/xarm_msgs/share/xarm_msgs/package.dsv'
[0.943s] INFO:colcon.colcon_core.shell:Creating package script '/home/berenic/Documents/LPRS2_2026/Robo_Hand_RS485/ROS2/robo_hand_ws/install/xarm_msgs/share/xarm_msgs/package.sh'
[0.944s] INFO:colcon.colcon_core.shell:Creating package script '/home/berenic/Documents/LPRS2_2026/Robo_Hand_RS485/ROS2/robo_hand_ws/install/xarm_msgs/share/xarm_msgs/package.bash'
[0.944s] INFO:colcon.colcon_core.shell:Creating package script '/home/berenic/Documents/LPRS2_2026/Robo_Hand_RS485/ROS2/robo_hand_ws/install/xarm_msgs/share/xarm_msgs/package.zsh'
[0.944s] Level 1:colcon.colcon_core.environment:create_file_with_runtime_dependencies(/home/berenic/Documents/LPRS2_2026/Robo_Hand_RS485/ROS2/robo_hand_ws/install/xarm_msgs/share/colcon-core/packages/xarm_msgs)
[0.945s] Level 1:colcon.colcon_core.environment:create_environment_scripts_only(xarm_msgs)
[0.945s] Level 1:colcon.colcon_core.environment:checking '/home/berenic/Documents/LPRS2_2026/Robo_Hand_RS485/ROS2/robo_hand_ws/install/xarm_msgs' for CMake module files
[0.945s] Level 1:colcon.colcon_core.environment:checking '/home/berenic/Documents/LPRS2_2026/Robo_Hand_RS485/ROS2/robo_hand_ws/install/xarm_msgs' for CMake config files
[0.946s] Level 1:colcon.colcon_core.shell:create_environment_hook('xarm_msgs', 'cmake_prefix_path')
[0.946s] INFO:colcon.colcon_core.shell:Creating environment hook '/home/berenic/Documents/LPRS2_2026/Robo_Hand_RS485/ROS2/robo_hand_ws/install/xarm_msgs/share/xarm_msgs/hook/cmake_prefix_path.ps1'
[0.946s] INFO:colcon.colcon_core.shell:Creating environment descriptor '/home/berenic/Documents/LPRS2_2026/Robo_Hand_RS485/ROS2/robo_hand_ws/install/xarm_msgs/share/xarm_msgs/hook/cmake_prefix_path.dsv'
[0.946s] INFO:colcon.colcon_core.shell:Creating environment hook '/home/berenic/Documents/LPRS2_2026/Robo_Hand_RS485/ROS2/robo_hand_ws/install/xarm_msgs/share/xarm_msgs/hook/cmake_prefix_path.sh'
[0.947s] Level 1:colcon.colcon_core.environment:checking '/home/berenic/Documents/LPRS2_2026/Robo_Hand_RS485/ROS2/robo_hand_ws/install/xarm_msgs/lib'
[0.947s] Level 1:colcon.colcon_core.shell:create_environment_hook('xarm_msgs', 'ld_library_path_lib')
[0.947s] INFO:colcon.colcon_core.shell:Creating environment hook '/home/berenic/Documents/LPRS2_2026/Robo_Hand_RS485/ROS2/robo_hand_ws/install/xarm_msgs/share/xarm_msgs/hook/ld_library_path_lib.ps1'
[0.947s] INFO:colcon.colcon_core.shell:Creating environment descriptor '/home/berenic/Documents/LPRS2_2026/Robo_Hand_RS485/ROS2/robo_hand_ws/install/xarm_msgs/share/xarm_msgs/hook/ld_library_path_lib.dsv'
[0.947s] INFO:colcon.colcon_core.shell:Creating environment hook '/home/berenic/Documents/LPRS2_2026/Robo_Hand_RS485/ROS2/robo_hand_ws/install/xarm_msgs/share/xarm_msgs/hook/ld_library_path_lib.sh'
[0.948s] Level 1:colcon.colcon_core.environment:checking '/home/berenic/Documents/LPRS2_2026/Robo_Hand_RS485/ROS2/robo_hand_ws/install/xarm_msgs/bin'
[0.948s] Level 1:colcon.colcon_core.environment:checking '/home/berenic/Documents/LPRS2_2026/Robo_Hand_RS485/ROS2/robo_hand_ws/install/xarm_msgs/lib/pkgconfig/xarm_msgs.pc'
[0.948s] Level 1:colcon.colcon_core.environment:checking '/home/berenic/Documents/LPRS2_2026/Robo_Hand_RS485/ROS2/robo_hand_ws/install/xarm_msgs/lib/python3.12/site-packages'
[0.948s] Level 1:colcon.colcon_core.shell:create_environment_hook('xarm_msgs', 'pythonpath')
[0.948s] INFO:colcon.colcon_core.shell:Creating environment hook '/home/berenic/Documents/LPRS2_2026/Robo_Hand_RS485/ROS2/robo_hand_ws/install/xarm_msgs/share/xarm_msgs/hook/pythonpath.ps1'
[0.948s] INFO:colcon.colcon_core.shell:Creating environment descriptor '/home/berenic/Documents/LPRS2_2026/Robo_Hand_RS485/ROS2/robo_hand_ws/install/xarm_msgs/share/xarm_msgs/hook/pythonpath.dsv'
[0.949s] INFO:colcon.colcon_core.shell:Creating environment hook '/home/berenic/Documents/LPRS2_2026/Robo_Hand_RS485/ROS2/robo_hand_ws/install/xarm_msgs/share/xarm_msgs/hook/pythonpath.sh'
[0.949s] Level 1:colcon.colcon_core.environment:checking '/home/berenic/Documents/LPRS2_2026/Robo_Hand_RS485/ROS2/robo_hand_ws/install/xarm_msgs/bin'
[0.949s] INFO:colcon.colcon_core.shell:Creating package script '/home/berenic/Documents/LPRS2_2026/Robo_Hand_RS485/ROS2/robo_hand_ws/install/xarm_msgs/share/xarm_msgs/package.ps1'
[0.950s] INFO:colcon.colcon_core.shell:Creating package descriptor '/home/berenic/Documents/LPRS2_2026/Robo_Hand_RS485/ROS2/robo_hand_ws/install/xarm_msgs/share/xarm_msgs/package.dsv'
[0.950s] INFO:colcon.colcon_core.shell:Creating package script '/home/berenic/Documents/LPRS2_2026/Robo_Hand_RS485/ROS2/robo_hand_ws/install/xarm_msgs/share/xarm_msgs/package.sh'
[0.951s] INFO:colcon.colcon_core.shell:Creating package script '/home/berenic/Documents/LPRS2_2026/Robo_Hand_RS485/ROS2/robo_hand_ws/install/xarm_msgs/share/xarm_msgs/package.bash'
[0.951s] INFO:colcon.colcon_core.shell:Creating package script '/home/berenic/Documents/LPRS2_2026/Robo_Hand_RS485/ROS2/robo_hand_ws/install/xarm_msgs/share/xarm_msgs/package.zsh'
[0.951s] Level 1:colcon.colcon_core.environment:create_file_with_runtime_dependencies(/home/berenic/Documents/LPRS2_2026/Robo_Hand_RS485/ROS2/robo_hand_ws/install/xarm_msgs/share/colcon-core/packages/xarm_msgs)
[0.951s] INFO:colcon.colcon_ros.task.ament_cmake.build:Building ROS package in '/home/berenic/Documents/LPRS2_2026/Robo_Hand_RS485/ROS2/robo_hand_ws/src/xarm_ros2/xarm_api' with build type 'ament_cmake'
[0.952s] INFO:colcon.colcon_cmake.task.cmake.build:Building CMake package in '/home/berenic/Documents/LPRS2_2026/Robo_Hand_RS485/ROS2/robo_hand_ws/src/xarm_ros2/xarm_api'
[0.952s] INFO:colcon.colcon_core.shell:Skip shell extension 'powershell' for command environment: Not usable outside of PowerShell
[0.952s] DEBUG:colcon.colcon_core.shell:Skip shell extension 'dsv' for command environment
[0.966s] DEBUG:colcon.colcon_core.event_handler.log_command:Invoking command in '/home/berenic/Documents/LPRS2_2026/Robo_Hand_RS485/ROS2/robo_hand_ws/build/xarm_api': CMAKE_PREFIX_PATH=/home/berenic/Documents/LPRS2_2026/Robo_Hand_RS485/ROS2/robo_hand_ws/install/xarm_sdk:/home/berenic/Documents/LPRS2_2026/Robo_Hand_RS485/ROS2/robo_hand_ws/install/xarm_msgs:/home/berenic/Documents/LPRS2_2026/Robo_Hand_RS485/ROS2/robo_hand_ws/install/xarm_description:/home/berenic/Documents/LPRS2_2026/Robo_Hand_RS485/ROS2/robo_hand_ws/install/glue_events_routines:/home/berenic/Documents/LPRS2_2026/Robo_Hand_RS485/ROS2/robo_hand_ws/install/xarm_planner:/home/berenic/Documents/LPRS2_2026/Robo_Hand_RS485/ROS2/robo_hand_ws/install/xarm_moveit_servo:/home/berenic/Documents/LPRS2_2026/Robo_Hand_RS485/ROS2/robo_hand_ws/install/xarm_moveit_config:/home/berenic/Documents/LPRS2_2026/Robo_Hand_RS485/ROS2/robo_hand_ws/install/xarm_gazebo:/home/berenic/Documents/LPRS2_2026/Robo_Hand_RS485/ROS2/robo_hand_ws/install/xarm_controller:/home/berenic/Documents/LPRS2_2026/Robo_Hand_RS485/ROS2/robo_hand_ws/install/xarm_api:/home/berenic/Documents/LPRS2_2026/Robo_Hand_RS485/ROS2/robo_hand_ws/install/mbot_demo:/home/berenic/Documents/LPRS2_2026/Robo_Hand_RS485/ROS2/robo_hand_ws/install/realsense_gazebo_plugin:/opt/ros/jazzy/opt/gz_sim_vendor:/opt/ros/jazzy/opt/gz_sensors_vendor:/opt/ros/jazzy/opt/gz_physics_vendor:/opt/ros/jazzy/opt/sdformat_vendor:/opt/ros/jazzy/opt/gz_gui_vendor:/opt/ros/jazzy/opt/gz_transport_vendor:/opt/ros/jazzy/opt/gz_rendering_vendor:/opt/ros/jazzy/opt/gz_plugin_vendor:/opt/ros/jazzy/opt/gz_fuel_tools_vendor:/opt/ros/jazzy/opt/gz_msgs_vendor:/opt/ros/jazzy/opt/gz_common_vendor:/opt/ros/jazzy/opt/gz_math_vendor:/opt/ros/jazzy/opt/gz_utils_vendor:/opt/ros/jazzy/opt/gz_tools_vendor:/opt/ros/jazzy/opt/gz_ogre_next_vendor:/opt/ros/jazzy/opt/gz_dartsim_vendor:/opt/ros/jazzy/opt/gz_cmake_vendor:/home/berenic/Documents/LPRS2_2026/Robo_Hand_RS485/ROS2/robo_hand_ws/install/uf_ros_lib:/opt/ros/jazzy DEBUGINFOD_URLS=https://debuginfod.ubuntu.com LD_LIBRARY_PATH=/home/berenic/Documents/LPRS2_2026/Robo_Hand_RS485/ROS2/robo_hand_ws/install/xarm_sdk/lib:/home/berenic/Documents/LPRS2_2026/Robo_Hand_RS485/ROS2/robo_hand_ws/install/xarm_msgs/lib:/home/berenic/Documents/LPRS2_2026/Robo_Hand_RS485/ROS2/robo_hand_ws/install/xarm_planner/lib:/home/berenic/Documents/LPRS2_2026/Robo_Hand_RS485/ROS2/robo_hand_ws/install/xarm_moveit_servo/lib:/home/berenic/Documents/LPRS2_2026/Robo_Hand_RS485/ROS2/robo_hand_ws/install/xarm_gazebo/lib:/home/berenic/Documents/LPRS2_2026/Robo_Hand_RS485/ROS2/robo_hand_ws/install/xarm_controller/lib:/home/berenic/Documents/LPRS2_2026/Robo_Hand_RS485/ROS2/robo_hand_ws/install/xarm_api/lib:/home/berenic/Documents/LPRS2_2026/Robo_Hand_RS485/ROS2/robo_hand_ws/install/realsense_gazebo_plugin/lib:/opt/ros/jazzy/opt/gz_sim_vendor/lib:/opt/ros/jazzy/opt/gz_sensors_vendor/lib:/opt/ros/jazzy/opt/gz_physics_vendor/lib:/opt/ros/jazzy/opt/sdformat_vendor/lib:/opt/ros/jazzy/opt/rviz_ogre_vendor/lib:/opt/ros/jazzy/lib/x86_64-linux-gnu:/opt/ros/jazzy/opt/gz_gui_vendor/lib:/opt/ros/jazzy/opt/gz_transport_vendor/lib:/opt/ros/jazzy/opt/gz_rendering_vendor/lib:/opt/ros/jazzy/opt/gz_plugin_vendor/lib:/opt/ros/jazzy/opt/gz_fuel_tools_vendor/lib:/opt/ros/jazzy/opt/gz_msgs_vendor/lib:/opt/ros/jazzy/opt/gz_common_vendor/lib:/opt/ros/jazzy/opt/gz_math_vendor/lib:/opt/ros/jazzy/opt/gz_utils_vendor/lib:/opt/ros/jazzy/opt/gz_tools_vendor/lib:/opt/ros/jazzy/opt/gz_ogre_next_vendor/lib:/opt/ros/jazzy/opt/gz_dartsim_vendor/lib:/opt/ros/jazzy/opt/gz_cmake_vendor/lib:/opt/ros/jazzy/lib /usr/bin/cmake --build /home/berenic/Documents/LPRS2_2026/Robo_Hand_RS485/ROS2/robo_hand_ws/build/xarm_api -- -j12 -l12
[1.088s] DEBUG:colcon.colcon_core.event_handler.log_command:Invoked command in '/home/berenic/Documents/LPRS2_2026/Robo_Hand_RS485/ROS2/robo_hand_ws/build/xarm_api' returned '0': CMAKE_PREFIX_PATH=/home/berenic/Documents/LPRS2_2026/Robo_Hand_RS485/ROS2/robo_hand_ws/install/xarm_sdk:/home/berenic/Documents/LPRS2_2026/Robo_Hand_RS485/ROS2/robo_hand_ws/install/xarm_msgs:/home/berenic/Documents/LPRS2_2026/Robo_Hand_RS485/ROS2/robo_hand_ws/install/xarm_description:/home/berenic/Documents/LPRS2_2026/Robo_Hand_RS485/ROS2/robo_hand_ws/install/glue_events_routines:/home/berenic/Documents/LPRS2_2026/Robo_Hand_RS485/ROS2/robo_hand_ws/install/xarm_planner:/home/berenic/Documents/LPRS2_2026/Robo_Hand_RS485/ROS2/robo_hand_ws/install/xarm_moveit_servo:/home/berenic/Documents/LPRS2_2026/Robo_Hand_RS485/ROS2/robo_hand_ws/install/xarm_moveit_config:/home/berenic/Documents/LPRS2_2026/Robo_Hand_RS485/ROS2/robo_hand_ws/install/xarm_gazebo:/home/berenic/Documents/LPRS2_2026/Robo_Hand_RS485/ROS2/robo_hand_ws/install/xarm_controller:/home/berenic/Documents/LPRS2_2026/Robo_Hand_RS485/ROS2/robo_hand_ws/install/xarm_api:/home/berenic/Documents/LPRS2_2026/Robo_Hand_RS485/ROS2/robo_hand_ws/install/mbot_demo:/home/berenic/Documents/LPRS2_2026/Robo_Hand_RS485/ROS2/robo_hand_ws/install/realsense_gazebo_plugin:/opt/ros/jazzy/opt/gz_sim_vendor:/opt/ros/jazzy/opt/gz_sensors_vendor:/opt/ros/jazzy/opt/gz_physics_vendor:/opt/ros/jazzy/opt/sdformat_vendor:/opt/ros/jazzy/opt/gz_gui_vendor:/opt/ros/jazzy/opt/gz_transport_vendor:/opt/ros/jazzy/opt/gz_rendering_vendor:/opt/ros/jazzy/opt/gz_plugin_vendor:/opt/ros/jazzy/opt/gz_fuel_tools_vendor:/opt/ros/jazzy/opt/gz_msgs_vendor:/opt/ros/jazzy/opt/gz_common_vendor:/opt/ros/jazzy/opt/gz_math_vendor:/opt/ros/jazzy/opt/gz_utils_vendor:/opt/ros/jazzy/opt/gz_tools_vendor:/opt/ros/jazzy/opt/gz_ogre_next_vendor:/opt/ros/jazzy/opt/gz_dartsim_vendor:/opt/ros/jazzy/opt/gz_cmake_vendor:/home/berenic/Documents/LPRS2_2026/Robo_Hand_RS485/ROS2/robo_hand_ws/install/uf_ros_lib:/opt/ros/jazzy DEBUGINFOD_URLS=https://debuginfod.ubuntu.com LD_LIBRARY_PATH=/home/berenic/Documents/LPRS2_2026/Robo_Hand_RS485/ROS2/robo_hand_ws/install/xarm_sdk/lib:/home/berenic/Documents/LPRS2_2026/Robo_Hand_RS485/ROS2/robo_hand_ws/install/xarm_msgs/lib:/home/berenic/Documents/LPRS2_2026/Robo_Hand_RS485/ROS2/robo_hand_ws/install/xarm_planner/lib:/home/berenic/Documents/LPRS2_2026/Robo_Hand_RS485/ROS2/robo_hand_ws/install/xarm_moveit_servo/lib:/home/berenic/Documents/LPRS2_2026/Robo_Hand_RS485/ROS2/robo_hand_ws/install/xarm_gazebo/lib:/home/berenic/Documents/LPRS2_2026/Robo_Hand_RS485/ROS2/robo_hand_ws/install/xarm_controller/lib:/home/berenic/Documents/LPRS2_2026/Robo_Hand_RS485/ROS2/robo_hand_ws/install/xarm_api/lib:/home/berenic/Documents/LPRS2_2026/Robo_Hand_RS485/ROS2/robo_hand_ws/install/realsense_gazebo_plugin/lib:/opt/ros/jazzy/opt/gz_sim_vendor/lib:/opt/ros/jazzy/opt/gz_sensors_vendor/lib:/opt/ros/jazzy/opt/gz_physics_vendor/lib:/opt/ros/jazzy/opt/sdformat_vendor/lib:/opt/ros/jazzy/opt/rviz_ogre_vendor/lib:/opt/ros/jazzy/lib/x86_64-linux-gnu:/opt/ros/jazzy/opt/gz_gui_vendor/lib:/opt/ros/jazzy/opt/gz_transport_vendor/lib:/opt/ros/jazzy/opt/gz_rendering_vendor/lib:/opt/ros/jazzy/opt/gz_plugin_vendor/lib:/opt/ros/jazzy/opt/gz_fuel_tools_vendor/lib:/opt/ros/jazzy/opt/gz_msgs_vendor/lib:/opt/ros/jazzy/opt/gz_common_vendor/lib:/opt/ros/jazzy/opt/gz_math_vendor/lib:/opt/ros/jazzy/opt/gz_utils_vendor/lib:/opt/ros/jazzy/opt/gz_tools_vendor/lib:/opt/ros/jazzy/opt/gz_ogre_next_vendor/lib:/opt/ros/jazzy/opt/gz_dartsim_vendor/lib:/opt/ros/jazzy/opt/gz_cmake_vendor/lib:/opt/ros/jazzy/lib /usr/bin/cmake --build /home/berenic/Documents/LPRS2_2026/Robo_Hand_RS485/ROS2/robo_hand_ws/build/xarm_api -- -j12 -l12
[1.089s] DEBUG:colcon.colcon_core.event_handler.log_command:Invoking command in '/home/berenic/Documents/LPRS2_2026/Robo_Hand_RS485/ROS2/robo_hand_ws/build/xarm_api': CMAKE_PREFIX_PATH=/home/berenic/Documents/LPRS2_2026/Robo_Hand_RS485/ROS2/robo_hand_ws/install/xarm_sdk:/home/berenic/Documents/LPRS2_2026/Robo_Hand_RS485/ROS2/robo_hand_ws/install/xarm_msgs:/home/berenic/Documents/LPRS2_2026/Robo_Hand_RS485/ROS2/robo_hand_ws/install/xarm_description:/home/berenic/Documents/LPRS2_2026/Robo_Hand_RS485/ROS2/robo_hand_ws/install/glue_events_routines:/home/berenic/Documents/LPRS2_2026/Robo_Hand_RS485/ROS2/robo_hand_ws/install/xarm_planner:/home/berenic/Documents/LPRS2_2026/Robo_Hand_RS485/ROS2/robo_hand_ws/install/xarm_moveit_servo:/home/berenic/Documents/LPRS2_2026/Robo_Hand_RS485/ROS2/robo_hand_ws/install/xarm_moveit_config:/home/berenic/Documents/LPRS2_2026/Robo_Hand_RS485/ROS2/robo_hand_ws/install/xarm_gazebo:/home/berenic/Documents/LPRS2_2026/Robo_Hand_RS485/ROS2/robo_hand_ws/install/xarm_controller:/home/berenic/Documents/LPRS2_2026/Robo_Hand_RS485/ROS2/robo_hand_ws/install/xarm_api:/home/berenic/Documents/LPRS2_2026/Robo_Hand_RS485/ROS2/robo_hand_ws/install/mbot_demo:/home/berenic/Documents/LPRS2_2026/Robo_Hand_RS485/ROS2/robo_hand_ws/install/realsense_gazebo_plugin:/opt/ros/jazzy/opt/gz_sim_vendor:/opt/ros/jazzy/opt/gz_sensors_vendor:/opt/ros/jazzy/opt/gz_physics_vendor:/opt/ros/jazzy/opt/sdformat_vendor:/opt/ros/jazzy/opt/gz_gui_vendor:/opt/ros/jazzy/opt/gz_transport_vendor:/opt/ros/jazzy/opt/gz_rendering_vendor:/opt/ros/jazzy/opt/gz_plugin_vendor:/opt/ros/jazzy/opt/gz_fuel_tools_vendor:/opt/ros/jazzy/opt/gz_msgs_vendor:/opt/ros/jazzy/opt/gz_common_vendor:/opt/ros/jazzy/opt/gz_math_vendor:/opt/ros/jazzy/opt/gz_utils_vendor:/opt/ros/jazzy/opt/gz_tools_vendor:/opt/ros/jazzy/opt/gz_ogre_next_vendor:/opt/ros/jazzy/opt/gz_dartsim_vendor:/opt/ros/jazzy/opt/gz_cmake_vendor:/home/berenic/Documents/LPRS2_2026/Robo_Hand_RS485/ROS2/robo_hand_ws/install/uf_ros_lib:/opt/ros/jazzy DEBUGINFOD_URLS=https://debuginfod.ubuntu.com LD_LIBRARY_PATH=/home/berenic/Documents/LPRS2_2026/Robo_Hand_RS485/ROS2/robo_hand_ws/install/xarm_sdk/lib:/home/berenic/Documents/LPRS2_2026/Robo_Hand_RS485/ROS2/robo_hand_ws/install/xarm_msgs/lib:/home/berenic/Documents/LPRS2_2026/Robo_Hand_RS485/ROS2/robo_hand_ws/install/xarm_planner/lib:/home/berenic/Documents/LPRS2_2026/Robo_Hand_RS485/ROS2/robo_hand_ws/install/xarm_moveit_servo/lib:/home/berenic/Documents/LPRS2_2026/Robo_Hand_RS485/ROS2/robo_hand_ws/install/xarm_gazebo/lib:/home/berenic/Documents/LPRS2_2026/Robo_Hand_RS485/ROS2/robo_hand_ws/install/xarm_controller/lib:/home/berenic/Documents/LPRS2_2026/Robo_Hand_RS485/ROS2/robo_hand_ws/install/xarm_api/lib:/home/berenic/Documents/LPRS2_2026/Robo_Hand_RS485/ROS2/robo_hand_ws/install/realsense_gazebo_plugin/lib:/opt/ros/jazzy/opt/gz_sim_vendor/lib:/opt/ros/jazzy/opt/gz_sensors_vendor/lib:/opt/ros/jazzy/opt/gz_physics_vendor/lib:/opt/ros/jazzy/opt/sdformat_vendor/lib:/opt/ros/jazzy/opt/rviz_ogre_vendor/lib:/opt/ros/jazzy/lib/x86_64-linux-gnu:/opt/ros/jazzy/opt/gz_gui_vendor/lib:/opt/ros/jazzy/opt/gz_transport_vendor/lib:/opt/ros/jazzy/opt/gz_rendering_vendor/lib:/opt/ros/jazzy/opt/gz_plugin_vendor/lib:/opt/ros/jazzy/opt/gz_fuel_tools_vendor/lib:/opt/ros/jazzy/opt/gz_msgs_vendor/lib:/opt/ros/jazzy/opt/gz_common_vendor/lib:/opt/ros/jazzy/opt/gz_math_vendor/lib:/opt/ros/jazzy/opt/gz_utils_vendor/lib:/opt/ros/jazzy/opt/gz_tools_vendor/lib:/opt/ros/jazzy/opt/gz_ogre_next_vendor/lib:/opt/ros/jazzy/opt/gz_dartsim_vendor/lib:/opt/ros/jazzy/opt/gz_cmake_vendor/lib:/opt/ros/jazzy/lib /usr/bin/cmake --install /home/berenic/Documents/LPRS2_2026/Robo_Hand_RS485/ROS2/robo_hand_ws/build/xarm_api
[1.119s] Level 1:colcon.colcon_core.environment:create_environment_scripts_only(xarm_api)
[1.120s] Level 1:colcon.colcon_core.environment:checking '/home/berenic/Documents/LPRS2_2026/Robo_Hand_RS485/ROS2/robo_hand_ws/install/xarm_api' for CMake module files
[1.120s] DEBUG:colcon.colcon_core.event_handler.log_command:Invoked command in '/home/berenic/Documents/LPRS2_2026/Robo_Hand_RS485/ROS2/robo_hand_ws/build/xarm_api' returned '0': CMAKE_PREFIX_PATH=/home/berenic/Documents/LPRS2_2026/Robo_Hand_RS485/ROS2/robo_hand_ws/install/xarm_sdk:/home/berenic/Documents/LPRS2_2026/Robo_Hand_RS485/ROS2/robo_hand_ws/install/xarm_msgs:/home/berenic/Documents/LPRS2_2026/Robo_Hand_RS485/ROS2/robo_hand_ws/install/xarm_description:/home/berenic/Documents/LPRS2_2026/Robo_Hand_RS485/ROS2/robo_hand_ws/install/glue_events_routines:/home/berenic/Documents/LPRS2_2026/Robo_Hand_RS485/ROS2/robo_hand_ws/install/xarm_planner:/home/berenic/Documents/LPRS2_2026/Robo_Hand_RS485/ROS2/robo_hand_ws/install/xarm_moveit_servo:/home/berenic/Documents/LPRS2_2026/Robo_Hand_RS485/ROS2/robo_hand_ws/install/xarm_moveit_config:/home/berenic/Documents/LPRS2_2026/Robo_Hand_RS485/ROS2/robo_hand_ws/install/xarm_gazebo:/home/berenic/Documents/LPRS2_2026/Robo_Hand_RS485/ROS2/robo_hand_ws/install/xarm_controller:/home/berenic/Documents/LPRS2_2026/Robo_Hand_RS485/ROS2/robo_hand_ws/install/xarm_api:/home/berenic/Documents/LPRS2_2026/Robo_Hand_RS485/ROS2/robo_hand_ws/install/mbot_demo:/home/berenic/Documents/LPRS2_2026/Robo_Hand_RS485/ROS2/robo_hand_ws/install/realsense_gazebo_plugin:/opt/ros/jazzy/opt/gz_sim_vendor:/opt/ros/jazzy/opt/gz_sensors_vendor:/opt/ros/jazzy/opt/gz_physics_vendor:/opt/ros/jazzy/opt/sdformat_vendor:/opt/ros/jazzy/opt/gz_gui_vendor:/opt/ros/jazzy/opt/gz_transport_vendor:/opt/ros/jazzy/opt/gz_rendering_vendor:/opt/ros/jazzy/opt/gz_plugin_vendor:/opt/ros/jazzy/opt/gz_fuel_tools_vendor:/opt/ros/jazzy/opt/gz_msgs_vendor:/opt/ros/jazzy/opt/gz_common_vendor:/opt/ros/jazzy/opt/gz_math_vendor:/opt/ros/jazzy/opt/gz_utils_vendor:/opt/ros/jazzy/opt/gz_tools_vendor:/opt/ros/jazzy/opt/gz_ogre_next_vendor:/opt/ros/jazzy/opt/gz_dartsim_vendor:/opt/ros/jazzy/opt/gz_cmake_vendor:/home/berenic/Documents/LPRS2_2026/Robo_Hand_RS485/ROS2/robo_hand_ws/install/uf_ros_lib:/opt/ros/jazzy DEBUGINFOD_URLS=https://debuginfod.ubuntu.com LD_LIBRARY_PATH=/home/berenic/Documents/LPRS2_2026/Robo_Hand_RS485/ROS2/robo_hand_ws/install/xarm_sdk/lib:/home/berenic/Documents/LPRS2_2026/Robo_Hand_RS485/ROS2/robo_hand_ws/install/xarm_msgs/lib:/home/berenic/Documents/LPRS2_2026/Robo_Hand_RS485/ROS2/robo_hand_ws/install/xarm_planner/lib:/home/berenic/Documents/LPRS2_2026/Robo_Hand_RS485/ROS2/robo_hand_ws/install/xarm_moveit_servo/lib:/home/berenic/Documents/LPRS2_2026/Robo_Hand_RS485/ROS2/robo_hand_ws/install/xarm_gazebo/lib:/home/berenic/Documents/LPRS2_2026/Robo_Hand_RS485/ROS2/robo_hand_ws/install/xarm_controller/lib:/home/berenic/Documents/LPRS2_2026/Robo_Hand_RS485/ROS2/robo_hand_ws/install/xarm_api/lib:/home/berenic/Documents/LPRS2_2026/Robo_Hand_RS485/ROS2/robo_hand_ws/install/realsense_gazebo_plugin/lib:/opt/ros/jazzy/opt/gz_sim_vendor/lib:/opt/ros/jazzy/opt/gz_sensors_vendor/lib:/opt/ros/jazzy/opt/gz_physics_vendor/lib:/opt/ros/jazzy/opt/sdformat_vendor/lib:/opt/ros/jazzy/opt/rviz_ogre_vendor/lib:/opt/ros/jazzy/lib/x86_64-linux-gnu:/opt/ros/jazzy/opt/gz_gui_vendor/lib:/opt/ros/jazzy/opt/gz_transport_vendor/lib:/opt/ros/jazzy/opt/gz_rendering_vendor/lib:/opt/ros/jazzy/opt/gz_plugin_vendor/lib:/opt/ros/jazzy/opt/gz_fuel_tools_vendor/lib:/opt/ros/jazzy/opt/gz_msgs_vendor/lib:/opt/ros/jazzy/opt/gz_common_vendor/lib:/opt/ros/jazzy/opt/gz_math_vendor/lib:/opt/ros/jazzy/opt/gz_utils_vendor/lib:/opt/ros/jazzy/opt/gz_tools_vendor/lib:/opt/ros/jazzy/opt/gz_ogre_next_vendor/lib:/opt/ros/jazzy/opt/gz_dartsim_vendor/lib:/opt/ros/jazzy/opt/gz_cmake_vendor/lib:/opt/ros/jazzy/lib /usr/bin/cmake --install /home/berenic/Documents/LPRS2_2026/Robo_Hand_RS485/ROS2/robo_hand_ws/build/xarm_api
[1.121s] Level 1:colcon.colcon_core.environment:checking '/home/berenic/Documents/LPRS2_2026/Robo_Hand_RS485/ROS2/robo_hand_ws/install/xarm_api' for CMake config files
[1.121s] Level 1:colcon.colcon_core.shell:create_environment_hook('xarm_api', 'cmake_prefix_path')
[1.122s] INFO:colcon.colcon_core.shell:Creating environment hook '/home/berenic/Documents/LPRS2_2026/Robo_Hand_RS485/ROS2/robo_hand_ws/install/xarm_api/share/xarm_api/hook/cmake_prefix_path.ps1'
[1.122s] INFO:colcon.colcon_core.shell:Creating environment descriptor '/home/berenic/Documents/LPRS2_2026/Robo_Hand_RS485/ROS2/robo_hand_ws/install/xarm_api/share/xarm_api/hook/cmake_prefix_path.dsv'
[1.122s] INFO:colcon.colcon_core.shell:Creating environment hook '/home/berenic/Documents/LPRS2_2026/Robo_Hand_RS485/ROS2/robo_hand_ws/install/xarm_api/share/xarm_api/hook/cmake_prefix_path.sh'
[1.123s] Level 1:colcon.colcon_core.environment:checking '/home/berenic/Documents/LPRS2_2026/Robo_Hand_RS485/ROS2/robo_hand_ws/install/xarm_api/lib'
[1.123s] Level 1:colcon.colcon_core.shell:create_environment_hook('xarm_api', 'ld_library_path_lib')
[1.123s] INFO:colcon.colcon_core.shell:Creating environment hook '/home/berenic/Documents/LPRS2_2026/Robo_Hand_RS485/ROS2/robo_hand_ws/install/xarm_api/share/xarm_api/hook/ld_library_path_lib.ps1'
[1.123s] INFO:colcon.colcon_core.shell:Creating environment descriptor '/home/berenic/Documents/LPRS2_2026/Robo_Hand_RS485/ROS2/robo_hand_ws/install/xarm_api/share/xarm_api/hook/ld_library_path_lib.dsv'
[1.124s] INFO:colcon.colcon_core.shell:Creating environment hook '/home/berenic/Documents/LPRS2_2026/Robo_Hand_RS485/ROS2/robo_hand_ws/install/xarm_api/share/xarm_api/hook/ld_library_path_lib.sh'
[1.124s] Level 1:colcon.colcon_core.environment:checking '/home/berenic/Documents/LPRS2_2026/Robo_Hand_RS485/ROS2/robo_hand_ws/install/xarm_api/bin'
[1.124s] Level 1:colcon.colcon_core.environment:checking '/home/berenic/Documents/LPRS2_2026/Robo_Hand_RS485/ROS2/robo_hand_ws/install/xarm_api/lib/pkgconfig/xarm_api.pc'
[1.124s] Level 1:colcon.colcon_core.environment:checking '/home/berenic/Documents/LPRS2_2026/Robo_Hand_RS485/ROS2/robo_hand_ws/install/xarm_api/lib/python3.12/site-packages'
[1.125s] Level 1:colcon.colcon_core.environment:checking '/home/berenic/Documents/LPRS2_2026/Robo_Hand_RS485/ROS2/robo_hand_ws/install/xarm_api/bin'
[1.125s] INFO:colcon.colcon_core.shell:Creating package script '/home/berenic/Documents/LPRS2_2026/Robo_Hand_RS485/ROS2/robo_hand_ws/install/xarm_api/share/xarm_api/package.ps1'
[1.125s] INFO:colcon.colcon_core.shell:Creating package descriptor '/home/berenic/Documents/LPRS2_2026/Robo_Hand_RS485/ROS2/robo_hand_ws/install/xarm_api/share/xarm_api/package.dsv'
[1.126s] INFO:colcon.colcon_core.shell:Creating package script '/home/berenic/Documents/LPRS2_2026/Robo_Hand_RS485/ROS2/robo_hand_ws/install/xarm_api/share/xarm_api/package.sh'
[1.126s] INFO:colcon.colcon_core.shell:Creating package script '/home/berenic/Documents/LPRS2_2026/Robo_Hand_RS485/ROS2/robo_hand_ws/install/xarm_api/share/xarm_api/package.bash'
[1.126s] INFO:colcon.colcon_core.shell:Creating package script '/home/berenic/Documents/LPRS2_2026/Robo_Hand_RS485/ROS2/robo_hand_ws/install/xarm_api/share/xarm_api/package.zsh'
[1.126s] Level 1:colcon.colcon_core.environment:create_file_with_runtime_dependencies(/home/berenic/Documents/LPRS2_2026/Robo_Hand_RS485/ROS2/robo_hand_ws/install/xarm_api/share/colcon-core/packages/xarm_api)
[1.127s] Level 1:colcon.colcon_core.environment:create_environment_scripts_only(xarm_api)
[1.127s] Level 1:colcon.colcon_core.environment:checking '/home/berenic/Documents/LPRS2_2026/Robo_Hand_RS485/ROS2/robo_hand_ws/install/xarm_api' for CMake module files
[1.127s] Level 1:colcon.colcon_core.environment:checking '/home/berenic/Documents/LPRS2_2026/Robo_Hand_RS485/ROS2/robo_hand_ws/install/xarm_api' for CMake config files
[1.128s] Level 1:colcon.colcon_core.shell:create_environment_hook('xarm_api', 'cmake_prefix_path')
[1.128s] INFO:colcon.colcon_core.shell:Creating environment hook '/home/berenic/Documents/LPRS2_2026/Robo_Hand_RS485/ROS2/robo_hand_ws/install/xarm_api/share/xarm_api/hook/cmake_prefix_path.ps1'
[1.128s] INFO:colcon.colcon_core.shell:Creating environment descriptor '/home/berenic/Documents/LPRS2_2026/Robo_Hand_RS485/ROS2/robo_hand_ws/install/xarm_api/share/xarm_api/hook/cmake_prefix_path.dsv'
[1.128s] INFO:colcon.colcon_core.shell:Creating environment hook '/home/berenic/Documents/LPRS2_2026/Robo_Hand_RS485/ROS2/robo_hand_ws/install/xarm_api/share/xarm_api/hook/cmake_prefix_path.sh'
[1.129s] Level 1:colcon.colcon_core.environment:checking '/home/berenic/Documents/LPRS2_2026/Robo_Hand_RS485/ROS2/robo_hand_ws/install/xarm_api/lib'
[1.129s] Level 1:colcon.colcon_core.shell:create_environment_hook('xarm_api', 'ld_library_path_lib')
[1.129s] INFO:colcon.colcon_core.shell:Creating environment hook '/home/berenic/Documents/LPRS2_2026/Robo_Hand_RS485/ROS2/robo_hand_ws/install/xarm_api/share/xarm_api/hook/ld_library_path_lib.ps1'
[1.129s] INFO:colcon.colcon_core.shell:Creating environment descriptor '/home/berenic/Documents/LPRS2_2026/Robo_Hand_RS485/ROS2/robo_hand_ws/install/xarm_api/share/xarm_api/hook/ld_library_path_lib.dsv'
[1.130s] INFO:colcon.colcon_core.shell:Creating environment hook '/home/berenic/Documents/LPRS2_2026/Robo_Hand_RS485/ROS2/robo_hand_ws/install/xarm_api/share/xarm_api/hook/ld_library_path_lib.sh'
[1.130s] Level 1:colcon.colcon_core.environment:checking '/home/berenic/Documents/LPRS2_2026/Robo_Hand_RS485/ROS2/robo_hand_ws/install/xarm_api/bin'
[1.130s] Level 1:colcon.colcon_core.environment:checking '/home/berenic/Documents/LPRS2_2026/Robo_Hand_RS485/ROS2/robo_hand_ws/install/xarm_api/lib/pkgconfig/xarm_api.pc'
[1.130s] Level 1:colcon.colcon_core.environment:checking '/home/berenic/Documents/LPRS2_2026/Robo_Hand_RS485/ROS2/robo_hand_ws/install/xarm_api/lib/python3.12/site-packages'
[1.130s] Level 1:colcon.colcon_core.environment:checking '/home/berenic/Documents/LPRS2_2026/Robo_Hand_RS485/ROS2/robo_hand_ws/install/xarm_api/bin'
[1.131s] INFO:colcon.colcon_core.shell:Creating package script '/home/berenic/Documents/LPRS2_2026/Robo_Hand_RS485/ROS2/robo_hand_ws/install/xarm_api/share/xarm_api/package.ps1'
[1.131s] INFO:colcon.colcon_core.shell:Creating package descriptor '/home/berenic/Documents/LPRS2_2026/Robo_Hand_RS485/ROS2/robo_hand_ws/install/xarm_api/share/xarm_api/package.dsv'
[1.131s] INFO:colcon.colcon_core.shell:Creating package script '/home/berenic/Documents/LPRS2_2026/Robo_Hand_RS485/ROS2/robo_hand_ws/install/xarm_api/share/xarm_api/package.sh'
[1.132s] INFO:colcon.colcon_core.shell:Creating package script '/home/berenic/Documents/LPRS2_2026/Robo_Hand_RS485/ROS2/robo_hand_ws/install/xarm_api/share/xarm_api/package.bash'
[1.132s] INFO:colcon.colcon_core.shell:Creating package script '/home/berenic/Documents/LPRS2_2026/Robo_Hand_RS485/ROS2/robo_hand_ws/install/xarm_api/share/xarm_api/package.zsh'
[1.132s] Level 1:colcon.colcon_core.environment:create_file_with_runtime_dependencies(/home/berenic/Documents/LPRS2_2026/Robo_Hand_RS485/ROS2/robo_hand_ws/install/xarm_api/share/colcon-core/packages/xarm_api)
[1.133s] INFO:colcon.colcon_ros.task.ament_cmake.build:Building ROS package in '/home/berenic/Documents/LPRS2_2026/Robo_Hand_RS485/ROS2/robo_hand_ws/src/xarm_ros2/xarm_controller' with build type 'ament_cmake'
[1.133s] INFO:colcon.colcon_cmake.task.cmake.build:Building CMake package in '/home/berenic/Documents/LPRS2_2026/Robo_Hand_RS485/ROS2/robo_hand_ws/src/xarm_ros2/xarm_controller'
[1.133s] INFO:colcon.colcon_core.shell:Skip shell extension 'powershell' for command environment: Not usable outside of PowerShell
[1.133s] DEBUG:colcon.colcon_core.shell:Skip shell extension 'dsv' for command environment
[1.139s] DEBUG:colcon.colcon_core.event_handler.log_command:Invoking command in '/home/berenic/Documents/LPRS2_2026/Robo_Hand_RS485/ROS2/robo_hand_ws/build/uf_ros_lib': DEBUGINFOD_URLS=https://debuginfod.ubuntu.com PYTHONPATH=/home/berenic/Documents/LPRS2_2026/Robo_Hand_RS485/ROS2/robo_hand_ws/build/uf_ros_lib/prefix_override:/usr/lib/python3/dist-packages/colcon_core/task/python/colcon_distutils_commands:/home/berenic/Documents/LPRS2_2026/Robo_Hand_RS485/ROS2/robo_hand_ws/install/uf_ros_lib/lib/python3.12/site-packages:${PYTHONPATH} /usr/bin/python3 -W ignore:setup.py install is deprecated -W ignore:easy_install command is deprecated setup.py develop --editable --build-directory /home/berenic/Documents/LPRS2_2026/Robo_Hand_RS485/ROS2/robo_hand_ws/build/uf_ros_lib/build --no-deps symlink_data
[1.149s] DEBUG:colcon.colcon_core.event_handler.log_command:Invoking command in '/home/berenic/Documents/LPRS2_2026/Robo_Hand_RS485/ROS2/robo_hand_ws/build/xarm_controller': CMAKE_PREFIX_PATH=/home/berenic/Documents/LPRS2_2026/Robo_Hand_RS485/ROS2/robo_hand_ws/install/xarm_api:/home/berenic/Documents/LPRS2_2026/Robo_Hand_RS485/ROS2/robo_hand_ws/install/xarm_sdk:/home/berenic/Documents/LPRS2_2026/Robo_Hand_RS485/ROS2/robo_hand_ws/install/xarm_msgs:/home/berenic/Documents/LPRS2_2026/Robo_Hand_RS485/ROS2/robo_hand_ws/install/xarm_description:/home/berenic/Documents/LPRS2_2026/Robo_Hand_RS485/ROS2/robo_hand_ws/install/glue_events_routines:/home/berenic/Documents/LPRS2_2026/Robo_Hand_RS485/ROS2/robo_hand_ws/install/xarm_planner:/home/berenic/Documents/LPRS2_2026/Robo_Hand_RS485/ROS2/robo_hand_ws/install/xarm_moveit_servo:/home/berenic/Documents/LPRS2_2026/Robo_Hand_RS485/ROS2/robo_hand_ws/install/xarm_moveit_config:/home/berenic/Documents/LPRS2_2026/Robo_Hand_RS485/ROS2/robo_hand_ws/install/xarm_gazebo:/home/berenic/Documents/LPRS2_2026/Robo_Hand_RS485/ROS2/robo_hand_ws/install/xarm_controller:/home/berenic/Documents/LPRS2_2026/Robo_Hand_RS485/ROS2/robo_hand_ws/install/mbot_demo:/home/berenic/Documents/LPRS2_2026/Robo_Hand_RS485/ROS2/robo_hand_ws/install/realsense_gazebo_plugin:/opt/ros/jazzy/opt/gz_sim_vendor:/opt/ros/jazzy/opt/gz_sensors_vendor:/opt/ros/jazzy/opt/gz_physics_vendor:/opt/ros/jazzy/opt/sdformat_vendor:/opt/ros/jazzy/opt/gz_gui_vendor:/opt/ros/jazzy/opt/gz_transport_vendor:/opt/ros/jazzy/opt/gz_rendering_vendor:/opt/ros/jazzy/opt/gz_plugin_vendor:/opt/ros/jazzy/opt/gz_fuel_tools_vendor:/opt/ros/jazzy/opt/gz_msgs_vendor:/opt/ros/jazzy/opt/gz_common_vendor:/opt/ros/jazzy/opt/gz_math_vendor:/opt/ros/jazzy/opt/gz_utils_vendor:/opt/ros/jazzy/opt/gz_tools_vendor:/opt/ros/jazzy/opt/gz_ogre_next_vendor:/opt/ros/jazzy/opt/gz_dartsim_vendor:/opt/ros/jazzy/opt/gz_cmake_vendor:/home/berenic/Documents/LPRS2_2026/Robo_Hand_RS485/ROS2/robo_hand_ws/install/uf_ros_lib:/opt/ros/jazzy DEBUGINFOD_URLS=https://debuginfod.ubuntu.com LD_LIBRARY_PATH=/home/berenic/Documents/LPRS2_2026/Robo_Hand_RS485/ROS2/robo_hand_ws/install/xarm_api/lib:/home/berenic/Documents/LPRS2_2026/Robo_Hand_RS485/ROS2/robo_hand_ws/install/xarm_sdk/lib:/home/berenic/Documents/LPRS2_2026/Robo_Hand_RS485/ROS2/robo_hand_ws/install/xarm_msgs/lib:/home/berenic/Documents/LPRS2_2026/Robo_Hand_RS485/ROS2/robo_hand_ws/install/xarm_planner/lib:/home/berenic/Documents/LPRS2_2026/Robo_Hand_RS485/ROS2/robo_hand_ws/install/xarm_moveit_servo/lib:/home/berenic/Documents/LPRS2_2026/Robo_Hand_RS485/ROS2/robo_hand_ws/install/xarm_gazebo/lib:/home/berenic/Documents/LPRS2_2026/Robo_Hand_RS485/ROS2/robo_hand_ws/install/xarm_controller/lib:/home/berenic/Documents/LPRS2_2026/Robo_Hand_RS485/ROS2/robo_hand_ws/install/realsense_gazebo_plugin/lib:/opt/ros/jazzy/opt/gz_sim_vendor/lib:/opt/ros/jazzy/opt/gz_sensors_vendor/lib:/opt/ros/jazzy/opt/gz_physics_vendor/lib:/opt/ros/jazzy/opt/sdformat_vendor/lib:/opt/ros/jazzy/opt/rviz_ogre_vendor/lib:/opt/ros/jazzy/lib/x86_64-linux-gnu:/opt/ros/jazzy/opt/gz_gui_vendor/lib:/opt/ros/jazzy/opt/gz_transport_vendor/lib:/opt/ros/jazzy/opt/gz_rendering_vendor/lib:/opt/ros/jazzy/opt/gz_plugin_vendor/lib:/opt/ros/jazzy/opt/gz_fuel_tools_vendor/lib:/opt/ros/jazzy/opt/gz_msgs_vendor/lib:/opt/ros/jazzy/opt/gz_common_vendor/lib:/opt/ros/jazzy/opt/gz_math_vendor/lib:/opt/ros/jazzy/opt/gz_utils_vendor/lib:/opt/ros/jazzy/opt/gz_tools_vendor/lib:/opt/ros/jazzy/opt/gz_ogre_next_vendor/lib:/opt/ros/jazzy/opt/gz_dartsim_vendor/lib:/opt/ros/jazzy/opt/gz_cmake_vendor/lib:/opt/ros/jazzy/lib /usr/bin/cmake --build /home/berenic/Documents/LPRS2_2026/Robo_Hand_RS485/ROS2/robo_hand_ws/build/xarm_controller -- -j12 -l12
[1.235s] DEBUG:colcon.colcon_core.event_handler.log_command:Invoked command in '/home/berenic/Documents/LPRS2_2026/Robo_Hand_RS485/ROS2/robo_hand_ws/build/xarm_controller' returned '0': CMAKE_PREFIX_PATH=/home/berenic/Documents/LPRS2_2026/Robo_Hand_RS485/ROS2/robo_hand_ws/install/xarm_api:/home/berenic/Documents/LPRS2_2026/Robo_Hand_RS485/ROS2/robo_hand_ws/install/xarm_sdk:/home/berenic/Documents/LPRS2_2026/Robo_Hand_RS485/ROS2/robo_hand_ws/install/xarm_msgs:/home/berenic/Documents/LPRS2_2026/Robo_Hand_RS485/ROS2/robo_hand_ws/install/xarm_description:/home/berenic/Documents/LPRS2_2026/Robo_Hand_RS485/ROS2/robo_hand_ws/install/glue_events_routines:/home/berenic/Documents/LPRS2_2026/Robo_Hand_RS485/ROS2/robo_hand_ws/install/xarm_planner:/home/berenic/Documents/LPRS2_2026/Robo_Hand_RS485/ROS2/robo_hand_ws/install/xarm_moveit_servo:/home/berenic/Documents/LPRS2_2026/Robo_Hand_RS485/ROS2/robo_hand_ws/install/xarm_moveit_config:/home/berenic/Documents/LPRS2_2026/Robo_Hand_RS485/ROS2/robo_hand_ws/install/xarm_gazebo:/home/berenic/Documents/LPRS2_2026/Robo_Hand_RS485/ROS2/robo_hand_ws/install/xarm_controller:/home/berenic/Documents/LPRS2_2026/Robo_Hand_RS485/ROS2/robo_hand_ws/install/mbot_demo:/home/berenic/Documents/LPRS2_2026/Robo_Hand_RS485/ROS2/robo_hand_ws/install/realsense_gazebo_plugin:/opt/ros/jazzy/opt/gz_sim_vendor:/opt/ros/jazzy/opt/gz_sensors_vendor:/opt/ros/jazzy/opt/gz_physics_vendor:/opt/ros/jazzy/opt/sdformat_vendor:/opt/ros/jazzy/opt/gz_gui_vendor:/opt/ros/jazzy/opt/gz_transport_vendor:/opt/ros/jazzy/opt/gz_rendering_vendor:/opt/ros/jazzy/opt/gz_plugin_vendor:/opt/ros/jazzy/opt/gz_fuel_tools_vendor:/opt/ros/jazzy/opt/gz_msgs_vendor:/opt/ros/jazzy/opt/gz_common_vendor:/opt/ros/jazzy/opt/gz_math_vendor:/opt/ros/jazzy/opt/gz_utils_vendor:/opt/ros/jazzy/opt/gz_tools_vendor:/opt/ros/jazzy/opt/gz_ogre_next_vendor:/opt/ros/jazzy/opt/gz_dartsim_vendor:/opt/ros/jazzy/opt/gz_cmake_vendor:/home/berenic/Documents/LPRS2_2026/Robo_Hand_RS485/ROS2/robo_hand_ws/install/uf_ros_lib:/opt/ros/jazzy DEBUGINFOD_URLS=https://debuginfod.ubuntu.com LD_LIBRARY_PATH=/home/berenic/Documents/LPRS2_2026/Robo_Hand_RS485/ROS2/robo_hand_ws/install/xarm_api/lib:/home/berenic/Documents/LPRS2_2026/Robo_Hand_RS485/ROS2/robo_hand_ws/install/xarm_sdk/lib:/home/berenic/Documents/LPRS2_2026/Robo_Hand_RS485/ROS2/robo_hand_ws/install/xarm_msgs/lib:/home/berenic/Documents/LPRS2_2026/Robo_Hand_RS485/ROS2/robo_hand_ws/install/xarm_planner/lib:/home/berenic/Documents/LPRS2_2026/Robo_Hand_RS485/ROS2/robo_hand_ws/install/xarm_moveit_servo/lib:/home/berenic/Documents/LPRS2_2026/Robo_Hand_RS485/ROS2/robo_hand_ws/install/xarm_gazebo/lib:/home/berenic/Documents/LPRS2_2026/Robo_Hand_RS485/ROS2/robo_hand_ws/install/xarm_controller/lib:/home/berenic/Documents/LPRS2_2026/Robo_Hand_RS485/ROS2/robo_hand_ws/install/realsense_gazebo_plugin/lib:/opt/ros/jazzy/opt/gz_sim_vendor/lib:/opt/ros/jazzy/opt/gz_sensors_vendor/lib:/opt/ros/jazzy/opt/gz_physics_vendor/lib:/opt/ros/jazzy/opt/sdformat_vendor/lib:/opt/ros/jazzy/opt/rviz_ogre_vendor/lib:/opt/ros/jazzy/lib/x86_64-linux-gnu:/opt/ros/jazzy/opt/gz_gui_vendor/lib:/opt/ros/jazzy/opt/gz_transport_vendor/lib:/opt/ros/jazzy/opt/gz_rendering_vendor/lib:/opt/ros/jazzy/opt/gz_plugin_vendor/lib:/opt/ros/jazzy/opt/gz_fuel_tools_vendor/lib:/opt/ros/jazzy/opt/gz_msgs_vendor/lib:/opt/ros/jazzy/opt/gz_common_vendor/lib:/opt/ros/jazzy/opt/gz_math_vendor/lib:/opt/ros/jazzy/opt/gz_utils_vendor/lib:/opt/ros/jazzy/opt/gz_tools_vendor/lib:/opt/ros/jazzy/opt/gz_ogre_next_vendor/lib:/opt/ros/jazzy/opt/gz_dartsim_vendor/lib:/opt/ros/jazzy/opt/gz_cmake_vendor/lib:/opt/ros/jazzy/lib /usr/bin/cmake --build /home/berenic/Documents/LPRS2_2026/Robo_Hand_RS485/ROS2/robo_hand_ws/build/xarm_controller -- -j12 -l12
[1.236s] DEBUG:colcon.colcon_core.event_handler.log_command:Invoking command in '/home/berenic/Documents/LPRS2_2026/Robo_Hand_RS485/ROS2/robo_hand_ws/build/xarm_controller': CMAKE_PREFIX_PATH=/home/berenic/Documents/LPRS2_2026/Robo_Hand_RS485/ROS2/robo_hand_ws/install/xarm_api:/home/berenic/Documents/LPRS2_2026/Robo_Hand_RS485/ROS2/robo_hand_ws/install/xarm_sdk:/home/berenic/Documents/LPRS2_2026/Robo_Hand_RS485/ROS2/robo_hand_ws/install/xarm_msgs:/home/berenic/Documents/LPRS2_2026/Robo_Hand_RS485/ROS2/robo_hand_ws/install/xarm_description:/home/berenic/Documents/LPRS2_2026/Robo_Hand_RS485/ROS2/robo_hand_ws/install/glue_events_routines:/home/berenic/Documents/LPRS2_2026/Robo_Hand_RS485/ROS2/robo_hand_ws/install/xarm_planner:/home/berenic/Documents/LPRS2_2026/Robo_Hand_RS485/ROS2/robo_hand_ws/install/xarm_moveit_servo:/home/berenic/Documents/LPRS2_2026/Robo_Hand_RS485/ROS2/robo_hand_ws/install/xarm_moveit_config:/home/berenic/Documents/LPRS2_2026/Robo_Hand_RS485/ROS2/robo_hand_ws/install/xarm_gazebo:/home/berenic/Documents/LPRS2_2026/Robo_Hand_RS485/ROS2/robo_hand_ws/install/xarm_controller:/home/berenic/Documents/LPRS2_2026/Robo_Hand_RS485/ROS2/robo_hand_ws/install/mbot_demo:/home/berenic/Documents/LPRS2_2026/Robo_Hand_RS485/ROS2/robo_hand_ws/install/realsense_gazebo_plugin:/opt/ros/jazzy/opt/gz_sim_vendor:/opt/ros/jazzy/opt/gz_sensors_vendor:/opt/ros/jazzy/opt/gz_physics_vendor:/opt/ros/jazzy/opt/sdformat_vendor:/opt/ros/jazzy/opt/gz_gui_vendor:/opt/ros/jazzy/opt/gz_transport_vendor:/opt/ros/jazzy/opt/gz_rendering_vendor:/opt/ros/jazzy/opt/gz_plugin_vendor:/opt/ros/jazzy/opt/gz_fuel_tools_vendor:/opt/ros/jazzy/opt/gz_msgs_vendor:/opt/ros/jazzy/opt/gz_common_vendor:/opt/ros/jazzy/opt/gz_math_vendor:/opt/ros/jazzy/opt/gz_utils_vendor:/opt/ros/jazzy/opt/gz_tools_vendor:/opt/ros/jazzy/opt/gz_ogre_next_vendor:/opt/ros/jazzy/opt/gz_dartsim_vendor:/opt/ros/jazzy/opt/gz_cmake_vendor:/home/berenic/Documents/LPRS2_2026/Robo_Hand_RS485/ROS2/robo_hand_ws/install/uf_ros_lib:/opt/ros/jazzy DEBUGINFOD_URLS=https://debuginfod.ubuntu.com LD_LIBRARY_PATH=/home/berenic/Documents/LPRS2_2026/Robo_Hand_RS485/ROS2/robo_hand_ws/install/xarm_api/lib:/home/berenic/Documents/LPRS2_2026/Robo_Hand_RS485/ROS2/robo_hand_ws/install/xarm_sdk/lib:/home/berenic/Documents/LPRS2_2026/Robo_Hand_RS485/ROS2/robo_hand_ws/install/xarm_msgs/lib:/home/berenic/Documents/LPRS2_2026/Robo_Hand_RS485/ROS2/robo_hand_ws/install/xarm_planner/lib:/home/berenic/Documents/LPRS2_2026/Robo_Hand_RS485/ROS2/robo_hand_ws/install/xarm_moveit_servo/lib:/home/berenic/Documents/LPRS2_2026/Robo_Hand_RS485/ROS2/robo_hand_ws/install/xarm_gazebo/lib:/home/berenic/Documents/LPRS2_2026/Robo_Hand_RS485/ROS2/robo_hand_ws/install/xarm_controller/lib:/home/berenic/Documents/LPRS2_2026/Robo_Hand_RS485/ROS2/robo_hand_ws/install/realsense_gazebo_plugin/lib:/opt/ros/jazzy/opt/gz_sim_vendor/lib:/opt/ros/jazzy/opt/gz_sensors_vendor/lib:/opt/ros/jazzy/opt/gz_physics_vendor/lib:/opt/ros/jazzy/opt/sdformat_vendor/lib:/opt/ros/jazzy/opt/rviz_ogre_vendor/lib:/opt/ros/jazzy/lib/x86_64-linux-gnu:/opt/ros/jazzy/opt/gz_gui_vendor/lib:/opt/ros/jazzy/opt/gz_transport_vendor/lib:/opt/ros/jazzy/opt/gz_rendering_vendor/lib:/opt/ros/jazzy/opt/gz_plugin_vendor/lib:/opt/ros/jazzy/opt/gz_fuel_tools_vendor/lib:/opt/ros/jazzy/opt/gz_msgs_vendor/lib:/opt/ros/jazzy/opt/gz_common_vendor/lib:/opt/ros/jazzy/opt/gz_math_vendor/lib:/opt/ros/jazzy/opt/gz_utils_vendor/lib:/opt/ros/jazzy/opt/gz_tools_vendor/lib:/opt/ros/jazzy/opt/gz_ogre_next_vendor/lib:/opt/ros/jazzy/opt/gz_dartsim_vendor/lib:/opt/ros/jazzy/opt/gz_cmake_vendor/lib:/opt/ros/jazzy/lib /usr/bin/cmake --install /home/berenic/Documents/LPRS2_2026/Robo_Hand_RS485/ROS2/robo_hand_ws/build/xarm_controller
[1.261s] Level 1:colcon.colcon_core.environment:create_environment_scripts_only(xarm_controller)
[1.262s] Level 1:colcon.colcon_core.environment:checking '/home/berenic/Documents/LPRS2_2026/Robo_Hand_RS485/ROS2/robo_hand_ws/install/xarm_controller' for CMake module files
[1.262s] DEBUG:colcon.colcon_core.event_handler.log_command:Invoked command in '/home/berenic/Documents/LPRS2_2026/Robo_Hand_RS485/ROS2/robo_hand_ws/build/xarm_controller' returned '0': CMAKE_PREFIX_PATH=/home/berenic/Documents/LPRS2_2026/Robo_Hand_RS485/ROS2/robo_hand_ws/install/xarm_api:/home/berenic/Documents/LPRS2_2026/Robo_Hand_RS485/ROS2/robo_hand_ws/install/xarm_sdk:/home/berenic/Documents/LPRS2_2026/Robo_Hand_RS485/ROS2/robo_hand_ws/install/xarm_msgs:/home/berenic/Documents/LPRS2_2026/Robo_Hand_RS485/ROS2/robo_hand_ws/install/xarm_description:/home/berenic/Documents/LPRS2_2026/Robo_Hand_RS485/ROS2/robo_hand_ws/install/glue_events_routines:/home/berenic/Documents/LPRS2_2026/Robo_Hand_RS485/ROS2/robo_hand_ws/install/xarm_planner:/home/berenic/Documents/LPRS2_2026/Robo_Hand_RS485/ROS2/robo_hand_ws/install/xarm_moveit_servo:/home/berenic/Documents/LPRS2_2026/Robo_Hand_RS485/ROS2/robo_hand_ws/install/xarm_moveit_config:/home/berenic/Documents/LPRS2_2026/Robo_Hand_RS485/ROS2/robo_hand_ws/install/xarm_gazebo:/home/berenic/Documents/LPRS2_2026/Robo_Hand_RS485/ROS2/robo_hand_ws/install/xarm_controller:/home/berenic/Documents/LPRS2_2026/Robo_Hand_RS485/ROS2/robo_hand_ws/install/mbot_demo:/home/berenic/Documents/LPRS2_2026/Robo_Hand_RS485/ROS2/robo_hand_ws/install/realsense_gazebo_plugin:/opt/ros/jazzy/opt/gz_sim_vendor:/opt/ros/jazzy/opt/gz_sensors_vendor:/opt/ros/jazzy/opt/gz_physics_vendor:/opt/ros/jazzy/opt/sdformat_vendor:/opt/ros/jazzy/opt/gz_gui_vendor:/opt/ros/jazzy/opt/gz_transport_vendor:/opt/ros/jazzy/opt/gz_rendering_vendor:/opt/ros/jazzy/opt/gz_plugin_vendor:/opt/ros/jazzy/opt/gz_fuel_tools_vendor:/opt/ros/jazzy/opt/gz_msgs_vendor:/opt/ros/jazzy/opt/gz_common_vendor:/opt/ros/jazzy/opt/gz_math_vendor:/opt/ros/jazzy/opt/gz_utils_vendor:/opt/ros/jazzy/opt/gz_tools_vendor:/opt/ros/jazzy/opt/gz_ogre_next_vendor:/opt/ros/jazzy/opt/gz_dartsim_vendor:/opt/ros/jazzy/opt/gz_cmake_vendor:/home/berenic/Documents/LPRS2_2026/Robo_Hand_RS485/ROS2/robo_hand_ws/install/uf_ros_lib:/opt/ros/jazzy DEBUGINFOD_URLS=https://debuginfod.ubuntu.com LD_LIBRARY_PATH=/home/berenic/Documents/LPRS2_2026/Robo_Hand_RS485/ROS2/robo_hand_ws/install/xarm_api/lib:/home/berenic/Documents/LPRS2_2026/Robo_Hand_RS485/ROS2/robo_hand_ws/install/xarm_sdk/lib:/home/berenic/Documents/LPRS2_2026/Robo_Hand_RS485/ROS2/robo_hand_ws/install/xarm_msgs/lib:/home/berenic/Documents/LPRS2_2026/Robo_Hand_RS485/ROS2/robo_hand_ws/install/xarm_planner/lib:/home/berenic/Documents/LPRS2_2026/Robo_Hand_RS485/ROS2/robo_hand_ws/install/xarm_moveit_servo/lib:/home/berenic/Documents/LPRS2_2026/Robo_Hand_RS485/ROS2/robo_hand_ws/install/xarm_gazebo/lib:/home/berenic/Documents/LPRS2_2026/Robo_Hand_RS485/ROS2/robo_hand_ws/install/xarm_controller/lib:/home/berenic/Documents/LPRS2_2026/Robo_Hand_RS485/ROS2/robo_hand_ws/install/realsense_gazebo_plugin/lib:/opt/ros/jazzy/opt/gz_sim_vendor/lib:/opt/ros/jazzy/opt/gz_sensors_vendor/lib:/opt/ros/jazzy/opt/gz_physics_vendor/lib:/opt/ros/jazzy/opt/sdformat_vendor/lib:/opt/ros/jazzy/opt/rviz_ogre_vendor/lib:/opt/ros/jazzy/lib/x86_64-linux-gnu:/opt/ros/jazzy/opt/gz_gui_vendor/lib:/opt/ros/jazzy/opt/gz_transport_vendor/lib:/opt/ros/jazzy/opt/gz_rendering_vendor/lib:/opt/ros/jazzy/opt/gz_plugin_vendor/lib:/opt/ros/jazzy/opt/gz_fuel_tools_vendor/lib:/opt/ros/jazzy/opt/gz_msgs_vendor/lib:/opt/ros/jazzy/opt/gz_common_vendor/lib:/opt/ros/jazzy/opt/gz_math_vendor/lib:/opt/ros/jazzy/opt/gz_utils_vendor/lib:/opt/ros/jazzy/opt/gz_tools_vendor/lib:/opt/ros/jazzy/opt/gz_ogre_next_vendor/lib:/opt/ros/jazzy/opt/gz_dartsim_vendor/lib:/opt/ros/jazzy/opt/gz_cmake_vendor/lib:/opt/ros/jazzy/lib /usr/bin/cmake --install /home/berenic/Documents/LPRS2_2026/Robo_Hand_RS485/ROS2/robo_hand_ws/build/xarm_controller
[1.263s] Level 1:colcon.colcon_core.environment:checking '/home/berenic/Documents/LPRS2_2026/Robo_Hand_RS485/ROS2/robo_hand_ws/install/xarm_controller' for CMake config files
[1.263s] Level 1:colcon.colcon_core.shell:create_environment_hook('xarm_controller', 'cmake_prefix_path')
[1.263s] INFO:colcon.colcon_core.shell:Creating environment hook '/home/berenic/Documents/LPRS2_2026/Robo_Hand_RS485/ROS2/robo_hand_ws/install/xarm_controller/share/xarm_controller/hook/cmake_prefix_path.ps1'
[1.263s] INFO:colcon.colcon_core.shell:Creating environment descriptor '/home/berenic/Documents/LPRS2_2026/Robo_Hand_RS485/ROS2/robo_hand_ws/install/xarm_controller/share/xarm_controller/hook/cmake_prefix_path.dsv'
[1.264s] INFO:colcon.colcon_core.shell:Creating environment hook '/home/berenic/Documents/LPRS2_2026/Robo_Hand_RS485/ROS2/robo_hand_ws/install/xarm_controller/share/xarm_controller/hook/cmake_prefix_path.sh'
[1.264s] Level 1:colcon.colcon_core.environment:checking '/home/berenic/Documents/LPRS2_2026/Robo_Hand_RS485/ROS2/robo_hand_ws/install/xarm_controller/lib'
[1.264s] Level 1:colcon.colcon_core.shell:create_environment_hook('xarm_controller', 'ld_library_path_lib')
[1.264s] INFO:colcon.colcon_core.shell:Creating environment hook '/home/berenic/Documents/LPRS2_2026/Robo_Hand_RS485/ROS2/robo_hand_ws/install/xarm_controller/share/xarm_controller/hook/ld_library_path_lib.ps1'
[1.265s] INFO:colcon.colcon_core.shell:Creating environment descriptor '/home/berenic/Documents/LPRS2_2026/Robo_Hand_RS485/ROS2/robo_hand_ws/install/xarm_controller/share/xarm_controller/hook/ld_library_path_lib.dsv'
[1.265s] INFO:colcon.colcon_core.shell:Creating environment hook '/home/berenic/Documents/LPRS2_2026/Robo_Hand_RS485/ROS2/robo_hand_ws/install/xarm_controller/share/xarm_controller/hook/ld_library_path_lib.sh'
[1.265s] Level 1:colcon.colcon_core.environment:checking '/home/berenic/Documents/LPRS2_2026/Robo_Hand_RS485/ROS2/robo_hand_ws/install/xarm_controller/bin'
[1.265s] Level 1:colcon.colcon_core.environment:checking '/home/berenic/Documents/LPRS2_2026/Robo_Hand_RS485/ROS2/robo_hand_ws/install/xarm_controller/lib/pkgconfig/xarm_controller.pc'
[1.266s] Level 1:colcon.colcon_core.environment:checking '/home/berenic/Documents/LPRS2_2026/Robo_Hand_RS485/ROS2/robo_hand_ws/install/xarm_controller/lib/python3.12/site-packages'
[1.266s] Level 1:colcon.colcon_core.environment:checking '/home/berenic/Documents/LPRS2_2026/Robo_Hand_RS485/ROS2/robo_hand_ws/install/xarm_controller/bin'
[1.266s] INFO:colcon.colcon_core.shell:Creating package script '/home/berenic/Documents/LPRS2_2026/Robo_Hand_RS485/ROS2/robo_hand_ws/install/xarm_controller/share/xarm_controller/package.ps1'
[1.266s] INFO:colcon.colcon_core.shell:Creating package descriptor '/home/berenic/Documents/LPRS2_2026/Robo_Hand_RS485/ROS2/robo_hand_ws/install/xarm_controller/share/xarm_controller/package.dsv'
[1.267s] INFO:colcon.colcon_core.shell:Creating package script '/home/berenic/Documents/LPRS2_2026/Robo_Hand_RS485/ROS2/robo_hand_ws/install/xarm_controller/share/xarm_controller/package.sh'
[1.267s] INFO:colcon.colcon_core.shell:Creating package script '/home/berenic/Documents/LPRS2_2026/Robo_Hand_RS485/ROS2/robo_hand_ws/install/xarm_controller/share/xarm_controller/package.bash'
[1.267s] INFO:colcon.colcon_core.shell:Creating package script '/home/berenic/Documents/LPRS2_2026/Robo_Hand_RS485/ROS2/robo_hand_ws/install/xarm_controller/share/xarm_controller/package.zsh'
[1.268s] Level 1:colcon.colcon_core.environment:create_file_with_runtime_dependencies(/home/berenic/Documents/LPRS2_2026/Robo_Hand_RS485/ROS2/robo_hand_ws/install/xarm_controller/share/colcon-core/packages/xarm_controller)
[1.268s] Level 1:colcon.colcon_core.environment:create_environment_scripts_only(xarm_controller)
[1.268s] Level 1:colcon.colcon_core.environment:checking '/home/berenic/Documents/LPRS2_2026/Robo_Hand_RS485/ROS2/robo_hand_ws/install/xarm_controller' for CMake module files
[1.269s] Level 1:colcon.colcon_core.environment:checking '/home/berenic/Documents/LPRS2_2026/Robo_Hand_RS485/ROS2/robo_hand_ws/install/xarm_controller' for CMake config files
[1.269s] Level 1:colcon.colcon_core.shell:create_environment_hook('xarm_controller', 'cmake_prefix_path')
[1.269s] INFO:colcon.colcon_core.shell:Creating environment hook '/home/berenic/Documents/LPRS2_2026/Robo_Hand_RS485/ROS2/robo_hand_ws/install/xarm_controller/share/xarm_controller/hook/cmake_prefix_path.ps1'
[1.269s] INFO:colcon.colcon_core.shell:Creating environment descriptor '/home/berenic/Documents/LPRS2_2026/Robo_Hand_RS485/ROS2/robo_hand_ws/install/xarm_controller/share/xarm_controller/hook/cmake_prefix_path.dsv'
[1.270s] INFO:colcon.colcon_core.shell:Creating environment hook '/home/berenic/Documents/LPRS2_2026/Robo_Hand_RS485/ROS2/robo_hand_ws/install/xarm_controller/share/xarm_controller/hook/cmake_prefix_path.sh'
[1.270s] Level 1:colcon.colcon_core.environment:checking '/home/berenic/Documents/LPRS2_2026/Robo_Hand_RS485/ROS2/robo_hand_ws/install/xarm_controller/lib'
[1.270s] Level 1:colcon.colcon_core.shell:create_environment_hook('xarm_controller', 'ld_library_path_lib')
[1.270s] INFO:colcon.colcon_core.shell:Creating environment hook '/home/berenic/Documents/LPRS2_2026/Robo_Hand_RS485/ROS2/robo_hand_ws/install/xarm_controller/share/xarm_controller/hook/ld_library_path_lib.ps1'
[1.270s] INFO:colcon.colcon_core.shell:Creating environment descriptor '/home/berenic/Documents/LPRS2_2026/Robo_Hand_RS485/ROS2/robo_hand_ws/install/xarm_controller/share/xarm_controller/hook/ld_library_path_lib.dsv'
[1.271s] INFO:colcon.colcon_core.shell:Creating environment hook '/home/berenic/Documents/LPRS2_2026/Robo_Hand_RS485/ROS2/robo_hand_ws/install/xarm_controller/share/xarm_controller/hook/ld_library_path_lib.sh'
[1.271s] Level 1:colcon.colcon_core.environment:checking '/home/berenic/Documents/LPRS2_2026/Robo_Hand_RS485/ROS2/robo_hand_ws/install/xarm_controller/bin'
[1.271s] Level 1:colcon.colcon_core.environment:checking '/home/berenic/Documents/LPRS2_2026/Robo_Hand_RS485/ROS2/robo_hand_ws/install/xarm_controller/lib/pkgconfig/xarm_controller.pc'
[1.271s] Level 1:colcon.colcon_core.environment:checking '/home/berenic/Documents/LPRS2_2026/Robo_Hand_RS485/ROS2/robo_hand_ws/install/xarm_controller/lib/python3.12/site-packages'
[1.272s] Level 1:colcon.colcon_core.environment:checking '/home/berenic/Documents/LPRS2_2026/Robo_Hand_RS485/ROS2/robo_hand_ws/install/xarm_controller/bin'
[1.272s] INFO:colcon.colcon_core.shell:Creating package script '/home/berenic/Documents/LPRS2_2026/Robo_Hand_RS485/ROS2/robo_hand_ws/install/xarm_controller/share/xarm_controller/package.ps1'
[1.272s] INFO:colcon.colcon_core.shell:Creating package descriptor '/home/berenic/Documents/LPRS2_2026/Robo_Hand_RS485/ROS2/robo_hand_ws/install/xarm_controller/share/xarm_controller/package.dsv'
[1.273s] INFO:colcon.colcon_core.shell:Creating package script '/home/berenic/Documents/LPRS2_2026/Robo_Hand_RS485/ROS2/robo_hand_ws/install/xarm_controller/share/xarm_controller/package.sh'
[1.273s] INFO:colcon.colcon_core.shell:Creating package script '/home/berenic/Documents/LPRS2_2026/Robo_Hand_RS485/ROS2/robo_hand_ws/install/xarm_controller/share/xarm_controller/package.bash'
[1.274s] INFO:colcon.colcon_core.shell:Creating package script '/home/berenic/Documents/LPRS2_2026/Robo_Hand_RS485/ROS2/robo_hand_ws/install/xarm_controller/share/xarm_controller/package.zsh'
[1.274s] Level 1:colcon.colcon_core.environment:create_file_with_runtime_dependencies(/home/berenic/Documents/LPRS2_2026/Robo_Hand_RS485/ROS2/robo_hand_ws/install/xarm_controller/share/colcon-core/packages/xarm_controller)
[1.728s] Level 1:colcon.colcon_core.shell:create_environment_hook('uf_ros_lib', 'pythonpath_develop')
[1.728s] DEBUG:colcon.colcon_core.event_handler.log_command:Invoked command in '/home/berenic/Documents/LPRS2_2026/Robo_Hand_RS485/ROS2/robo_hand_ws/build/uf_ros_lib' returned '0': DEBUGINFOD_URLS=https://debuginfod.ubuntu.com PYTHONPATH=/home/berenic/Documents/LPRS2_2026/Robo_Hand_RS485/ROS2/robo_hand_ws/build/uf_ros_lib/prefix_override:/usr/lib/python3/dist-packages/colcon_core/task/python/colcon_distutils_commands:/home/berenic/Documents/LPRS2_2026/Robo_Hand_RS485/ROS2/robo_hand_ws/install/uf_ros_lib/lib/python3.12/site-packages:${PYTHONPATH} /usr/bin/python3 -W ignore:setup.py install is deprecated -W ignore:easy_install command is deprecated setup.py develop --editable --build-directory /home/berenic/Documents/LPRS2_2026/Robo_Hand_RS485/ROS2/robo_hand_ws/build/uf_ros_lib/build --no-deps symlink_data
[1.728s] INFO:colcon.colcon_core.shell:Creating environment hook '/home/berenic/Documents/LPRS2_2026/Robo_Hand_RS485/ROS2/robo_hand_ws/build/uf_ros_lib/share/uf_ros_lib/hook/pythonpath_develop.ps1'
[1.729s] INFO:colcon.colcon_core.shell:Creating environment descriptor '/home/berenic/Documents/LPRS2_2026/Robo_Hand_RS485/ROS2/robo_hand_ws/build/uf_ros_lib/share/uf_ros_lib/hook/pythonpath_develop.dsv'
[1.729s] INFO:colcon.colcon_core.shell:Creating environment hook '/home/berenic/Documents/LPRS2_2026/Robo_Hand_RS485/ROS2/robo_hand_ws/build/uf_ros_lib/share/uf_ros_lib/hook/pythonpath_develop.sh'
[1.729s] Level 1:colcon.colcon_core.environment:checking '/home/berenic/Documents/LPRS2_2026/Robo_Hand_RS485/ROS2/robo_hand_ws/install/uf_ros_lib' for CMake module files
[1.730s] Level 1:colcon.colcon_core.environment:checking '/home/berenic/Documents/LPRS2_2026/Robo_Hand_RS485/ROS2/robo_hand_ws/install/uf_ros_lib' for CMake config files
[1.730s] Level 1:colcon.colcon_core.environment:checking '/home/berenic/Documents/LPRS2_2026/Robo_Hand_RS485/ROS2/robo_hand_ws/install/uf_ros_lib/lib'
[1.730s] Level 1:colcon.colcon_core.environment:checking '/home/berenic/Documents/LPRS2_2026/Robo_Hand_RS485/ROS2/robo_hand_ws/install/uf_ros_lib/bin'
[1.730s] Level 1:colcon.colcon_core.environment:checking '/home/berenic/Documents/LPRS2_2026/Robo_Hand_RS485/ROS2/robo_hand_ws/install/uf_ros_lib/lib/pkgconfig/uf_ros_lib.pc'
[1.731s] Level 1:colcon.colcon_core.environment:checking '/home/berenic/Documents/LPRS2_2026/Robo_Hand_RS485/ROS2/robo_hand_ws/install/uf_ros_lib/lib/python3.12/site-packages'
[1.731s] Level 1:colcon.colcon_core.shell:create_environment_hook('uf_ros_lib', 'pythonpath')
[1.731s] INFO:colcon.colcon_core.shell:Creating environment hook '/home/berenic/Documents/LPRS2_2026/Robo_Hand_RS485/ROS2/robo_hand_ws/install/uf_ros_lib/share/uf_ros_lib/hook/pythonpath.ps1'
[1.731s] INFO:colcon.colcon_core.shell:Creating environment descriptor '/home/berenic/Documents/LPRS2_2026/Robo_Hand_RS485/ROS2/robo_hand_ws/install/uf_ros_lib/share/uf_ros_lib/hook/pythonpath.dsv'
[1.732s] INFO:colcon.colcon_core.shell:Creating environment hook '/home/berenic/Documents/LPRS2_2026/Robo_Hand_RS485/ROS2/robo_hand_ws/install/uf_ros_lib/share/uf_ros_lib/hook/pythonpath.sh'
[1.732s] Level 1:colcon.colcon_core.environment:checking '/home/berenic/Documents/LPRS2_2026/Robo_Hand_RS485/ROS2/robo_hand_ws/install/uf_ros_lib/bin'
[1.732s] Level 1:colcon.colcon_core.environment:create_environment_scripts_only(uf_ros_lib)
[1.732s] INFO:colcon.colcon_core.shell:Creating package script '/home/berenic/Documents/LPRS2_2026/Robo_Hand_RS485/ROS2/robo_hand_ws/install/uf_ros_lib/share/uf_ros_lib/package.ps1'
[1.733s] INFO:colcon.colcon_core.shell:Creating package descriptor '/home/berenic/Documents/LPRS2_2026/Robo_Hand_RS485/ROS2/robo_hand_ws/install/uf_ros_lib/share/uf_ros_lib/package.dsv'
[1.733s] INFO:colcon.colcon_core.shell:Creating package script '/home/berenic/Documents/LPRS2_2026/Robo_Hand_RS485/ROS2/robo_hand_ws/install/uf_ros_lib/share/uf_ros_lib/package.sh'
[1.733s] INFO:colcon.colcon_core.shell:Creating package script '/home/berenic/Documents/LPRS2_2026/Robo_Hand_RS485/ROS2/robo_hand_ws/install/uf_ros_lib/share/uf_ros_lib/package.bash'
[1.734s] INFO:colcon.colcon_core.shell:Creating package script '/home/berenic/Documents/LPRS2_2026/Robo_Hand_RS485/ROS2/robo_hand_ws/install/uf_ros_lib/share/uf_ros_lib/package.zsh'
[1.734s] Level 1:colcon.colcon_core.environment:create_file_with_runtime_dependencies(/home/berenic/Documents/LPRS2_2026/Robo_Hand_RS485/ROS2/robo_hand_ws/install/uf_ros_lib/share/colcon-core/packages/uf_ros_lib)
[1.734s] INFO:colcon.colcon_ros.task.ament_cmake.build:Building ROS package in '/home/berenic/Documents/LPRS2_2026/Robo_Hand_RS485/ROS2/robo_hand_ws/src/xarm_ros2/xarm_gazebo' with build type 'ament_cmake'
[1.735s] INFO:colcon.colcon_cmake.task.cmake.build:Building CMake package in '/home/berenic/Documents/LPRS2_2026/Robo_Hand_RS485/ROS2/robo_hand_ws/src/xarm_ros2/xarm_gazebo'
[1.735s] INFO:colcon.colcon_core.shell:Skip shell extension 'powershell' for command environment: Not usable outside of PowerShell
[1.735s] DEBUG:colcon.colcon_core.shell:Skip shell extension 'dsv' for command environment
[1.739s] INFO:colcon.colcon_ros.task.ament_cmake.build:Building ROS package in '/home/berenic/Documents/LPRS2_2026/Robo_Hand_RS485/ROS2/robo_hand_ws/src/xarm_ros2/demo/mbot_demo' with build type 'ament_cmake'
[1.739s] INFO:colcon.colcon_cmake.task.cmake.build:Building CMake package in '/home/berenic/Documents/LPRS2_2026/Robo_Hand_RS485/ROS2/robo_hand_ws/src/xarm_ros2/demo/mbot_demo'
[1.739s] INFO:colcon.colcon_core.shell:Skip shell extension 'powershell' for command environment: Not usable outside of PowerShell
[1.739s] DEBUG:colcon.colcon_core.shell:Skip shell extension 'dsv' for command environment
[1.747s] DEBUG:colcon.colcon_core.event_handler.log_command:Invoking command in '/home/berenic/Documents/LPRS2_2026/Robo_Hand_RS485/ROS2/robo_hand_ws/build/mbot_demo': AMENT_PREFIX_PATH=/home/berenic/Documents/LPRS2_2026/Robo_Hand_RS485/ROS2/robo_hand_ws/install/uf_ros_lib:/home/berenic/Documents/LPRS2_2026/Robo_Hand_RS485/ROS2/robo_hand_ws/install/glue_events_routines:/home/berenic/Documents/LPRS2_2026/Robo_Hand_RS485/ROS2/robo_hand_ws/install/xarm_planner:/home/berenic/Documents/LPRS2_2026/Robo_Hand_RS485/ROS2/robo_hand_ws/install/xarm_moveit_servo:/home/berenic/Documents/LPRS2_2026/Robo_Hand_RS485/ROS2/robo_hand_ws/install/xarm_moveit_config:/home/berenic/Documents/LPRS2_2026/Robo_Hand_RS485/ROS2/robo_hand_ws/install/xarm_gazebo:/home/berenic/Documents/LPRS2_2026/Robo_Hand_RS485/ROS2/robo_hand_ws/install/xarm_controller:/home/berenic/Documents/LPRS2_2026/Robo_Hand_RS485/ROS2/robo_hand_ws/install/xarm_api:/home/berenic/Documents/LPRS2_2026/Robo_Hand_RS485/ROS2/robo_hand_ws/install/xarm_sdk:/home/berenic/Documents/LPRS2_2026/Robo_Hand_RS485/ROS2/robo_hand_ws/install/xarm_msgs:/home/berenic/Documents/LPRS2_2026/Robo_Hand_RS485/ROS2/robo_hand_ws/install/xarm_description:/home/berenic/Documents/LPRS2_2026/Robo_Hand_RS485/ROS2/robo_hand_ws/install/mbot_demo:/home/berenic/Documents/LPRS2_2026/Robo_Hand_RS485/ROS2/robo_hand_ws/install/realsense_gazebo_plugin:/opt/ros/jazzy CMAKE_PREFIX_PATH=${CMAKE_PREFIX_PATH}:/home/berenic/Documents/LPRS2_2026/Robo_Hand_RS485/ROS2/robo_hand_ws/install/uf_ros_lib:/opt/ros/jazzy DEBUGINFOD_URLS=https://debuginfod.ubuntu.com PYTHONPATH=/home/berenic/Documents/LPRS2_2026/Robo_Hand_RS485/ROS2/robo_hand_ws/build/uf_ros_lib:/home/berenic/Documents/LPRS2_2026/Robo_Hand_RS485/ROS2/robo_hand_ws/install/uf_ros_lib/lib/python3.12/site-packages:/home/berenic/Documents/LPRS2_2026/Robo_Hand_RS485/ROS2/robo_hand_ws/install/xarm_msgs/lib/python3.12/site-packages:/opt/ros/jazzy/lib/python3.12/site-packages /usr/bin/cmake --build /home/berenic/Documents/LPRS2_2026/Robo_Hand_RS485/ROS2/robo_hand_ws/build/mbot_demo -- -j12 -l12
[1.753s] DEBUG:colcon.colcon_core.event_handler.log_command:Invoking command in '/home/berenic/Documents/LPRS2_2026/Robo_Hand_RS485/ROS2/robo_hand_ws/build/xarm_gazebo': AMENT_PREFIX_PATH=/home/berenic/Documents/LPRS2_2026/Robo_Hand_RS485/ROS2/robo_hand_ws/install/uf_ros_lib:/home/berenic/Documents/LPRS2_2026/Robo_Hand_RS485/ROS2/robo_hand_ws/install/glue_events_routines:/home/berenic/Documents/LPRS2_2026/Robo_Hand_RS485/ROS2/robo_hand_ws/install/xarm_planner:/home/berenic/Documents/LPRS2_2026/Robo_Hand_RS485/ROS2/robo_hand_ws/install/xarm_moveit_servo:/home/berenic/Documents/LPRS2_2026/Robo_Hand_RS485/ROS2/robo_hand_ws/install/xarm_moveit_config:/home/berenic/Documents/LPRS2_2026/Robo_Hand_RS485/ROS2/robo_hand_ws/install/xarm_gazebo:/home/berenic/Documents/LPRS2_2026/Robo_Hand_RS485/ROS2/robo_hand_ws/install/xarm_controller:/home/berenic/Documents/LPRS2_2026/Robo_Hand_RS485/ROS2/robo_hand_ws/install/xarm_api:/home/berenic/Documents/LPRS2_2026/Robo_Hand_RS485/ROS2/robo_hand_ws/install/xarm_sdk:/home/berenic/Documents/LPRS2_2026/Robo_Hand_RS485/ROS2/robo_hand_ws/install/xarm_msgs:/home/berenic/Documents/LPRS2_2026/Robo_Hand_RS485/ROS2/robo_hand_ws/install/xarm_description:/home/berenic/Documents/LPRS2_2026/Robo_Hand_RS485/ROS2/robo_hand_ws/install/mbot_demo:/home/berenic/Documents/LPRS2_2026/Robo_Hand_RS485/ROS2/robo_hand_ws/install/realsense_gazebo_plugin:/opt/ros/jazzy CMAKE_PREFIX_PATH=/home/berenic/Documents/LPRS2_2026/Robo_Hand_RS485/ROS2/robo_hand_ws/install/xarm_controller:/home/berenic/Documents/LPRS2_2026/Robo_Hand_RS485/ROS2/robo_hand_ws/install/xarm_api:/home/berenic/Documents/LPRS2_2026/Robo_Hand_RS485/ROS2/robo_hand_ws/install/xarm_sdk:/home/berenic/Documents/LPRS2_2026/Robo_Hand_RS485/ROS2/robo_hand_ws/install/xarm_msgs:/home/berenic/Documents/LPRS2_2026/Robo_Hand_RS485/ROS2/robo_hand_ws/install/xarm_description:/home/berenic/Documents/LPRS2_2026/Robo_Hand_RS485/ROS2/robo_hand_ws/install/glue_events_routines:/home/berenic/Documents/LPRS2_2026/Robo_Hand_RS485/ROS2/robo_hand_ws/install/xarm_planner:/home/berenic/Documents/LPRS2_2026/Robo_Hand_RS485/ROS2/robo_hand_ws/install/xarm_moveit_servo:/home/berenic/Documents/LPRS2_2026/Robo_Hand_RS485/ROS2/robo_hand_ws/install/xarm_moveit_config:/home/berenic/Documents/LPRS2_2026/Robo_Hand_RS485/ROS2/robo_hand_ws/install/xarm_gazebo:/home/berenic/Documents/LPRS2_2026/Robo_Hand_RS485/ROS2/robo_hand_ws/install/mbot_demo:/home/berenic/Documents/LPRS2_2026/Robo_Hand_RS485/ROS2/robo_hand_ws/install/realsense_gazebo_plugin:/opt/ros/jazzy/opt/gz_sim_vendor:/opt/ros/jazzy/opt/gz_sensors_vendor:/opt/ros/jazzy/opt/gz_physics_vendor:/opt/ros/jazzy/opt/sdformat_vendor:/opt/ros/jazzy/opt/gz_gui_vendor:/opt/ros/jazzy/opt/gz_transport_vendor:/opt/ros/jazzy/opt/gz_rendering_vendor:/opt/ros/jazzy/opt/gz_plugin_vendor:/opt/ros/jazzy/opt/gz_fuel_tools_vendor:/opt/ros/jazzy/opt/gz_msgs_vendor:/opt/ros/jazzy/opt/gz_common_vendor:/opt/ros/jazzy/opt/gz_math_vendor:/opt/ros/jazzy/opt/gz_utils_vendor:/opt/ros/jazzy/opt/gz_tools_vendor:/opt/ros/jazzy/opt/gz_ogre_next_vendor:/opt/ros/jazzy/opt/gz_dartsim_vendor:/opt/ros/jazzy/opt/gz_cmake_vendor:/home/berenic/Documents/LPRS2_2026/Robo_Hand_RS485/ROS2/robo_hand_ws/install/uf_ros_lib:/opt/ros/jazzy DEBUGINFOD_URLS=https://debuginfod.ubuntu.com LD_LIBRARY_PATH=/home/berenic/Documents/LPRS2_2026/Robo_Hand_RS485/ROS2/robo_hand_ws/install/xarm_controller/lib:/home/berenic/Documents/LPRS2_2026/Robo_Hand_RS485/ROS2/robo_hand_ws/install/xarm_api/lib:/home/berenic/Documents/LPRS2_2026/Robo_Hand_RS485/ROS2/robo_hand_ws/install/xarm_sdk/lib:/home/berenic/Documents/LPRS2_2026/Robo_Hand_RS485/ROS2/robo_hand_ws/install/xarm_msgs/lib:/home/berenic/Documents/LPRS2_2026/Robo_Hand_RS485/ROS2/robo_hand_ws/install/xarm_planner/lib:/home/berenic/Documents/LPRS2_2026/Robo_Hand_RS485/ROS2/robo_hand_ws/install/xarm_moveit_servo/lib:/home/berenic/Documents/LPRS2_2026/Robo_Hand_RS485/ROS2/robo_hand_ws/install/xarm_gazebo/lib:/home/berenic/Documents/LPRS2_2026/Robo_Hand_RS485/ROS2/robo_hand_ws/install/realsense_gazebo_plugin/lib:/opt/ros/jazzy/opt/gz_sim_vendor/lib:/opt/ros/jazzy/opt/gz_sensors_vendor/lib:/opt/ros/jazzy/opt/gz_physics_vendor/lib:/opt/ros/jazzy/opt/sdformat_vendor/lib:/opt/ros/jazzy/opt/rviz_ogre_vendor/lib:/opt/ros/jazzy/lib/x86_64-linux-gnu:/opt/ros/jazzy/opt/gz_gui_vendor/lib:/opt/ros/jazzy/opt/gz_transport_vendor/lib:/opt/ros/jazzy/opt/gz_rendering_vendor/lib:/opt/ros/jazzy/opt/gz_plugin_vendor/lib:/opt/ros/jazzy/opt/gz_fuel_tools_vendor/lib:/opt/ros/jazzy/opt/gz_msgs_vendor/lib:/opt/ros/jazzy/opt/gz_common_vendor/lib:/opt/ros/jazzy/opt/gz_math_vendor/lib:/opt/ros/jazzy/opt/gz_utils_vendor/lib:/opt/ros/jazzy/opt/gz_tools_vendor/lib:/opt/ros/jazzy/opt/gz_ogre_next_vendor/lib:/opt/ros/jazzy/opt/gz_dartsim_vendor/lib:/opt/ros/jazzy/opt/gz_cmake_vendor/lib:/opt/ros/jazzy/lib /usr/bin/cmake --build /home/berenic/Documents/LPRS2_2026/Robo_Hand_RS485/ROS2/robo_hand_ws/build/xarm_gazebo -- -j12 -l12
[1.786s] DEBUG:colcon.colcon_core.event_handler.log_command:Invoked command in '/home/berenic/Documents/LPRS2_2026/Robo_Hand_RS485/ROS2/robo_hand_ws/build/mbot_demo' returned '0': AMENT_PREFIX_PATH=/home/berenic/Documents/LPRS2_2026/Robo_Hand_RS485/ROS2/robo_hand_ws/install/uf_ros_lib:/home/berenic/Documents/LPRS2_2026/Robo_Hand_RS485/ROS2/robo_hand_ws/install/glue_events_routines:/home/berenic/Documents/LPRS2_2026/Robo_Hand_RS485/ROS2/robo_hand_ws/install/xarm_planner:/home/berenic/Documents/LPRS2_2026/Robo_Hand_RS485/ROS2/robo_hand_ws/install/xarm_moveit_servo:/home/berenic/Documents/LPRS2_2026/Robo_Hand_RS485/ROS2/robo_hand_ws/install/xarm_moveit_config:/home/berenic/Documents/LPRS2_2026/Robo_Hand_RS485/ROS2/robo_hand_ws/install/xarm_gazebo:/home/berenic/Documents/LPRS2_2026/Robo_Hand_RS485/ROS2/robo_hand_ws/install/xarm_controller:/home/berenic/Documents/LPRS2_2026/Robo_Hand_RS485/ROS2/robo_hand_ws/install/xarm_api:/home/berenic/Documents/LPRS2_2026/Robo_Hand_RS485/ROS2/robo_hand_ws/install/xarm_sdk:/home/berenic/Documents/LPRS2_2026/Robo_Hand_RS485/ROS2/robo_hand_ws/install/xarm_msgs:/home/berenic/Documents/LPRS2_2026/Robo_Hand_RS485/ROS2/robo_hand_ws/install/xarm_description:/home/berenic/Documents/LPRS2_2026/Robo_Hand_RS485/ROS2/robo_hand_ws/install/mbot_demo:/home/berenic/Documents/LPRS2_2026/Robo_Hand_RS485/ROS2/robo_hand_ws/install/realsense_gazebo_plugin:/opt/ros/jazzy CMAKE_PREFIX_PATH=${CMAKE_PREFIX_PATH}:/home/berenic/Documents/LPRS2_2026/Robo_Hand_RS485/ROS2/robo_hand_ws/install/uf_ros_lib:/opt/ros/jazzy DEBUGINFOD_URLS=https://debuginfod.ubuntu.com PYTHONPATH=/home/berenic/Documents/LPRS2_2026/Robo_Hand_RS485/ROS2/robo_hand_ws/build/uf_ros_lib:/home/berenic/Documents/LPRS2_2026/Robo_Hand_RS485/ROS2/robo_hand_ws/install/uf_ros_lib/lib/python3.12/site-packages:/home/berenic/Documents/LPRS2_2026/Robo_Hand_RS485/ROS2/robo_hand_ws/install/xarm_msgs/lib/python3.12/site-packages:/opt/ros/jazzy/lib/python3.12/site-packages /usr/bin/cmake --build /home/berenic/Documents/LPRS2_2026/Robo_Hand_RS485/ROS2/robo_hand_ws/build/mbot_demo -- -j12 -l12
[1.787s] DEBUG:colcon.colcon_core.event_handler.log_command:Invoking command in '/home/berenic/Documents/LPRS2_2026/Robo_Hand_RS485/ROS2/robo_hand_ws/build/mbot_demo': AMENT_PREFIX_PATH=/home/berenic/Documents/LPRS2_2026/Robo_Hand_RS485/ROS2/robo_hand_ws/install/uf_ros_lib:/home/berenic/Documents/LPRS2_2026/Robo_Hand_RS485/ROS2/robo_hand_ws/install/glue_events_routines:/home/berenic/Documents/LPRS2_2026/Robo_Hand_RS485/ROS2/robo_hand_ws/install/xarm_planner:/home/berenic/Documents/LPRS2_2026/Robo_Hand_RS485/ROS2/robo_hand_ws/install/xarm_moveit_servo:/home/berenic/Documents/LPRS2_2026/Robo_Hand_RS485/ROS2/robo_hand_ws/install/xarm_moveit_config:/home/berenic/Documents/LPRS2_2026/Robo_Hand_RS485/ROS2/robo_hand_ws/install/xarm_gazebo:/home/berenic/Documents/LPRS2_2026/Robo_Hand_RS485/ROS2/robo_hand_ws/install/xarm_controller:/home/berenic/Documents/LPRS2_2026/Robo_Hand_RS485/ROS2/robo_hand_ws/install/xarm_api:/home/berenic/Documents/LPRS2_2026/Robo_Hand_RS485/ROS2/robo_hand_ws/install/xarm_sdk:/home/berenic/Documents/LPRS2_2026/Robo_Hand_RS485/ROS2/robo_hand_ws/install/xarm_msgs:/home/berenic/Documents/LPRS2_2026/Robo_Hand_RS485/ROS2/robo_hand_ws/install/xarm_description:/home/berenic/Documents/LPRS2_2026/Robo_Hand_RS485/ROS2/robo_hand_ws/install/mbot_demo:/home/berenic/Documents/LPRS2_2026/Robo_Hand_RS485/ROS2/robo_hand_ws/install/realsense_gazebo_plugin:/opt/ros/jazzy CMAKE_PREFIX_PATH=${CMAKE_PREFIX_PATH}:/home/berenic/Documents/LPRS2_2026/Robo_Hand_RS485/ROS2/robo_hand_ws/install/uf_ros_lib:/opt/ros/jazzy DEBUGINFOD_URLS=https://debuginfod.ubuntu.com PYTHONPATH=/home/berenic/Documents/LPRS2_2026/Robo_Hand_RS485/ROS2/robo_hand_ws/build/uf_ros_lib:/home/berenic/Documents/LPRS2_2026/Robo_Hand_RS485/ROS2/robo_hand_ws/install/uf_ros_lib/lib/python3.12/site-packages:/home/berenic/Documents/LPRS2_2026/Robo_Hand_RS485/ROS2/robo_hand_ws/install/xarm_msgs/lib/python3.12/site-packages:/opt/ros/jazzy/lib/python3.12/site-packages /usr/bin/cmake --install /home/berenic/Documents/LPRS2_2026/Robo_Hand_RS485/ROS2/robo_hand_ws/build/mbot_demo
[1.811s] Level 1:colcon.colcon_core.environment:create_environment_scripts_only(mbot_demo)
[1.811s] Level 1:colcon.colcon_core.environment:checking '/home/berenic/Documents/LPRS2_2026/Robo_Hand_RS485/ROS2/robo_hand_ws/install/mbot_demo' for CMake module files
[1.812s] DEBUG:colcon.colcon_core.event_handler.log_command:Invoked command in '/home/berenic/Documents/LPRS2_2026/Robo_Hand_RS485/ROS2/robo_hand_ws/build/mbot_demo' returned '0': AMENT_PREFIX_PATH=/home/berenic/Documents/LPRS2_2026/Robo_Hand_RS485/ROS2/robo_hand_ws/install/uf_ros_lib:/home/berenic/Documents/LPRS2_2026/Robo_Hand_RS485/ROS2/robo_hand_ws/install/glue_events_routines:/home/berenic/Documents/LPRS2_2026/Robo_Hand_RS485/ROS2/robo_hand_ws/install/xarm_planner:/home/berenic/Documents/LPRS2_2026/Robo_Hand_RS485/ROS2/robo_hand_ws/install/xarm_moveit_servo:/home/berenic/Documents/LPRS2_2026/Robo_Hand_RS485/ROS2/robo_hand_ws/install/xarm_moveit_config:/home/berenic/Documents/LPRS2_2026/Robo_Hand_RS485/ROS2/robo_hand_ws/install/xarm_gazebo:/home/berenic/Documents/LPRS2_2026/Robo_Hand_RS485/ROS2/robo_hand_ws/install/xarm_controller:/home/berenic/Documents/LPRS2_2026/Robo_Hand_RS485/ROS2/robo_hand_ws/install/xarm_api:/home/berenic/Documents/LPRS2_2026/Robo_Hand_RS485/ROS2/robo_hand_ws/install/xarm_sdk:/home/berenic/Documents/LPRS2_2026/Robo_Hand_RS485/ROS2/robo_hand_ws/install/xarm_msgs:/home/berenic/Documents/LPRS2_2026/Robo_Hand_RS485/ROS2/robo_hand_ws/install/xarm_description:/home/berenic/Documents/LPRS2_2026/Robo_Hand_RS485/ROS2/robo_hand_ws/install/mbot_demo:/home/berenic/Documents/LPRS2_2026/Robo_Hand_RS485/ROS2/robo_hand_ws/install/realsense_gazebo_plugin:/opt/ros/jazzy CMAKE_PREFIX_PATH=${CMAKE_PREFIX_PATH}:/home/berenic/Documents/LPRS2_2026/Robo_Hand_RS485/ROS2/robo_hand_ws/install/uf_ros_lib:/opt/ros/jazzy DEBUGINFOD_URLS=https://debuginfod.ubuntu.com PYTHONPATH=/home/berenic/Documents/LPRS2_2026/Robo_Hand_RS485/ROS2/robo_hand_ws/build/uf_ros_lib:/home/berenic/Documents/LPRS2_2026/Robo_Hand_RS485/ROS2/robo_hand_ws/install/uf_ros_lib/lib/python3.12/site-packages:/home/berenic/Documents/LPRS2_2026/Robo_Hand_RS485/ROS2/robo_hand_ws/install/xarm_msgs/lib/python3.12/site-packages:/opt/ros/jazzy/lib/python3.12/site-packages /usr/bin/cmake --install /home/berenic/Documents/LPRS2_2026/Robo_Hand_RS485/ROS2/robo_hand_ws/build/mbot_demo
[1.812s] Level 1:colcon.colcon_core.environment:checking '/home/berenic/Documents/LPRS2_2026/Robo_Hand_RS485/ROS2/robo_hand_ws/install/mbot_demo' for CMake config files
[1.812s] Level 1:colcon.colcon_core.shell:create_environment_hook('mbot_demo', 'cmake_prefix_path')
[1.812s] INFO:colcon.colcon_core.shell:Creating environment hook '/home/berenic/Documents/LPRS2_2026/Robo_Hand_RS485/ROS2/robo_hand_ws/install/mbot_demo/share/mbot_demo/hook/cmake_prefix_path.ps1'
[1.813s] INFO:colcon.colcon_core.shell:Creating environment descriptor '/home/berenic/Documents/LPRS2_2026/Robo_Hand_RS485/ROS2/robo_hand_ws/install/mbot_demo/share/mbot_demo/hook/cmake_prefix_path.dsv'
[1.813s] INFO:colcon.colcon_core.shell:Creating environment hook '/home/berenic/Documents/LPRS2_2026/Robo_Hand_RS485/ROS2/robo_hand_ws/install/mbot_demo/share/mbot_demo/hook/cmake_prefix_path.sh'
[1.813s] Level 1:colcon.colcon_core.environment:checking '/home/berenic/Documents/LPRS2_2026/Robo_Hand_RS485/ROS2/robo_hand_ws/install/mbot_demo/bin'
[1.814s] Level 1:colcon.colcon_core.environment:checking '/home/berenic/Documents/LPRS2_2026/Robo_Hand_RS485/ROS2/robo_hand_ws/install/mbot_demo/lib/pkgconfig/mbot_demo.pc'
[1.814s] Level 1:colcon.colcon_core.environment:checking '/home/berenic/Documents/LPRS2_2026/Robo_Hand_RS485/ROS2/robo_hand_ws/install/mbot_demo/lib/python3.12/site-packages'
[1.814s] Level 1:colcon.colcon_core.environment:checking '/home/berenic/Documents/LPRS2_2026/Robo_Hand_RS485/ROS2/robo_hand_ws/install/mbot_demo/bin'
[1.814s] INFO:colcon.colcon_core.shell:Creating package script '/home/berenic/Documents/LPRS2_2026/Robo_Hand_RS485/ROS2/robo_hand_ws/install/mbot_demo/share/mbot_demo/package.ps1'
[1.814s] INFO:colcon.colcon_core.shell:Creating package descriptor '/home/berenic/Documents/LPRS2_2026/Robo_Hand_RS485/ROS2/robo_hand_ws/install/mbot_demo/share/mbot_demo/package.dsv'
[1.815s] INFO:colcon.colcon_core.shell:Creating package script '/home/berenic/Documents/LPRS2_2026/Robo_Hand_RS485/ROS2/robo_hand_ws/install/mbot_demo/share/mbot_demo/package.sh'
[1.815s] INFO:colcon.colcon_core.shell:Creating package script '/home/berenic/Documents/LPRS2_2026/Robo_Hand_RS485/ROS2/robo_hand_ws/install/mbot_demo/share/mbot_demo/package.bash'
[1.815s] INFO:colcon.colcon_core.shell:Creating package script '/home/berenic/Documents/LPRS2_2026/Robo_Hand_RS485/ROS2/robo_hand_ws/install/mbot_demo/share/mbot_demo/package.zsh'
[1.816s] Level 1:colcon.colcon_core.environment:create_file_with_runtime_dependencies(/home/berenic/Documents/LPRS2_2026/Robo_Hand_RS485/ROS2/robo_hand_ws/install/mbot_demo/share/colcon-core/packages/mbot_demo)
[1.816s] Level 1:colcon.colcon_core.environment:create_environment_scripts_only(mbot_demo)
[1.816s] Level 1:colcon.colcon_core.environment:checking '/home/berenic/Documents/LPRS2_2026/Robo_Hand_RS485/ROS2/robo_hand_ws/install/mbot_demo' for CMake module files
[1.816s] Level 1:colcon.colcon_core.environment:checking '/home/berenic/Documents/LPRS2_2026/Robo_Hand_RS485/ROS2/robo_hand_ws/install/mbot_demo' for CMake config files
[1.817s] Level 1:colcon.colcon_core.shell:create_environment_hook('mbot_demo', 'cmake_prefix_path')
[1.817s] INFO:colcon.colcon_core.shell:Creating environment hook '/home/berenic/Documents/LPRS2_2026/Robo_Hand_RS485/ROS2/robo_hand_ws/install/mbot_demo/share/mbot_demo/hook/cmake_prefix_path.ps1'
[1.817s] INFO:colcon.colcon_core.shell:Creating environment descriptor '/home/berenic/Documents/LPRS2_2026/Robo_Hand_RS485/ROS2/robo_hand_ws/install/mbot_demo/share/mbot_demo/hook/cmake_prefix_path.dsv'
[1.817s] INFO:colcon.colcon_core.shell:Creating environment hook '/home/berenic/Documents/LPRS2_2026/Robo_Hand_RS485/ROS2/robo_hand_ws/install/mbot_demo/share/mbot_demo/hook/cmake_prefix_path.sh'
[1.818s] Level 1:colcon.colcon_core.environment:checking '/home/berenic/Documents/LPRS2_2026/Robo_Hand_RS485/ROS2/robo_hand_ws/install/mbot_demo/bin'
[1.818s] Level 1:colcon.colcon_core.environment:checking '/home/berenic/Documents/LPRS2_2026/Robo_Hand_RS485/ROS2/robo_hand_ws/install/mbot_demo/lib/pkgconfig/mbot_demo.pc'
[1.818s] Level 1:colcon.colcon_core.environment:checking '/home/berenic/Documents/LPRS2_2026/Robo_Hand_RS485/ROS2/robo_hand_ws/install/mbot_demo/lib/python3.12/site-packages'
[1.818s] Level 1:colcon.colcon_core.environment:checking '/home/berenic/Documents/LPRS2_2026/Robo_Hand_RS485/ROS2/robo_hand_ws/install/mbot_demo/bin'
[1.818s] INFO:colcon.colcon_core.shell:Creating package script '/home/berenic/Documents/LPRS2_2026/Robo_Hand_RS485/ROS2/robo_hand_ws/install/mbot_demo/share/mbot_demo/package.ps1'
[1.819s] INFO:colcon.colcon_core.shell:Creating package descriptor '/home/berenic/Documents/LPRS2_2026/Robo_Hand_RS485/ROS2/robo_hand_ws/install/mbot_demo/share/mbot_demo/package.dsv'
[1.819s] INFO:colcon.colcon_core.shell:Creating package script '/home/berenic/Documents/LPRS2_2026/Robo_Hand_RS485/ROS2/robo_hand_ws/install/mbot_demo/share/mbot_demo/package.sh'
[1.819s] INFO:colcon.colcon_core.shell:Creating package script '/home/berenic/Documents/LPRS2_2026/Robo_Hand_RS485/ROS2/robo_hand_ws/install/mbot_demo/share/mbot_demo/package.bash'
[1.820s] INFO:colcon.colcon_core.shell:Creating package script '/home/berenic/Documents/LPRS2_2026/Robo_Hand_RS485/ROS2/robo_hand_ws/install/mbot_demo/share/mbot_demo/package.zsh'
[1.820s] Level 1:colcon.colcon_core.environment:create_file_with_runtime_dependencies(/home/berenic/Documents/LPRS2_2026/Robo_Hand_RS485/ROS2/robo_hand_ws/install/mbot_demo/share/colcon-core/packages/mbot_demo)
[1.822s] DEBUG:colcon.colcon_core.event_handler.log_command:Invoked command in '/home/berenic/Documents/LPRS2_2026/Robo_Hand_RS485/ROS2/robo_hand_ws/build/xarm_gazebo' returned '0': AMENT_PREFIX_PATH=/home/berenic/Documents/LPRS2_2026/Robo_Hand_RS485/ROS2/robo_hand_ws/install/uf_ros_lib:/home/berenic/Documents/LPRS2_2026/Robo_Hand_RS485/ROS2/robo_hand_ws/install/glue_events_routines:/home/berenic/Documents/LPRS2_2026/Robo_Hand_RS485/ROS2/robo_hand_ws/install/xarm_planner:/home/berenic/Documents/LPRS2_2026/Robo_Hand_RS485/ROS2/robo_hand_ws/install/xarm_moveit_servo:/home/berenic/Documents/LPRS2_2026/Robo_Hand_RS485/ROS2/robo_hand_ws/install/xarm_moveit_config:/home/berenic/Documents/LPRS2_2026/Robo_Hand_RS485/ROS2/robo_hand_ws/install/xarm_gazebo:/home/berenic/Documents/LPRS2_2026/Robo_Hand_RS485/ROS2/robo_hand_ws/install/xarm_controller:/home/berenic/Documents/LPRS2_2026/Robo_Hand_RS485/ROS2/robo_hand_ws/install/xarm_api:/home/berenic/Documents/LPRS2_2026/Robo_Hand_RS485/ROS2/robo_hand_ws/install/xarm_sdk:/home/berenic/Documents/LPRS2_2026/Robo_Hand_RS485/ROS2/robo_hand_ws/install/xarm_msgs:/home/berenic/Documents/LPRS2_2026/Robo_Hand_RS485/ROS2/robo_hand_ws/install/xarm_description:/home/berenic/Documents/LPRS2_2026/Robo_Hand_RS485/ROS2/robo_hand_ws/install/mbot_demo:/home/berenic/Documents/LPRS2_2026/Robo_Hand_RS485/ROS2/robo_hand_ws/install/realsense_gazebo_plugin:/opt/ros/jazzy CMAKE_PREFIX_PATH=/home/berenic/Documents/LPRS2_2026/Robo_Hand_RS485/ROS2/robo_hand_ws/install/xarm_controller:/home/berenic/Documents/LPRS2_2026/Robo_Hand_RS485/ROS2/robo_hand_ws/install/xarm_api:/home/berenic/Documents/LPRS2_2026/Robo_Hand_RS485/ROS2/robo_hand_ws/install/xarm_sdk:/home/berenic/Documents/LPRS2_2026/Robo_Hand_RS485/ROS2/robo_hand_ws/install/xarm_msgs:/home/berenic/Documents/LPRS2_2026/Robo_Hand_RS485/ROS2/robo_hand_ws/install/xarm_description:/home/berenic/Documents/LPRS2_2026/Robo_Hand_RS485/ROS2/robo_hand_ws/install/glue_events_routines:/home/berenic/Documents/LPRS2_2026/Robo_Hand_RS485/ROS2/robo_hand_ws/install/xarm_planner:/home/berenic/Documents/LPRS2_2026/Robo_Hand_RS485/ROS2/robo_hand_ws/install/xarm_moveit_servo:/home/berenic/Documents/LPRS2_2026/Robo_Hand_RS485/ROS2/robo_hand_ws/install/xarm_moveit_config:/home/berenic/Documents/LPRS2_2026/Robo_Hand_RS485/ROS2/robo_hand_ws/install/xarm_gazebo:/home/berenic/Documents/LPRS2_2026/Robo_Hand_RS485/ROS2/robo_hand_ws/install/mbot_demo:/home/berenic/Documents/LPRS2_2026/Robo_Hand_RS485/ROS2/robo_hand_ws/install/realsense_gazebo_plugin:/opt/ros/jazzy/opt/gz_sim_vendor:/opt/ros/jazzy/opt/gz_sensors_vendor:/opt/ros/jazzy/opt/gz_physics_vendor:/opt/ros/jazzy/opt/sdformat_vendor:/opt/ros/jazzy/opt/gz_gui_vendor:/opt/ros/jazzy/opt/gz_transport_vendor:/opt/ros/jazzy/opt/gz_rendering_vendor:/opt/ros/jazzy/opt/gz_plugin_vendor:/opt/ros/jazzy/opt/gz_fuel_tools_vendor:/opt/ros/jazzy/opt/gz_msgs_vendor:/opt/ros/jazzy/opt/gz_common_vendor:/opt/ros/jazzy/opt/gz_math_vendor:/opt/ros/jazzy/opt/gz_utils_vendor:/opt/ros/jazzy/opt/gz_tools_vendor:/opt/ros/jazzy/opt/gz_ogre_next_vendor:/opt/ros/jazzy/opt/gz_dartsim_vendor:/opt/ros/jazzy/opt/gz_cmake_vendor:/home/berenic/Documents/LPRS2_2026/Robo_Hand_RS485/ROS2/robo_hand_ws/install/uf_ros_lib:/opt/ros/jazzy DEBUGINFOD_URLS=https://debuginfod.ubuntu.com LD_LIBRARY_PATH=/home/berenic/Documents/LPRS2_2026/Robo_Hand_RS485/ROS2/robo_hand_ws/install/xarm_controller/lib:/home/berenic/Documents/LPRS2_2026/Robo_Hand_RS485/ROS2/robo_hand_ws/install/xarm_api/lib:/home/berenic/Documents/LPRS2_2026/Robo_Hand_RS485/ROS2/robo_hand_ws/install/xarm_sdk/lib:/home/berenic/Documents/LPRS2_2026/Robo_Hand_RS485/ROS2/robo_hand_ws/install/xarm_msgs/lib:/home/berenic/Documents/LPRS2_2026/Robo_Hand_RS485/ROS2/robo_hand_ws/install/xarm_planner/lib:/home/berenic/Documents/LPRS2_2026/Robo_Hand_RS485/ROS2/robo_hand_ws/install/xarm_moveit_servo/lib:/home/berenic/Documents/LPRS2_2026/Robo_Hand_RS485/ROS2/robo_hand_ws/install/xarm_gazebo/lib:/home/berenic/Documents/LPRS2_2026/Robo_Hand_RS485/ROS2/robo_hand_ws/install/realsense_gazebo_plugin/lib:/opt/ros/jazzy/opt/gz_sim_vendor/lib:/opt/ros/jazzy/opt/gz_sensors_vendor/lib:/opt/ros/jazzy/opt/gz_physics_vendor/lib:/opt/ros/jazzy/opt/sdformat_vendor/lib:/opt/ros/jazzy/opt/rviz_ogre_vendor/lib:/opt/ros/jazzy/lib/x86_64-linux-gnu:/opt/ros/jazzy/opt/gz_gui_vendor/lib:/opt/ros/jazzy/opt/gz_transport_vendor/lib:/opt/ros/jazzy/opt/gz_rendering_vendor/lib:/opt/ros/jazzy/opt/gz_plugin_vendor/lib:/opt/ros/jazzy/opt/gz_fuel_tools_vendor/lib:/opt/ros/jazzy/opt/gz_msgs_vendor/lib:/opt/ros/jazzy/opt/gz_common_vendor/lib:/opt/ros/jazzy/opt/gz_math_vendor/lib:/opt/ros/jazzy/opt/gz_utils_vendor/lib:/opt/ros/jazzy/opt/gz_tools_vendor/lib:/opt/ros/jazzy/opt/gz_ogre_next_vendor/lib:/opt/ros/jazzy/opt/gz_dartsim_vendor/lib:/opt/ros/jazzy/opt/gz_cmake_vendor/lib:/opt/ros/jazzy/lib /usr/bin/cmake --build /home/berenic/Documents/LPRS2_2026/Robo_Hand_RS485/ROS2/robo_hand_ws/build/xarm_gazebo -- -j12 -l12
[1.822s] DEBUG:colcon.colcon_core.event_handler.log_command:Invoking command in '/home/berenic/Documents/LPRS2_2026/Robo_Hand_RS485/ROS2/robo_hand_ws/build/xarm_gazebo': AMENT_PREFIX_PATH=/home/berenic/Documents/LPRS2_2026/Robo_Hand_RS485/ROS2/robo_hand_ws/install/uf_ros_lib:/home/berenic/Documents/LPRS2_2026/Robo_Hand_RS485/ROS2/robo_hand_ws/install/glue_events_routines:/home/berenic/Documents/LPRS2_2026/Robo_Hand_RS485/ROS2/robo_hand_ws/install/xarm_planner:/home/berenic/Documents/LPRS2_2026/Robo_Hand_RS485/ROS2/robo_hand_ws/install/xarm_moveit_servo:/home/berenic/Documents/LPRS2_2026/Robo_Hand_RS485/ROS2/robo_hand_ws/install/xarm_moveit_config:/home/berenic/Documents/LPRS2_2026/Robo_Hand_RS485/ROS2/robo_hand_ws/install/xarm_gazebo:/home/berenic/Documents/LPRS2_2026/Robo_Hand_RS485/ROS2/robo_hand_ws/install/xarm_controller:/home/berenic/Documents/LPRS2_2026/Robo_Hand_RS485/ROS2/robo_hand_ws/install/xarm_api:/home/berenic/Documents/LPRS2_2026/Robo_Hand_RS485/ROS2/robo_hand_ws/install/xarm_sdk:/home/berenic/Documents/LPRS2_2026/Robo_Hand_RS485/ROS2/robo_hand_ws/install/xarm_msgs:/home/berenic/Documents/LPRS2_2026/Robo_Hand_RS485/ROS2/robo_hand_ws/install/xarm_description:/home/berenic/Documents/LPRS2_2026/Robo_Hand_RS485/ROS2/robo_hand_ws/install/mbot_demo:/home/berenic/Documents/LPRS2_2026/Robo_Hand_RS485/ROS2/robo_hand_ws/install/realsense_gazebo_plugin:/opt/ros/jazzy CMAKE_PREFIX_PATH=/home/berenic/Documents/LPRS2_2026/Robo_Hand_RS485/ROS2/robo_hand_ws/install/xarm_controller:/home/berenic/Documents/LPRS2_2026/Robo_Hand_RS485/ROS2/robo_hand_ws/install/xarm_api:/home/berenic/Documents/LPRS2_2026/Robo_Hand_RS485/ROS2/robo_hand_ws/install/xarm_sdk:/home/berenic/Documents/LPRS2_2026/Robo_Hand_RS485/ROS2/robo_hand_ws/install/xarm_msgs:/home/berenic/Documents/LPRS2_2026/Robo_Hand_RS485/ROS2/robo_hand_ws/install/xarm_description:/home/berenic/Documents/LPRS2_2026/Robo_Hand_RS485/ROS2/robo_hand_ws/install/glue_events_routines:/home/berenic/Documents/LPRS2_2026/Robo_Hand_RS485/ROS2/robo_hand_ws/install/xarm_planner:/home/berenic/Documents/LPRS2_2026/Robo_Hand_RS485/ROS2/robo_hand_ws/install/xarm_moveit_servo:/home/berenic/Documents/LPRS2_2026/Robo_Hand_RS485/ROS2/robo_hand_ws/install/xarm_moveit_config:/home/berenic/Documents/LPRS2_2026/Robo_Hand_RS485/ROS2/robo_hand_ws/install/xarm_gazebo:/home/berenic/Documents/LPRS2_2026/Robo_Hand_RS485/ROS2/robo_hand_ws/install/mbot_demo:/home/berenic/Documents/LPRS2_2026/Robo_Hand_RS485/ROS2/robo_hand_ws/install/realsense_gazebo_plugin:/opt/ros/jazzy/opt/gz_sim_vendor:/opt/ros/jazzy/opt/gz_sensors_vendor:/opt/ros/jazzy/opt/gz_physics_vendor:/opt/ros/jazzy/opt/sdformat_vendor:/opt/ros/jazzy/opt/gz_gui_vendor:/opt/ros/jazzy/opt/gz_transport_vendor:/opt/ros/jazzy/opt/gz_rendering_vendor:/opt/ros/jazzy/opt/gz_plugin_vendor:/opt/ros/jazzy/opt/gz_fuel_tools_vendor:/opt/ros/jazzy/opt/gz_msgs_vendor:/opt/ros/jazzy/opt/gz_common_vendor:/opt/ros/jazzy/opt/gz_math_vendor:/opt/ros/jazzy/opt/gz_utils_vendor:/opt/ros/jazzy/opt/gz_tools_vendor:/opt/ros/jazzy/opt/gz_ogre_next_vendor:/opt/ros/jazzy/opt/gz_dartsim_vendor:/opt/ros/jazzy/opt/gz_cmake_vendor:/home/berenic/Documents/LPRS2_2026/Robo_Hand_RS485/ROS2/robo_hand_ws/install/uf_ros_lib:/opt/ros/jazzy DEBUGINFOD_URLS=https://debuginfod.ubuntu.com LD_LIBRARY_PATH=/home/berenic/Documents/LPRS2_2026/Robo_Hand_RS485/ROS2/robo_hand_ws/install/xarm_controller/lib:/home/berenic/Documents/LPRS2_2026/Robo_Hand_RS485/ROS2/robo_hand_ws/install/xarm_api/lib:/home/berenic/Documents/LPRS2_2026/Robo_Hand_RS485/ROS2/robo_hand_ws/install/xarm_sdk/lib:/home/berenic/Documents/LPRS2_2026/Robo_Hand_RS485/ROS2/robo_hand_ws/install/xarm_msgs/lib:/home/berenic/Documents/LPRS2_2026/Robo_Hand_RS485/ROS2/robo_hand_ws/install/xarm_planner/lib:/home/berenic/Documents/LPRS2_2026/Robo_Hand_RS485/ROS2/robo_hand_ws/install/xarm_moveit_servo/lib:/home/berenic/Documents/LPRS2_2026/Robo_Hand_RS485/ROS2/robo_hand_ws/install/xarm_gazebo/lib:/home/berenic/Documents/LPRS2_2026/Robo_Hand_RS485/ROS2/robo_hand_ws/install/realsense_gazebo_plugin/lib:/opt/ros/jazzy/opt/gz_sim_vendor/lib:/opt/ros/jazzy/opt/gz_sensors_vendor/lib:/opt/ros/jazzy/opt/gz_physics_vendor/lib:/opt/ros/jazzy/opt/sdformat_vendor/lib:/opt/ros/jazzy/opt/rviz_ogre_vendor/lib:/opt/ros/jazzy/lib/x86_64-linux-gnu:/opt/ros/jazzy/opt/gz_gui_vendor/lib:/opt/ros/jazzy/opt/gz_transport_vendor/lib:/opt/ros/jazzy/opt/gz_rendering_vendor/lib:/opt/ros/jazzy/opt/gz_plugin_vendor/lib:/opt/ros/jazzy/opt/gz_fuel_tools_vendor/lib:/opt/ros/jazzy/opt/gz_msgs_vendor/lib:/opt/ros/jazzy/opt/gz_common_vendor/lib:/opt/ros/jazzy/opt/gz_math_vendor/lib:/opt/ros/jazzy/opt/gz_utils_vendor/lib:/opt/ros/jazzy/opt/gz_tools_vendor/lib:/opt/ros/jazzy/opt/gz_ogre_next_vendor/lib:/opt/ros/jazzy/opt/gz_dartsim_vendor/lib:/opt/ros/jazzy/opt/gz_cmake_vendor/lib:/opt/ros/jazzy/lib /usr/bin/cmake --install /home/berenic/Documents/LPRS2_2026/Robo_Hand_RS485/ROS2/robo_hand_ws/build/xarm_gazebo
[1.849s] Level 1:colcon.colcon_core.environment:create_environment_scripts_only(xarm_gazebo)
[1.849s] Level 1:colcon.colcon_core.environment:checking '/home/berenic/Documents/LPRS2_2026/Robo_Hand_RS485/ROS2/robo_hand_ws/install/xarm_gazebo' for CMake module files
[1.849s] DEBUG:colcon.colcon_core.event_handler.log_command:Invoked command in '/home/berenic/Documents/LPRS2_2026/Robo_Hand_RS485/ROS2/robo_hand_ws/build/xarm_gazebo' returned '0': AMENT_PREFIX_PATH=/home/berenic/Documents/LPRS2_2026/Robo_Hand_RS485/ROS2/robo_hand_ws/install/uf_ros_lib:/home/berenic/Documents/LPRS2_2026/Robo_Hand_RS485/ROS2/robo_hand_ws/install/glue_events_routines:/home/berenic/Documents/LPRS2_2026/Robo_Hand_RS485/ROS2/robo_hand_ws/install/xarm_planner:/home/berenic/Documents/LPRS2_2026/Robo_Hand_RS485/ROS2/robo_hand_ws/install/xarm_moveit_servo:/home/berenic/Documents/LPRS2_2026/Robo_Hand_RS485/ROS2/robo_hand_ws/install/xarm_moveit_config:/home/berenic/Documents/LPRS2_2026/Robo_Hand_RS485/ROS2/robo_hand_ws/install/xarm_gazebo:/home/berenic/Documents/LPRS2_2026/Robo_Hand_RS485/ROS2/robo_hand_ws/install/xarm_controller:/home/berenic/Documents/LPRS2_2026/Robo_Hand_RS485/ROS2/robo_hand_ws/install/xarm_api:/home/berenic/Documents/LPRS2_2026/Robo_Hand_RS485/ROS2/robo_hand_ws/install/xarm_sdk:/home/berenic/Documents/LPRS2_2026/Robo_Hand_RS485/ROS2/robo_hand_ws/install/xarm_msgs:/home/berenic/Documents/LPRS2_2026/Robo_Hand_RS485/ROS2/robo_hand_ws/install/xarm_description:/home/berenic/Documents/LPRS2_2026/Robo_Hand_RS485/ROS2/robo_hand_ws/install/mbot_demo:/home/berenic/Documents/LPRS2_2026/Robo_Hand_RS485/ROS2/robo_hand_ws/install/realsense_gazebo_plugin:/opt/ros/jazzy CMAKE_PREFIX_PATH=/home/berenic/Documents/LPRS2_2026/Robo_Hand_RS485/ROS2/robo_hand_ws/install/xarm_controller:/home/berenic/Documents/LPRS2_2026/Robo_Hand_RS485/ROS2/robo_hand_ws/install/xarm_api:/home/berenic/Documents/LPRS2_2026/Robo_Hand_RS485/ROS2/robo_hand_ws/install/xarm_sdk:/home/berenic/Documents/LPRS2_2026/Robo_Hand_RS485/ROS2/robo_hand_ws/install/xarm_msgs:/home/berenic/Documents/LPRS2_2026/Robo_Hand_RS485/ROS2/robo_hand_ws/install/xarm_description:/home/berenic/Documents/LPRS2_2026/Robo_Hand_RS485/ROS2/robo_hand_ws/install/glue_events_routines:/home/berenic/Documents/LPRS2_2026/Robo_Hand_RS485/ROS2/robo_hand_ws/install/xarm_planner:/home/berenic/Documents/LPRS2_2026/Robo_Hand_RS485/ROS2/robo_hand_ws/install/xarm_moveit_servo:/home/berenic/Documents/LPRS2_2026/Robo_Hand_RS485/ROS2/robo_hand_ws/install/xarm_moveit_config:/home/berenic/Documents/LPRS2_2026/Robo_Hand_RS485/ROS2/robo_hand_ws/install/xarm_gazebo:/home/berenic/Documents/LPRS2_2026/Robo_Hand_RS485/ROS2/robo_hand_ws/install/mbot_demo:/home/berenic/Documents/LPRS2_2026/Robo_Hand_RS485/ROS2/robo_hand_ws/install/realsense_gazebo_plugin:/opt/ros/jazzy/opt/gz_sim_vendor:/opt/ros/jazzy/opt/gz_sensors_vendor:/opt/ros/jazzy/opt/gz_physics_vendor:/opt/ros/jazzy/opt/sdformat_vendor:/opt/ros/jazzy/opt/gz_gui_vendor:/opt/ros/jazzy/opt/gz_transport_vendor:/opt/ros/jazzy/opt/gz_rendering_vendor:/opt/ros/jazzy/opt/gz_plugin_vendor:/opt/ros/jazzy/opt/gz_fuel_tools_vendor:/opt/ros/jazzy/opt/gz_msgs_vendor:/opt/ros/jazzy/opt/gz_common_vendor:/opt/ros/jazzy/opt/gz_math_vendor:/opt/ros/jazzy/opt/gz_utils_vendor:/opt/ros/jazzy/opt/gz_tools_vendor:/opt/ros/jazzy/opt/gz_ogre_next_vendor:/opt/ros/jazzy/opt/gz_dartsim_vendor:/opt/ros/jazzy/opt/gz_cmake_vendor:/home/berenic/Documents/LPRS2_2026/Robo_Hand_RS485/ROS2/robo_hand_ws/install/uf_ros_lib:/opt/ros/jazzy DEBUGINFOD_URLS=https://debuginfod.ubuntu.com LD_LIBRARY_PATH=/home/berenic/Documents/LPRS2_2026/Robo_Hand_RS485/ROS2/robo_hand_ws/install/xarm_controller/lib:/home/berenic/Documents/LPRS2_2026/Robo_Hand_RS485/ROS2/robo_hand_ws/install/xarm_api/lib:/home/berenic/Documents/LPRS2_2026/Robo_Hand_RS485/ROS2/robo_hand_ws/install/xarm_sdk/lib:/home/berenic/Documents/LPRS2_2026/Robo_Hand_RS485/ROS2/robo_hand_ws/install/xarm_msgs/lib:/home/berenic/Documents/LPRS2_2026/Robo_Hand_RS485/ROS2/robo_hand_ws/install/xarm_planner/lib:/home/berenic/Documents/LPRS2_2026/Robo_Hand_RS485/ROS2/robo_hand_ws/install/xarm_moveit_servo/lib:/home/berenic/Documents/LPRS2_2026/Robo_Hand_RS485/ROS2/robo_hand_ws/install/xarm_gazebo/lib:/home/berenic/Documents/LPRS2_2026/Robo_Hand_RS485/ROS2/robo_hand_ws/install/realsense_gazebo_plugin/lib:/opt/ros/jazzy/opt/gz_sim_vendor/lib:/opt/ros/jazzy/opt/gz_sensors_vendor/lib:/opt/ros/jazzy/opt/gz_physics_vendor/lib:/opt/ros/jazzy/opt/sdformat_vendor/lib:/opt/ros/jazzy/opt/rviz_ogre_vendor/lib:/opt/ros/jazzy/lib/x86_64-linux-gnu:/opt/ros/jazzy/opt/gz_gui_vendor/lib:/opt/ros/jazzy/opt/gz_transport_vendor/lib:/opt/ros/jazzy/opt/gz_rendering_vendor/lib:/opt/ros/jazzy/opt/gz_plugin_vendor/lib:/opt/ros/jazzy/opt/gz_fuel_tools_vendor/lib:/opt/ros/jazzy/opt/gz_msgs_vendor/lib:/opt/ros/jazzy/opt/gz_common_vendor/lib:/opt/ros/jazzy/opt/gz_math_vendor/lib:/opt/ros/jazzy/opt/gz_utils_vendor/lib:/opt/ros/jazzy/opt/gz_tools_vendor/lib:/opt/ros/jazzy/opt/gz_ogre_next_vendor/lib:/opt/ros/jazzy/opt/gz_dartsim_vendor/lib:/opt/ros/jazzy/opt/gz_cmake_vendor/lib:/opt/ros/jazzy/lib /usr/bin/cmake --install /home/berenic/Documents/LPRS2_2026/Robo_Hand_RS485/ROS2/robo_hand_ws/build/xarm_gazebo
[1.850s] Level 1:colcon.colcon_core.environment:checking '/home/berenic/Documents/LPRS2_2026/Robo_Hand_RS485/ROS2/robo_hand_ws/install/xarm_gazebo' for CMake config files
[1.850s] Level 1:colcon.colcon_core.shell:create_environment_hook('xarm_gazebo', 'cmake_prefix_path')
[1.850s] INFO:colcon.colcon_core.shell:Creating environment hook '/home/berenic/Documents/LPRS2_2026/Robo_Hand_RS485/ROS2/robo_hand_ws/install/xarm_gazebo/share/xarm_gazebo/hook/cmake_prefix_path.ps1'
[1.851s] INFO:colcon.colcon_core.shell:Creating environment descriptor '/home/berenic/Documents/LPRS2_2026/Robo_Hand_RS485/ROS2/robo_hand_ws/install/xarm_gazebo/share/xarm_gazebo/hook/cmake_prefix_path.dsv'
[1.851s] INFO:colcon.colcon_core.shell:Creating environment hook '/home/berenic/Documents/LPRS2_2026/Robo_Hand_RS485/ROS2/robo_hand_ws/install/xarm_gazebo/share/xarm_gazebo/hook/cmake_prefix_path.sh'
[1.852s] Level 1:colcon.colcon_core.environment:checking '/home/berenic/Documents/LPRS2_2026/Robo_Hand_RS485/ROS2/robo_hand_ws/install/xarm_gazebo/lib'
[1.852s] Level 1:colcon.colcon_core.shell:create_environment_hook('xarm_gazebo', 'ld_library_path_lib')
[1.852s] INFO:colcon.colcon_core.shell:Creating environment hook '/home/berenic/Documents/LPRS2_2026/Robo_Hand_RS485/ROS2/robo_hand_ws/install/xarm_gazebo/share/xarm_gazebo/hook/ld_library_path_lib.ps1'
[1.852s] INFO:colcon.colcon_core.shell:Creating environment descriptor '/home/berenic/Documents/LPRS2_2026/Robo_Hand_RS485/ROS2/robo_hand_ws/install/xarm_gazebo/share/xarm_gazebo/hook/ld_library_path_lib.dsv'
[1.852s] INFO:colcon.colcon_core.shell:Creating environment hook '/home/berenic/Documents/LPRS2_2026/Robo_Hand_RS485/ROS2/robo_hand_ws/install/xarm_gazebo/share/xarm_gazebo/hook/ld_library_path_lib.sh'
[1.853s] Level 1:colcon.colcon_core.environment:checking '/home/berenic/Documents/LPRS2_2026/Robo_Hand_RS485/ROS2/robo_hand_ws/install/xarm_gazebo/bin'
[1.853s] Level 1:colcon.colcon_core.environment:checking '/home/berenic/Documents/LPRS2_2026/Robo_Hand_RS485/ROS2/robo_hand_ws/install/xarm_gazebo/lib/pkgconfig/xarm_gazebo.pc'
[1.853s] Level 1:colcon.colcon_core.environment:checking '/home/berenic/Documents/LPRS2_2026/Robo_Hand_RS485/ROS2/robo_hand_ws/install/xarm_gazebo/lib/python3.12/site-packages'
[1.853s] Level 1:colcon.colcon_core.environment:checking '/home/berenic/Documents/LPRS2_2026/Robo_Hand_RS485/ROS2/robo_hand_ws/install/xarm_gazebo/bin'
[1.853s] INFO:colcon.colcon_core.shell:Creating package script '/home/berenic/Documents/LPRS2_2026/Robo_Hand_RS485/ROS2/robo_hand_ws/install/xarm_gazebo/share/xarm_gazebo/package.ps1'
[1.854s] INFO:colcon.colcon_core.shell:Creating package descriptor '/home/berenic/Documents/LPRS2_2026/Robo_Hand_RS485/ROS2/robo_hand_ws/install/xarm_gazebo/share/xarm_gazebo/package.dsv'
[1.854s] INFO:colcon.colcon_core.shell:Creating package script '/home/berenic/Documents/LPRS2_2026/Robo_Hand_RS485/ROS2/robo_hand_ws/install/xarm_gazebo/share/xarm_gazebo/package.sh'
[1.854s] INFO:colcon.colcon_core.shell:Creating package script '/home/berenic/Documents/LPRS2_2026/Robo_Hand_RS485/ROS2/robo_hand_ws/install/xarm_gazebo/share/xarm_gazebo/package.bash'
[1.855s] INFO:colcon.colcon_core.shell:Creating package script '/home/berenic/Documents/LPRS2_2026/Robo_Hand_RS485/ROS2/robo_hand_ws/install/xarm_gazebo/share/xarm_gazebo/package.zsh'
[1.855s] Level 1:colcon.colcon_core.environment:create_file_with_runtime_dependencies(/home/berenic/Documents/LPRS2_2026/Robo_Hand_RS485/ROS2/robo_hand_ws/install/xarm_gazebo/share/colcon-core/packages/xarm_gazebo)
[1.855s] Level 1:colcon.colcon_core.environment:create_environment_scripts_only(xarm_gazebo)
[1.855s] Level 1:colcon.colcon_core.environment:checking '/home/berenic/Documents/LPRS2_2026/Robo_Hand_RS485/ROS2/robo_hand_ws/install/xarm_gazebo' for CMake module files
[1.856s] Level 1:colcon.colcon_core.environment:checking '/home/berenic/Documents/LPRS2_2026/Robo_Hand_RS485/ROS2/robo_hand_ws/install/xarm_gazebo' for CMake config files
[1.856s] Level 1:colcon.colcon_core.shell:create_environment_hook('xarm_gazebo', 'cmake_prefix_path')
[1.856s] INFO:colcon.colcon_core.shell:Creating environment hook '/home/berenic/Documents/LPRS2_2026/Robo_Hand_RS485/ROS2/robo_hand_ws/install/xarm_gazebo/share/xarm_gazebo/hook/cmake_prefix_path.ps1'
[1.857s] INFO:colcon.colcon_core.shell:Creating environment descriptor '/home/berenic/Documents/LPRS2_2026/Robo_Hand_RS485/ROS2/robo_hand_ws/install/xarm_gazebo/share/xarm_gazebo/hook/cmake_prefix_path.dsv'
[1.857s] INFO:colcon.colcon_core.shell:Creating environment hook '/home/berenic/Documents/LPRS2_2026/Robo_Hand_RS485/ROS2/robo_hand_ws/install/xarm_gazebo/share/xarm_gazebo/hook/cmake_prefix_path.sh'
[1.857s] Level 1:colcon.colcon_core.environment:checking '/home/berenic/Documents/LPRS2_2026/Robo_Hand_RS485/ROS2/robo_hand_ws/install/xarm_gazebo/lib'
[1.857s] Level 1:colcon.colcon_core.shell:create_environment_hook('xarm_gazebo', 'ld_library_path_lib')
[1.857s] INFO:colcon.colcon_core.shell:Creating environment hook '/home/berenic/Documents/LPRS2_2026/Robo_Hand_RS485/ROS2/robo_hand_ws/install/xarm_gazebo/share/xarm_gazebo/hook/ld_library_path_lib.ps1'
[1.858s] INFO:colcon.colcon_core.shell:Creating environment descriptor '/home/berenic/Documents/LPRS2_2026/Robo_Hand_RS485/ROS2/robo_hand_ws/install/xarm_gazebo/share/xarm_gazebo/hook/ld_library_path_lib.dsv'
[1.858s] INFO:colcon.colcon_core.shell:Creating environment hook '/home/berenic/Documents/LPRS2_2026/Robo_Hand_RS485/ROS2/robo_hand_ws/install/xarm_gazebo/share/xarm_gazebo/hook/ld_library_path_lib.sh'
[1.858s] Level 1:colcon.colcon_core.environment:checking '/home/berenic/Documents/LPRS2_2026/Robo_Hand_RS485/ROS2/robo_hand_ws/install/xarm_gazebo/bin'
[1.858s] Level 1:colcon.colcon_core.environment:checking '/home/berenic/Documents/LPRS2_2026/Robo_Hand_RS485/ROS2/robo_hand_ws/install/xarm_gazebo/lib/pkgconfig/xarm_gazebo.pc'
[1.858s] Level 1:colcon.colcon_core.environment:checking '/home/berenic/Documents/LPRS2_2026/Robo_Hand_RS485/ROS2/robo_hand_ws/install/xarm_gazebo/lib/python3.12/site-packages'
[1.859s] Level 1:colcon.colcon_core.environment:checking '/home/berenic/Documents/LPRS2_2026/Robo_Hand_RS485/ROS2/robo_hand_ws/install/xarm_gazebo/bin'
[1.859s] INFO:colcon.colcon_core.shell:Creating package script '/home/berenic/Documents/LPRS2_2026/Robo_Hand_RS485/ROS2/robo_hand_ws/install/xarm_gazebo/share/xarm_gazebo/package.ps1'
[1.859s] INFO:colcon.colcon_core.shell:Creating package descriptor '/home/berenic/Documents/LPRS2_2026/Robo_Hand_RS485/ROS2/robo_hand_ws/install/xarm_gazebo/share/xarm_gazebo/package.dsv'
[1.860s] INFO:colcon.colcon_core.shell:Creating package script '/home/berenic/Documents/LPRS2_2026/Robo_Hand_RS485/ROS2/robo_hand_ws/install/xarm_gazebo/share/xarm_gazebo/package.sh'
[1.860s] INFO:colcon.colcon_core.shell:Creating package script '/home/berenic/Documents/LPRS2_2026/Robo_Hand_RS485/ROS2/robo_hand_ws/install/xarm_gazebo/share/xarm_gazebo/package.bash'
[1.860s] INFO:colcon.colcon_core.shell:Creating package script '/home/berenic/Documents/LPRS2_2026/Robo_Hand_RS485/ROS2/robo_hand_ws/install/xarm_gazebo/share/xarm_gazebo/package.zsh'
[1.860s] Level 1:colcon.colcon_core.environment:create_file_with_runtime_dependencies(/home/berenic/Documents/LPRS2_2026/Robo_Hand_RS485/ROS2/robo_hand_ws/install/xarm_gazebo/share/colcon-core/packages/xarm_gazebo)
[1.861s] INFO:colcon.colcon_ros.task.ament_cmake.build:Building ROS package in '/home/berenic/Documents/LPRS2_2026/Robo_Hand_RS485/ROS2/robo_hand_ws/src/xarm_ros2/xarm_moveit_config' with build type 'ament_cmake'
[1.861s] INFO:colcon.colcon_cmake.task.cmake.build:Building CMake package in '/home/berenic/Documents/LPRS2_2026/Robo_Hand_RS485/ROS2/robo_hand_ws/src/xarm_ros2/xarm_moveit_config'
[1.861s] INFO:colcon.colcon_core.shell:Skip shell extension 'powershell' for command environment: Not usable outside of PowerShell
[1.861s] DEBUG:colcon.colcon_core.shell:Skip shell extension 'dsv' for command environment
[1.882s] DEBUG:colcon.colcon_core.event_handler.log_command:Invoking command in '/home/berenic/Documents/LPRS2_2026/Robo_Hand_RS485/ROS2/robo_hand_ws/build/xarm_moveit_config': AMENT_PREFIX_PATH=/home/berenic/Documents/LPRS2_2026/Robo_Hand_RS485/ROS2/robo_hand_ws/install/uf_ros_lib:/home/berenic/Documents/LPRS2_2026/Robo_Hand_RS485/ROS2/robo_hand_ws/install/glue_events_routines:/home/berenic/Documents/LPRS2_2026/Robo_Hand_RS485/ROS2/robo_hand_ws/install/xarm_planner:/home/berenic/Documents/LPRS2_2026/Robo_Hand_RS485/ROS2/robo_hand_ws/install/xarm_moveit_servo:/home/berenic/Documents/LPRS2_2026/Robo_Hand_RS485/ROS2/robo_hand_ws/install/xarm_moveit_config:/home/berenic/Documents/LPRS2_2026/Robo_Hand_RS485/ROS2/robo_hand_ws/install/xarm_gazebo:/home/berenic/Documents/LPRS2_2026/Robo_Hand_RS485/ROS2/robo_hand_ws/install/xarm_controller:/home/berenic/Documents/LPRS2_2026/Robo_Hand_RS485/ROS2/robo_hand_ws/install/xarm_api:/home/berenic/Documents/LPRS2_2026/Robo_Hand_RS485/ROS2/robo_hand_ws/install/xarm_sdk:/home/berenic/Documents/LPRS2_2026/Robo_Hand_RS485/ROS2/robo_hand_ws/install/xarm_msgs:/home/berenic/Documents/LPRS2_2026/Robo_Hand_RS485/ROS2/robo_hand_ws/install/xarm_description:/home/berenic/Documents/LPRS2_2026/Robo_Hand_RS485/ROS2/robo_hand_ws/install/mbot_demo:/home/berenic/Documents/LPRS2_2026/Robo_Hand_RS485/ROS2/robo_hand_ws/install/realsense_gazebo_plugin:/opt/ros/jazzy CMAKE_PREFIX_PATH=/home/berenic/Documents/LPRS2_2026/Robo_Hand_RS485/ROS2/robo_hand_ws/install/xarm_gazebo:/home/berenic/Documents/LPRS2_2026/Robo_Hand_RS485/ROS2/robo_hand_ws/install/xarm_controller:/home/berenic/Documents/LPRS2_2026/Robo_Hand_RS485/ROS2/robo_hand_ws/install/xarm_api:/home/berenic/Documents/LPRS2_2026/Robo_Hand_RS485/ROS2/robo_hand_ws/install/xarm_sdk:/home/berenic/Documents/LPRS2_2026/Robo_Hand_RS485/ROS2/robo_hand_ws/install/xarm_msgs:/home/berenic/Documents/LPRS2_2026/Robo_Hand_RS485/ROS2/robo_hand_ws/install/xarm_description:/home/berenic/Documents/LPRS2_2026/Robo_Hand_RS485/ROS2/robo_hand_ws/install/glue_events_routines:/home/berenic/Documents/LPRS2_2026/Robo_Hand_RS485/ROS2/robo_hand_ws/install/xarm_planner:/home/berenic/Documents/LPRS2_2026/Robo_Hand_RS485/ROS2/robo_hand_ws/install/xarm_moveit_servo:/home/berenic/Documents/LPRS2_2026/Robo_Hand_RS485/ROS2/robo_hand_ws/install/xarm_moveit_config:/home/berenic/Documents/LPRS2_2026/Robo_Hand_RS485/ROS2/robo_hand_ws/install/mbot_demo:/home/berenic/Documents/LPRS2_2026/Robo_Hand_RS485/ROS2/robo_hand_ws/install/realsense_gazebo_plugin:/opt/ros/jazzy/opt/gz_sim_vendor:/opt/ros/jazzy/opt/gz_sensors_vendor:/opt/ros/jazzy/opt/gz_physics_vendor:/opt/ros/jazzy/opt/sdformat_vendor:/opt/ros/jazzy/opt/gz_gui_vendor:/opt/ros/jazzy/opt/gz_transport_vendor:/opt/ros/jazzy/opt/gz_rendering_vendor:/opt/ros/jazzy/opt/gz_plugin_vendor:/opt/ros/jazzy/opt/gz_fuel_tools_vendor:/opt/ros/jazzy/opt/gz_msgs_vendor:/opt/ros/jazzy/opt/gz_common_vendor:/opt/ros/jazzy/opt/gz_math_vendor:/opt/ros/jazzy/opt/gz_utils_vendor:/opt/ros/jazzy/opt/gz_tools_vendor:/opt/ros/jazzy/opt/gz_ogre_next_vendor:/opt/ros/jazzy/opt/gz_dartsim_vendor:/opt/ros/jazzy/opt/gz_cmake_vendor:/home/berenic/Documents/LPRS2_2026/Robo_Hand_RS485/ROS2/robo_hand_ws/install/uf_ros_lib:/opt/ros/jazzy DEBUGINFOD_URLS=https://debuginfod.ubuntu.com LD_LIBRARY_PATH=/home/berenic/Documents/LPRS2_2026/Robo_Hand_RS485/ROS2/robo_hand_ws/install/xarm_gazebo/lib:/home/berenic/Documents/LPRS2_2026/Robo_Hand_RS485/ROS2/robo_hand_ws/install/xarm_controller/lib:/home/berenic/Documents/LPRS2_2026/Robo_Hand_RS485/ROS2/robo_hand_ws/install/xarm_api/lib:/home/berenic/Documents/LPRS2_2026/Robo_Hand_RS485/ROS2/robo_hand_ws/install/xarm_sdk/lib:/home/berenic/Documents/LPRS2_2026/Robo_Hand_RS485/ROS2/robo_hand_ws/install/xarm_msgs/lib:/home/berenic/Documents/LPRS2_2026/Robo_Hand_RS485/ROS2/robo_hand_ws/install/xarm_planner/lib:/home/berenic/Documents/LPRS2_2026/Robo_Hand_RS485/ROS2/robo_hand_ws/install/xarm_moveit_servo/lib:/home/berenic/Documents/LPRS2_2026/Robo_Hand_RS485/ROS2/robo_hand_ws/install/realsense_gazebo_plugin/lib:/opt/ros/jazzy/opt/gz_sim_vendor/lib:/opt/ros/jazzy/opt/gz_sensors_vendor/lib:/opt/ros/jazzy/opt/gz_physics_vendor/lib:/opt/ros/jazzy/opt/sdformat_vendor/lib:/opt/ros/jazzy/opt/rviz_ogre_vendor/lib:/opt/ros/jazzy/lib/x86_64-linux-gnu:/opt/ros/jazzy/opt/gz_gui_vendor/lib:/opt/ros/jazzy/opt/gz_transport_vendor/lib:/opt/ros/jazzy/opt/gz_rendering_vendor/lib:/opt/ros/jazzy/opt/gz_plugin_vendor/lib:/opt/ros/jazzy/opt/gz_fuel_tools_vendor/lib:/opt/ros/jazzy/opt/gz_msgs_vendor/lib:/opt/ros/jazzy/opt/gz_common_vendor/lib:/opt/ros/jazzy/opt/gz_math_vendor/lib:/opt/ros/jazzy/opt/gz_utils_vendor/lib:/opt/ros/jazzy/opt/gz_tools_vendor/lib:/opt/ros/jazzy/opt/gz_ogre_next_vendor/lib:/opt/ros/jazzy/opt/gz_dartsim_vendor/lib:/opt/ros/jazzy/opt/gz_cmake_vendor/lib:/opt/ros/jazzy/lib /usr/bin/cmake --build /home/berenic/Documents/LPRS2_2026/Robo_Hand_RS485/ROS2/robo_hand_ws/build/xarm_moveit_config -- -j12 -l12
[1.921s] DEBUG:colcon.colcon_core.event_handler.log_command:Invoked command in '/home/berenic/Documents/LPRS2_2026/Robo_Hand_RS485/ROS2/robo_hand_ws/build/xarm_moveit_config' returned '0': AMENT_PREFIX_PATH=/home/berenic/Documents/LPRS2_2026/Robo_Hand_RS485/ROS2/robo_hand_ws/install/uf_ros_lib:/home/berenic/Documents/LPRS2_2026/Robo_Hand_RS485/ROS2/robo_hand_ws/install/glue_events_routines:/home/berenic/Documents/LPRS2_2026/Robo_Hand_RS485/ROS2/robo_hand_ws/install/xarm_planner:/home/berenic/Documents/LPRS2_2026/Robo_Hand_RS485/ROS2/robo_hand_ws/install/xarm_moveit_servo:/home/berenic/Documents/LPRS2_2026/Robo_Hand_RS485/ROS2/robo_hand_ws/install/xarm_moveit_config:/home/berenic/Documents/LPRS2_2026/Robo_Hand_RS485/ROS2/robo_hand_ws/install/xarm_gazebo:/home/berenic/Documents/LPRS2_2026/Robo_Hand_RS485/ROS2/robo_hand_ws/install/xarm_controller:/home/berenic/Documents/LPRS2_2026/Robo_Hand_RS485/ROS2/robo_hand_ws/install/xarm_api:/home/berenic/Documents/LPRS2_2026/Robo_Hand_RS485/ROS2/robo_hand_ws/install/xarm_sdk:/home/berenic/Documents/LPRS2_2026/Robo_Hand_RS485/ROS2/robo_hand_ws/install/xarm_msgs:/home/berenic/Documents/LPRS2_2026/Robo_Hand_RS485/ROS2/robo_hand_ws/install/xarm_description:/home/berenic/Documents/LPRS2_2026/Robo_Hand_RS485/ROS2/robo_hand_ws/install/mbot_demo:/home/berenic/Documents/LPRS2_2026/Robo_Hand_RS485/ROS2/robo_hand_ws/install/realsense_gazebo_plugin:/opt/ros/jazzy CMAKE_PREFIX_PATH=/home/berenic/Documents/LPRS2_2026/Robo_Hand_RS485/ROS2/robo_hand_ws/install/xarm_gazebo:/home/berenic/Documents/LPRS2_2026/Robo_Hand_RS485/ROS2/robo_hand_ws/install/xarm_controller:/home/berenic/Documents/LPRS2_2026/Robo_Hand_RS485/ROS2/robo_hand_ws/install/xarm_api:/home/berenic/Documents/LPRS2_2026/Robo_Hand_RS485/ROS2/robo_hand_ws/install/xarm_sdk:/home/berenic/Documents/LPRS2_2026/Robo_Hand_RS485/ROS2/robo_hand_ws/install/xarm_msgs:/home/berenic/Documents/LPRS2_2026/Robo_Hand_RS485/ROS2/robo_hand_ws/install/xarm_description:/home/berenic/Documents/LPRS2_2026/Robo_Hand_RS485/ROS2/robo_hand_ws/install/glue_events_routines:/home/berenic/Documents/LPRS2_2026/Robo_Hand_RS485/ROS2/robo_hand_ws/install/xarm_planner:/home/berenic/Documents/LPRS2_2026/Robo_Hand_RS485/ROS2/robo_hand_ws/install/xarm_moveit_servo:/home/berenic/Documents/LPRS2_2026/Robo_Hand_RS485/ROS2/robo_hand_ws/install/xarm_moveit_config:/home/berenic/Documents/LPRS2_2026/Robo_Hand_RS485/ROS2/robo_hand_ws/install/mbot_demo:/home/berenic/Documents/LPRS2_2026/Robo_Hand_RS485/ROS2/robo_hand_ws/install/realsense_gazebo_plugin:/opt/ros/jazzy/opt/gz_sim_vendor:/opt/ros/jazzy/opt/gz_sensors_vendor:/opt/ros/jazzy/opt/gz_physics_vendor:/opt/ros/jazzy/opt/sdformat_vendor:/opt/ros/jazzy/opt/gz_gui_vendor:/opt/ros/jazzy/opt/gz_transport_vendor:/opt/ros/jazzy/opt/gz_rendering_vendor:/opt/ros/jazzy/opt/gz_plugin_vendor:/opt/ros/jazzy/opt/gz_fuel_tools_vendor:/opt/ros/jazzy/opt/gz_msgs_vendor:/opt/ros/jazzy/opt/gz_common_vendor:/opt/ros/jazzy/opt/gz_math_vendor:/opt/ros/jazzy/opt/gz_utils_vendor:/opt/ros/jazzy/opt/gz_tools_vendor:/opt/ros/jazzy/opt/gz_ogre_next_vendor:/opt/ros/jazzy/opt/gz_dartsim_vendor:/opt/ros/jazzy/opt/gz_cmake_vendor:/home/berenic/Documents/LPRS2_2026/Robo_Hand_RS485/ROS2/robo_hand_ws/install/uf_ros_lib:/opt/ros/jazzy DEBUGINFOD_URLS=https://debuginfod.ubuntu.com LD_LIBRARY_PATH=/home/berenic/Documents/LPRS2_2026/Robo_Hand_RS485/ROS2/robo_hand_ws/install/xarm_gazebo/lib:/home/berenic/Documents/LPRS2_2026/Robo_Hand_RS485/ROS2/robo_hand_ws/install/xarm_controller/lib:/home/berenic/Documents/LPRS2_2026/Robo_Hand_RS485/ROS2/robo_hand_ws/install/xarm_api/lib:/home/berenic/Documents/LPRS2_2026/Robo_Hand_RS485/ROS2/robo_hand_ws/install/xarm_sdk/lib:/home/berenic/Documents/LPRS2_2026/Robo_Hand_RS485/ROS2/robo_hand_ws/install/xarm_msgs/lib:/home/berenic/Documents/LPRS2_2026/Robo_Hand_RS485/ROS2/robo_hand_ws/install/xarm_planner/lib:/home/berenic/Documents/LPRS2_2026/Robo_Hand_RS485/ROS2/robo_hand_ws/install/xarm_moveit_servo/lib:/home/berenic/Documents/LPRS2_2026/Robo_Hand_RS485/ROS2/robo_hand_ws/install/realsense_gazebo_plugin/lib:/opt/ros/jazzy/opt/gz_sim_vendor/lib:/opt/ros/jazzy/opt/gz_sensors_vendor/lib:/opt/ros/jazzy/opt/gz_physics_vendor/lib:/opt/ros/jazzy/opt/sdformat_vendor/lib:/opt/ros/jazzy/opt/rviz_ogre_vendor/lib:/opt/ros/jazzy/lib/x86_64-linux-gnu:/opt/ros/jazzy/opt/gz_gui_vendor/lib:/opt/ros/jazzy/opt/gz_transport_vendor/lib:/opt/ros/jazzy/opt/gz_rendering_vendor/lib:/opt/ros/jazzy/opt/gz_plugin_vendor/lib:/opt/ros/jazzy/opt/gz_fuel_tools_vendor/lib:/opt/ros/jazzy/opt/gz_msgs_vendor/lib:/opt/ros/jazzy/opt/gz_common_vendor/lib:/opt/ros/jazzy/opt/gz_math_vendor/lib:/opt/ros/jazzy/opt/gz_utils_vendor/lib:/opt/ros/jazzy/opt/gz_tools_vendor/lib:/opt/ros/jazzy/opt/gz_ogre_next_vendor/lib:/opt/ros/jazzy/opt/gz_dartsim_vendor/lib:/opt/ros/jazzy/opt/gz_cmake_vendor/lib:/opt/ros/jazzy/lib /usr/bin/cmake --build /home/berenic/Documents/LPRS2_2026/Robo_Hand_RS485/ROS2/robo_hand_ws/build/xarm_moveit_config -- -j12 -l12
[1.922s] DEBUG:colcon.colcon_core.event_handler.log_command:Invoking command in '/home/berenic/Documents/LPRS2_2026/Robo_Hand_RS485/ROS2/robo_hand_ws/build/xarm_moveit_config': AMENT_PREFIX_PATH=/home/berenic/Documents/LPRS2_2026/Robo_Hand_RS485/ROS2/robo_hand_ws/install/uf_ros_lib:/home/berenic/Documents/LPRS2_2026/Robo_Hand_RS485/ROS2/robo_hand_ws/install/glue_events_routines:/home/berenic/Documents/LPRS2_2026/Robo_Hand_RS485/ROS2/robo_hand_ws/install/xarm_planner:/home/berenic/Documents/LPRS2_2026/Robo_Hand_RS485/ROS2/robo_hand_ws/install/xarm_moveit_servo:/home/berenic/Documents/LPRS2_2026/Robo_Hand_RS485/ROS2/robo_hand_ws/install/xarm_moveit_config:/home/berenic/Documents/LPRS2_2026/Robo_Hand_RS485/ROS2/robo_hand_ws/install/xarm_gazebo:/home/berenic/Documents/LPRS2_2026/Robo_Hand_RS485/ROS2/robo_hand_ws/install/xarm_controller:/home/berenic/Documents/LPRS2_2026/Robo_Hand_RS485/ROS2/robo_hand_ws/install/xarm_api:/home/berenic/Documents/LPRS2_2026/Robo_Hand_RS485/ROS2/robo_hand_ws/install/xarm_sdk:/home/berenic/Documents/LPRS2_2026/Robo_Hand_RS485/ROS2/robo_hand_ws/install/xarm_msgs:/home/berenic/Documents/LPRS2_2026/Robo_Hand_RS485/ROS2/robo_hand_ws/install/xarm_description:/home/berenic/Documents/LPRS2_2026/Robo_Hand_RS485/ROS2/robo_hand_ws/install/mbot_demo:/home/berenic/Documents/LPRS2_2026/Robo_Hand_RS485/ROS2/robo_hand_ws/install/realsense_gazebo_plugin:/opt/ros/jazzy CMAKE_PREFIX_PATH=/home/berenic/Documents/LPRS2_2026/Robo_Hand_RS485/ROS2/robo_hand_ws/install/xarm_gazebo:/home/berenic/Documents/LPRS2_2026/Robo_Hand_RS485/ROS2/robo_hand_ws/install/xarm_controller:/home/berenic/Documents/LPRS2_2026/Robo_Hand_RS485/ROS2/robo_hand_ws/install/xarm_api:/home/berenic/Documents/LPRS2_2026/Robo_Hand_RS485/ROS2/robo_hand_ws/install/xarm_sdk:/home/berenic/Documents/LPRS2_2026/Robo_Hand_RS485/ROS2/robo_hand_ws/install/xarm_msgs:/home/berenic/Documents/LPRS2_2026/Robo_Hand_RS485/ROS2/robo_hand_ws/install/xarm_description:/home/berenic/Documents/LPRS2_2026/Robo_Hand_RS485/ROS2/robo_hand_ws/install/glue_events_routines:/home/berenic/Documents/LPRS2_2026/Robo_Hand_RS485/ROS2/robo_hand_ws/install/xarm_planner:/home/berenic/Documents/LPRS2_2026/Robo_Hand_RS485/ROS2/robo_hand_ws/install/xarm_moveit_servo:/home/berenic/Documents/LPRS2_2026/Robo_Hand_RS485/ROS2/robo_hand_ws/install/xarm_moveit_config:/home/berenic/Documents/LPRS2_2026/Robo_Hand_RS485/ROS2/robo_hand_ws/install/mbot_demo:/home/berenic/Documents/LPRS2_2026/Robo_Hand_RS485/ROS2/robo_hand_ws/install/realsense_gazebo_plugin:/opt/ros/jazzy/opt/gz_sim_vendor:/opt/ros/jazzy/opt/gz_sensors_vendor:/opt/ros/jazzy/opt/gz_physics_vendor:/opt/ros/jazzy/opt/sdformat_vendor:/opt/ros/jazzy/opt/gz_gui_vendor:/opt/ros/jazzy/opt/gz_transport_vendor:/opt/ros/jazzy/opt/gz_rendering_vendor:/opt/ros/jazzy/opt/gz_plugin_vendor:/opt/ros/jazzy/opt/gz_fuel_tools_vendor:/opt/ros/jazzy/opt/gz_msgs_vendor:/opt/ros/jazzy/opt/gz_common_vendor:/opt/ros/jazzy/opt/gz_math_vendor:/opt/ros/jazzy/opt/gz_utils_vendor:/opt/ros/jazzy/opt/gz_tools_vendor:/opt/ros/jazzy/opt/gz_ogre_next_vendor:/opt/ros/jazzy/opt/gz_dartsim_vendor:/opt/ros/jazzy/opt/gz_cmake_vendor:/home/berenic/Documents/LPRS2_2026/Robo_Hand_RS485/ROS2/robo_hand_ws/install/uf_ros_lib:/opt/ros/jazzy DEBUGINFOD_URLS=https://debuginfod.ubuntu.com LD_LIBRARY_PATH=/home/berenic/Documents/LPRS2_2026/Robo_Hand_RS485/ROS2/robo_hand_ws/install/xarm_gazebo/lib:/home/berenic/Documents/LPRS2_2026/Robo_Hand_RS485/ROS2/robo_hand_ws/install/xarm_controller/lib:/home/berenic/Documents/LPRS2_2026/Robo_Hand_RS485/ROS2/robo_hand_ws/install/xarm_api/lib:/home/berenic/Documents/LPRS2_2026/Robo_Hand_RS485/ROS2/robo_hand_ws/install/xarm_sdk/lib:/home/berenic/Documents/LPRS2_2026/Robo_Hand_RS485/ROS2/robo_hand_ws/install/xarm_msgs/lib:/home/berenic/Documents/LPRS2_2026/Robo_Hand_RS485/ROS2/robo_hand_ws/install/xarm_planner/lib:/home/berenic/Documents/LPRS2_2026/Robo_Hand_RS485/ROS2/robo_hand_ws/install/xarm_moveit_servo/lib:/home/berenic/Documents/LPRS2_2026/Robo_Hand_RS485/ROS2/robo_hand_ws/install/realsense_gazebo_plugin/lib:/opt/ros/jazzy/opt/gz_sim_vendor/lib:/opt/ros/jazzy/opt/gz_sensors_vendor/lib:/opt/ros/jazzy/opt/gz_physics_vendor/lib:/opt/ros/jazzy/opt/sdformat_vendor/lib:/opt/ros/jazzy/opt/rviz_ogre_vendor/lib:/opt/ros/jazzy/lib/x86_64-linux-gnu:/opt/ros/jazzy/opt/gz_gui_vendor/lib:/opt/ros/jazzy/opt/gz_transport_vendor/lib:/opt/ros/jazzy/opt/gz_rendering_vendor/lib:/opt/ros/jazzy/opt/gz_plugin_vendor/lib:/opt/ros/jazzy/opt/gz_fuel_tools_vendor/lib:/opt/ros/jazzy/opt/gz_msgs_vendor/lib:/opt/ros/jazzy/opt/gz_common_vendor/lib:/opt/ros/jazzy/opt/gz_math_vendor/lib:/opt/ros/jazzy/opt/gz_utils_vendor/lib:/opt/ros/jazzy/opt/gz_tools_vendor/lib:/opt/ros/jazzy/opt/gz_ogre_next_vendor/lib:/opt/ros/jazzy/opt/gz_dartsim_vendor/lib:/opt/ros/jazzy/opt/gz_cmake_vendor/lib:/opt/ros/jazzy/lib /usr/bin/cmake --install /home/berenic/Documents/LPRS2_2026/Robo_Hand_RS485/ROS2/robo_hand_ws/build/xarm_moveit_config
[1.960s] Level 1:colcon.colcon_core.environment:create_environment_scripts_only(xarm_moveit_config)
[1.960s] Level 1:colcon.colcon_core.environment:checking '/home/berenic/Documents/LPRS2_2026/Robo_Hand_RS485/ROS2/robo_hand_ws/install/xarm_moveit_config' for CMake module files
[1.961s] DEBUG:colcon.colcon_core.event_handler.log_command:Invoked command in '/home/berenic/Documents/LPRS2_2026/Robo_Hand_RS485/ROS2/robo_hand_ws/build/xarm_moveit_config' returned '0': AMENT_PREFIX_PATH=/home/berenic/Documents/LPRS2_2026/Robo_Hand_RS485/ROS2/robo_hand_ws/install/uf_ros_lib:/home/berenic/Documents/LPRS2_2026/Robo_Hand_RS485/ROS2/robo_hand_ws/install/glue_events_routines:/home/berenic/Documents/LPRS2_2026/Robo_Hand_RS485/ROS2/robo_hand_ws/install/xarm_planner:/home/berenic/Documents/LPRS2_2026/Robo_Hand_RS485/ROS2/robo_hand_ws/install/xarm_moveit_servo:/home/berenic/Documents/LPRS2_2026/Robo_Hand_RS485/ROS2/robo_hand_ws/install/xarm_moveit_config:/home/berenic/Documents/LPRS2_2026/Robo_Hand_RS485/ROS2/robo_hand_ws/install/xarm_gazebo:/home/berenic/Documents/LPRS2_2026/Robo_Hand_RS485/ROS2/robo_hand_ws/install/xarm_controller:/home/berenic/Documents/LPRS2_2026/Robo_Hand_RS485/ROS2/robo_hand_ws/install/xarm_api:/home/berenic/Documents/LPRS2_2026/Robo_Hand_RS485/ROS2/robo_hand_ws/install/xarm_sdk:/home/berenic/Documents/LPRS2_2026/Robo_Hand_RS485/ROS2/robo_hand_ws/install/xarm_msgs:/home/berenic/Documents/LPRS2_2026/Robo_Hand_RS485/ROS2/robo_hand_ws/install/xarm_description:/home/berenic/Documents/LPRS2_2026/Robo_Hand_RS485/ROS2/robo_hand_ws/install/mbot_demo:/home/berenic/Documents/LPRS2_2026/Robo_Hand_RS485/ROS2/robo_hand_ws/install/realsense_gazebo_plugin:/opt/ros/jazzy CMAKE_PREFIX_PATH=/home/berenic/Documents/LPRS2_2026/Robo_Hand_RS485/ROS2/robo_hand_ws/install/xarm_gazebo:/home/berenic/Documents/LPRS2_2026/Robo_Hand_RS485/ROS2/robo_hand_ws/install/xarm_controller:/home/berenic/Documents/LPRS2_2026/Robo_Hand_RS485/ROS2/robo_hand_ws/install/xarm_api:/home/berenic/Documents/LPRS2_2026/Robo_Hand_RS485/ROS2/robo_hand_ws/install/xarm_sdk:/home/berenic/Documents/LPRS2_2026/Robo_Hand_RS485/ROS2/robo_hand_ws/install/xarm_msgs:/home/berenic/Documents/LPRS2_2026/Robo_Hand_RS485/ROS2/robo_hand_ws/install/xarm_description:/home/berenic/Documents/LPRS2_2026/Robo_Hand_RS485/ROS2/robo_hand_ws/install/glue_events_routines:/home/berenic/Documents/LPRS2_2026/Robo_Hand_RS485/ROS2/robo_hand_ws/install/xarm_planner:/home/berenic/Documents/LPRS2_2026/Robo_Hand_RS485/ROS2/robo_hand_ws/install/xarm_moveit_servo:/home/berenic/Documents/LPRS2_2026/Robo_Hand_RS485/ROS2/robo_hand_ws/install/xarm_moveit_config:/home/berenic/Documents/LPRS2_2026/Robo_Hand_RS485/ROS2/robo_hand_ws/install/mbot_demo:/home/berenic/Documents/LPRS2_2026/Robo_Hand_RS485/ROS2/robo_hand_ws/install/realsense_gazebo_plugin:/opt/ros/jazzy/opt/gz_sim_vendor:/opt/ros/jazzy/opt/gz_sensors_vendor:/opt/ros/jazzy/opt/gz_physics_vendor:/opt/ros/jazzy/opt/sdformat_vendor:/opt/ros/jazzy/opt/gz_gui_vendor:/opt/ros/jazzy/opt/gz_transport_vendor:/opt/ros/jazzy/opt/gz_rendering_vendor:/opt/ros/jazzy/opt/gz_plugin_vendor:/opt/ros/jazzy/opt/gz_fuel_tools_vendor:/opt/ros/jazzy/opt/gz_msgs_vendor:/opt/ros/jazzy/opt/gz_common_vendor:/opt/ros/jazzy/opt/gz_math_vendor:/opt/ros/jazzy/opt/gz_utils_vendor:/opt/ros/jazzy/opt/gz_tools_vendor:/opt/ros/jazzy/opt/gz_ogre_next_vendor:/opt/ros/jazzy/opt/gz_dartsim_vendor:/opt/ros/jazzy/opt/gz_cmake_vendor:/home/berenic/Documents/LPRS2_2026/Robo_Hand_RS485/ROS2/robo_hand_ws/install/uf_ros_lib:/opt/ros/jazzy DEBUGINFOD_URLS=https://debuginfod.ubuntu.com LD_LIBRARY_PATH=/home/berenic/Documents/LPRS2_2026/Robo_Hand_RS485/ROS2/robo_hand_ws/install/xarm_gazebo/lib:/home/berenic/Documents/LPRS2_2026/Robo_Hand_RS485/ROS2/robo_hand_ws/install/xarm_controller/lib:/home/berenic/Documents/LPRS2_2026/Robo_Hand_RS485/ROS2/robo_hand_ws/install/xarm_api/lib:/home/berenic/Documents/LPRS2_2026/Robo_Hand_RS485/ROS2/robo_hand_ws/install/xarm_sdk/lib:/home/berenic/Documents/LPRS2_2026/Robo_Hand_RS485/ROS2/robo_hand_ws/install/xarm_msgs/lib:/home/berenic/Documents/LPRS2_2026/Robo_Hand_RS485/ROS2/robo_hand_ws/install/xarm_planner/lib:/home/berenic/Documents/LPRS2_2026/Robo_Hand_RS485/ROS2/robo_hand_ws/install/xarm_moveit_servo/lib:/home/berenic/Documents/LPRS2_2026/Robo_Hand_RS485/ROS2/robo_hand_ws/install/realsense_gazebo_plugin/lib:/opt/ros/jazzy/opt/gz_sim_vendor/lib:/opt/ros/jazzy/opt/gz_sensors_vendor/lib:/opt/ros/jazzy/opt/gz_physics_vendor/lib:/opt/ros/jazzy/opt/sdformat_vendor/lib:/opt/ros/jazzy/opt/rviz_ogre_vendor/lib:/opt/ros/jazzy/lib/x86_64-linux-gnu:/opt/ros/jazzy/opt/gz_gui_vendor/lib:/opt/ros/jazzy/opt/gz_transport_vendor/lib:/opt/ros/jazzy/opt/gz_rendering_vendor/lib:/opt/ros/jazzy/opt/gz_plugin_vendor/lib:/opt/ros/jazzy/opt/gz_fuel_tools_vendor/lib:/opt/ros/jazzy/opt/gz_msgs_vendor/lib:/opt/ros/jazzy/opt/gz_common_vendor/lib:/opt/ros/jazzy/opt/gz_math_vendor/lib:/opt/ros/jazzy/opt/gz_utils_vendor/lib:/opt/ros/jazzy/opt/gz_tools_vendor/lib:/opt/ros/jazzy/opt/gz_ogre_next_vendor/lib:/opt/ros/jazzy/opt/gz_dartsim_vendor/lib:/opt/ros/jazzy/opt/gz_cmake_vendor/lib:/opt/ros/jazzy/lib /usr/bin/cmake --install /home/berenic/Documents/LPRS2_2026/Robo_Hand_RS485/ROS2/robo_hand_ws/build/xarm_moveit_config
[1.961s] Level 1:colcon.colcon_core.environment:checking '/home/berenic/Documents/LPRS2_2026/Robo_Hand_RS485/ROS2/robo_hand_ws/install/xarm_moveit_config' for CMake config files
[1.961s] Level 1:colcon.colcon_core.shell:create_environment_hook('xarm_moveit_config', 'cmake_prefix_path')
[1.961s] INFO:colcon.colcon_core.shell:Creating environment hook '/home/berenic/Documents/LPRS2_2026/Robo_Hand_RS485/ROS2/robo_hand_ws/install/xarm_moveit_config/share/xarm_moveit_config/hook/cmake_prefix_path.ps1'
[1.962s] INFO:colcon.colcon_core.shell:Creating environment descriptor '/home/berenic/Documents/LPRS2_2026/Robo_Hand_RS485/ROS2/robo_hand_ws/install/xarm_moveit_config/share/xarm_moveit_config/hook/cmake_prefix_path.dsv'
[1.962s] INFO:colcon.colcon_core.shell:Creating environment hook '/home/berenic/Documents/LPRS2_2026/Robo_Hand_RS485/ROS2/robo_hand_ws/install/xarm_moveit_config/share/xarm_moveit_config/hook/cmake_prefix_path.sh'
[1.963s] Level 1:colcon.colcon_core.environment:checking '/home/berenic/Documents/LPRS2_2026/Robo_Hand_RS485/ROS2/robo_hand_ws/install/xarm_moveit_config/bin'
[1.963s] Level 1:colcon.colcon_core.environment:checking '/home/berenic/Documents/LPRS2_2026/Robo_Hand_RS485/ROS2/robo_hand_ws/install/xarm_moveit_config/lib/pkgconfig/xarm_moveit_config.pc'
[1.963s] Level 1:colcon.colcon_core.environment:checking '/home/berenic/Documents/LPRS2_2026/Robo_Hand_RS485/ROS2/robo_hand_ws/install/xarm_moveit_config/lib/python3.12/site-packages'
[1.963s] Level 1:colcon.colcon_core.environment:checking '/home/berenic/Documents/LPRS2_2026/Robo_Hand_RS485/ROS2/robo_hand_ws/install/xarm_moveit_config/bin'
[1.963s] INFO:colcon.colcon_core.shell:Creating package script '/home/berenic/Documents/LPRS2_2026/Robo_Hand_RS485/ROS2/robo_hand_ws/install/xarm_moveit_config/share/xarm_moveit_config/package.ps1'
[1.964s] INFO:colcon.colcon_core.shell:Creating package descriptor '/home/berenic/Documents/LPRS2_2026/Robo_Hand_RS485/ROS2/robo_hand_ws/install/xarm_moveit_config/share/xarm_moveit_config/package.dsv'
[1.964s] INFO:colcon.colcon_core.shell:Creating package script '/home/berenic/Documents/LPRS2_2026/Robo_Hand_RS485/ROS2/robo_hand_ws/install/xarm_moveit_config/share/xarm_moveit_config/package.sh'
[1.964s] INFO:colcon.colcon_core.shell:Creating package script '/home/berenic/Documents/LPRS2_2026/Robo_Hand_RS485/ROS2/robo_hand_ws/install/xarm_moveit_config/share/xarm_moveit_config/package.bash'
[1.964s] INFO:colcon.colcon_core.shell:Creating package script '/home/berenic/Documents/LPRS2_2026/Robo_Hand_RS485/ROS2/robo_hand_ws/install/xarm_moveit_config/share/xarm_moveit_config/package.zsh'
[1.965s] Level 1:colcon.colcon_core.environment:create_file_with_runtime_dependencies(/home/berenic/Documents/LPRS2_2026/Robo_Hand_RS485/ROS2/robo_hand_ws/install/xarm_moveit_config/share/colcon-core/packages/xarm_moveit_config)
[1.965s] Level 1:colcon.colcon_core.environment:create_environment_scripts_only(xarm_moveit_config)
[1.965s] Level 1:colcon.colcon_core.environment:checking '/home/berenic/Documents/LPRS2_2026/Robo_Hand_RS485/ROS2/robo_hand_ws/install/xarm_moveit_config' for CMake module files
[1.966s] Level 1:colcon.colcon_core.environment:checking '/home/berenic/Documents/LPRS2_2026/Robo_Hand_RS485/ROS2/robo_hand_ws/install/xarm_moveit_config' for CMake config files
[1.966s] Level 1:colcon.colcon_core.shell:create_environment_hook('xarm_moveit_config', 'cmake_prefix_path')
[1.966s] INFO:colcon.colcon_core.shell:Creating environment hook '/home/berenic/Documents/LPRS2_2026/Robo_Hand_RS485/ROS2/robo_hand_ws/install/xarm_moveit_config/share/xarm_moveit_config/hook/cmake_prefix_path.ps1'
[1.966s] INFO:colcon.colcon_core.shell:Creating environment descriptor '/home/berenic/Documents/LPRS2_2026/Robo_Hand_RS485/ROS2/robo_hand_ws/install/xarm_moveit_config/share/xarm_moveit_config/hook/cmake_prefix_path.dsv'
[1.967s] INFO:colcon.colcon_core.shell:Creating environment hook '/home/berenic/Documents/LPRS2_2026/Robo_Hand_RS485/ROS2/robo_hand_ws/install/xarm_moveit_config/share/xarm_moveit_config/hook/cmake_prefix_path.sh'
[1.967s] Level 1:colcon.colcon_core.environment:checking '/home/berenic/Documents/LPRS2_2026/Robo_Hand_RS485/ROS2/robo_hand_ws/install/xarm_moveit_config/bin'
[1.967s] Level 1:colcon.colcon_core.environment:checking '/home/berenic/Documents/LPRS2_2026/Robo_Hand_RS485/ROS2/robo_hand_ws/install/xarm_moveit_config/lib/pkgconfig/xarm_moveit_config.pc'
[1.967s] Level 1:colcon.colcon_core.environment:checking '/home/berenic/Documents/LPRS2_2026/Robo_Hand_RS485/ROS2/robo_hand_ws/install/xarm_moveit_config/lib/python3.12/site-packages'
[1.967s] Level 1:colcon.colcon_core.environment:checking '/home/berenic/Documents/LPRS2_2026/Robo_Hand_RS485/ROS2/robo_hand_ws/install/xarm_moveit_config/bin'
[1.968s] INFO:colcon.colcon_core.shell:Creating package script '/home/berenic/Documents/LPRS2_2026/Robo_Hand_RS485/ROS2/robo_hand_ws/install/xarm_moveit_config/share/xarm_moveit_config/package.ps1'
[1.968s] INFO:colcon.colcon_core.shell:Creating package descriptor '/home/berenic/Documents/LPRS2_2026/Robo_Hand_RS485/ROS2/robo_hand_ws/install/xarm_moveit_config/share/xarm_moveit_config/package.dsv'
[1.968s] INFO:colcon.colcon_core.shell:Creating package script '/home/berenic/Documents/LPRS2_2026/Robo_Hand_RS485/ROS2/robo_hand_ws/install/xarm_moveit_config/share/xarm_moveit_config/package.sh'
[1.969s] INFO:colcon.colcon_core.shell:Creating package script '/home/berenic/Documents/LPRS2_2026/Robo_Hand_RS485/ROS2/robo_hand_ws/install/xarm_moveit_config/share/xarm_moveit_config/package.bash'
[1.969s] INFO:colcon.colcon_core.shell:Creating package script '/home/berenic/Documents/LPRS2_2026/Robo_Hand_RS485/ROS2/robo_hand_ws/install/xarm_moveit_config/share/xarm_moveit_config/package.zsh'
[1.969s] Level 1:colcon.colcon_core.environment:create_file_with_runtime_dependencies(/home/berenic/Documents/LPRS2_2026/Robo_Hand_RS485/ROS2/robo_hand_ws/install/xarm_moveit_config/share/colcon-core/packages/xarm_moveit_config)
[1.970s] INFO:colcon.colcon_ros.task.ament_cmake.build:Building ROS package in '/home/berenic/Documents/LPRS2_2026/Robo_Hand_RS485/ROS2/robo_hand_ws/src/xarm_ros2/xarm_moveit_servo' with build type 'ament_cmake'
[1.970s] INFO:colcon.colcon_cmake.task.cmake.build:Building CMake package in '/home/berenic/Documents/LPRS2_2026/Robo_Hand_RS485/ROS2/robo_hand_ws/src/xarm_ros2/xarm_moveit_servo'
[1.970s] INFO:colcon.colcon_core.shell:Skip shell extension 'powershell' for command environment: Not usable outside of PowerShell
[1.970s] DEBUG:colcon.colcon_core.shell:Skip shell extension 'dsv' for command environment
[1.975s] INFO:colcon.colcon_ros.task.ament_cmake.build:Building ROS package in '/home/berenic/Documents/LPRS2_2026/Robo_Hand_RS485/ROS2/robo_hand_ws/src/xarm_ros2/xarm_planner' with build type 'ament_cmake'
[1.975s] INFO:colcon.colcon_cmake.task.cmake.build:Building CMake package in '/home/berenic/Documents/LPRS2_2026/Robo_Hand_RS485/ROS2/robo_hand_ws/src/xarm_ros2/xarm_planner'
[1.975s] INFO:colcon.colcon_core.shell:Skip shell extension 'powershell' for command environment: Not usable outside of PowerShell
[1.975s] DEBUG:colcon.colcon_core.shell:Skip shell extension 'dsv' for command environment
[1.991s] DEBUG:colcon.colcon_core.event_handler.log_command:Invoking command in '/home/berenic/Documents/LPRS2_2026/Robo_Hand_RS485/ROS2/robo_hand_ws/build/xarm_moveit_servo': AMENT_PREFIX_PATH=/home/berenic/Documents/LPRS2_2026/Robo_Hand_RS485/ROS2/robo_hand_ws/install/uf_ros_lib:/home/berenic/Documents/LPRS2_2026/Robo_Hand_RS485/ROS2/robo_hand_ws/install/glue_events_routines:/home/berenic/Documents/LPRS2_2026/Robo_Hand_RS485/ROS2/robo_hand_ws/install/xarm_planner:/home/berenic/Documents/LPRS2_2026/Robo_Hand_RS485/ROS2/robo_hand_ws/install/xarm_moveit_servo:/home/berenic/Documents/LPRS2_2026/Robo_Hand_RS485/ROS2/robo_hand_ws/install/xarm_moveit_config:/home/berenic/Documents/LPRS2_2026/Robo_Hand_RS485/ROS2/robo_hand_ws/install/xarm_gazebo:/home/berenic/Documents/LPRS2_2026/Robo_Hand_RS485/ROS2/robo_hand_ws/install/xarm_controller:/home/berenic/Documents/LPRS2_2026/Robo_Hand_RS485/ROS2/robo_hand_ws/install/xarm_api:/home/berenic/Documents/LPRS2_2026/Robo_Hand_RS485/ROS2/robo_hand_ws/install/xarm_sdk:/home/berenic/Documents/LPRS2_2026/Robo_Hand_RS485/ROS2/robo_hand_ws/install/xarm_msgs:/home/berenic/Documents/LPRS2_2026/Robo_Hand_RS485/ROS2/robo_hand_ws/install/xarm_description:/home/berenic/Documents/LPRS2_2026/Robo_Hand_RS485/ROS2/robo_hand_ws/install/mbot_demo:/home/berenic/Documents/LPRS2_2026/Robo_Hand_RS485/ROS2/robo_hand_ws/install/realsense_gazebo_plugin:/opt/ros/jazzy CMAKE_PREFIX_PATH=/home/berenic/Documents/LPRS2_2026/Robo_Hand_RS485/ROS2/robo_hand_ws/install/xarm_moveit_config:/home/berenic/Documents/LPRS2_2026/Robo_Hand_RS485/ROS2/robo_hand_ws/install/xarm_gazebo:/home/berenic/Documents/LPRS2_2026/Robo_Hand_RS485/ROS2/robo_hand_ws/install/xarm_controller:/home/berenic/Documents/LPRS2_2026/Robo_Hand_RS485/ROS2/robo_hand_ws/install/xarm_api:/home/berenic/Documents/LPRS2_2026/Robo_Hand_RS485/ROS2/robo_hand_ws/install/xarm_sdk:/home/berenic/Documents/LPRS2_2026/Robo_Hand_RS485/ROS2/robo_hand_ws/install/xarm_msgs:/home/berenic/Documents/LPRS2_2026/Robo_Hand_RS485/ROS2/robo_hand_ws/install/xarm_description:/home/berenic/Documents/LPRS2_2026/Robo_Hand_RS485/ROS2/robo_hand_ws/install/glue_events_routines:/home/berenic/Documents/LPRS2_2026/Robo_Hand_RS485/ROS2/robo_hand_ws/install/xarm_planner:/home/berenic/Documents/LPRS2_2026/Robo_Hand_RS485/ROS2/robo_hand_ws/install/xarm_moveit_servo:/home/berenic/Documents/LPRS2_2026/Robo_Hand_RS485/ROS2/robo_hand_ws/install/mbot_demo:/home/berenic/Documents/LPRS2_2026/Robo_Hand_RS485/ROS2/robo_hand_ws/install/realsense_gazebo_plugin:/opt/ros/jazzy/opt/gz_sim_vendor:/opt/ros/jazzy/opt/gz_sensors_vendor:/opt/ros/jazzy/opt/gz_physics_vendor:/opt/ros/jazzy/opt/sdformat_vendor:/opt/ros/jazzy/opt/gz_gui_vendor:/opt/ros/jazzy/opt/gz_transport_vendor:/opt/ros/jazzy/opt/gz_rendering_vendor:/opt/ros/jazzy/opt/gz_plugin_vendor:/opt/ros/jazzy/opt/gz_fuel_tools_vendor:/opt/ros/jazzy/opt/gz_msgs_vendor:/opt/ros/jazzy/opt/gz_common_vendor:/opt/ros/jazzy/opt/gz_math_vendor:/opt/ros/jazzy/opt/gz_utils_vendor:/opt/ros/jazzy/opt/gz_tools_vendor:/opt/ros/jazzy/opt/gz_ogre_next_vendor:/opt/ros/jazzy/opt/gz_dartsim_vendor:/opt/ros/jazzy/opt/gz_cmake_vendor:/home/berenic/Documents/LPRS2_2026/Robo_Hand_RS485/ROS2/robo_hand_ws/install/uf_ros_lib:/opt/ros/jazzy DEBUGINFOD_URLS=https://debuginfod.ubuntu.com LD_LIBRARY_PATH=/home/berenic/Documents/LPRS2_2026/Robo_Hand_RS485/ROS2/robo_hand_ws/install/xarm_gazebo/lib:/home/berenic/Documents/LPRS2_2026/Robo_Hand_RS485/ROS2/robo_hand_ws/install/xarm_controller/lib:/home/berenic/Documents/LPRS2_2026/Robo_Hand_RS485/ROS2/robo_hand_ws/install/xarm_api/lib:/home/berenic/Documents/LPRS2_2026/Robo_Hand_RS485/ROS2/robo_hand_ws/install/xarm_sdk/lib:/home/berenic/Documents/LPRS2_2026/Robo_Hand_RS485/ROS2/robo_hand_ws/install/xarm_msgs/lib:/home/berenic/Documents/LPRS2_2026/Robo_Hand_RS485/ROS2/robo_hand_ws/install/xarm_planner/lib:/home/berenic/Documents/LPRS2_2026/Robo_Hand_RS485/ROS2/robo_hand_ws/install/xarm_moveit_servo/lib:/home/berenic/Documents/LPRS2_2026/Robo_Hand_RS485/ROS2/robo_hand_ws/install/realsense_gazebo_plugin/lib:/opt/ros/jazzy/opt/gz_sim_vendor/lib:/opt/ros/jazzy/opt/gz_sensors_vendor/lib:/opt/ros/jazzy/opt/gz_physics_vendor/lib:/opt/ros/jazzy/opt/sdformat_vendor/lib:/opt/ros/jazzy/opt/rviz_ogre_vendor/lib:/opt/ros/jazzy/lib/x86_64-linux-gnu:/opt/ros/jazzy/opt/gz_gui_vendor/lib:/opt/ros/jazzy/opt/gz_transport_vendor/lib:/opt/ros/jazzy/opt/gz_rendering_vendor/lib:/opt/ros/jazzy/opt/gz_plugin_vendor/lib:/opt/ros/jazzy/opt/gz_fuel_tools_vendor/lib:/opt/ros/jazzy/opt/gz_msgs_vendor/lib:/opt/ros/jazzy/opt/gz_common_vendor/lib:/opt/ros/jazzy/opt/gz_math_vendor/lib:/opt/ros/jazzy/opt/gz_utils_vendor/lib:/opt/ros/jazzy/opt/gz_tools_vendor/lib:/opt/ros/jazzy/opt/gz_ogre_next_vendor/lib:/opt/ros/jazzy/opt/gz_dartsim_vendor/lib:/opt/ros/jazzy/opt/gz_cmake_vendor/lib:/opt/ros/jazzy/lib /usr/bin/cmake --build /home/berenic/Documents/LPRS2_2026/Robo_Hand_RS485/ROS2/robo_hand_ws/build/xarm_moveit_servo -- -j12 -l12
[1.994s] DEBUG:colcon.colcon_core.event_handler.log_command:Invoking command in '/home/berenic/Documents/LPRS2_2026/Robo_Hand_RS485/ROS2/robo_hand_ws/build/xarm_planner': AMENT_PREFIX_PATH=/home/berenic/Documents/LPRS2_2026/Robo_Hand_RS485/ROS2/robo_hand_ws/install/uf_ros_lib:/home/berenic/Documents/LPRS2_2026/Robo_Hand_RS485/ROS2/robo_hand_ws/install/glue_events_routines:/home/berenic/Documents/LPRS2_2026/Robo_Hand_RS485/ROS2/robo_hand_ws/install/xarm_planner:/home/berenic/Documents/LPRS2_2026/Robo_Hand_RS485/ROS2/robo_hand_ws/install/xarm_moveit_servo:/home/berenic/Documents/LPRS2_2026/Robo_Hand_RS485/ROS2/robo_hand_ws/install/xarm_moveit_config:/home/berenic/Documents/LPRS2_2026/Robo_Hand_RS485/ROS2/robo_hand_ws/install/xarm_gazebo:/home/berenic/Documents/LPRS2_2026/Robo_Hand_RS485/ROS2/robo_hand_ws/install/xarm_controller:/home/berenic/Documents/LPRS2_2026/Robo_Hand_RS485/ROS2/robo_hand_ws/install/xarm_api:/home/berenic/Documents/LPRS2_2026/Robo_Hand_RS485/ROS2/robo_hand_ws/install/xarm_sdk:/home/berenic/Documents/LPRS2_2026/Robo_Hand_RS485/ROS2/robo_hand_ws/install/xarm_msgs:/home/berenic/Documents/LPRS2_2026/Robo_Hand_RS485/ROS2/robo_hand_ws/install/xarm_description:/home/berenic/Documents/LPRS2_2026/Robo_Hand_RS485/ROS2/robo_hand_ws/install/mbot_demo:/home/berenic/Documents/LPRS2_2026/Robo_Hand_RS485/ROS2/robo_hand_ws/install/realsense_gazebo_plugin:/opt/ros/jazzy CMAKE_PREFIX_PATH=/home/berenic/Documents/LPRS2_2026/Robo_Hand_RS485/ROS2/robo_hand_ws/install/xarm_moveit_config:/home/berenic/Documents/LPRS2_2026/Robo_Hand_RS485/ROS2/robo_hand_ws/install/xarm_gazebo:/home/berenic/Documents/LPRS2_2026/Robo_Hand_RS485/ROS2/robo_hand_ws/install/xarm_controller:/home/berenic/Documents/LPRS2_2026/Robo_Hand_RS485/ROS2/robo_hand_ws/install/xarm_api:/home/berenic/Documents/LPRS2_2026/Robo_Hand_RS485/ROS2/robo_hand_ws/install/xarm_sdk:/home/berenic/Documents/LPRS2_2026/Robo_Hand_RS485/ROS2/robo_hand_ws/install/xarm_msgs:/home/berenic/Documents/LPRS2_2026/Robo_Hand_RS485/ROS2/robo_hand_ws/install/xarm_description:/home/berenic/Documents/LPRS2_2026/Robo_Hand_RS485/ROS2/robo_hand_ws/install/glue_events_routines:/home/berenic/Documents/LPRS2_2026/Robo_Hand_RS485/ROS2/robo_hand_ws/install/xarm_planner:/home/berenic/Documents/LPRS2_2026/Robo_Hand_RS485/ROS2/robo_hand_ws/install/xarm_moveit_servo:/home/berenic/Documents/LPRS2_2026/Robo_Hand_RS485/ROS2/robo_hand_ws/install/mbot_demo:/home/berenic/Documents/LPRS2_2026/Robo_Hand_RS485/ROS2/robo_hand_ws/install/realsense_gazebo_plugin:/opt/ros/jazzy/opt/gz_sim_vendor:/opt/ros/jazzy/opt/gz_sensors_vendor:/opt/ros/jazzy/opt/gz_physics_vendor:/opt/ros/jazzy/opt/sdformat_vendor:/opt/ros/jazzy/opt/gz_gui_vendor:/opt/ros/jazzy/opt/gz_transport_vendor:/opt/ros/jazzy/opt/gz_rendering_vendor:/opt/ros/jazzy/opt/gz_plugin_vendor:/opt/ros/jazzy/opt/gz_fuel_tools_vendor:/opt/ros/jazzy/opt/gz_msgs_vendor:/opt/ros/jazzy/opt/gz_common_vendor:/opt/ros/jazzy/opt/gz_math_vendor:/opt/ros/jazzy/opt/gz_utils_vendor:/opt/ros/jazzy/opt/gz_tools_vendor:/opt/ros/jazzy/opt/gz_ogre_next_vendor:/opt/ros/jazzy/opt/gz_dartsim_vendor:/opt/ros/jazzy/opt/gz_cmake_vendor:/home/berenic/Documents/LPRS2_2026/Robo_Hand_RS485/ROS2/robo_hand_ws/install/uf_ros_lib:/opt/ros/jazzy DEBUGINFOD_URLS=https://debuginfod.ubuntu.com LD_LIBRARY_PATH=/home/berenic/Documents/LPRS2_2026/Robo_Hand_RS485/ROS2/robo_hand_ws/install/xarm_gazebo/lib:/home/berenic/Documents/LPRS2_2026/Robo_Hand_RS485/ROS2/robo_hand_ws/install/xarm_controller/lib:/home/berenic/Documents/LPRS2_2026/Robo_Hand_RS485/ROS2/robo_hand_ws/install/xarm_api/lib:/home/berenic/Documents/LPRS2_2026/Robo_Hand_RS485/ROS2/robo_hand_ws/install/xarm_sdk/lib:/home/berenic/Documents/LPRS2_2026/Robo_Hand_RS485/ROS2/robo_hand_ws/install/xarm_msgs/lib:/home/berenic/Documents/LPRS2_2026/Robo_Hand_RS485/ROS2/robo_hand_ws/install/xarm_planner/lib:/home/berenic/Documents/LPRS2_2026/Robo_Hand_RS485/ROS2/robo_hand_ws/install/xarm_moveit_servo/lib:/home/berenic/Documents/LPRS2_2026/Robo_Hand_RS485/ROS2/robo_hand_ws/install/realsense_gazebo_plugin/lib:/opt/ros/jazzy/opt/gz_sim_vendor/lib:/opt/ros/jazzy/opt/gz_sensors_vendor/lib:/opt/ros/jazzy/opt/gz_physics_vendor/lib:/opt/ros/jazzy/opt/sdformat_vendor/lib:/opt/ros/jazzy/opt/rviz_ogre_vendor/lib:/opt/ros/jazzy/lib/x86_64-linux-gnu:/opt/ros/jazzy/opt/gz_gui_vendor/lib:/opt/ros/jazzy/opt/gz_transport_vendor/lib:/opt/ros/jazzy/opt/gz_rendering_vendor/lib:/opt/ros/jazzy/opt/gz_plugin_vendor/lib:/opt/ros/jazzy/opt/gz_fuel_tools_vendor/lib:/opt/ros/jazzy/opt/gz_msgs_vendor/lib:/opt/ros/jazzy/opt/gz_common_vendor/lib:/opt/ros/jazzy/opt/gz_math_vendor/lib:/opt/ros/jazzy/opt/gz_utils_vendor/lib:/opt/ros/jazzy/opt/gz_tools_vendor/lib:/opt/ros/jazzy/opt/gz_ogre_next_vendor/lib:/opt/ros/jazzy/opt/gz_dartsim_vendor/lib:/opt/ros/jazzy/opt/gz_cmake_vendor/lib:/opt/ros/jazzy/lib /usr/bin/cmake --build /home/berenic/Documents/LPRS2_2026/Robo_Hand_RS485/ROS2/robo_hand_ws/build/xarm_planner -- -j12 -l12
[2.070s] DEBUG:colcon.colcon_core.event_handler.log_command:Invoked command in '/home/berenic/Documents/LPRS2_2026/Robo_Hand_RS485/ROS2/robo_hand_ws/build/xarm_moveit_servo' returned '0': AMENT_PREFIX_PATH=/home/berenic/Documents/LPRS2_2026/Robo_Hand_RS485/ROS2/robo_hand_ws/install/uf_ros_lib:/home/berenic/Documents/LPRS2_2026/Robo_Hand_RS485/ROS2/robo_hand_ws/install/glue_events_routines:/home/berenic/Documents/LPRS2_2026/Robo_Hand_RS485/ROS2/robo_hand_ws/install/xarm_planner:/home/berenic/Documents/LPRS2_2026/Robo_Hand_RS485/ROS2/robo_hand_ws/install/xarm_moveit_servo:/home/berenic/Documents/LPRS2_2026/Robo_Hand_RS485/ROS2/robo_hand_ws/install/xarm_moveit_config:/home/berenic/Documents/LPRS2_2026/Robo_Hand_RS485/ROS2/robo_hand_ws/install/xarm_gazebo:/home/berenic/Documents/LPRS2_2026/Robo_Hand_RS485/ROS2/robo_hand_ws/install/xarm_controller:/home/berenic/Documents/LPRS2_2026/Robo_Hand_RS485/ROS2/robo_hand_ws/install/xarm_api:/home/berenic/Documents/LPRS2_2026/Robo_Hand_RS485/ROS2/robo_hand_ws/install/xarm_sdk:/home/berenic/Documents/LPRS2_2026/Robo_Hand_RS485/ROS2/robo_hand_ws/install/xarm_msgs:/home/berenic/Documents/LPRS2_2026/Robo_Hand_RS485/ROS2/robo_hand_ws/install/xarm_description:/home/berenic/Documents/LPRS2_2026/Robo_Hand_RS485/ROS2/robo_hand_ws/install/mbot_demo:/home/berenic/Documents/LPRS2_2026/Robo_Hand_RS485/ROS2/robo_hand_ws/install/realsense_gazebo_plugin:/opt/ros/jazzy CMAKE_PREFIX_PATH=/home/berenic/Documents/LPRS2_2026/Robo_Hand_RS485/ROS2/robo_hand_ws/install/xarm_moveit_config:/home/berenic/Documents/LPRS2_2026/Robo_Hand_RS485/ROS2/robo_hand_ws/install/xarm_gazebo:/home/berenic/Documents/LPRS2_2026/Robo_Hand_RS485/ROS2/robo_hand_ws/install/xarm_controller:/home/berenic/Documents/LPRS2_2026/Robo_Hand_RS485/ROS2/robo_hand_ws/install/xarm_api:/home/berenic/Documents/LPRS2_2026/Robo_Hand_RS485/ROS2/robo_hand_ws/install/xarm_sdk:/home/berenic/Documents/LPRS2_2026/Robo_Hand_RS485/ROS2/robo_hand_ws/install/xarm_msgs:/home/berenic/Documents/LPRS2_2026/Robo_Hand_RS485/ROS2/robo_hand_ws/install/xarm_description:/home/berenic/Documents/LPRS2_2026/Robo_Hand_RS485/ROS2/robo_hand_ws/install/glue_events_routines:/home/berenic/Documents/LPRS2_2026/Robo_Hand_RS485/ROS2/robo_hand_ws/install/xarm_planner:/home/berenic/Documents/LPRS2_2026/Robo_Hand_RS485/ROS2/robo_hand_ws/install/xarm_moveit_servo:/home/berenic/Documents/LPRS2_2026/Robo_Hand_RS485/ROS2/robo_hand_ws/install/mbot_demo:/home/berenic/Documents/LPRS2_2026/Robo_Hand_RS485/ROS2/robo_hand_ws/install/realsense_gazebo_plugin:/opt/ros/jazzy/opt/gz_sim_vendor:/opt/ros/jazzy/opt/gz_sensors_vendor:/opt/ros/jazzy/opt/gz_physics_vendor:/opt/ros/jazzy/opt/sdformat_vendor:/opt/ros/jazzy/opt/gz_gui_vendor:/opt/ros/jazzy/opt/gz_transport_vendor:/opt/ros/jazzy/opt/gz_rendering_vendor:/opt/ros/jazzy/opt/gz_plugin_vendor:/opt/ros/jazzy/opt/gz_fuel_tools_vendor:/opt/ros/jazzy/opt/gz_msgs_vendor:/opt/ros/jazzy/opt/gz_common_vendor:/opt/ros/jazzy/opt/gz_math_vendor:/opt/ros/jazzy/opt/gz_utils_vendor:/opt/ros/jazzy/opt/gz_tools_vendor:/opt/ros/jazzy/opt/gz_ogre_next_vendor:/opt/ros/jazzy/opt/gz_dartsim_vendor:/opt/ros/jazzy/opt/gz_cmake_vendor:/home/berenic/Documents/LPRS2_2026/Robo_Hand_RS485/ROS2/robo_hand_ws/install/uf_ros_lib:/opt/ros/jazzy DEBUGINFOD_URLS=https://debuginfod.ubuntu.com LD_LIBRARY_PATH=/home/berenic/Documents/LPRS2_2026/Robo_Hand_RS485/ROS2/robo_hand_ws/install/xarm_gazebo/lib:/home/berenic/Documents/LPRS2_2026/Robo_Hand_RS485/ROS2/robo_hand_ws/install/xarm_controller/lib:/home/berenic/Documents/LPRS2_2026/Robo_Hand_RS485/ROS2/robo_hand_ws/install/xarm_api/lib:/home/berenic/Documents/LPRS2_2026/Robo_Hand_RS485/ROS2/robo_hand_ws/install/xarm_sdk/lib:/home/berenic/Documents/LPRS2_2026/Robo_Hand_RS485/ROS2/robo_hand_ws/install/xarm_msgs/lib:/home/berenic/Documents/LPRS2_2026/Robo_Hand_RS485/ROS2/robo_hand_ws/install/xarm_planner/lib:/home/berenic/Documents/LPRS2_2026/Robo_Hand_RS485/ROS2/robo_hand_ws/install/xarm_moveit_servo/lib:/home/berenic/Documents/LPRS2_2026/Robo_Hand_RS485/ROS2/robo_hand_ws/install/realsense_gazebo_plugin/lib:/opt/ros/jazzy/opt/gz_sim_vendor/lib:/opt/ros/jazzy/opt/gz_sensors_vendor/lib:/opt/ros/jazzy/opt/gz_physics_vendor/lib:/opt/ros/jazzy/opt/sdformat_vendor/lib:/opt/ros/jazzy/opt/rviz_ogre_vendor/lib:/opt/ros/jazzy/lib/x86_64-linux-gnu:/opt/ros/jazzy/opt/gz_gui_vendor/lib:/opt/ros/jazzy/opt/gz_transport_vendor/lib:/opt/ros/jazzy/opt/gz_rendering_vendor/lib:/opt/ros/jazzy/opt/gz_plugin_vendor/lib:/opt/ros/jazzy/opt/gz_fuel_tools_vendor/lib:/opt/ros/jazzy/opt/gz_msgs_vendor/lib:/opt/ros/jazzy/opt/gz_common_vendor/lib:/opt/ros/jazzy/opt/gz_math_vendor/lib:/opt/ros/jazzy/opt/gz_utils_vendor/lib:/opt/ros/jazzy/opt/gz_tools_vendor/lib:/opt/ros/jazzy/opt/gz_ogre_next_vendor/lib:/opt/ros/jazzy/opt/gz_dartsim_vendor/lib:/opt/ros/jazzy/opt/gz_cmake_vendor/lib:/opt/ros/jazzy/lib /usr/bin/cmake --build /home/berenic/Documents/LPRS2_2026/Robo_Hand_RS485/ROS2/robo_hand_ws/build/xarm_moveit_servo -- -j12 -l12
[2.072s] DEBUG:colcon.colcon_core.event_handler.log_command:Invoking command in '/home/berenic/Documents/LPRS2_2026/Robo_Hand_RS485/ROS2/robo_hand_ws/build/xarm_moveit_servo': AMENT_PREFIX_PATH=/home/berenic/Documents/LPRS2_2026/Robo_Hand_RS485/ROS2/robo_hand_ws/install/uf_ros_lib:/home/berenic/Documents/LPRS2_2026/Robo_Hand_RS485/ROS2/robo_hand_ws/install/glue_events_routines:/home/berenic/Documents/LPRS2_2026/Robo_Hand_RS485/ROS2/robo_hand_ws/install/xarm_planner:/home/berenic/Documents/LPRS2_2026/Robo_Hand_RS485/ROS2/robo_hand_ws/install/xarm_moveit_servo:/home/berenic/Documents/LPRS2_2026/Robo_Hand_RS485/ROS2/robo_hand_ws/install/xarm_moveit_config:/home/berenic/Documents/LPRS2_2026/Robo_Hand_RS485/ROS2/robo_hand_ws/install/xarm_gazebo:/home/berenic/Documents/LPRS2_2026/Robo_Hand_RS485/ROS2/robo_hand_ws/install/xarm_controller:/home/berenic/Documents/LPRS2_2026/Robo_Hand_RS485/ROS2/robo_hand_ws/install/xarm_api:/home/berenic/Documents/LPRS2_2026/Robo_Hand_RS485/ROS2/robo_hand_ws/install/xarm_sdk:/home/berenic/Documents/LPRS2_2026/Robo_Hand_RS485/ROS2/robo_hand_ws/install/xarm_msgs:/home/berenic/Documents/LPRS2_2026/Robo_Hand_RS485/ROS2/robo_hand_ws/install/xarm_description:/home/berenic/Documents/LPRS2_2026/Robo_Hand_RS485/ROS2/robo_hand_ws/install/mbot_demo:/home/berenic/Documents/LPRS2_2026/Robo_Hand_RS485/ROS2/robo_hand_ws/install/realsense_gazebo_plugin:/opt/ros/jazzy CMAKE_PREFIX_PATH=/home/berenic/Documents/LPRS2_2026/Robo_Hand_RS485/ROS2/robo_hand_ws/install/xarm_moveit_config:/home/berenic/Documents/LPRS2_2026/Robo_Hand_RS485/ROS2/robo_hand_ws/install/xarm_gazebo:/home/berenic/Documents/LPRS2_2026/Robo_Hand_RS485/ROS2/robo_hand_ws/install/xarm_controller:/home/berenic/Documents/LPRS2_2026/Robo_Hand_RS485/ROS2/robo_hand_ws/install/xarm_api:/home/berenic/Documents/LPRS2_2026/Robo_Hand_RS485/ROS2/robo_hand_ws/install/xarm_sdk:/home/berenic/Documents/LPRS2_2026/Robo_Hand_RS485/ROS2/robo_hand_ws/install/xarm_msgs:/home/berenic/Documents/LPRS2_2026/Robo_Hand_RS485/ROS2/robo_hand_ws/install/xarm_description:/home/berenic/Documents/LPRS2_2026/Robo_Hand_RS485/ROS2/robo_hand_ws/install/glue_events_routines:/home/berenic/Documents/LPRS2_2026/Robo_Hand_RS485/ROS2/robo_hand_ws/install/xarm_planner:/home/berenic/Documents/LPRS2_2026/Robo_Hand_RS485/ROS2/robo_hand_ws/install/xarm_moveit_servo:/home/berenic/Documents/LPRS2_2026/Robo_Hand_RS485/ROS2/robo_hand_ws/install/mbot_demo:/home/berenic/Documents/LPRS2_2026/Robo_Hand_RS485/ROS2/robo_hand_ws/install/realsense_gazebo_plugin:/opt/ros/jazzy/opt/gz_sim_vendor:/opt/ros/jazzy/opt/gz_sensors_vendor:/opt/ros/jazzy/opt/gz_physics_vendor:/opt/ros/jazzy/opt/sdformat_vendor:/opt/ros/jazzy/opt/gz_gui_vendor:/opt/ros/jazzy/opt/gz_transport_vendor:/opt/ros/jazzy/opt/gz_rendering_vendor:/opt/ros/jazzy/opt/gz_plugin_vendor:/opt/ros/jazzy/opt/gz_fuel_tools_vendor:/opt/ros/jazzy/opt/gz_msgs_vendor:/opt/ros/jazzy/opt/gz_common_vendor:/opt/ros/jazzy/opt/gz_math_vendor:/opt/ros/jazzy/opt/gz_utils_vendor:/opt/ros/jazzy/opt/gz_tools_vendor:/opt/ros/jazzy/opt/gz_ogre_next_vendor:/opt/ros/jazzy/opt/gz_dartsim_vendor:/opt/ros/jazzy/opt/gz_cmake_vendor:/home/berenic/Documents/LPRS2_2026/Robo_Hand_RS485/ROS2/robo_hand_ws/install/uf_ros_lib:/opt/ros/jazzy DEBUGINFOD_URLS=https://debuginfod.ubuntu.com LD_LIBRARY_PATH=/home/berenic/Documents/LPRS2_2026/Robo_Hand_RS485/ROS2/robo_hand_ws/install/xarm_gazebo/lib:/home/berenic/Documents/LPRS2_2026/Robo_Hand_RS485/ROS2/robo_hand_ws/install/xarm_controller/lib:/home/berenic/Documents/LPRS2_2026/Robo_Hand_RS485/ROS2/robo_hand_ws/install/xarm_api/lib:/home/berenic/Documents/LPRS2_2026/Robo_Hand_RS485/ROS2/robo_hand_ws/install/xarm_sdk/lib:/home/berenic/Documents/LPRS2_2026/Robo_Hand_RS485/ROS2/robo_hand_ws/install/xarm_msgs/lib:/home/berenic/Documents/LPRS2_2026/Robo_Hand_RS485/ROS2/robo_hand_ws/install/xarm_planner/lib:/home/berenic/Documents/LPRS2_2026/Robo_Hand_RS485/ROS2/robo_hand_ws/install/xarm_moveit_servo/lib:/home/berenic/Documents/LPRS2_2026/Robo_Hand_RS485/ROS2/robo_hand_ws/install/realsense_gazebo_plugin/lib:/opt/ros/jazzy/opt/gz_sim_vendor/lib:/opt/ros/jazzy/opt/gz_sensors_vendor/lib:/opt/ros/jazzy/opt/gz_physics_vendor/lib:/opt/ros/jazzy/opt/sdformat_vendor/lib:/opt/ros/jazzy/opt/rviz_ogre_vendor/lib:/opt/ros/jazzy/lib/x86_64-linux-gnu:/opt/ros/jazzy/opt/gz_gui_vendor/lib:/opt/ros/jazzy/opt/gz_transport_vendor/lib:/opt/ros/jazzy/opt/gz_rendering_vendor/lib:/opt/ros/jazzy/opt/gz_plugin_vendor/lib:/opt/ros/jazzy/opt/gz_fuel_tools_vendor/lib:/opt/ros/jazzy/opt/gz_msgs_vendor/lib:/opt/ros/jazzy/opt/gz_common_vendor/lib:/opt/ros/jazzy/opt/gz_math_vendor/lib:/opt/ros/jazzy/opt/gz_utils_vendor/lib:/opt/ros/jazzy/opt/gz_tools_vendor/lib:/opt/ros/jazzy/opt/gz_ogre_next_vendor/lib:/opt/ros/jazzy/opt/gz_dartsim_vendor/lib:/opt/ros/jazzy/opt/gz_cmake_vendor/lib:/opt/ros/jazzy/lib /usr/bin/cmake --install /home/berenic/Documents/LPRS2_2026/Robo_Hand_RS485/ROS2/robo_hand_ws/build/xarm_moveit_servo
[2.104s] Level 1:colcon.colcon_core.environment:create_environment_scripts_only(xarm_moveit_servo)
[2.105s] Level 1:colcon.colcon_core.environment:checking '/home/berenic/Documents/LPRS2_2026/Robo_Hand_RS485/ROS2/robo_hand_ws/install/xarm_moveit_servo' for CMake module files
[2.105s] DEBUG:colcon.colcon_core.event_handler.log_command:Invoked command in '/home/berenic/Documents/LPRS2_2026/Robo_Hand_RS485/ROS2/robo_hand_ws/build/xarm_moveit_servo' returned '0': AMENT_PREFIX_PATH=/home/berenic/Documents/LPRS2_2026/Robo_Hand_RS485/ROS2/robo_hand_ws/install/uf_ros_lib:/home/berenic/Documents/LPRS2_2026/Robo_Hand_RS485/ROS2/robo_hand_ws/install/glue_events_routines:/home/berenic/Documents/LPRS2_2026/Robo_Hand_RS485/ROS2/robo_hand_ws/install/xarm_planner:/home/berenic/Documents/LPRS2_2026/Robo_Hand_RS485/ROS2/robo_hand_ws/install/xarm_moveit_servo:/home/berenic/Documents/LPRS2_2026/Robo_Hand_RS485/ROS2/robo_hand_ws/install/xarm_moveit_config:/home/berenic/Documents/LPRS2_2026/Robo_Hand_RS485/ROS2/robo_hand_ws/install/xarm_gazebo:/home/berenic/Documents/LPRS2_2026/Robo_Hand_RS485/ROS2/robo_hand_ws/install/xarm_controller:/home/berenic/Documents/LPRS2_2026/Robo_Hand_RS485/ROS2/robo_hand_ws/install/xarm_api:/home/berenic/Documents/LPRS2_2026/Robo_Hand_RS485/ROS2/robo_hand_ws/install/xarm_sdk:/home/berenic/Documents/LPRS2_2026/Robo_Hand_RS485/ROS2/robo_hand_ws/install/xarm_msgs:/home/berenic/Documents/LPRS2_2026/Robo_Hand_RS485/ROS2/robo_hand_ws/install/xarm_description:/home/berenic/Documents/LPRS2_2026/Robo_Hand_RS485/ROS2/robo_hand_ws/install/mbot_demo:/home/berenic/Documents/LPRS2_2026/Robo_Hand_RS485/ROS2/robo_hand_ws/install/realsense_gazebo_plugin:/opt/ros/jazzy CMAKE_PREFIX_PATH=/home/berenic/Documents/LPRS2_2026/Robo_Hand_RS485/ROS2/robo_hand_ws/install/xarm_moveit_config:/home/berenic/Documents/LPRS2_2026/Robo_Hand_RS485/ROS2/robo_hand_ws/install/xarm_gazebo:/home/berenic/Documents/LPRS2_2026/Robo_Hand_RS485/ROS2/robo_hand_ws/install/xarm_controller:/home/berenic/Documents/LPRS2_2026/Robo_Hand_RS485/ROS2/robo_hand_ws/install/xarm_api:/home/berenic/Documents/LPRS2_2026/Robo_Hand_RS485/ROS2/robo_hand_ws/install/xarm_sdk:/home/berenic/Documents/LPRS2_2026/Robo_Hand_RS485/ROS2/robo_hand_ws/install/xarm_msgs:/home/berenic/Documents/LPRS2_2026/Robo_Hand_RS485/ROS2/robo_hand_ws/install/xarm_description:/home/berenic/Documents/LPRS2_2026/Robo_Hand_RS485/ROS2/robo_hand_ws/install/glue_events_routines:/home/berenic/Documents/LPRS2_2026/Robo_Hand_RS485/ROS2/robo_hand_ws/install/xarm_planner:/home/berenic/Documents/LPRS2_2026/Robo_Hand_RS485/ROS2/robo_hand_ws/install/xarm_moveit_servo:/home/berenic/Documents/LPRS2_2026/Robo_Hand_RS485/ROS2/robo_hand_ws/install/mbot_demo:/home/berenic/Documents/LPRS2_2026/Robo_Hand_RS485/ROS2/robo_hand_ws/install/realsense_gazebo_plugin:/opt/ros/jazzy/opt/gz_sim_vendor:/opt/ros/jazzy/opt/gz_sensors_vendor:/opt/ros/jazzy/opt/gz_physics_vendor:/opt/ros/jazzy/opt/sdformat_vendor:/opt/ros/jazzy/opt/gz_gui_vendor:/opt/ros/jazzy/opt/gz_transport_vendor:/opt/ros/jazzy/opt/gz_rendering_vendor:/opt/ros/jazzy/opt/gz_plugin_vendor:/opt/ros/jazzy/opt/gz_fuel_tools_vendor:/opt/ros/jazzy/opt/gz_msgs_vendor:/opt/ros/jazzy/opt/gz_common_vendor:/opt/ros/jazzy/opt/gz_math_vendor:/opt/ros/jazzy/opt/gz_utils_vendor:/opt/ros/jazzy/opt/gz_tools_vendor:/opt/ros/jazzy/opt/gz_ogre_next_vendor:/opt/ros/jazzy/opt/gz_dartsim_vendor:/opt/ros/jazzy/opt/gz_cmake_vendor:/home/berenic/Documents/LPRS2_2026/Robo_Hand_RS485/ROS2/robo_hand_ws/install/uf_ros_lib:/opt/ros/jazzy DEBUGINFOD_URLS=https://debuginfod.ubuntu.com LD_LIBRARY_PATH=/home/berenic/Documents/LPRS2_2026/Robo_Hand_RS485/ROS2/robo_hand_ws/install/xarm_gazebo/lib:/home/berenic/Documents/LPRS2_2026/Robo_Hand_RS485/ROS2/robo_hand_ws/install/xarm_controller/lib:/home/berenic/Documents/LPRS2_2026/Robo_Hand_RS485/ROS2/robo_hand_ws/install/xarm_api/lib:/home/berenic/Documents/LPRS2_2026/Robo_Hand_RS485/ROS2/robo_hand_ws/install/xarm_sdk/lib:/home/berenic/Documents/LPRS2_2026/Robo_Hand_RS485/ROS2/robo_hand_ws/install/xarm_msgs/lib:/home/berenic/Documents/LPRS2_2026/Robo_Hand_RS485/ROS2/robo_hand_ws/install/xarm_planner/lib:/home/berenic/Documents/LPRS2_2026/Robo_Hand_RS485/ROS2/robo_hand_ws/install/xarm_moveit_servo/lib:/home/berenic/Documents/LPRS2_2026/Robo_Hand_RS485/ROS2/robo_hand_ws/install/realsense_gazebo_plugin/lib:/opt/ros/jazzy/opt/gz_sim_vendor/lib:/opt/ros/jazzy/opt/gz_sensors_vendor/lib:/opt/ros/jazzy/opt/gz_physics_vendor/lib:/opt/ros/jazzy/opt/sdformat_vendor/lib:/opt/ros/jazzy/opt/rviz_ogre_vendor/lib:/opt/ros/jazzy/lib/x86_64-linux-gnu:/opt/ros/jazzy/opt/gz_gui_vendor/lib:/opt/ros/jazzy/opt/gz_transport_vendor/lib:/opt/ros/jazzy/opt/gz_rendering_vendor/lib:/opt/ros/jazzy/opt/gz_plugin_vendor/lib:/opt/ros/jazzy/opt/gz_fuel_tools_vendor/lib:/opt/ros/jazzy/opt/gz_msgs_vendor/lib:/opt/ros/jazzy/opt/gz_common_vendor/lib:/opt/ros/jazzy/opt/gz_math_vendor/lib:/opt/ros/jazzy/opt/gz_utils_vendor/lib:/opt/ros/jazzy/opt/gz_tools_vendor/lib:/opt/ros/jazzy/opt/gz_ogre_next_vendor/lib:/opt/ros/jazzy/opt/gz_dartsim_vendor/lib:/opt/ros/jazzy/opt/gz_cmake_vendor/lib:/opt/ros/jazzy/lib /usr/bin/cmake --install /home/berenic/Documents/LPRS2_2026/Robo_Hand_RS485/ROS2/robo_hand_ws/build/xarm_moveit_servo
[2.106s] Level 1:colcon.colcon_core.environment:checking '/home/berenic/Documents/LPRS2_2026/Robo_Hand_RS485/ROS2/robo_hand_ws/install/xarm_moveit_servo' for CMake config files
[2.106s] Level 1:colcon.colcon_core.shell:create_environment_hook('xarm_moveit_servo', 'cmake_prefix_path')
[2.107s] INFO:colcon.colcon_core.shell:Creating environment hook '/home/berenic/Documents/LPRS2_2026/Robo_Hand_RS485/ROS2/robo_hand_ws/install/xarm_moveit_servo/share/xarm_moveit_servo/hook/cmake_prefix_path.ps1'
[2.107s] INFO:colcon.colcon_core.shell:Creating environment descriptor '/home/berenic/Documents/LPRS2_2026/Robo_Hand_RS485/ROS2/robo_hand_ws/install/xarm_moveit_servo/share/xarm_moveit_servo/hook/cmake_prefix_path.dsv'
[2.107s] INFO:colcon.colcon_core.shell:Creating environment hook '/home/berenic/Documents/LPRS2_2026/Robo_Hand_RS485/ROS2/robo_hand_ws/install/xarm_moveit_servo/share/xarm_moveit_servo/hook/cmake_prefix_path.sh'
[2.108s] Level 1:colcon.colcon_core.environment:checking '/home/berenic/Documents/LPRS2_2026/Robo_Hand_RS485/ROS2/robo_hand_ws/install/xarm_moveit_servo/lib'
[2.108s] Level 1:colcon.colcon_core.shell:create_environment_hook('xarm_moveit_servo', 'ld_library_path_lib')
[2.108s] INFO:colcon.colcon_core.shell:Creating environment hook '/home/berenic/Documents/LPRS2_2026/Robo_Hand_RS485/ROS2/robo_hand_ws/install/xarm_moveit_servo/share/xarm_moveit_servo/hook/ld_library_path_lib.ps1'
[2.108s] INFO:colcon.colcon_core.shell:Creating environment descriptor '/home/berenic/Documents/LPRS2_2026/Robo_Hand_RS485/ROS2/robo_hand_ws/install/xarm_moveit_servo/share/xarm_moveit_servo/hook/ld_library_path_lib.dsv'
[2.109s] INFO:colcon.colcon_core.shell:Creating environment hook '/home/berenic/Documents/LPRS2_2026/Robo_Hand_RS485/ROS2/robo_hand_ws/install/xarm_moveit_servo/share/xarm_moveit_servo/hook/ld_library_path_lib.sh'
[2.109s] Level 1:colcon.colcon_core.environment:checking '/home/berenic/Documents/LPRS2_2026/Robo_Hand_RS485/ROS2/robo_hand_ws/install/xarm_moveit_servo/bin'
[2.109s] Level 1:colcon.colcon_core.environment:checking '/home/berenic/Documents/LPRS2_2026/Robo_Hand_RS485/ROS2/robo_hand_ws/install/xarm_moveit_servo/lib/pkgconfig/xarm_moveit_servo.pc'
[2.109s] Level 1:colcon.colcon_core.environment:checking '/home/berenic/Documents/LPRS2_2026/Robo_Hand_RS485/ROS2/robo_hand_ws/install/xarm_moveit_servo/lib/python3.12/site-packages'
[2.110s] Level 1:colcon.colcon_core.environment:checking '/home/berenic/Documents/LPRS2_2026/Robo_Hand_RS485/ROS2/robo_hand_ws/install/xarm_moveit_servo/bin'
[2.110s] INFO:colcon.colcon_core.shell:Creating package script '/home/berenic/Documents/LPRS2_2026/Robo_Hand_RS485/ROS2/robo_hand_ws/install/xarm_moveit_servo/share/xarm_moveit_servo/package.ps1'
[2.110s] INFO:colcon.colcon_core.shell:Creating package descriptor '/home/berenic/Documents/LPRS2_2026/Robo_Hand_RS485/ROS2/robo_hand_ws/install/xarm_moveit_servo/share/xarm_moveit_servo/package.dsv'
[2.111s] INFO:colcon.colcon_core.shell:Creating package script '/home/berenic/Documents/LPRS2_2026/Robo_Hand_RS485/ROS2/robo_hand_ws/install/xarm_moveit_servo/share/xarm_moveit_servo/package.sh'
[2.111s] INFO:colcon.colcon_core.shell:Creating package script '/home/berenic/Documents/LPRS2_2026/Robo_Hand_RS485/ROS2/robo_hand_ws/install/xarm_moveit_servo/share/xarm_moveit_servo/package.bash'
[2.111s] INFO:colcon.colcon_core.shell:Creating package script '/home/berenic/Documents/LPRS2_2026/Robo_Hand_RS485/ROS2/robo_hand_ws/install/xarm_moveit_servo/share/xarm_moveit_servo/package.zsh'
[2.112s] Level 1:colcon.colcon_core.environment:create_file_with_runtime_dependencies(/home/berenic/Documents/LPRS2_2026/Robo_Hand_RS485/ROS2/robo_hand_ws/install/xarm_moveit_servo/share/colcon-core/packages/xarm_moveit_servo)
[2.112s] Level 1:colcon.colcon_core.environment:create_environment_scripts_only(xarm_moveit_servo)
[2.112s] Level 1:colcon.colcon_core.environment:checking '/home/berenic/Documents/LPRS2_2026/Robo_Hand_RS485/ROS2/robo_hand_ws/install/xarm_moveit_servo' for CMake module files
[2.113s] Level 1:colcon.colcon_core.environment:checking '/home/berenic/Documents/LPRS2_2026/Robo_Hand_RS485/ROS2/robo_hand_ws/install/xarm_moveit_servo' for CMake config files
[2.113s] Level 1:colcon.colcon_core.shell:create_environment_hook('xarm_moveit_servo', 'cmake_prefix_path')
[2.113s] INFO:colcon.colcon_core.shell:Creating environment hook '/home/berenic/Documents/LPRS2_2026/Robo_Hand_RS485/ROS2/robo_hand_ws/install/xarm_moveit_servo/share/xarm_moveit_servo/hook/cmake_prefix_path.ps1'
[2.113s] INFO:colcon.colcon_core.shell:Creating environment descriptor '/home/berenic/Documents/LPRS2_2026/Robo_Hand_RS485/ROS2/robo_hand_ws/install/xarm_moveit_servo/share/xarm_moveit_servo/hook/cmake_prefix_path.dsv'
[2.114s] INFO:colcon.colcon_core.shell:Creating environment hook '/home/berenic/Documents/LPRS2_2026/Robo_Hand_RS485/ROS2/robo_hand_ws/install/xarm_moveit_servo/share/xarm_moveit_servo/hook/cmake_prefix_path.sh'
[2.114s] Level 1:colcon.colcon_core.environment:checking '/home/berenic/Documents/LPRS2_2026/Robo_Hand_RS485/ROS2/robo_hand_ws/install/xarm_moveit_servo/lib'
[2.114s] Level 1:colcon.colcon_core.shell:create_environment_hook('xarm_moveit_servo', 'ld_library_path_lib')
[2.114s] INFO:colcon.colcon_core.shell:Creating environment hook '/home/berenic/Documents/LPRS2_2026/Robo_Hand_RS485/ROS2/robo_hand_ws/install/xarm_moveit_servo/share/xarm_moveit_servo/hook/ld_library_path_lib.ps1'
[2.115s] INFO:colcon.colcon_core.shell:Creating environment descriptor '/home/berenic/Documents/LPRS2_2026/Robo_Hand_RS485/ROS2/robo_hand_ws/install/xarm_moveit_servo/share/xarm_moveit_servo/hook/ld_library_path_lib.dsv'
[2.115s] INFO:colcon.colcon_core.shell:Creating environment hook '/home/berenic/Documents/LPRS2_2026/Robo_Hand_RS485/ROS2/robo_hand_ws/install/xarm_moveit_servo/share/xarm_moveit_servo/hook/ld_library_path_lib.sh'
[2.115s] Level 1:colcon.colcon_core.environment:checking '/home/berenic/Documents/LPRS2_2026/Robo_Hand_RS485/ROS2/robo_hand_ws/install/xarm_moveit_servo/bin'
[2.115s] Level 1:colcon.colcon_core.environment:checking '/home/berenic/Documents/LPRS2_2026/Robo_Hand_RS485/ROS2/robo_hand_ws/install/xarm_moveit_servo/lib/pkgconfig/xarm_moveit_servo.pc'
[2.115s] Level 1:colcon.colcon_core.environment:checking '/home/berenic/Documents/LPRS2_2026/Robo_Hand_RS485/ROS2/robo_hand_ws/install/xarm_moveit_servo/lib/python3.12/site-packages'
[2.116s] Level 1:colcon.colcon_core.environment:checking '/home/berenic/Documents/LPRS2_2026/Robo_Hand_RS485/ROS2/robo_hand_ws/install/xarm_moveit_servo/bin'
[2.116s] INFO:colcon.colcon_core.shell:Creating package script '/home/berenic/Documents/LPRS2_2026/Robo_Hand_RS485/ROS2/robo_hand_ws/install/xarm_moveit_servo/share/xarm_moveit_servo/package.ps1'
[2.116s] INFO:colcon.colcon_core.shell:Creating package descriptor '/home/berenic/Documents/LPRS2_2026/Robo_Hand_RS485/ROS2/robo_hand_ws/install/xarm_moveit_servo/share/xarm_moveit_servo/package.dsv'
[2.117s] INFO:colcon.colcon_core.shell:Creating package script '/home/berenic/Documents/LPRS2_2026/Robo_Hand_RS485/ROS2/robo_hand_ws/install/xarm_moveit_servo/share/xarm_moveit_servo/package.sh'
[2.117s] INFO:colcon.colcon_core.shell:Creating package script '/home/berenic/Documents/LPRS2_2026/Robo_Hand_RS485/ROS2/robo_hand_ws/install/xarm_moveit_servo/share/xarm_moveit_servo/package.bash'
[2.117s] INFO:colcon.colcon_core.shell:Creating package script '/home/berenic/Documents/LPRS2_2026/Robo_Hand_RS485/ROS2/robo_hand_ws/install/xarm_moveit_servo/share/xarm_moveit_servo/package.zsh'
[2.118s] Level 1:colcon.colcon_core.environment:create_file_with_runtime_dependencies(/home/berenic/Documents/LPRS2_2026/Robo_Hand_RS485/ROS2/robo_hand_ws/install/xarm_moveit_servo/share/colcon-core/packages/xarm_moveit_servo)
[2.119s] DEBUG:colcon.colcon_core.event_handler.log_command:Invoked command in '/home/berenic/Documents/LPRS2_2026/Robo_Hand_RS485/ROS2/robo_hand_ws/build/xarm_planner' returned '0': AMENT_PREFIX_PATH=/home/berenic/Documents/LPRS2_2026/Robo_Hand_RS485/ROS2/robo_hand_ws/install/uf_ros_lib:/home/berenic/Documents/LPRS2_2026/Robo_Hand_RS485/ROS2/robo_hand_ws/install/glue_events_routines:/home/berenic/Documents/LPRS2_2026/Robo_Hand_RS485/ROS2/robo_hand_ws/install/xarm_planner:/home/berenic/Documents/LPRS2_2026/Robo_Hand_RS485/ROS2/robo_hand_ws/install/xarm_moveit_servo:/home/berenic/Documents/LPRS2_2026/Robo_Hand_RS485/ROS2/robo_hand_ws/install/xarm_moveit_config:/home/berenic/Documents/LPRS2_2026/Robo_Hand_RS485/ROS2/robo_hand_ws/install/xarm_gazebo:/home/berenic/Documents/LPRS2_2026/Robo_Hand_RS485/ROS2/robo_hand_ws/install/xarm_controller:/home/berenic/Documents/LPRS2_2026/Robo_Hand_RS485/ROS2/robo_hand_ws/install/xarm_api:/home/berenic/Documents/LPRS2_2026/Robo_Hand_RS485/ROS2/robo_hand_ws/install/xarm_sdk:/home/berenic/Documents/LPRS2_2026/Robo_Hand_RS485/ROS2/robo_hand_ws/install/xarm_msgs:/home/berenic/Documents/LPRS2_2026/Robo_Hand_RS485/ROS2/robo_hand_ws/install/xarm_description:/home/berenic/Documents/LPRS2_2026/Robo_Hand_RS485/ROS2/robo_hand_ws/install/mbot_demo:/home/berenic/Documents/LPRS2_2026/Robo_Hand_RS485/ROS2/robo_hand_ws/install/realsense_gazebo_plugin:/opt/ros/jazzy CMAKE_PREFIX_PATH=/home/berenic/Documents/LPRS2_2026/Robo_Hand_RS485/ROS2/robo_hand_ws/install/xarm_moveit_config:/home/berenic/Documents/LPRS2_2026/Robo_Hand_RS485/ROS2/robo_hand_ws/install/xarm_gazebo:/home/berenic/Documents/LPRS2_2026/Robo_Hand_RS485/ROS2/robo_hand_ws/install/xarm_controller:/home/berenic/Documents/LPRS2_2026/Robo_Hand_RS485/ROS2/robo_hand_ws/install/xarm_api:/home/berenic/Documents/LPRS2_2026/Robo_Hand_RS485/ROS2/robo_hand_ws/install/xarm_sdk:/home/berenic/Documents/LPRS2_2026/Robo_Hand_RS485/ROS2/robo_hand_ws/install/xarm_msgs:/home/berenic/Documents/LPRS2_2026/Robo_Hand_RS485/ROS2/robo_hand_ws/install/xarm_description:/home/berenic/Documents/LPRS2_2026/Robo_Hand_RS485/ROS2/robo_hand_ws/install/glue_events_routines:/home/berenic/Documents/LPRS2_2026/Robo_Hand_RS485/ROS2/robo_hand_ws/install/xarm_planner:/home/berenic/Documents/LPRS2_2026/Robo_Hand_RS485/ROS2/robo_hand_ws/install/xarm_moveit_servo:/home/berenic/Documents/LPRS2_2026/Robo_Hand_RS485/ROS2/robo_hand_ws/install/mbot_demo:/home/berenic/Documents/LPRS2_2026/Robo_Hand_RS485/ROS2/robo_hand_ws/install/realsense_gazebo_plugin:/opt/ros/jazzy/opt/gz_sim_vendor:/opt/ros/jazzy/opt/gz_sensors_vendor:/opt/ros/jazzy/opt/gz_physics_vendor:/opt/ros/jazzy/opt/sdformat_vendor:/opt/ros/jazzy/opt/gz_gui_vendor:/opt/ros/jazzy/opt/gz_transport_vendor:/opt/ros/jazzy/opt/gz_rendering_vendor:/opt/ros/jazzy/opt/gz_plugin_vendor:/opt/ros/jazzy/opt/gz_fuel_tools_vendor:/opt/ros/jazzy/opt/gz_msgs_vendor:/opt/ros/jazzy/opt/gz_common_vendor:/opt/ros/jazzy/opt/gz_math_vendor:/opt/ros/jazzy/opt/gz_utils_vendor:/opt/ros/jazzy/opt/gz_tools_vendor:/opt/ros/jazzy/opt/gz_ogre_next_vendor:/opt/ros/jazzy/opt/gz_dartsim_vendor:/opt/ros/jazzy/opt/gz_cmake_vendor:/home/berenic/Documents/LPRS2_2026/Robo_Hand_RS485/ROS2/robo_hand_ws/install/uf_ros_lib:/opt/ros/jazzy DEBUGINFOD_URLS=https://debuginfod.ubuntu.com LD_LIBRARY_PATH=/home/berenic/Documents/LPRS2_2026/Robo_Hand_RS485/ROS2/robo_hand_ws/install/xarm_gazebo/lib:/home/berenic/Documents/LPRS2_2026/Robo_Hand_RS485/ROS2/robo_hand_ws/install/xarm_controller/lib:/home/berenic/Documents/LPRS2_2026/Robo_Hand_RS485/ROS2/robo_hand_ws/install/xarm_api/lib:/home/berenic/Documents/LPRS2_2026/Robo_Hand_RS485/ROS2/robo_hand_ws/install/xarm_sdk/lib:/home/berenic/Documents/LPRS2_2026/Robo_Hand_RS485/ROS2/robo_hand_ws/install/xarm_msgs/lib:/home/berenic/Documents/LPRS2_2026/Robo_Hand_RS485/ROS2/robo_hand_ws/install/xarm_planner/lib:/home/berenic/Documents/LPRS2_2026/Robo_Hand_RS485/ROS2/robo_hand_ws/install/xarm_moveit_servo/lib:/home/berenic/Documents/LPRS2_2026/Robo_Hand_RS485/ROS2/robo_hand_ws/install/realsense_gazebo_plugin/lib:/opt/ros/jazzy/opt/gz_sim_vendor/lib:/opt/ros/jazzy/opt/gz_sensors_vendor/lib:/opt/ros/jazzy/opt/gz_physics_vendor/lib:/opt/ros/jazzy/opt/sdformat_vendor/lib:/opt/ros/jazzy/opt/rviz_ogre_vendor/lib:/opt/ros/jazzy/lib/x86_64-linux-gnu:/opt/ros/jazzy/opt/gz_gui_vendor/lib:/opt/ros/jazzy/opt/gz_transport_vendor/lib:/opt/ros/jazzy/opt/gz_rendering_vendor/lib:/opt/ros/jazzy/opt/gz_plugin_vendor/lib:/opt/ros/jazzy/opt/gz_fuel_tools_vendor/lib:/opt/ros/jazzy/opt/gz_msgs_vendor/lib:/opt/ros/jazzy/opt/gz_common_vendor/lib:/opt/ros/jazzy/opt/gz_math_vendor/lib:/opt/ros/jazzy/opt/gz_utils_vendor/lib:/opt/ros/jazzy/opt/gz_tools_vendor/lib:/opt/ros/jazzy/opt/gz_ogre_next_vendor/lib:/opt/ros/jazzy/opt/gz_dartsim_vendor/lib:/opt/ros/jazzy/opt/gz_cmake_vendor/lib:/opt/ros/jazzy/lib /usr/bin/cmake --build /home/berenic/Documents/LPRS2_2026/Robo_Hand_RS485/ROS2/robo_hand_ws/build/xarm_planner -- -j12 -l12
[2.120s] DEBUG:colcon.colcon_core.event_handler.log_command:Invoking command in '/home/berenic/Documents/LPRS2_2026/Robo_Hand_RS485/ROS2/robo_hand_ws/build/xarm_planner': AMENT_PREFIX_PATH=/home/berenic/Documents/LPRS2_2026/Robo_Hand_RS485/ROS2/robo_hand_ws/install/uf_ros_lib:/home/berenic/Documents/LPRS2_2026/Robo_Hand_RS485/ROS2/robo_hand_ws/install/glue_events_routines:/home/berenic/Documents/LPRS2_2026/Robo_Hand_RS485/ROS2/robo_hand_ws/install/xarm_planner:/home/berenic/Documents/LPRS2_2026/Robo_Hand_RS485/ROS2/robo_hand_ws/install/xarm_moveit_servo:/home/berenic/Documents/LPRS2_2026/Robo_Hand_RS485/ROS2/robo_hand_ws/install/xarm_moveit_config:/home/berenic/Documents/LPRS2_2026/Robo_Hand_RS485/ROS2/robo_hand_ws/install/xarm_gazebo:/home/berenic/Documents/LPRS2_2026/Robo_Hand_RS485/ROS2/robo_hand_ws/install/xarm_controller:/home/berenic/Documents/LPRS2_2026/Robo_Hand_RS485/ROS2/robo_hand_ws/install/xarm_api:/home/berenic/Documents/LPRS2_2026/Robo_Hand_RS485/ROS2/robo_hand_ws/install/xarm_sdk:/home/berenic/Documents/LPRS2_2026/Robo_Hand_RS485/ROS2/robo_hand_ws/install/xarm_msgs:/home/berenic/Documents/LPRS2_2026/Robo_Hand_RS485/ROS2/robo_hand_ws/install/xarm_description:/home/berenic/Documents/LPRS2_2026/Robo_Hand_RS485/ROS2/robo_hand_ws/install/mbot_demo:/home/berenic/Documents/LPRS2_2026/Robo_Hand_RS485/ROS2/robo_hand_ws/install/realsense_gazebo_plugin:/opt/ros/jazzy CMAKE_PREFIX_PATH=/home/berenic/Documents/LPRS2_2026/Robo_Hand_RS485/ROS2/robo_hand_ws/install/xarm_moveit_config:/home/berenic/Documents/LPRS2_2026/Robo_Hand_RS485/ROS2/robo_hand_ws/install/xarm_gazebo:/home/berenic/Documents/LPRS2_2026/Robo_Hand_RS485/ROS2/robo_hand_ws/install/xarm_controller:/home/berenic/Documents/LPRS2_2026/Robo_Hand_RS485/ROS2/robo_hand_ws/install/xarm_api:/home/berenic/Documents/LPRS2_2026/Robo_Hand_RS485/ROS2/robo_hand_ws/install/xarm_sdk:/home/berenic/Documents/LPRS2_2026/Robo_Hand_RS485/ROS2/robo_hand_ws/install/xarm_msgs:/home/berenic/Documents/LPRS2_2026/Robo_Hand_RS485/ROS2/robo_hand_ws/install/xarm_description:/home/berenic/Documents/LPRS2_2026/Robo_Hand_RS485/ROS2/robo_hand_ws/install/glue_events_routines:/home/berenic/Documents/LPRS2_2026/Robo_Hand_RS485/ROS2/robo_hand_ws/install/xarm_planner:/home/berenic/Documents/LPRS2_2026/Robo_Hand_RS485/ROS2/robo_hand_ws/install/xarm_moveit_servo:/home/berenic/Documents/LPRS2_2026/Robo_Hand_RS485/ROS2/robo_hand_ws/install/mbot_demo:/home/berenic/Documents/LPRS2_2026/Robo_Hand_RS485/ROS2/robo_hand_ws/install/realsense_gazebo_plugin:/opt/ros/jazzy/opt/gz_sim_vendor:/opt/ros/jazzy/opt/gz_sensors_vendor:/opt/ros/jazzy/opt/gz_physics_vendor:/opt/ros/jazzy/opt/sdformat_vendor:/opt/ros/jazzy/opt/gz_gui_vendor:/opt/ros/jazzy/opt/gz_transport_vendor:/opt/ros/jazzy/opt/gz_rendering_vendor:/opt/ros/jazzy/opt/gz_plugin_vendor:/opt/ros/jazzy/opt/gz_fuel_tools_vendor:/opt/ros/jazzy/opt/gz_msgs_vendor:/opt/ros/jazzy/opt/gz_common_vendor:/opt/ros/jazzy/opt/gz_math_vendor:/opt/ros/jazzy/opt/gz_utils_vendor:/opt/ros/jazzy/opt/gz_tools_vendor:/opt/ros/jazzy/opt/gz_ogre_next_vendor:/opt/ros/jazzy/opt/gz_dartsim_vendor:/opt/ros/jazzy/opt/gz_cmake_vendor:/home/berenic/Documents/LPRS2_2026/Robo_Hand_RS485/ROS2/robo_hand_ws/install/uf_ros_lib:/opt/ros/jazzy DEBUGINFOD_URLS=https://debuginfod.ubuntu.com LD_LIBRARY_PATH=/home/berenic/Documents/LPRS2_2026/Robo_Hand_RS485/ROS2/robo_hand_ws/install/xarm_gazebo/lib:/home/berenic/Documents/LPRS2_2026/Robo_Hand_RS485/ROS2/robo_hand_ws/install/xarm_controller/lib:/home/berenic/Documents/LPRS2_2026/Robo_Hand_RS485/ROS2/robo_hand_ws/install/xarm_api/lib:/home/berenic/Documents/LPRS2_2026/Robo_Hand_RS485/ROS2/robo_hand_ws/install/xarm_sdk/lib:/home/berenic/Documents/LPRS2_2026/Robo_Hand_RS485/ROS2/robo_hand_ws/install/xarm_msgs/lib:/home/berenic/Documents/LPRS2_2026/Robo_Hand_RS485/ROS2/robo_hand_ws/install/xarm_planner/lib:/home/berenic/Documents/LPRS2_2026/Robo_Hand_RS485/ROS2/robo_hand_ws/install/xarm_moveit_servo/lib:/home/berenic/Documents/LPRS2_2026/Robo_Hand_RS485/ROS2/robo_hand_ws/install/realsense_gazebo_plugin/lib:/opt/ros/jazzy/opt/gz_sim_vendor/lib:/opt/ros/jazzy/opt/gz_sensors_vendor/lib:/opt/ros/jazzy/opt/gz_physics_vendor/lib:/opt/ros/jazzy/opt/sdformat_vendor/lib:/opt/ros/jazzy/opt/rviz_ogre_vendor/lib:/opt/ros/jazzy/lib/x86_64-linux-gnu:/opt/ros/jazzy/opt/gz_gui_vendor/lib:/opt/ros/jazzy/opt/gz_transport_vendor/lib:/opt/ros/jazzy/opt/gz_rendering_vendor/lib:/opt/ros/jazzy/opt/gz_plugin_vendor/lib:/opt/ros/jazzy/opt/gz_fuel_tools_vendor/lib:/opt/ros/jazzy/opt/gz_msgs_vendor/lib:/opt/ros/jazzy/opt/gz_common_vendor/lib:/opt/ros/jazzy/opt/gz_math_vendor/lib:/opt/ros/jazzy/opt/gz_utils_vendor/lib:/opt/ros/jazzy/opt/gz_tools_vendor/lib:/opt/ros/jazzy/opt/gz_ogre_next_vendor/lib:/opt/ros/jazzy/opt/gz_dartsim_vendor/lib:/opt/ros/jazzy/opt/gz_cmake_vendor/lib:/opt/ros/jazzy/lib /usr/bin/cmake --install /home/berenic/Documents/LPRS2_2026/Robo_Hand_RS485/ROS2/robo_hand_ws/build/xarm_planner
[2.150s] Level 1:colcon.colcon_core.environment:create_environment_scripts_only(xarm_planner)
[2.150s] Level 1:colcon.colcon_core.environment:checking '/home/berenic/Documents/LPRS2_2026/Robo_Hand_RS485/ROS2/robo_hand_ws/install/xarm_planner' for CMake module files
[2.150s] DEBUG:colcon.colcon_core.event_handler.log_command:Invoked command in '/home/berenic/Documents/LPRS2_2026/Robo_Hand_RS485/ROS2/robo_hand_ws/build/xarm_planner' returned '0': AMENT_PREFIX_PATH=/home/berenic/Documents/LPRS2_2026/Robo_Hand_RS485/ROS2/robo_hand_ws/install/uf_ros_lib:/home/berenic/Documents/LPRS2_2026/Robo_Hand_RS485/ROS2/robo_hand_ws/install/glue_events_routines:/home/berenic/Documents/LPRS2_2026/Robo_Hand_RS485/ROS2/robo_hand_ws/install/xarm_planner:/home/berenic/Documents/LPRS2_2026/Robo_Hand_RS485/ROS2/robo_hand_ws/install/xarm_moveit_servo:/home/berenic/Documents/LPRS2_2026/Robo_Hand_RS485/ROS2/robo_hand_ws/install/xarm_moveit_config:/home/berenic/Documents/LPRS2_2026/Robo_Hand_RS485/ROS2/robo_hand_ws/install/xarm_gazebo:/home/berenic/Documents/LPRS2_2026/Robo_Hand_RS485/ROS2/robo_hand_ws/install/xarm_controller:/home/berenic/Documents/LPRS2_2026/Robo_Hand_RS485/ROS2/robo_hand_ws/install/xarm_api:/home/berenic/Documents/LPRS2_2026/Robo_Hand_RS485/ROS2/robo_hand_ws/install/xarm_sdk:/home/berenic/Documents/LPRS2_2026/Robo_Hand_RS485/ROS2/robo_hand_ws/install/xarm_msgs:/home/berenic/Documents/LPRS2_2026/Robo_Hand_RS485/ROS2/robo_hand_ws/install/xarm_description:/home/berenic/Documents/LPRS2_2026/Robo_Hand_RS485/ROS2/robo_hand_ws/install/mbot_demo:/home/berenic/Documents/LPRS2_2026/Robo_Hand_RS485/ROS2/robo_hand_ws/install/realsense_gazebo_plugin:/opt/ros/jazzy CMAKE_PREFIX_PATH=/home/berenic/Documents/LPRS2_2026/Robo_Hand_RS485/ROS2/robo_hand_ws/install/xarm_moveit_config:/home/berenic/Documents/LPRS2_2026/Robo_Hand_RS485/ROS2/robo_hand_ws/install/xarm_gazebo:/home/berenic/Documents/LPRS2_2026/Robo_Hand_RS485/ROS2/robo_hand_ws/install/xarm_controller:/home/berenic/Documents/LPRS2_2026/Robo_Hand_RS485/ROS2/robo_hand_ws/install/xarm_api:/home/berenic/Documents/LPRS2_2026/Robo_Hand_RS485/ROS2/robo_hand_ws/install/xarm_sdk:/home/berenic/Documents/LPRS2_2026/Robo_Hand_RS485/ROS2/robo_hand_ws/install/xarm_msgs:/home/berenic/Documents/LPRS2_2026/Robo_Hand_RS485/ROS2/robo_hand_ws/install/xarm_description:/home/berenic/Documents/LPRS2_2026/Robo_Hand_RS485/ROS2/robo_hand_ws/install/glue_events_routines:/home/berenic/Documents/LPRS2_2026/Robo_Hand_RS485/ROS2/robo_hand_ws/install/xarm_planner:/home/berenic/Documents/LPRS2_2026/Robo_Hand_RS485/ROS2/robo_hand_ws/install/xarm_moveit_servo:/home/berenic/Documents/LPRS2_2026/Robo_Hand_RS485/ROS2/robo_hand_ws/install/mbot_demo:/home/berenic/Documents/LPRS2_2026/Robo_Hand_RS485/ROS2/robo_hand_ws/install/realsense_gazebo_plugin:/opt/ros/jazzy/opt/gz_sim_vendor:/opt/ros/jazzy/opt/gz_sensors_vendor:/opt/ros/jazzy/opt/gz_physics_vendor:/opt/ros/jazzy/opt/sdformat_vendor:/opt/ros/jazzy/opt/gz_gui_vendor:/opt/ros/jazzy/opt/gz_transport_vendor:/opt/ros/jazzy/opt/gz_rendering_vendor:/opt/ros/jazzy/opt/gz_plugin_vendor:/opt/ros/jazzy/opt/gz_fuel_tools_vendor:/opt/ros/jazzy/opt/gz_msgs_vendor:/opt/ros/jazzy/opt/gz_common_vendor:/opt/ros/jazzy/opt/gz_math_vendor:/opt/ros/jazzy/opt/gz_utils_vendor:/opt/ros/jazzy/opt/gz_tools_vendor:/opt/ros/jazzy/opt/gz_ogre_next_vendor:/opt/ros/jazzy/opt/gz_dartsim_vendor:/opt/ros/jazzy/opt/gz_cmake_vendor:/home/berenic/Documents/LPRS2_2026/Robo_Hand_RS485/ROS2/robo_hand_ws/install/uf_ros_lib:/opt/ros/jazzy DEBUGINFOD_URLS=https://debuginfod.ubuntu.com LD_LIBRARY_PATH=/home/berenic/Documents/LPRS2_2026/Robo_Hand_RS485/ROS2/robo_hand_ws/install/xarm_gazebo/lib:/home/berenic/Documents/LPRS2_2026/Robo_Hand_RS485/ROS2/robo_hand_ws/install/xarm_controller/lib:/home/berenic/Documents/LPRS2_2026/Robo_Hand_RS485/ROS2/robo_hand_ws/install/xarm_api/lib:/home/berenic/Documents/LPRS2_2026/Robo_Hand_RS485/ROS2/robo_hand_ws/install/xarm_sdk/lib:/home/berenic/Documents/LPRS2_2026/Robo_Hand_RS485/ROS2/robo_hand_ws/install/xarm_msgs/lib:/home/berenic/Documents/LPRS2_2026/Robo_Hand_RS485/ROS2/robo_hand_ws/install/xarm_planner/lib:/home/berenic/Documents/LPRS2_2026/Robo_Hand_RS485/ROS2/robo_hand_ws/install/xarm_moveit_servo/lib:/home/berenic/Documents/LPRS2_2026/Robo_Hand_RS485/ROS2/robo_hand_ws/install/realsense_gazebo_plugin/lib:/opt/ros/jazzy/opt/gz_sim_vendor/lib:/opt/ros/jazzy/opt/gz_sensors_vendor/lib:/opt/ros/jazzy/opt/gz_physics_vendor/lib:/opt/ros/jazzy/opt/sdformat_vendor/lib:/opt/ros/jazzy/opt/rviz_ogre_vendor/lib:/opt/ros/jazzy/lib/x86_64-linux-gnu:/opt/ros/jazzy/opt/gz_gui_vendor/lib:/opt/ros/jazzy/opt/gz_transport_vendor/lib:/opt/ros/jazzy/opt/gz_rendering_vendor/lib:/opt/ros/jazzy/opt/gz_plugin_vendor/lib:/opt/ros/jazzy/opt/gz_fuel_tools_vendor/lib:/opt/ros/jazzy/opt/gz_msgs_vendor/lib:/opt/ros/jazzy/opt/gz_common_vendor/lib:/opt/ros/jazzy/opt/gz_math_vendor/lib:/opt/ros/jazzy/opt/gz_utils_vendor/lib:/opt/ros/jazzy/opt/gz_tools_vendor/lib:/opt/ros/jazzy/opt/gz_ogre_next_vendor/lib:/opt/ros/jazzy/opt/gz_dartsim_vendor/lib:/opt/ros/jazzy/opt/gz_cmake_vendor/lib:/opt/ros/jazzy/lib /usr/bin/cmake --install /home/berenic/Documents/LPRS2_2026/Robo_Hand_RS485/ROS2/robo_hand_ws/build/xarm_planner
[2.151s] Level 1:colcon.colcon_core.environment:checking '/home/berenic/Documents/LPRS2_2026/Robo_Hand_RS485/ROS2/robo_hand_ws/install/xarm_planner' for CMake config files
[2.151s] Level 1:colcon.colcon_core.shell:create_environment_hook('xarm_planner', 'cmake_prefix_path')
[2.151s] INFO:colcon.colcon_core.shell:Creating environment hook '/home/berenic/Documents/LPRS2_2026/Robo_Hand_RS485/ROS2/robo_hand_ws/install/xarm_planner/share/xarm_planner/hook/cmake_prefix_path.ps1'
[2.151s] INFO:colcon.colcon_core.shell:Creating environment descriptor '/home/berenic/Documents/LPRS2_2026/Robo_Hand_RS485/ROS2/robo_hand_ws/install/xarm_planner/share/xarm_planner/hook/cmake_prefix_path.dsv'
[2.152s] INFO:colcon.colcon_core.shell:Creating environment hook '/home/berenic/Documents/LPRS2_2026/Robo_Hand_RS485/ROS2/robo_hand_ws/install/xarm_planner/share/xarm_planner/hook/cmake_prefix_path.sh'
[2.152s] Level 1:colcon.colcon_core.environment:checking '/home/berenic/Documents/LPRS2_2026/Robo_Hand_RS485/ROS2/robo_hand_ws/install/xarm_planner/lib'
[2.152s] Level 1:colcon.colcon_core.shell:create_environment_hook('xarm_planner', 'ld_library_path_lib')
[2.153s] INFO:colcon.colcon_core.shell:Creating environment hook '/home/berenic/Documents/LPRS2_2026/Robo_Hand_RS485/ROS2/robo_hand_ws/install/xarm_planner/share/xarm_planner/hook/ld_library_path_lib.ps1'
[2.153s] INFO:colcon.colcon_core.shell:Creating environment descriptor '/home/berenic/Documents/LPRS2_2026/Robo_Hand_RS485/ROS2/robo_hand_ws/install/xarm_planner/share/xarm_planner/hook/ld_library_path_lib.dsv'
[2.153s] INFO:colcon.colcon_core.shell:Creating environment hook '/home/berenic/Documents/LPRS2_2026/Robo_Hand_RS485/ROS2/robo_hand_ws/install/xarm_planner/share/xarm_planner/hook/ld_library_path_lib.sh'
[2.154s] Level 1:colcon.colcon_core.environment:checking '/home/berenic/Documents/LPRS2_2026/Robo_Hand_RS485/ROS2/robo_hand_ws/install/xarm_planner/bin'
[2.154s] Level 1:colcon.colcon_core.environment:checking '/home/berenic/Documents/LPRS2_2026/Robo_Hand_RS485/ROS2/robo_hand_ws/install/xarm_planner/lib/pkgconfig/xarm_planner.pc'
[2.154s] Level 1:colcon.colcon_core.environment:checking '/home/berenic/Documents/LPRS2_2026/Robo_Hand_RS485/ROS2/robo_hand_ws/install/xarm_planner/lib/python3.12/site-packages'
[2.154s] Level 1:colcon.colcon_core.environment:checking '/home/berenic/Documents/LPRS2_2026/Robo_Hand_RS485/ROS2/robo_hand_ws/install/xarm_planner/bin'
[2.154s] INFO:colcon.colcon_core.shell:Creating package script '/home/berenic/Documents/LPRS2_2026/Robo_Hand_RS485/ROS2/robo_hand_ws/install/xarm_planner/share/xarm_planner/package.ps1'
[2.155s] INFO:colcon.colcon_core.shell:Creating package descriptor '/home/berenic/Documents/LPRS2_2026/Robo_Hand_RS485/ROS2/robo_hand_ws/install/xarm_planner/share/xarm_planner/package.dsv'
[2.155s] INFO:colcon.colcon_core.shell:Creating package script '/home/berenic/Documents/LPRS2_2026/Robo_Hand_RS485/ROS2/robo_hand_ws/install/xarm_planner/share/xarm_planner/package.sh'
[2.155s] INFO:colcon.colcon_core.shell:Creating package script '/home/berenic/Documents/LPRS2_2026/Robo_Hand_RS485/ROS2/robo_hand_ws/install/xarm_planner/share/xarm_planner/package.bash'
[2.156s] INFO:colcon.colcon_core.shell:Creating package script '/home/berenic/Documents/LPRS2_2026/Robo_Hand_RS485/ROS2/robo_hand_ws/install/xarm_planner/share/xarm_planner/package.zsh'
[2.156s] Level 1:colcon.colcon_core.environment:create_file_with_runtime_dependencies(/home/berenic/Documents/LPRS2_2026/Robo_Hand_RS485/ROS2/robo_hand_ws/install/xarm_planner/share/colcon-core/packages/xarm_planner)
[2.156s] Level 1:colcon.colcon_core.environment:create_environment_scripts_only(xarm_planner)
[2.156s] Level 1:colcon.colcon_core.environment:checking '/home/berenic/Documents/LPRS2_2026/Robo_Hand_RS485/ROS2/robo_hand_ws/install/xarm_planner' for CMake module files
[2.157s] Level 1:colcon.colcon_core.environment:checking '/home/berenic/Documents/LPRS2_2026/Robo_Hand_RS485/ROS2/robo_hand_ws/install/xarm_planner' for CMake config files
[2.157s] Level 1:colcon.colcon_core.shell:create_environment_hook('xarm_planner', 'cmake_prefix_path')
[2.157s] INFO:colcon.colcon_core.shell:Creating environment hook '/home/berenic/Documents/LPRS2_2026/Robo_Hand_RS485/ROS2/robo_hand_ws/install/xarm_planner/share/xarm_planner/hook/cmake_prefix_path.ps1'
[2.157s] INFO:colcon.colcon_core.shell:Creating environment descriptor '/home/berenic/Documents/LPRS2_2026/Robo_Hand_RS485/ROS2/robo_hand_ws/install/xarm_planner/share/xarm_planner/hook/cmake_prefix_path.dsv'
[2.158s] INFO:colcon.colcon_core.shell:Creating environment hook '/home/berenic/Documents/LPRS2_2026/Robo_Hand_RS485/ROS2/robo_hand_ws/install/xarm_planner/share/xarm_planner/hook/cmake_prefix_path.sh'
[2.158s] Level 1:colcon.colcon_core.environment:checking '/home/berenic/Documents/LPRS2_2026/Robo_Hand_RS485/ROS2/robo_hand_ws/install/xarm_planner/lib'
[2.158s] Level 1:colcon.colcon_core.shell:create_environment_hook('xarm_planner', 'ld_library_path_lib')
[2.158s] INFO:colcon.colcon_core.shell:Creating environment hook '/home/berenic/Documents/LPRS2_2026/Robo_Hand_RS485/ROS2/robo_hand_ws/install/xarm_planner/share/xarm_planner/hook/ld_library_path_lib.ps1'
[2.159s] INFO:colcon.colcon_core.shell:Creating environment descriptor '/home/berenic/Documents/LPRS2_2026/Robo_Hand_RS485/ROS2/robo_hand_ws/install/xarm_planner/share/xarm_planner/hook/ld_library_path_lib.dsv'
[2.159s] INFO:colcon.colcon_core.shell:Creating environment hook '/home/berenic/Documents/LPRS2_2026/Robo_Hand_RS485/ROS2/robo_hand_ws/install/xarm_planner/share/xarm_planner/hook/ld_library_path_lib.sh'
[2.159s] Level 1:colcon.colcon_core.environment:checking '/home/berenic/Documents/LPRS2_2026/Robo_Hand_RS485/ROS2/robo_hand_ws/install/xarm_planner/bin'
[2.159s] Level 1:colcon.colcon_core.environment:checking '/home/berenic/Documents/LPRS2_2026/Robo_Hand_RS485/ROS2/robo_hand_ws/install/xarm_planner/lib/pkgconfig/xarm_planner.pc'
[2.159s] Level 1:colcon.colcon_core.environment:checking '/home/berenic/Documents/LPRS2_2026/Robo_Hand_RS485/ROS2/robo_hand_ws/install/xarm_planner/lib/python3.12/site-packages'
[2.160s] Level 1:colcon.colcon_core.environment:checking '/home/berenic/Documents/LPRS2_2026/Robo_Hand_RS485/ROS2/robo_hand_ws/install/xarm_planner/bin'
[2.160s] INFO:colcon.colcon_core.shell:Creating package script '/home/berenic/Documents/LPRS2_2026/Robo_Hand_RS485/ROS2/robo_hand_ws/install/xarm_planner/share/xarm_planner/package.ps1'
[2.160s] INFO:colcon.colcon_core.shell:Creating package descriptor '/home/berenic/Documents/LPRS2_2026/Robo_Hand_RS485/ROS2/robo_hand_ws/install/xarm_planner/share/xarm_planner/package.dsv'
[2.161s] INFO:colcon.colcon_core.shell:Creating package script '/home/berenic/Documents/LPRS2_2026/Robo_Hand_RS485/ROS2/robo_hand_ws/install/xarm_planner/share/xarm_planner/package.sh'
[2.161s] INFO:colcon.colcon_core.shell:Creating package script '/home/berenic/Documents/LPRS2_2026/Robo_Hand_RS485/ROS2/robo_hand_ws/install/xarm_planner/share/xarm_planner/package.bash'
[2.161s] INFO:colcon.colcon_core.shell:Creating package script '/home/berenic/Documents/LPRS2_2026/Robo_Hand_RS485/ROS2/robo_hand_ws/install/xarm_planner/share/xarm_planner/package.zsh'
[2.162s] Level 1:colcon.colcon_core.environment:create_file_with_runtime_dependencies(/home/berenic/Documents/LPRS2_2026/Robo_Hand_RS485/ROS2/robo_hand_ws/install/xarm_planner/share/colcon-core/packages/xarm_planner)
[2.162s] INFO:colcon.colcon_ros.task.ament_cmake.build:Building ROS package in '/home/berenic/Documents/LPRS2_2026/Robo_Hand_RS485/ROS2/robo_hand_ws/src/custom/glue_events_routines' with build type 'ament_cmake'
[2.162s] INFO:colcon.colcon_cmake.task.cmake.build:Building CMake package in '/home/berenic/Documents/LPRS2_2026/Robo_Hand_RS485/ROS2/robo_hand_ws/src/custom/glue_events_routines'
[2.162s] INFO:colcon.colcon_core.shell:Skip shell extension 'powershell' for command environment: Not usable outside of PowerShell
[2.162s] DEBUG:colcon.colcon_core.shell:Skip shell extension 'dsv' for command environment
[2.185s] DEBUG:colcon.colcon_core.event_handler.log_command:Invoking command in '/home/berenic/Documents/LPRS2_2026/Robo_Hand_RS485/ROS2/robo_hand_ws/build/glue_events_routines': AMENT_PREFIX_PATH=/home/berenic/Documents/LPRS2_2026/Robo_Hand_RS485/ROS2/robo_hand_ws/install/uf_ros_lib:/home/berenic/Documents/LPRS2_2026/Robo_Hand_RS485/ROS2/robo_hand_ws/install/glue_events_routines:/home/berenic/Documents/LPRS2_2026/Robo_Hand_RS485/ROS2/robo_hand_ws/install/xarm_planner:/home/berenic/Documents/LPRS2_2026/Robo_Hand_RS485/ROS2/robo_hand_ws/install/xarm_moveit_servo:/home/berenic/Documents/LPRS2_2026/Robo_Hand_RS485/ROS2/robo_hand_ws/install/xarm_moveit_config:/home/berenic/Documents/LPRS2_2026/Robo_Hand_RS485/ROS2/robo_hand_ws/install/xarm_gazebo:/home/berenic/Documents/LPRS2_2026/Robo_Hand_RS485/ROS2/robo_hand_ws/install/xarm_controller:/home/berenic/Documents/LPRS2_2026/Robo_Hand_RS485/ROS2/robo_hand_ws/install/xarm_api:/home/berenic/Documents/LPRS2_2026/Robo_Hand_RS485/ROS2/robo_hand_ws/install/xarm_sdk:/home/berenic/Documents/LPRS2_2026/Robo_Hand_RS485/ROS2/robo_hand_ws/install/xarm_msgs:/home/berenic/Documents/LPRS2_2026/Robo_Hand_RS485/ROS2/robo_hand_ws/install/xarm_description:/home/berenic/Documents/LPRS2_2026/Robo_Hand_RS485/ROS2/robo_hand_ws/install/mbot_demo:/home/berenic/Documents/LPRS2_2026/Robo_Hand_RS485/ROS2/robo_hand_ws/install/realsense_gazebo_plugin:/opt/ros/jazzy CMAKE_PREFIX_PATH=/home/berenic/Documents/LPRS2_2026/Robo_Hand_RS485/ROS2/robo_hand_ws/install/xarm_planner:/home/berenic/Documents/LPRS2_2026/Robo_Hand_RS485/ROS2/robo_hand_ws/install/xarm_moveit_servo:/home/berenic/Documents/LPRS2_2026/Robo_Hand_RS485/ROS2/robo_hand_ws/install/xarm_moveit_config:/home/berenic/Documents/LPRS2_2026/Robo_Hand_RS485/ROS2/robo_hand_ws/install/xarm_gazebo:/home/berenic/Documents/LPRS2_2026/Robo_Hand_RS485/ROS2/robo_hand_ws/install/xarm_controller:/home/berenic/Documents/LPRS2_2026/Robo_Hand_RS485/ROS2/robo_hand_ws/install/xarm_api:/home/berenic/Documents/LPRS2_2026/Robo_Hand_RS485/ROS2/robo_hand_ws/install/xarm_sdk:/home/berenic/Documents/LPRS2_2026/Robo_Hand_RS485/ROS2/robo_hand_ws/install/xarm_msgs:/home/berenic/Documents/LPRS2_2026/Robo_Hand_RS485/ROS2/robo_hand_ws/install/xarm_description:/home/berenic/Documents/LPRS2_2026/Robo_Hand_RS485/ROS2/robo_hand_ws/install/glue_events_routines:/home/berenic/Documents/LPRS2_2026/Robo_Hand_RS485/ROS2/robo_hand_ws/install/mbot_demo:/home/berenic/Documents/LPRS2_2026/Robo_Hand_RS485/ROS2/robo_hand_ws/install/realsense_gazebo_plugin:/opt/ros/jazzy/opt/gz_sim_vendor:/opt/ros/jazzy/opt/gz_sensors_vendor:/opt/ros/jazzy/opt/gz_physics_vendor:/opt/ros/jazzy/opt/sdformat_vendor:/opt/ros/jazzy/opt/gz_gui_vendor:/opt/ros/jazzy/opt/gz_transport_vendor:/opt/ros/jazzy/opt/gz_rendering_vendor:/opt/ros/jazzy/opt/gz_plugin_vendor:/opt/ros/jazzy/opt/gz_fuel_tools_vendor:/opt/ros/jazzy/opt/gz_msgs_vendor:/opt/ros/jazzy/opt/gz_common_vendor:/opt/ros/jazzy/opt/gz_math_vendor:/opt/ros/jazzy/opt/gz_utils_vendor:/opt/ros/jazzy/opt/gz_tools_vendor:/opt/ros/jazzy/opt/gz_ogre_next_vendor:/opt/ros/jazzy/opt/gz_dartsim_vendor:/opt/ros/jazzy/opt/gz_cmake_vendor:/home/berenic/Documents/LPRS2_2026/Robo_Hand_RS485/ROS2/robo_hand_ws/install/uf_ros_lib:/opt/ros/jazzy DEBUGINFOD_URLS=https://debuginfod.ubuntu.com /usr/bin/cmake --build /home/berenic/Documents/LPRS2_2026/Robo_Hand_RS485/ROS2/robo_hand_ws/build/glue_events_routines -- -j12 -l12
[2.269s] DEBUG:colcon.colcon_core.event_handler.log_command:Invoked command in '/home/berenic/Documents/LPRS2_2026/Robo_Hand_RS485/ROS2/robo_hand_ws/build/glue_events_routines' returned '0': AMENT_PREFIX_PATH=/home/berenic/Documents/LPRS2_2026/Robo_Hand_RS485/ROS2/robo_hand_ws/install/uf_ros_lib:/home/berenic/Documents/LPRS2_2026/Robo_Hand_RS485/ROS2/robo_hand_ws/install/glue_events_routines:/home/berenic/Documents/LPRS2_2026/Robo_Hand_RS485/ROS2/robo_hand_ws/install/xarm_planner:/home/berenic/Documents/LPRS2_2026/Robo_Hand_RS485/ROS2/robo_hand_ws/install/xarm_moveit_servo:/home/berenic/Documents/LPRS2_2026/Robo_Hand_RS485/ROS2/robo_hand_ws/install/xarm_moveit_config:/home/berenic/Documents/LPRS2_2026/Robo_Hand_RS485/ROS2/robo_hand_ws/install/xarm_gazebo:/home/berenic/Documents/LPRS2_2026/Robo_Hand_RS485/ROS2/robo_hand_ws/install/xarm_controller:/home/berenic/Documents/LPRS2_2026/Robo_Hand_RS485/ROS2/robo_hand_ws/install/xarm_api:/home/berenic/Documents/LPRS2_2026/Robo_Hand_RS485/ROS2/robo_hand_ws/install/xarm_sdk:/home/berenic/Documents/LPRS2_2026/Robo_Hand_RS485/ROS2/robo_hand_ws/install/xarm_msgs:/home/berenic/Documents/LPRS2_2026/Robo_Hand_RS485/ROS2/robo_hand_ws/install/xarm_description:/home/berenic/Documents/LPRS2_2026/Robo_Hand_RS485/ROS2/robo_hand_ws/install/mbot_demo:/home/berenic/Documents/LPRS2_2026/Robo_Hand_RS485/ROS2/robo_hand_ws/install/realsense_gazebo_plugin:/opt/ros/jazzy CMAKE_PREFIX_PATH=/home/berenic/Documents/LPRS2_2026/Robo_Hand_RS485/ROS2/robo_hand_ws/install/xarm_planner:/home/berenic/Documents/LPRS2_2026/Robo_Hand_RS485/ROS2/robo_hand_ws/install/xarm_moveit_servo:/home/berenic/Documents/LPRS2_2026/Robo_Hand_RS485/ROS2/robo_hand_ws/install/xarm_moveit_config:/home/berenic/Documents/LPRS2_2026/Robo_Hand_RS485/ROS2/robo_hand_ws/install/xarm_gazebo:/home/berenic/Documents/LPRS2_2026/Robo_Hand_RS485/ROS2/robo_hand_ws/install/xarm_controller:/home/berenic/Documents/LPRS2_2026/Robo_Hand_RS485/ROS2/robo_hand_ws/install/xarm_api:/home/berenic/Documents/LPRS2_2026/Robo_Hand_RS485/ROS2/robo_hand_ws/install/xarm_sdk:/home/berenic/Documents/LPRS2_2026/Robo_Hand_RS485/ROS2/robo_hand_ws/install/xarm_msgs:/home/berenic/Documents/LPRS2_2026/Robo_Hand_RS485/ROS2/robo_hand_ws/install/xarm_description:/home/berenic/Documents/LPRS2_2026/Robo_Hand_RS485/ROS2/robo_hand_ws/install/glue_events_routines:/home/berenic/Documents/LPRS2_2026/Robo_Hand_RS485/ROS2/robo_hand_ws/install/mbot_demo:/home/berenic/Documents/LPRS2_2026/Robo_Hand_RS485/ROS2/robo_hand_ws/install/realsense_gazebo_plugin:/opt/ros/jazzy/opt/gz_sim_vendor:/opt/ros/jazzy/opt/gz_sensors_vendor:/opt/ros/jazzy/opt/gz_physics_vendor:/opt/ros/jazzy/opt/sdformat_vendor:/opt/ros/jazzy/opt/gz_gui_vendor:/opt/ros/jazzy/opt/gz_transport_vendor:/opt/ros/jazzy/opt/gz_rendering_vendor:/opt/ros/jazzy/opt/gz_plugin_vendor:/opt/ros/jazzy/opt/gz_fuel_tools_vendor:/opt/ros/jazzy/opt/gz_msgs_vendor:/opt/ros/jazzy/opt/gz_common_vendor:/opt/ros/jazzy/opt/gz_math_vendor:/opt/ros/jazzy/opt/gz_utils_vendor:/opt/ros/jazzy/opt/gz_tools_vendor:/opt/ros/jazzy/opt/gz_ogre_next_vendor:/opt/ros/jazzy/opt/gz_dartsim_vendor:/opt/ros/jazzy/opt/gz_cmake_vendor:/home/berenic/Documents/LPRS2_2026/Robo_Hand_RS485/ROS2/robo_hand_ws/install/uf_ros_lib:/opt/ros/jazzy DEBUGINFOD_URLS=https://debuginfod.ubuntu.com /usr/bin/cmake --build /home/berenic/Documents/LPRS2_2026/Robo_Hand_RS485/ROS2/robo_hand_ws/build/glue_events_routines -- -j12 -l12
[2.270s] DEBUG:colcon.colcon_core.event_handler.log_command:Invoking command in '/home/berenic/Documents/LPRS2_2026/Robo_Hand_RS485/ROS2/robo_hand_ws/build/glue_events_routines': AMENT_PREFIX_PATH=/home/berenic/Documents/LPRS2_2026/Robo_Hand_RS485/ROS2/robo_hand_ws/install/uf_ros_lib:/home/berenic/Documents/LPRS2_2026/Robo_Hand_RS485/ROS2/robo_hand_ws/install/glue_events_routines:/home/berenic/Documents/LPRS2_2026/Robo_Hand_RS485/ROS2/robo_hand_ws/install/xarm_planner:/home/berenic/Documents/LPRS2_2026/Robo_Hand_RS485/ROS2/robo_hand_ws/install/xarm_moveit_servo:/home/berenic/Documents/LPRS2_2026/Robo_Hand_RS485/ROS2/robo_hand_ws/install/xarm_moveit_config:/home/berenic/Documents/LPRS2_2026/Robo_Hand_RS485/ROS2/robo_hand_ws/install/xarm_gazebo:/home/berenic/Documents/LPRS2_2026/Robo_Hand_RS485/ROS2/robo_hand_ws/install/xarm_controller:/home/berenic/Documents/LPRS2_2026/Robo_Hand_RS485/ROS2/robo_hand_ws/install/xarm_api:/home/berenic/Documents/LPRS2_2026/Robo_Hand_RS485/ROS2/robo_hand_ws/install/xarm_sdk:/home/berenic/Documents/LPRS2_2026/Robo_Hand_RS485/ROS2/robo_hand_ws/install/xarm_msgs:/home/berenic/Documents/LPRS2_2026/Robo_Hand_RS485/ROS2/robo_hand_ws/install/xarm_description:/home/berenic/Documents/LPRS2_2026/Robo_Hand_RS485/ROS2/robo_hand_ws/install/mbot_demo:/home/berenic/Documents/LPRS2_2026/Robo_Hand_RS485/ROS2/robo_hand_ws/install/realsense_gazebo_plugin:/opt/ros/jazzy CMAKE_PREFIX_PATH=/home/berenic/Documents/LPRS2_2026/Robo_Hand_RS485/ROS2/robo_hand_ws/install/xarm_planner:/home/berenic/Documents/LPRS2_2026/Robo_Hand_RS485/ROS2/robo_hand_ws/install/xarm_moveit_servo:/home/berenic/Documents/LPRS2_2026/Robo_Hand_RS485/ROS2/robo_hand_ws/install/xarm_moveit_config:/home/berenic/Documents/LPRS2_2026/Robo_Hand_RS485/ROS2/robo_hand_ws/install/xarm_gazebo:/home/berenic/Documents/LPRS2_2026/Robo_Hand_RS485/ROS2/robo_hand_ws/install/xarm_controller:/home/berenic/Documents/LPRS2_2026/Robo_Hand_RS485/ROS2/robo_hand_ws/install/xarm_api:/home/berenic/Documents/LPRS2_2026/Robo_Hand_RS485/ROS2/robo_hand_ws/install/xarm_sdk:/home/berenic/Documents/LPRS2_2026/Robo_Hand_RS485/ROS2/robo_hand_ws/install/xarm_msgs:/home/berenic/Documents/LPRS2_2026/Robo_Hand_RS485/ROS2/robo_hand_ws/install/xarm_description:/home/berenic/Documents/LPRS2_2026/Robo_Hand_RS485/ROS2/robo_hand_ws/install/glue_events_routines:/home/berenic/Documents/LPRS2_2026/Robo_Hand_RS485/ROS2/robo_hand_ws/install/mbot_demo:/home/berenic/Documents/LPRS2_2026/Robo_Hand_RS485/ROS2/robo_hand_ws/install/realsense_gazebo_plugin:/opt/ros/jazzy/opt/gz_sim_vendor:/opt/ros/jazzy/opt/gz_sensors_vendor:/opt/ros/jazzy/opt/gz_physics_vendor:/opt/ros/jazzy/opt/sdformat_vendor:/opt/ros/jazzy/opt/gz_gui_vendor:/opt/ros/jazzy/opt/gz_transport_vendor:/opt/ros/jazzy/opt/gz_rendering_vendor:/opt/ros/jazzy/opt/gz_plugin_vendor:/opt/ros/jazzy/opt/gz_fuel_tools_vendor:/opt/ros/jazzy/opt/gz_msgs_vendor:/opt/ros/jazzy/opt/gz_common_vendor:/opt/ros/jazzy/opt/gz_math_vendor:/opt/ros/jazzy/opt/gz_utils_vendor:/opt/ros/jazzy/opt/gz_tools_vendor:/opt/ros/jazzy/opt/gz_ogre_next_vendor:/opt/ros/jazzy/opt/gz_dartsim_vendor:/opt/ros/jazzy/opt/gz_cmake_vendor:/home/berenic/Documents/LPRS2_2026/Robo_Hand_RS485/ROS2/robo_hand_ws/install/uf_ros_lib:/opt/ros/jazzy DEBUGINFOD_URLS=https://debuginfod.ubuntu.com /usr/bin/cmake --install /home/berenic/Documents/LPRS2_2026/Robo_Hand_RS485/ROS2/robo_hand_ws/build/glue_events_routines
[2.281s] DEBUG:colcon.colcon_core.event_handler.log_command:Invoked command in '/home/berenic/Documents/LPRS2_2026/Robo_Hand_RS485/ROS2/robo_hand_ws/build/glue_events_routines' returned '1': AMENT_PREFIX_PATH=/home/berenic/Documents/LPRS2_2026/Robo_Hand_RS485/ROS2/robo_hand_ws/install/uf_ros_lib:/home/berenic/Documents/LPRS2_2026/Robo_Hand_RS485/ROS2/robo_hand_ws/install/glue_events_routines:/home/berenic/Documents/LPRS2_2026/Robo_Hand_RS485/ROS2/robo_hand_ws/install/xarm_planner:/home/berenic/Documents/LPRS2_2026/Robo_Hand_RS485/ROS2/robo_hand_ws/install/xarm_moveit_servo:/home/berenic/Documents/LPRS2_2026/Robo_Hand_RS485/ROS2/robo_hand_ws/install/xarm_moveit_config:/home/berenic/Documents/LPRS2_2026/Robo_Hand_RS485/ROS2/robo_hand_ws/install/xarm_gazebo:/home/berenic/Documents/LPRS2_2026/Robo_Hand_RS485/ROS2/robo_hand_ws/install/xarm_controller:/home/berenic/Documents/LPRS2_2026/Robo_Hand_RS485/ROS2/robo_hand_ws/install/xarm_api:/home/berenic/Documents/LPRS2_2026/Robo_Hand_RS485/ROS2/robo_hand_ws/install/xarm_sdk:/home/berenic/Documents/LPRS2_2026/Robo_Hand_RS485/ROS2/robo_hand_ws/install/xarm_msgs:/home/berenic/Documents/LPRS2_2026/Robo_Hand_RS485/ROS2/robo_hand_ws/install/xarm_description:/home/berenic/Documents/LPRS2_2026/Robo_Hand_RS485/ROS2/robo_hand_ws/install/mbot_demo:/home/berenic/Documents/LPRS2_2026/Robo_Hand_RS485/ROS2/robo_hand_ws/install/realsense_gazebo_plugin:/opt/ros/jazzy CMAKE_PREFIX_PATH=/home/berenic/Documents/LPRS2_2026/Robo_Hand_RS485/ROS2/robo_hand_ws/install/xarm_planner:/home/berenic/Documents/LPRS2_2026/Robo_Hand_RS485/ROS2/robo_hand_ws/install/xarm_moveit_servo:/home/berenic/Documents/LPRS2_2026/Robo_Hand_RS485/ROS2/robo_hand_ws/install/xarm_moveit_config:/home/berenic/Documents/LPRS2_2026/Robo_Hand_RS485/ROS2/robo_hand_ws/install/xarm_gazebo:/home/berenic/Documents/LPRS2_2026/Robo_Hand_RS485/ROS2/robo_hand_ws/install/xarm_controller:/home/berenic/Documents/LPRS2_2026/Robo_Hand_RS485/ROS2/robo_hand_ws/install/xarm_api:/home/berenic/Documents/LPRS2_2026/Robo_Hand_RS485/ROS2/robo_hand_ws/install/xarm_sdk:/home/berenic/Documents/LPRS2_2026/Robo_Hand_RS485/ROS2/robo_hand_ws/install/xarm_msgs:/home/berenic/Documents/LPRS2_2026/Robo_Hand_RS485/ROS2/robo_hand_ws/install/xarm_description:/home/berenic/Documents/LPRS2_2026/Robo_Hand_RS485/ROS2/robo_hand_ws/install/glue_events_routines:/home/berenic/Documents/LPRS2_2026/Robo_Hand_RS485/ROS2/robo_hand_ws/install/mbot_demo:/home/berenic/Documents/LPRS2_2026/Robo_Hand_RS485/ROS2/robo_hand_ws/install/realsense_gazebo_plugin:/opt/ros/jazzy/opt/gz_sim_vendor:/opt/ros/jazzy/opt/gz_sensors_vendor:/opt/ros/jazzy/opt/gz_physics_vendor:/opt/ros/jazzy/opt/sdformat_vendor:/opt/ros/jazzy/opt/gz_gui_vendor:/opt/ros/jazzy/opt/gz_transport_vendor:/opt/ros/jazzy/opt/gz_rendering_vendor:/opt/ros/jazzy/opt/gz_plugin_vendor:/opt/ros/jazzy/opt/gz_fuel_tools_vendor:/opt/ros/jazzy/opt/gz_msgs_vendor:/opt/ros/jazzy/opt/gz_common_vendor:/opt/ros/jazzy/opt/gz_math_vendor:/opt/ros/jazzy/opt/gz_utils_vendor:/opt/ros/jazzy/opt/gz_tools_vendor:/opt/ros/jazzy/opt/gz_ogre_next_vendor:/opt/ros/jazzy/opt/gz_dartsim_vendor:/opt/ros/jazzy/opt/gz_cmake_vendor:/home/berenic/Documents/LPRS2_2026/Robo_Hand_RS485/ROS2/robo_hand_ws/install/uf_ros_lib:/opt/ros/jazzy DEBUGINFOD_URLS=https://debuginfod.ubuntu.com /usr/bin/cmake --install /home/berenic/Documents/LPRS2_2026/Robo_Hand_RS485/ROS2/robo_hand_ws/build/glue_events_routines
[2.281s] Level 1:colcon.colcon_core.environment:create_environment_scripts_only(glue_events_routines)
[2.281s] Level 1:colcon.colcon_core.environment:checking '/home/berenic/Documents/LPRS2_2026/Robo_Hand_RS485/ROS2/robo_hand_ws/install/glue_events_routines' for CMake module files
[2.282s] Level 1:colcon.colcon_core.environment:checking '/home/berenic/Documents/LPRS2_2026/Robo_Hand_RS485/ROS2/robo_hand_ws/install/glue_events_routines' for CMake config files
[2.282s] Level 1:colcon.colcon_core.shell:create_environment_hook('glue_events_routines', 'cmake_prefix_path')
[2.282s] INFO:colcon.colcon_core.shell:Creating environment hook '/home/berenic/Documents/LPRS2_2026/Robo_Hand_RS485/ROS2/robo_hand_ws/install/glue_events_routines/share/glue_events_routines/hook/cmake_prefix_path.ps1'
[2.282s] INFO:colcon.colcon_core.shell:Creating environment descriptor '/home/berenic/Documents/LPRS2_2026/Robo_Hand_RS485/ROS2/robo_hand_ws/install/glue_events_routines/share/glue_events_routines/hook/cmake_prefix_path.dsv'
[2.283s] INFO:colcon.colcon_core.shell:Creating environment hook '/home/berenic/Documents/LPRS2_2026/Robo_Hand_RS485/ROS2/robo_hand_ws/install/glue_events_routines/share/glue_events_routines/hook/cmake_prefix_path.sh'
[2.283s] Level 1:colcon.colcon_core.environment:checking '/home/berenic/Documents/LPRS2_2026/Robo_Hand_RS485/ROS2/robo_hand_ws/install/glue_events_routines/lib'
[2.283s] Level 1:colcon.colcon_core.environment:checking '/home/berenic/Documents/LPRS2_2026/Robo_Hand_RS485/ROS2/robo_hand_ws/install/glue_events_routines/bin'
[2.283s] Level 1:colcon.colcon_core.environment:checking '/home/berenic/Documents/LPRS2_2026/Robo_Hand_RS485/ROS2/robo_hand_ws/install/glue_events_routines/lib/pkgconfig/glue_events_routines.pc'
[2.283s] Level 1:colcon.colcon_core.environment:checking '/home/berenic/Documents/LPRS2_2026/Robo_Hand_RS485/ROS2/robo_hand_ws/install/glue_events_routines/lib/python3.12/site-packages'
[2.284s] Level 1:colcon.colcon_core.environment:checking '/home/berenic/Documents/LPRS2_2026/Robo_Hand_RS485/ROS2/robo_hand_ws/install/glue_events_routines/bin'
[2.284s] INFO:colcon.colcon_core.shell:Creating package script '/home/berenic/Documents/LPRS2_2026/Robo_Hand_RS485/ROS2/robo_hand_ws/install/glue_events_routines/share/glue_events_routines/package.ps1'
[2.284s] INFO:colcon.colcon_core.shell:Creating package descriptor '/home/berenic/Documents/LPRS2_2026/Robo_Hand_RS485/ROS2/robo_hand_ws/install/glue_events_routines/share/glue_events_routines/package.dsv'
[2.285s] INFO:colcon.colcon_core.shell:Creating package script '/home/berenic/Documents/LPRS2_2026/Robo_Hand_RS485/ROS2/robo_hand_ws/install/glue_events_routines/share/glue_events_routines/package.sh'
[2.285s] INFO:colcon.colcon_core.shell:Creating package script '/home/berenic/Documents/LPRS2_2026/Robo_Hand_RS485/ROS2/robo_hand_ws/install/glue_events_routines/share/glue_events_routines/package.bash'
[2.285s] INFO:colcon.colcon_core.shell:Creating package script '/home/berenic/Documents/LPRS2_2026/Robo_Hand_RS485/ROS2/robo_hand_ws/install/glue_events_routines/share/glue_events_routines/package.zsh'
[2.286s] Level 1:colcon.colcon_core.environment:create_file_with_runtime_dependencies(/home/berenic/Documents/LPRS2_2026/Robo_Hand_RS485/ROS2/robo_hand_ws/install/glue_events_routines/share/colcon-core/packages/glue_events_routines)
[2.296s] DEBUG:colcon.colcon_parallel_executor.executor.parallel:closing loop
[2.296s] DEBUG:colcon.colcon_parallel_executor.executor.parallel:loop closed
[2.296s] DEBUG:colcon.colcon_parallel_executor.executor.parallel:run_until_complete finished with '1'
[2.296s] DEBUG:colcon.colcon_core.event_reactor:joining thread
[2.302s] INFO:colcon.colcon_core.plugin_system:Skipping extension 'colcon_notification.desktop_notification.terminal_notifier': Not used on non-Darwin systems
[2.302s] INFO:colcon.colcon_core.plugin_system:Skipping extension 'colcon_notification.desktop_notification.win32': Not used on non-Windows systems
[2.302s] INFO:colcon.colcon_notification.desktop_notification:Sending desktop notification using 'notify2'
[2.315s] DEBUG:colcon.colcon_core.event_reactor:joined thread
[2.315s] INFO:colcon.colcon_core.shell:Creating prefix script '/home/berenic/Documents/LPRS2_2026/Robo_Hand_RS485/ROS2/robo_hand_ws/install/local_setup.ps1'
[2.316s] INFO:colcon.colcon_core.shell:Creating prefix util module '/home/berenic/Documents/LPRS2_2026/Robo_Hand_RS485/ROS2/robo_hand_ws/install/_local_setup_util_ps1.py'
[2.317s] INFO:colcon.colcon_core.shell:Creating prefix chain script '/home/berenic/Documents/LPRS2_2026/Robo_Hand_RS485/ROS2/robo_hand_ws/install/setup.ps1'
[2.318s] INFO:colcon.colcon_core.shell:Creating prefix script '/home/berenic/Documents/LPRS2_2026/Robo_Hand_RS485/ROS2/robo_hand_ws/install/local_setup.sh'
[2.319s] INFO:colcon.colcon_core.shell:Creating prefix util module '/home/berenic/Documents/LPRS2_2026/Robo_Hand_RS485/ROS2/robo_hand_ws/install/_local_setup_util_sh.py'
[2.319s] INFO:colcon.colcon_core.shell:Creating prefix chain script '/home/berenic/Documents/LPRS2_2026/Robo_Hand_RS485/ROS2/robo_hand_ws/install/setup.sh'
[2.320s] INFO:colcon.colcon_core.shell:Creating prefix script '/home/berenic/Documents/LPRS2_2026/Robo_Hand_RS485/ROS2/robo_hand_ws/install/local_setup.bash'
[2.321s] INFO:colcon.colcon_core.shell:Creating prefix chain script '/home/berenic/Documents/LPRS2_2026/Robo_Hand_RS485/ROS2/robo_hand_ws/install/setup.bash'
[2.322s] INFO:colcon.colcon_core.shell:Creating prefix script '/home/berenic/Documents/LPRS2_2026/Robo_Hand_RS485/ROS2/robo_hand_ws/install/local_setup.zsh'
[2.322s] INFO:colcon.colcon_core.shell:Creating prefix chain script '/home/berenic/Documents/LPRS2_2026/Robo_Hand_RS485/ROS2/robo_hand_ws/install/setup.zsh'
