[0.182s] DEBUG:colcon:Command line arguments: ['/usr/bin/colcon', 'build', '--symlink-install']
[0.182s] DEBUG:colcon:Parsed command line arguments: Namespace(log_base=None, log_level=None, verb_name='build', build_base='build', install_base='install', merge_install=False, symlink_install=True, test_result_base=None, continue_on_error=False, executor='parallel', parallel_workers=12, event_handlers=None, ignore_user_meta=False, metas=['./colcon.meta'], base_paths=['.'], packages_ignore=None, packages_ignore_regex=None, paths=None, packages_up_to=None, packages_up_to_regex=None, packages_above=None, packages_above_and_dependencies=None, packages_above_depth=None, packages_select_by_dep=None, packages_skip_by_dep=None, packages_skip_up_to=None, packages_select_build_failed=False, packages_skip_build_finished=False, packages_select_test_failures=False, packages_skip_test_passed=False, packages_select=None, packages_skip=None, packages_select_regex=None, packages_skip_regex=None, packages_start=None, packages_end=None, allow_overriding=[], cmake_args=None, cmake_target=None, cmake_target_skip_unavailable=False, cmake_clean_cache=False, cmake_clean_first=False, cmake_force_configure=False, ament_cmake_args=None, catkin_cmake_args=None, catkin_skip_building_tests=False, mixin_files=None, mixin=None, verb_parser=<colcon_mixin.mixin.mixin_argument.MixinArgumentDecorator object at 0x7fa594b95d60>, verb_extension=<colcon_core.verb.build.BuildVerb object at 0x7fa594ccde50>, main=<bound method BuildVerb.main of <colcon_core.verb.build.BuildVerb object at 0x7fa594ccde50>>, mixin_verb=('build',))
[0.246s] Level 1:colcon.colcon_core.package_discovery:discover_packages(colcon_meta) check parameters
[0.246s] Level 1:colcon.colcon_core.package_discovery:discover_packages(recursive) check parameters
[0.246s] Level 1:colcon.colcon_core.package_discovery:discover_packages(ignore) check parameters
[0.246s] Level 1:colcon.colcon_core.package_discovery:discover_packages(path) check parameters
[0.246s] Level 1:colcon.colcon_core.package_discovery:discover_packages(colcon_meta) discover
[0.246s] Level 1:colcon.colcon_core.package_discovery:discover_packages(recursive) discover
[0.247s] INFO:colcon.colcon_core.package_discovery:Crawling recursively for packages in '/home/berenic/Documents/LPRS2_2026/Robo_Hand_RS485/ROS2/robo_hand_ws'
[0.247s] Level 1:colcon.colcon_core.package_identification:_identify(.) by extensions ['ignore', 'ignore_ament_install']
[0.247s] Level 1:colcon.colcon_core.package_identification:_identify(.) by extension 'ignore'
[0.247s] Level 1:colcon.colcon_core.package_identification:_identify(.) by extension 'ignore_ament_install'
[0.247s] Level 1:colcon.colcon_core.package_identification:_identify(.) by extensions ['colcon_pkg']
[0.247s] Level 1:colcon.colcon_core.package_identification:_identify(.) by extension 'colcon_pkg'
[0.248s] Level 1:colcon.colcon_core.package_identification:_identify(.) by extensions ['colcon_meta']
[0.248s] Level 1:colcon.colcon_core.package_identification:_identify(.) by extension 'colcon_meta'
[0.248s] Level 1:colcon.colcon_core.package_identification:_identify(.) by extensions ['ros']
[0.248s] Level 1:colcon.colcon_core.package_identification:_identify(.) by extension 'ros'
[0.294s] Level 1:colcon.colcon_core.package_identification:_identify(.) by extensions ['cmake', 'python']
[0.294s] Level 1:colcon.colcon_core.package_identification:_identify(.) by extension 'cmake'
[0.295s] Level 1:colcon.colcon_core.package_identification:_identify(.) by extension 'python'
[0.295s] Level 1:colcon.colcon_core.package_identification:_identify(.) by extensions ['python_setup_py']
[0.295s] Level 1:colcon.colcon_core.package_identification:_identify(.) by extension 'python_setup_py'
[0.295s] Level 1:colcon.colcon_core.package_identification:_identify(build) by extensions ['ignore', 'ignore_ament_install']
[0.295s] Level 1:colcon.colcon_core.package_identification:_identify(build) by extension 'ignore'
[0.295s] Level 1:colcon.colcon_core.package_identification:_identify(build) ignored
[0.296s] Level 1:colcon.colcon_core.package_identification:_identify(install) by extensions ['ignore', 'ignore_ament_install']
[0.296s] Level 1:colcon.colcon_core.package_identification:_identify(install) by extension 'ignore'
[0.296s] Level 1:colcon.colcon_core.package_identification:_identify(install) ignored
[0.296s] Level 1:colcon.colcon_core.package_identification:_identify(log) by extensions ['ignore', 'ignore_ament_install']
[0.296s] Level 1:colcon.colcon_core.package_identification:_identify(log) by extension 'ignore'
[0.296s] Level 1:colcon.colcon_core.package_identification:_identify(log) ignored
[0.296s] Level 1:colcon.colcon_core.package_identification:_identify(patches) by extensions ['ignore', 'ignore_ament_install']
[0.297s] Level 1:colcon.colcon_core.package_identification:_identify(patches) by extension 'ignore'
[0.297s] Level 1:colcon.colcon_core.package_identification:_identify(patches) by extension 'ignore_ament_install'
[0.297s] Level 1:colcon.colcon_core.package_identification:_identify(patches) by extensions ['colcon_pkg']
[0.297s] Level 1:colcon.colcon_core.package_identification:_identify(patches) by extension 'colcon_pkg'
[0.297s] Level 1:colcon.colcon_core.package_identification:_identify(patches) by extensions ['colcon_meta']
[0.297s] Level 1:colcon.colcon_core.package_identification:_identify(patches) by extension 'colcon_meta'
[0.297s] Level 1:colcon.colcon_core.package_identification:_identify(patches) by extensions ['ros']
[0.297s] Level 1:colcon.colcon_core.package_identification:_identify(patches) by extension 'ros'
[0.297s] Level 1:colcon.colcon_core.package_identification:_identify(patches) by extensions ['cmake', 'python']
[0.298s] Level 1:colcon.colcon_core.package_identification:_identify(patches) by extension 'cmake'
[0.298s] Level 1:colcon.colcon_core.package_identification:_identify(patches) by extension 'python'
[0.298s] Level 1:colcon.colcon_core.package_identification:_identify(patches) by extensions ['python_setup_py']
[0.298s] Level 1:colcon.colcon_core.package_identification:_identify(patches) by extension 'python_setup_py'
[0.298s] Level 1:colcon.colcon_core.package_identification:_identify(src) by extensions ['ignore', 'ignore_ament_install']
[0.298s] Level 1:colcon.colcon_core.package_identification:_identify(src) by extension 'ignore'
[0.298s] Level 1:colcon.colcon_core.package_identification:_identify(src) by extension 'ignore_ament_install'
[0.298s] Level 1:colcon.colcon_core.package_identification:_identify(src) by extensions ['colcon_pkg']
[0.298s] Level 1:colcon.colcon_core.package_identification:_identify(src) by extension 'colcon_pkg'
[0.298s] Level 1:colcon.colcon_core.package_identification:_identify(src) by extensions ['colcon_meta']
[0.299s] Level 1:colcon.colcon_core.package_identification:_identify(src) by extension 'colcon_meta'
[0.299s] Level 1:colcon.colcon_core.package_identification:_identify(src) by extensions ['ros']
[0.299s] Level 1:colcon.colcon_core.package_identification:_identify(src) by extension 'ros'
[0.299s] Level 1:colcon.colcon_core.package_identification:_identify(src) by extensions ['cmake', 'python']
[0.299s] Level 1:colcon.colcon_core.package_identification:_identify(src) by extension 'cmake'
[0.299s] Level 1:colcon.colcon_core.package_identification:_identify(src) by extension 'python'
[0.299s] Level 1:colcon.colcon_core.package_identification:_identify(src) by extensions ['python_setup_py']
[0.299s] Level 1:colcon.colcon_core.package_identification:_identify(src) by extension 'python_setup_py'
[0.299s] Level 1:colcon.colcon_core.package_identification:_identify(src/build) by extensions ['ignore', 'ignore_ament_install']
[0.299s] Level 1:colcon.colcon_core.package_identification:_identify(src/build) by extension 'ignore'
[0.299s] Level 1:colcon.colcon_core.package_identification:_identify(src/build) ignored
[0.300s] Level 1:colcon.colcon_core.package_identification:_identify(src/custom) by extensions ['ignore', 'ignore_ament_install']
[0.300s] Level 1:colcon.colcon_core.package_identification:_identify(src/custom) by extension 'ignore'
[0.300s] Level 1:colcon.colcon_core.package_identification:_identify(src/custom) by extension 'ignore_ament_install'
[0.300s] Level 1:colcon.colcon_core.package_identification:_identify(src/custom) by extensions ['colcon_pkg']
[0.300s] Level 1:colcon.colcon_core.package_identification:_identify(src/custom) by extension 'colcon_pkg'
[0.300s] Level 1:colcon.colcon_core.package_identification:_identify(src/custom) by extensions ['colcon_meta']
[0.300s] Level 1:colcon.colcon_core.package_identification:_identify(src/custom) by extension 'colcon_meta'
[0.300s] Level 1:colcon.colcon_core.package_identification:_identify(src/custom) by extensions ['ros']
[0.300s] Level 1:colcon.colcon_core.package_identification:_identify(src/custom) by extension 'ros'
[0.300s] Level 1:colcon.colcon_core.package_identification:_identify(src/custom) by extensions ['cmake', 'python']
[0.301s] Level 1:colcon.colcon_core.package_identification:_identify(src/custom) by extension 'cmake'
[0.301s] Level 1:colcon.colcon_core.package_identification:_identify(src/custom) by extension 'python'
[0.301s] Level 1:colcon.colcon_core.package_identification:_identify(src/custom) by extensions ['python_setup_py']
[0.301s] Level 1:colcon.colcon_core.package_identification:_identify(src/custom) by extension 'python_setup_py'
[0.301s] Level 1:colcon.colcon_core.package_identification:_identify(src/custom/glue_events_routines) by extensions ['ignore', 'ignore_ament_install']
[0.301s] Level 1:colcon.colcon_core.package_identification:_identify(src/custom/glue_events_routines) by extension 'ignore'
[0.301s] Level 1:colcon.colcon_core.package_identification:_identify(src/custom/glue_events_routines) by extension 'ignore_ament_install'
[0.301s] Level 1:colcon.colcon_core.package_identification:_identify(src/custom/glue_events_routines) by extensions ['colcon_pkg']
[0.301s] Level 1:colcon.colcon_core.package_identification:_identify(src/custom/glue_events_routines) by extension 'colcon_pkg'
[0.301s] Level 1:colcon.colcon_core.package_identification:_identify(src/custom/glue_events_routines) by extensions ['colcon_meta']
[0.302s] Level 1:colcon.colcon_core.package_identification:_identify(src/custom/glue_events_routines) by extension 'colcon_meta'
[0.302s] Level 1:colcon.colcon_core.package_identification:_identify(src/custom/glue_events_routines) by extensions ['ros']
[0.302s] Level 1:colcon.colcon_core.package_identification:_identify(src/custom/glue_events_routines) by extension 'ros'
[0.306s] DEBUG:colcon.colcon_core.package_identification:Package 'src/custom/glue_events_routines' with type 'ros.ament_cmake' and name 'glue_events_routines'
[0.306s] Level 1:colcon.colcon_core.package_identification:_identify(src/install) by extensions ['ignore', 'ignore_ament_install']
[0.306s] Level 1:colcon.colcon_core.package_identification:_identify(src/install) by extension 'ignore'
[0.307s] Level 1:colcon.colcon_core.package_identification:_identify(src/install) ignored
[0.307s] Level 1:colcon.colcon_core.package_identification:_identify(src/log) by extensions ['ignore', 'ignore_ament_install']
[0.307s] Level 1:colcon.colcon_core.package_identification:_identify(src/log) by extension 'ignore'
[0.307s] Level 1:colcon.colcon_core.package_identification:_identify(src/log) ignored
[0.307s] Level 1:colcon.colcon_core.package_identification:_identify(src/xarm_ros2) by extensions ['ignore', 'ignore_ament_install']
[0.307s] Level 1:colcon.colcon_core.package_identification:_identify(src/xarm_ros2) by extension 'ignore'
[0.307s] Level 1:colcon.colcon_core.package_identification:_identify(src/xarm_ros2) by extension 'ignore_ament_install'
[0.308s] Level 1:colcon.colcon_core.package_identification:_identify(src/xarm_ros2) by extensions ['colcon_pkg']
[0.308s] Level 1:colcon.colcon_core.package_identification:_identify(src/xarm_ros2) by extension 'colcon_pkg'
[0.308s] Level 1:colcon.colcon_core.package_identification:_identify(src/xarm_ros2) by extensions ['colcon_meta']
[0.308s] Level 1:colcon.colcon_core.package_identification:_identify(src/xarm_ros2) by extension 'colcon_meta'
[0.308s] Level 1:colcon.colcon_core.package_identification:_identify(src/xarm_ros2) by extensions ['ros']
[0.308s] Level 1:colcon.colcon_core.package_identification:_identify(src/xarm_ros2) by extension 'ros'
[0.308s] Level 1:colcon.colcon_core.package_identification:_identify(src/xarm_ros2) by extensions ['cmake', 'python']
[0.308s] Level 1:colcon.colcon_core.package_identification:_identify(src/xarm_ros2) by extension 'cmake'
[0.308s] Level 1:colcon.colcon_core.package_identification:_identify(src/xarm_ros2) by extension 'python'
[0.308s] Level 1:colcon.colcon_core.package_identification:_identify(src/xarm_ros2) by extensions ['python_setup_py']
[0.308s] Level 1:colcon.colcon_core.package_identification:_identify(src/xarm_ros2) by extension 'python_setup_py'
[0.309s] Level 1:colcon.colcon_core.package_identification:_identify(src/xarm_ros2/demo) by extensions ['ignore', 'ignore_ament_install']
[0.309s] Level 1:colcon.colcon_core.package_identification:_identify(src/xarm_ros2/demo) by extension 'ignore'
[0.309s] Level 1:colcon.colcon_core.package_identification:_identify(src/xarm_ros2/demo) by extension 'ignore_ament_install'
[0.309s] Level 1:colcon.colcon_core.package_identification:_identify(src/xarm_ros2/demo) by extensions ['colcon_pkg']
[0.309s] Level 1:colcon.colcon_core.package_identification:_identify(src/xarm_ros2/demo) by extension 'colcon_pkg'
[0.309s] Level 1:colcon.colcon_core.package_identification:_identify(src/xarm_ros2/demo) by extensions ['colcon_meta']
[0.309s] Level 1:colcon.colcon_core.package_identification:_identify(src/xarm_ros2/demo) by extension 'colcon_meta'
[0.309s] Level 1:colcon.colcon_core.package_identification:_identify(src/xarm_ros2/demo) by extensions ['ros']
[0.309s] Level 1:colcon.colcon_core.package_identification:_identify(src/xarm_ros2/demo) by extension 'ros'
[0.309s] Level 1:colcon.colcon_core.package_identification:_identify(src/xarm_ros2/demo) by extensions ['cmake', 'python']
[0.310s] Level 1:colcon.colcon_core.package_identification:_identify(src/xarm_ros2/demo) by extension 'cmake'
[0.310s] Level 1:colcon.colcon_core.package_identification:_identify(src/xarm_ros2/demo) by extension 'python'
[0.310s] Level 1:colcon.colcon_core.package_identification:_identify(src/xarm_ros2/demo) by extensions ['python_setup_py']
[0.310s] Level 1:colcon.colcon_core.package_identification:_identify(src/xarm_ros2/demo) by extension 'python_setup_py'
[0.310s] Level 1:colcon.colcon_core.package_identification:_identify(src/xarm_ros2/demo/mbot_demo) by extensions ['ignore', 'ignore_ament_install']
[0.310s] Level 1:colcon.colcon_core.package_identification:_identify(src/xarm_ros2/demo/mbot_demo) by extension 'ignore'
[0.310s] Level 1:colcon.colcon_core.package_identification:_identify(src/xarm_ros2/demo/mbot_demo) by extension 'ignore_ament_install'
[0.310s] Level 1:colcon.colcon_core.package_identification:_identify(src/xarm_ros2/demo/mbot_demo) by extensions ['colcon_pkg']
[0.311s] Level 1:colcon.colcon_core.package_identification:_identify(src/xarm_ros2/demo/mbot_demo) by extension 'colcon_pkg'
[0.311s] Level 1:colcon.colcon_core.package_identification:_identify(src/xarm_ros2/demo/mbot_demo) by extensions ['colcon_meta']
[0.311s] Level 1:colcon.colcon_core.package_identification:_identify(src/xarm_ros2/demo/mbot_demo) by extension 'colcon_meta'
[0.311s] Level 1:colcon.colcon_core.package_identification:_identify(src/xarm_ros2/demo/mbot_demo) by extensions ['ros']
[0.311s] Level 1:colcon.colcon_core.package_identification:_identify(src/xarm_ros2/demo/mbot_demo) by extension 'ros'
[0.312s] DEBUG:colcon.colcon_core.package_identification:Package 'src/xarm_ros2/demo/mbot_demo' with type 'ros.ament_cmake' and name 'mbot_demo'
[0.312s] Level 1:colcon.colcon_core.package_identification:_identify(src/xarm_ros2/thirdparty) by extensions ['ignore', 'ignore_ament_install']
[0.312s] Level 1:colcon.colcon_core.package_identification:_identify(src/xarm_ros2/thirdparty) by extension 'ignore'
[0.312s] Level 1:colcon.colcon_core.package_identification:_identify(src/xarm_ros2/thirdparty) by extension 'ignore_ament_install'
[0.312s] Level 1:colcon.colcon_core.package_identification:_identify(src/xarm_ros2/thirdparty) by extensions ['colcon_pkg']
[0.312s] Level 1:colcon.colcon_core.package_identification:_identify(src/xarm_ros2/thirdparty) by extension 'colcon_pkg'
[0.312s] Level 1:colcon.colcon_core.package_identification:_identify(src/xarm_ros2/thirdparty) by extensions ['colcon_meta']
[0.312s] Level 1:colcon.colcon_core.package_identification:_identify(src/xarm_ros2/thirdparty) by extension 'colcon_meta'
[0.313s] Level 1:colcon.colcon_core.package_identification:_identify(src/xarm_ros2/thirdparty) by extensions ['ros']
[0.313s] Level 1:colcon.colcon_core.package_identification:_identify(src/xarm_ros2/thirdparty) by extension 'ros'
[0.313s] Level 1:colcon.colcon_core.package_identification:_identify(src/xarm_ros2/thirdparty) by extensions ['cmake', 'python']
[0.313s] Level 1:colcon.colcon_core.package_identification:_identify(src/xarm_ros2/thirdparty) by extension 'cmake'
[0.313s] Level 1:colcon.colcon_core.package_identification:_identify(src/xarm_ros2/thirdparty) by extension 'python'
[0.313s] Level 1:colcon.colcon_core.package_identification:_identify(src/xarm_ros2/thirdparty) by extensions ['python_setup_py']
[0.313s] Level 1:colcon.colcon_core.package_identification:_identify(src/xarm_ros2/thirdparty) by extension 'python_setup_py'
[0.313s] Level 1:colcon.colcon_core.package_identification:_identify(src/xarm_ros2/thirdparty/realsense_gazebo_plugin) by extensions ['ignore', 'ignore_ament_install']
[0.313s] Level 1:colcon.colcon_core.package_identification:_identify(src/xarm_ros2/thirdparty/realsense_gazebo_plugin) by extension 'ignore'
[0.314s] Level 1:colcon.colcon_core.package_identification:_identify(src/xarm_ros2/thirdparty/realsense_gazebo_plugin) by extension 'ignore_ament_install'
[0.314s] Level 1:colcon.colcon_core.package_identification:_identify(src/xarm_ros2/thirdparty/realsense_gazebo_plugin) by extensions ['colcon_pkg']
[0.314s] Level 1:colcon.colcon_core.package_identification:_identify(src/xarm_ros2/thirdparty/realsense_gazebo_plugin) by extension 'colcon_pkg'
[0.314s] Level 1:colcon.colcon_core.package_identification:_identify(src/xarm_ros2/thirdparty/realsense_gazebo_plugin) by extensions ['colcon_meta']
[0.314s] Level 1:colcon.colcon_core.package_identification:_identify(src/xarm_ros2/thirdparty/realsense_gazebo_plugin) by extension 'colcon_meta'
[0.314s] Level 1:colcon.colcon_core.package_identification:_identify(src/xarm_ros2/thirdparty/realsense_gazebo_plugin) by extensions ['ros']
[0.314s] Level 1:colcon.colcon_core.package_identification:_identify(src/xarm_ros2/thirdparty/realsense_gazebo_plugin) by extension 'ros'
[0.315s] DEBUG:colcon.colcon_core.package_identification:Package 'src/xarm_ros2/thirdparty/realsense_gazebo_plugin' with type 'ros.ament_cmake' and name 'realsense_gazebo_plugin'
[0.315s] Level 1:colcon.colcon_core.package_identification:_identify(src/xarm_ros2/uf_ros_lib) by extensions ['ignore', 'ignore_ament_install']
[0.315s] Level 1:colcon.colcon_core.package_identification:_identify(src/xarm_ros2/uf_ros_lib) by extension 'ignore'
[0.316s] Level 1:colcon.colcon_core.package_identification:_identify(src/xarm_ros2/uf_ros_lib) by extension 'ignore_ament_install'
[0.316s] Level 1:colcon.colcon_core.package_identification:_identify(src/xarm_ros2/uf_ros_lib) by extensions ['colcon_pkg']
[0.316s] Level 1:colcon.colcon_core.package_identification:_identify(src/xarm_ros2/uf_ros_lib) by extension 'colcon_pkg'
[0.316s] Level 1:colcon.colcon_core.package_identification:_identify(src/xarm_ros2/uf_ros_lib) by extensions ['colcon_meta']
[0.316s] Level 1:colcon.colcon_core.package_identification:_identify(src/xarm_ros2/uf_ros_lib) by extension 'colcon_meta'
[0.316s] Level 1:colcon.colcon_core.package_identification:_identify(src/xarm_ros2/uf_ros_lib) by extensions ['ros']
[0.316s] Level 1:colcon.colcon_core.package_identification:_identify(src/xarm_ros2/uf_ros_lib) by extension 'ros'
[0.317s] DEBUG:colcon.colcon_core.package_identification:Package 'src/xarm_ros2/uf_ros_lib' with type 'ros.ament_python' and name 'uf_ros_lib'
[0.317s] Level 1:colcon.colcon_core.package_identification:_identify(src/xarm_ros2/xarm_api) by extensions ['ignore', 'ignore_ament_install']
[0.317s] Level 1:colcon.colcon_core.package_identification:_identify(src/xarm_ros2/xarm_api) by extension 'ignore'
[0.317s] Level 1:colcon.colcon_core.package_identification:_identify(src/xarm_ros2/xarm_api) by extension 'ignore_ament_install'
[0.317s] Level 1:colcon.colcon_core.package_identification:_identify(src/xarm_ros2/xarm_api) by extensions ['colcon_pkg']
[0.317s] Level 1:colcon.colcon_core.package_identification:_identify(src/xarm_ros2/xarm_api) by extension 'colcon_pkg'
[0.317s] Level 1:colcon.colcon_core.package_identification:_identify(src/xarm_ros2/xarm_api) by extensions ['colcon_meta']
[0.318s] Level 1:colcon.colcon_core.package_identification:_identify(src/xarm_ros2/xarm_api) by extension 'colcon_meta'
[0.318s] Level 1:colcon.colcon_core.package_identification:_identify(src/xarm_ros2/xarm_api) by extensions ['ros']
[0.318s] Level 1:colcon.colcon_core.package_identification:_identify(src/xarm_ros2/xarm_api) by extension 'ros'
[0.319s] DEBUG:colcon.colcon_core.package_identification:Package 'src/xarm_ros2/xarm_api' with type 'ros.ament_cmake' and name 'xarm_api'
[0.319s] Level 1:colcon.colcon_core.package_identification:_identify(src/xarm_ros2/xarm_controller) by extensions ['ignore', 'ignore_ament_install']
[0.319s] Level 1:colcon.colcon_core.package_identification:_identify(src/xarm_ros2/xarm_controller) by extension 'ignore'
[0.319s] Level 1:colcon.colcon_core.package_identification:_identify(src/xarm_ros2/xarm_controller) by extension 'ignore_ament_install'
[0.320s] Level 1:colcon.colcon_core.package_identification:_identify(src/xarm_ros2/xarm_controller) by extensions ['colcon_pkg']
[0.320s] Level 1:colcon.colcon_core.package_identification:_identify(src/xarm_ros2/xarm_controller) by extension 'colcon_pkg'
[0.320s] Level 1:colcon.colcon_core.package_identification:_identify(src/xarm_ros2/xarm_controller) by extensions ['colcon_meta']
[0.320s] Level 1:colcon.colcon_core.package_identification:_identify(src/xarm_ros2/xarm_controller) by extension 'colcon_meta'
[0.320s] Level 1:colcon.colcon_core.package_identification:_identify(src/xarm_ros2/xarm_controller) by extensions ['ros']
[0.320s] Level 1:colcon.colcon_core.package_identification:_identify(src/xarm_ros2/xarm_controller) by extension 'ros'
[0.322s] DEBUG:colcon.colcon_core.package_identification:Package 'src/xarm_ros2/xarm_controller' with type 'ros.ament_cmake' and name 'xarm_controller'
[0.322s] Level 1:colcon.colcon_core.package_identification:_identify(src/xarm_ros2/xarm_description) by extensions ['ignore', 'ignore_ament_install']
[0.322s] Level 1:colcon.colcon_core.package_identification:_identify(src/xarm_ros2/xarm_description) by extension 'ignore'
[0.322s] Level 1:colcon.colcon_core.package_identification:_identify(src/xarm_ros2/xarm_description) by extension 'ignore_ament_install'
[0.322s] Level 1:colcon.colcon_core.package_identification:_identify(src/xarm_ros2/xarm_description) by extensions ['colcon_pkg']
[0.322s] Level 1:colcon.colcon_core.package_identification:_identify(src/xarm_ros2/xarm_description) by extension 'colcon_pkg'
[0.322s] Level 1:colcon.colcon_core.package_identification:_identify(src/xarm_ros2/xarm_description) by extensions ['colcon_meta']
[0.322s] Level 1:colcon.colcon_core.package_identification:_identify(src/xarm_ros2/xarm_description) by extension 'colcon_meta'
[0.322s] Level 1:colcon.colcon_core.package_identification:_identify(src/xarm_ros2/xarm_description) by extensions ['ros']
[0.322s] Level 1:colcon.colcon_core.package_identification:_identify(src/xarm_ros2/xarm_description) by extension 'ros'
[0.323s] DEBUG:colcon.colcon_core.package_identification:Package 'src/xarm_ros2/xarm_description' with type 'ros.ament_cmake' and name 'xarm_description'
[0.323s] Level 1:colcon.colcon_core.package_identification:_identify(src/xarm_ros2/xarm_gazebo) by extensions ['ignore', 'ignore_ament_install']
[0.324s] Level 1:colcon.colcon_core.package_identification:_identify(src/xarm_ros2/xarm_gazebo) by extension 'ignore'
[0.324s] Level 1:colcon.colcon_core.package_identification:_identify(src/xarm_ros2/xarm_gazebo) by extension 'ignore_ament_install'
[0.324s] Level 1:colcon.colcon_core.package_identification:_identify(src/xarm_ros2/xarm_gazebo) by extensions ['colcon_pkg']
[0.324s] Level 1:colcon.colcon_core.package_identification:_identify(src/xarm_ros2/xarm_gazebo) by extension 'colcon_pkg'
[0.324s] Level 1:colcon.colcon_core.package_identification:_identify(src/xarm_ros2/xarm_gazebo) by extensions ['colcon_meta']
[0.324s] Level 1:colcon.colcon_core.package_identification:_identify(src/xarm_ros2/xarm_gazebo) by extension 'colcon_meta'
[0.324s] Level 1:colcon.colcon_core.package_identification:_identify(src/xarm_ros2/xarm_gazebo) by extensions ['ros']
[0.324s] Level 1:colcon.colcon_core.package_identification:_identify(src/xarm_ros2/xarm_gazebo) by extension 'ros'
[0.325s] DEBUG:colcon.colcon_core.package_identification:Package 'src/xarm_ros2/xarm_gazebo' with type 'ros.ament_cmake' and name 'xarm_gazebo'
[0.325s] Level 1:colcon.colcon_core.package_identification:_identify(src/xarm_ros2/xarm_moveit_config) by extensions ['ignore', 'ignore_ament_install']
[0.326s] Level 1:colcon.colcon_core.package_identification:_identify(src/xarm_ros2/xarm_moveit_config) by extension 'ignore'
[0.326s] Level 1:colcon.colcon_core.package_identification:_identify(src/xarm_ros2/xarm_moveit_config) by extension 'ignore_ament_install'
[0.326s] Level 1:colcon.colcon_core.package_identification:_identify(src/xarm_ros2/xarm_moveit_config) by extensions ['colcon_pkg']
[0.326s] Level 1:colcon.colcon_core.package_identification:_identify(src/xarm_ros2/xarm_moveit_config) by extension 'colcon_pkg'
[0.326s] Level 1:colcon.colcon_core.package_identification:_identify(src/xarm_ros2/xarm_moveit_config) by extensions ['colcon_meta']
[0.326s] Level 1:colcon.colcon_core.package_identification:_identify(src/xarm_ros2/xarm_moveit_config) by extension 'colcon_meta'
[0.326s] Level 1:colcon.colcon_core.package_identification:_identify(src/xarm_ros2/xarm_moveit_config) by extensions ['ros']
[0.326s] Level 1:colcon.colcon_core.package_identification:_identify(src/xarm_ros2/xarm_moveit_config) by extension 'ros'
[0.327s] DEBUG:colcon.colcon_core.package_identification:Package 'src/xarm_ros2/xarm_moveit_config' with type 'ros.ament_cmake' and name 'xarm_moveit_config'
[0.328s] Level 1:colcon.colcon_core.package_identification:_identify(src/xarm_ros2/xarm_moveit_servo) by extensions ['ignore', 'ignore_ament_install']
[0.328s] Level 1:colcon.colcon_core.package_identification:_identify(src/xarm_ros2/xarm_moveit_servo) by extension 'ignore'
[0.328s] Level 1:colcon.colcon_core.package_identification:_identify(src/xarm_ros2/xarm_moveit_servo) by extension 'ignore_ament_install'
[0.328s] Level 1:colcon.colcon_core.package_identification:_identify(src/xarm_ros2/xarm_moveit_servo) by extensions ['colcon_pkg']
[0.328s] Level 1:colcon.colcon_core.package_identification:_identify(src/xarm_ros2/xarm_moveit_servo) by extension 'colcon_pkg'
[0.328s] Level 1:colcon.colcon_core.package_identification:_identify(src/xarm_ros2/xarm_moveit_servo) by extensions ['colcon_meta']
[0.328s] Level 1:colcon.colcon_core.package_identification:_identify(src/xarm_ros2/xarm_moveit_servo) by extension 'colcon_meta'
[0.328s] Level 1:colcon.colcon_core.package_identification:_identify(src/xarm_ros2/xarm_moveit_servo) by extensions ['ros']
[0.328s] Level 1:colcon.colcon_core.package_identification:_identify(src/xarm_ros2/xarm_moveit_servo) by extension 'ros'
[0.330s] DEBUG:colcon.colcon_core.package_identification:Package 'src/xarm_ros2/xarm_moveit_servo' with type 'ros.ament_cmake' and name 'xarm_moveit_servo'
[0.330s] Level 1:colcon.colcon_core.package_identification:_identify(src/xarm_ros2/xarm_msgs) by extensions ['ignore', 'ignore_ament_install']
[0.330s] Level 1:colcon.colcon_core.package_identification:_identify(src/xarm_ros2/xarm_msgs) by extension 'ignore'
[0.331s] Level 1:colcon.colcon_core.package_identification:_identify(src/xarm_ros2/xarm_msgs) by extension 'ignore_ament_install'
[0.331s] Level 1:colcon.colcon_core.package_identification:_identify(src/xarm_ros2/xarm_msgs) by extensions ['colcon_pkg']
[0.331s] Level 1:colcon.colcon_core.package_identification:_identify(src/xarm_ros2/xarm_msgs) by extension 'colcon_pkg'
[0.331s] Level 1:colcon.colcon_core.package_identification:_identify(src/xarm_ros2/xarm_msgs) by extensions ['colcon_meta']
[0.331s] Level 1:colcon.colcon_core.package_identification:_identify(src/xarm_ros2/xarm_msgs) by extension 'colcon_meta'
[0.331s] Level 1:colcon.colcon_core.package_identification:_identify(src/xarm_ros2/xarm_msgs) by extensions ['ros']
[0.331s] Level 1:colcon.colcon_core.package_identification:_identify(src/xarm_ros2/xarm_msgs) by extension 'ros'
[0.332s] DEBUG:colcon.colcon_core.package_identification:Package 'src/xarm_ros2/xarm_msgs' with type 'ros.ament_cmake' and name 'xarm_msgs'
[0.333s] Level 1:colcon.colcon_core.package_identification:_identify(src/xarm_ros2/xarm_planner) by extensions ['ignore', 'ignore_ament_install']
[0.333s] Level 1:colcon.colcon_core.package_identification:_identify(src/xarm_ros2/xarm_planner) by extension 'ignore'
[0.333s] Level 1:colcon.colcon_core.package_identification:_identify(src/xarm_ros2/xarm_planner) by extension 'ignore_ament_install'
[0.333s] Level 1:colcon.colcon_core.package_identification:_identify(src/xarm_ros2/xarm_planner) by extensions ['colcon_pkg']
[0.333s] Level 1:colcon.colcon_core.package_identification:_identify(src/xarm_ros2/xarm_planner) by extension 'colcon_pkg'
[0.333s] Level 1:colcon.colcon_core.package_identification:_identify(src/xarm_ros2/xarm_planner) by extensions ['colcon_meta']
[0.333s] Level 1:colcon.colcon_core.package_identification:_identify(src/xarm_ros2/xarm_planner) by extension 'colcon_meta'
[0.333s] Level 1:colcon.colcon_core.package_identification:_identify(src/xarm_ros2/xarm_planner) by extensions ['ros']
[0.333s] Level 1:colcon.colcon_core.package_identification:_identify(src/xarm_ros2/xarm_planner) by extension 'ros'
[0.335s] DEBUG:colcon.colcon_core.package_identification:Package 'src/xarm_ros2/xarm_planner' with type 'ros.ament_cmake' and name 'xarm_planner'
[0.335s] Level 1:colcon.colcon_core.package_identification:_identify(src/xarm_ros2/xarm_sdk) by extensions ['ignore', 'ignore_ament_install']
[0.335s] Level 1:colcon.colcon_core.package_identification:_identify(src/xarm_ros2/xarm_sdk) by extension 'ignore'
[0.335s] Level 1:colcon.colcon_core.package_identification:_identify(src/xarm_ros2/xarm_sdk) by extension 'ignore_ament_install'
[0.336s] Level 1:colcon.colcon_core.package_identification:_identify(src/xarm_ros2/xarm_sdk) by extensions ['colcon_pkg']
[0.336s] Level 1:colcon.colcon_core.package_identification:_identify(src/xarm_ros2/xarm_sdk) by extension 'colcon_pkg'
[0.336s] Level 1:colcon.colcon_core.package_identification:_identify(src/xarm_ros2/xarm_sdk) by extensions ['colcon_meta']
[0.336s] Level 1:colcon.colcon_core.package_identification:_identify(src/xarm_ros2/xarm_sdk) by extension 'colcon_meta'
[0.336s] Level 1:colcon.colcon_core.package_identification:_identify(src/xarm_ros2/xarm_sdk) by extensions ['ros']
[0.336s] Level 1:colcon.colcon_core.package_identification:_identify(src/xarm_ros2/xarm_sdk) by extension 'ros'
[0.337s] DEBUG:colcon.colcon_core.package_identification:Package 'src/xarm_ros2/xarm_sdk' with type 'ros.ament_cmake' and name 'xarm_sdk'
[0.337s] Level 1:colcon.colcon_core.package_discovery:discover_packages(recursive) using defaults
[0.337s] Level 1:colcon.colcon_core.package_discovery:discover_packages(ignore) discover
[0.337s] Level 1:colcon.colcon_core.package_discovery:discover_packages(ignore) using defaults
[0.337s] Level 1:colcon.colcon_core.package_discovery:discover_packages(path) discover
[0.337s] Level 1:colcon.colcon_core.package_discovery:discover_packages(path) using defaults
[0.376s] Level 1:colcon.colcon_core.package_discovery:discover_packages(prefix_path) check parameters
[0.376s] Level 1:colcon.colcon_core.package_discovery:discover_packages(prefix_path) discover
[0.381s] DEBUG:colcon.colcon_installed_package_information.package_discovery:Found 13 installed packages in /home/berenic/Documents/LPRS2_2026/Robo_Hand_RS485/ROS2/robo_hand_ws/install
[0.385s] DEBUG:colcon.colcon_installed_package_information.package_discovery:Found 377 installed packages in /opt/ros/jazzy
[0.386s] Level 1:colcon.colcon_core.package_discovery:discover_packages(prefix_path) using defaults
[0.483s] Level 5:colcon.colcon_core.verb:set package 'realsense_gazebo_plugin' build argument 'cmake_args' from command line to 'None'
[0.483s] Level 5:colcon.colcon_core.verb:set package 'realsense_gazebo_plugin' build argument 'cmake_target' from command line to 'None'
[0.483s] Level 5:colcon.colcon_core.verb:set package 'realsense_gazebo_plugin' build argument 'cmake_target_skip_unavailable' from command line to 'False'
[0.483s] Level 5:colcon.colcon_core.verb:set package 'realsense_gazebo_plugin' build argument 'cmake_clean_cache' from command line to 'False'
[0.483s] Level 5:colcon.colcon_core.verb:set package 'realsense_gazebo_plugin' build argument 'cmake_clean_first' from command line to 'False'
[0.483s] Level 5:colcon.colcon_core.verb:set package 'realsense_gazebo_plugin' build argument 'cmake_force_configure' from command line to 'False'
[0.483s] Level 5:colcon.colcon_core.verb:set package 'realsense_gazebo_plugin' build argument 'ament_cmake_args' from command line to 'None'
[0.483s] Level 5:colcon.colcon_core.verb:set package 'realsense_gazebo_plugin' build argument 'catkin_cmake_args' from command line to 'None'
[0.484s] Level 5:colcon.colcon_core.verb:set package 'realsense_gazebo_plugin' build argument 'catkin_skip_building_tests' from command line to 'False'
[0.484s] DEBUG:colcon.colcon_core.verb:Building package 'realsense_gazebo_plugin' with the following arguments: {'ament_cmake_args': None, 'build_base': '/home/berenic/Documents/LPRS2_2026/Robo_Hand_RS485/ROS2/robo_hand_ws/build/realsense_gazebo_plugin', 'catkin_cmake_args': None, 'catkin_skip_building_tests': False, 'cmake_args': None, 'cmake_clean_cache': False, 'cmake_clean_first': False, 'cmake_force_configure': False, 'cmake_target': None, 'cmake_target_skip_unavailable': False, 'install_base': '/home/berenic/Documents/LPRS2_2026/Robo_Hand_RS485/ROS2/robo_hand_ws/install/realsense_gazebo_plugin', 'merge_install': False, 'path': '/home/berenic/Documents/LPRS2_2026/Robo_Hand_RS485/ROS2/robo_hand_ws/src/xarm_ros2/thirdparty/realsense_gazebo_plugin', 'symlink_install': True, 'test_result_base': None}
[0.484s] Level 5:colcon.colcon_core.verb:set package 'uf_ros_lib' build argument 'cmake_args' from command line to 'None'
[0.484s] Level 5:colcon.colcon_core.verb:set package 'uf_ros_lib' build argument 'cmake_target' from command line to 'None'
[0.484s] Level 5:colcon.colcon_core.verb:set package 'uf_ros_lib' build argument 'cmake_target_skip_unavailable' from command line to 'False'
[0.484s] Level 5:colcon.colcon_core.verb:set package 'uf_ros_lib' build argument 'cmake_clean_cache' from command line to 'False'
[0.484s] Level 5:colcon.colcon_core.verb:set package 'uf_ros_lib' build argument 'cmake_clean_first' from command line to 'False'
[0.484s] Level 5:colcon.colcon_core.verb:set package 'uf_ros_lib' build argument 'cmake_force_configure' from command line to 'False'
[0.484s] Level 5:colcon.colcon_core.verb:set package 'uf_ros_lib' build argument 'ament_cmake_args' from command line to 'None'
[0.484s] Level 5:colcon.colcon_core.verb:set package 'uf_ros_lib' build argument 'catkin_cmake_args' from command line to 'None'
[0.484s] Level 5:colcon.colcon_core.verb:set package 'uf_ros_lib' build argument 'catkin_skip_building_tests' from command line to 'False'
[0.485s] DEBUG:colcon.colcon_core.verb:Building package 'uf_ros_lib' with the following arguments: {'ament_cmake_args': None, 'build_base': '/home/berenic/Documents/LPRS2_2026/Robo_Hand_RS485/ROS2/robo_hand_ws/build/uf_ros_lib', 'catkin_cmake_args': None, 'catkin_skip_building_tests': False, 'cmake_args': None, 'cmake_clean_cache': False, 'cmake_clean_first': False, 'cmake_force_configure': False, 'cmake_target': None, 'cmake_target_skip_unavailable': False, 'install_base': '/home/berenic/Documents/LPRS2_2026/Robo_Hand_RS485/ROS2/robo_hand_ws/install/uf_ros_lib', 'merge_install': False, 'path': '/home/berenic/Documents/LPRS2_2026/Robo_Hand_RS485/ROS2/robo_hand_ws/src/xarm_ros2/uf_ros_lib', 'symlink_install': True, 'test_result_base': None}
[0.485s] Level 5:colcon.colcon_core.verb:set package 'xarm_description' build argument 'cmake_args' from command line to 'None'
[0.485s] Level 5:colcon.colcon_core.verb:set package 'xarm_description' build argument 'cmake_target' from command line to 'None'
[0.485s] Level 5:colcon.colcon_core.verb:set package 'xarm_description' build argument 'cmake_target_skip_unavailable' from command line to 'False'
[0.485s] Level 5:colcon.colcon_core.verb:set package 'xarm_description' build argument 'cmake_clean_cache' from command line to 'False'
[0.485s] Level 5:colcon.colcon_core.verb:set package 'xarm_description' build argument 'cmake_clean_first' from command line to 'False'
[0.485s] Level 5:colcon.colcon_core.verb:set package 'xarm_description' build argument 'cmake_force_configure' from command line to 'False'
[0.485s] Level 5:colcon.colcon_core.verb:set package 'xarm_description' build argument 'ament_cmake_args' from command line to 'None'
[0.485s] Level 5:colcon.colcon_core.verb:set package 'xarm_description' build argument 'catkin_cmake_args' from command line to 'None'
[0.486s] Level 5:colcon.colcon_core.verb:set package 'xarm_description' build argument 'catkin_skip_building_tests' from command line to 'False'
[0.486s] DEBUG:colcon.colcon_core.verb:Building package 'xarm_description' with the following arguments: {'ament_cmake_args': None, 'build_base': '/home/berenic/Documents/LPRS2_2026/Robo_Hand_RS485/ROS2/robo_hand_ws/build/xarm_description', 'catkin_cmake_args': None, 'catkin_skip_building_tests': False, 'cmake_args': None, 'cmake_clean_cache': False, 'cmake_clean_first': False, 'cmake_force_configure': False, 'cmake_target': None, 'cmake_target_skip_unavailable': False, 'install_base': '/home/berenic/Documents/LPRS2_2026/Robo_Hand_RS485/ROS2/robo_hand_ws/install/xarm_description', 'merge_install': False, 'path': '/home/berenic/Documents/LPRS2_2026/Robo_Hand_RS485/ROS2/robo_hand_ws/src/xarm_ros2/xarm_description', 'symlink_install': True, 'test_result_base': None}
[0.486s] Level 5:colcon.colcon_core.verb:set package 'xarm_msgs' build argument 'cmake_args' from command line to 'None'
[0.486s] Level 5:colcon.colcon_core.verb:set package 'xarm_msgs' build argument 'cmake_target' from command line to 'None'
[0.487s] Level 5:colcon.colcon_core.verb:set package 'xarm_msgs' build argument 'cmake_target_skip_unavailable' from command line to 'False'
[0.487s] Level 5:colcon.colcon_core.verb:set package 'xarm_msgs' build argument 'cmake_clean_cache' from command line to 'False'
[0.487s] Level 5:colcon.colcon_core.verb:set package 'xarm_msgs' build argument 'cmake_clean_first' from command line to 'False'
[0.487s] Level 5:colcon.colcon_core.verb:set package 'xarm_msgs' build argument 'cmake_force_configure' from command line to 'False'
[0.487s] Level 5:colcon.colcon_core.verb:set package 'xarm_msgs' build argument 'ament_cmake_args' from command line to 'None'
[0.487s] Level 5:colcon.colcon_core.verb:set package 'xarm_msgs' build argument 'catkin_cmake_args' from command line to 'None'
[0.487s] Level 5:colcon.colcon_core.verb:set package 'xarm_msgs' build argument 'catkin_skip_building_tests' from command line to 'False'
[0.487s] DEBUG:colcon.colcon_core.verb:Building package 'xarm_msgs' with the following arguments: {'ament_cmake_args': None, 'build_base': '/home/berenic/Documents/LPRS2_2026/Robo_Hand_RS485/ROS2/robo_hand_ws/build/xarm_msgs', 'catkin_cmake_args': None, 'catkin_skip_building_tests': False, 'cmake_args': None, 'cmake_clean_cache': False, 'cmake_clean_first': False, 'cmake_force_configure': False, 'cmake_target': None, 'cmake_target_skip_unavailable': False, 'install_base': '/home/berenic/Documents/LPRS2_2026/Robo_Hand_RS485/ROS2/robo_hand_ws/install/xarm_msgs', 'merge_install': False, 'path': '/home/berenic/Documents/LPRS2_2026/Robo_Hand_RS485/ROS2/robo_hand_ws/src/xarm_ros2/xarm_msgs', 'symlink_install': True, 'test_result_base': None}
[0.487s] Level 5:colcon.colcon_core.verb:set package 'xarm_sdk' build argument 'cmake_args' from command line to 'None'
[0.487s] Level 5:colcon.colcon_core.verb:set package 'xarm_sdk' build argument 'cmake_target' from command line to 'None'
[0.487s] Level 5:colcon.colcon_core.verb:set package 'xarm_sdk' build argument 'cmake_target_skip_unavailable' from command line to 'False'
[0.487s] Level 5:colcon.colcon_core.verb:set package 'xarm_sdk' build argument 'cmake_clean_cache' from command line to 'False'
[0.487s] Level 5:colcon.colcon_core.verb:set package 'xarm_sdk' build argument 'cmake_clean_first' from command line to 'False'
[0.487s] Level 5:colcon.colcon_core.verb:set package 'xarm_sdk' build argument 'cmake_force_configure' from command line to 'False'
[0.487s] Level 5:colcon.colcon_core.verb:set package 'xarm_sdk' build argument 'ament_cmake_args' from command line to 'None'
[0.487s] Level 5:colcon.colcon_core.verb:set package 'xarm_sdk' build argument 'catkin_cmake_args' from command line to 'None'
[0.488s] Level 5:colcon.colcon_core.verb:set package 'xarm_sdk' build argument 'catkin_skip_building_tests' from command line to 'False'
[0.488s] DEBUG:colcon.colcon_core.verb:Building package 'xarm_sdk' with the following arguments: {'ament_cmake_args': None, 'build_base': '/home/berenic/Documents/LPRS2_2026/Robo_Hand_RS485/ROS2/robo_hand_ws/build/xarm_sdk', 'catkin_cmake_args': None, 'catkin_skip_building_tests': False, 'cmake_args': None, 'cmake_clean_cache': False, 'cmake_clean_first': False, 'cmake_force_configure': False, 'cmake_target': None, 'cmake_target_skip_unavailable': False, 'install_base': '/home/berenic/Documents/LPRS2_2026/Robo_Hand_RS485/ROS2/robo_hand_ws/install/xarm_sdk', 'merge_install': False, 'path': '/home/berenic/Documents/LPRS2_2026/Robo_Hand_RS485/ROS2/robo_hand_ws/src/xarm_ros2/xarm_sdk', 'symlink_install': True, 'test_result_base': None}
[0.488s] Level 5:colcon.colcon_core.verb:set package 'mbot_demo' build argument 'cmake_args' from command line to 'None'
[0.488s] Level 5:colcon.colcon_core.verb:set package 'mbot_demo' build argument 'cmake_target' from command line to 'None'
[0.488s] Level 5:colcon.colcon_core.verb:set package 'mbot_demo' build argument 'cmake_target_skip_unavailable' from command line to 'False'
[0.488s] Level 5:colcon.colcon_core.verb:set package 'mbot_demo' build argument 'cmake_clean_cache' from command line to 'False'
[0.488s] Level 5:colcon.colcon_core.verb:set package 'mbot_demo' build argument 'cmake_clean_first' from command line to 'False'
[0.488s] Level 5:colcon.colcon_core.verb:set package 'mbot_demo' build argument 'cmake_force_configure' from command line to 'False'
[0.488s] Level 5:colcon.colcon_core.verb:set package 'mbot_demo' build argument 'ament_cmake_args' from command line to 'None'
[0.488s] Level 5:colcon.colcon_core.verb:set package 'mbot_demo' build argument 'catkin_cmake_args' from command line to 'None'
[0.488s] Level 5:colcon.colcon_core.verb:set package 'mbot_demo' build argument 'catkin_skip_building_tests' from command line to 'False'
[0.488s] DEBUG:colcon.colcon_core.verb:Building package 'mbot_demo' with the following arguments: {'ament_cmake_args': None, 'build_base': '/home/berenic/Documents/LPRS2_2026/Robo_Hand_RS485/ROS2/robo_hand_ws/build/mbot_demo', 'catkin_cmake_args': None, 'catkin_skip_building_tests': False, 'cmake_args': None, 'cmake_clean_cache': False, 'cmake_clean_first': False, 'cmake_force_configure': False, 'cmake_target': None, 'cmake_target_skip_unavailable': False, 'install_base': '/home/berenic/Documents/LPRS2_2026/Robo_Hand_RS485/ROS2/robo_hand_ws/install/mbot_demo', 'merge_install': False, 'path': '/home/berenic/Documents/LPRS2_2026/Robo_Hand_RS485/ROS2/robo_hand_ws/src/xarm_ros2/demo/mbot_demo', 'symlink_install': True, 'test_result_base': None}
[0.489s] Level 5:colcon.colcon_core.verb:set package 'xarm_api' build argument 'cmake_args' from command line to 'None'
[0.489s] Level 5:colcon.colcon_core.verb:set package 'xarm_api' build argument 'cmake_target' from command line to 'None'
[0.489s] Level 5:colcon.colcon_core.verb:set package 'xarm_api' build argument 'cmake_target_skip_unavailable' from command line to 'False'
[0.489s] Level 5:colcon.colcon_core.verb:set package 'xarm_api' build argument 'cmake_clean_cache' from command line to 'False'
[0.489s] Level 5:colcon.colcon_core.verb:set package 'xarm_api' build argument 'cmake_clean_first' from command line to 'False'
[0.489s] Level 5:colcon.colcon_core.verb:set package 'xarm_api' build argument 'cmake_force_configure' from command line to 'False'
[0.489s] Level 5:colcon.colcon_core.verb:set package 'xarm_api' build argument 'ament_cmake_args' from command line to 'None'
[0.489s] Level 5:colcon.colcon_core.verb:set package 'xarm_api' build argument 'catkin_cmake_args' from command line to 'None'
[0.489s] Level 5:colcon.colcon_core.verb:set package 'xarm_api' build argument 'catkin_skip_building_tests' from command line to 'False'
[0.489s] DEBUG:colcon.colcon_core.verb:Building package 'xarm_api' with the following arguments: {'ament_cmake_args': None, 'build_base': '/home/berenic/Documents/LPRS2_2026/Robo_Hand_RS485/ROS2/robo_hand_ws/build/xarm_api', 'catkin_cmake_args': None, 'catkin_skip_building_tests': False, 'cmake_args': None, 'cmake_clean_cache': False, 'cmake_clean_first': False, 'cmake_force_configure': False, 'cmake_target': None, 'cmake_target_skip_unavailable': False, 'install_base': '/home/berenic/Documents/LPRS2_2026/Robo_Hand_RS485/ROS2/robo_hand_ws/install/xarm_api', 'merge_install': False, 'path': '/home/berenic/Documents/LPRS2_2026/Robo_Hand_RS485/ROS2/robo_hand_ws/src/xarm_ros2/xarm_api', 'symlink_install': True, 'test_result_base': None}
[0.489s] Level 5:colcon.colcon_core.verb:set package 'xarm_controller' build argument 'cmake_args' from command line to 'None'
[0.490s] Level 5:colcon.colcon_core.verb:set package 'xarm_controller' build argument 'cmake_target' from command line to 'None'
[0.490s] Level 5:colcon.colcon_core.verb:set package 'xarm_controller' build argument 'cmake_target_skip_unavailable' from command line to 'False'
[0.490s] Level 5:colcon.colcon_core.verb:set package 'xarm_controller' build argument 'cmake_clean_cache' from command line to 'False'
[0.490s] Level 5:colcon.colcon_core.verb:set package 'xarm_controller' build argument 'cmake_clean_first' from command line to 'False'
[0.490s] Level 5:colcon.colcon_core.verb:set package 'xarm_controller' build argument 'cmake_force_configure' from command line to 'False'
[0.490s] Level 5:colcon.colcon_core.verb:set package 'xarm_controller' build argument 'ament_cmake_args' from command line to 'None'
[0.490s] Level 5:colcon.colcon_core.verb:set package 'xarm_controller' build argument 'catkin_cmake_args' from command line to 'None'
[0.490s] Level 5:colcon.colcon_core.verb:set package 'xarm_controller' build argument 'catkin_skip_building_tests' from command line to 'False'
[0.490s] DEBUG:colcon.colcon_core.verb:Building package 'xarm_controller' with the following arguments: {'ament_cmake_args': None, 'build_base': '/home/berenic/Documents/LPRS2_2026/Robo_Hand_RS485/ROS2/robo_hand_ws/build/xarm_controller', 'catkin_cmake_args': None, 'catkin_skip_building_tests': False, 'cmake_args': None, 'cmake_clean_cache': False, 'cmake_clean_first': False, 'cmake_force_configure': False, 'cmake_target': None, 'cmake_target_skip_unavailable': False, 'install_base': '/home/berenic/Documents/LPRS2_2026/Robo_Hand_RS485/ROS2/robo_hand_ws/install/xarm_controller', 'merge_install': False, 'path': '/home/berenic/Documents/LPRS2_2026/Robo_Hand_RS485/ROS2/robo_hand_ws/src/xarm_ros2/xarm_controller', 'symlink_install': True, 'test_result_base': None}
[0.490s] Level 5:colcon.colcon_core.verb:set package 'xarm_gazebo' build argument 'cmake_args' from command line to 'None'
[0.490s] Level 5:colcon.colcon_core.verb:set package 'xarm_gazebo' build argument 'cmake_target' from command line to 'None'
[0.490s] Level 5:colcon.colcon_core.verb:set package 'xarm_gazebo' build argument 'cmake_target_skip_unavailable' from command line to 'False'
[0.490s] Level 5:colcon.colcon_core.verb:set package 'xarm_gazebo' build argument 'cmake_clean_cache' from command line to 'False'
[0.490s] Level 5:colcon.colcon_core.verb:set package 'xarm_gazebo' build argument 'cmake_clean_first' from command line to 'False'
[0.490s] Level 5:colcon.colcon_core.verb:set package 'xarm_gazebo' build argument 'cmake_force_configure' from command line to 'False'
[0.491s] Level 5:colcon.colcon_core.verb:set package 'xarm_gazebo' build argument 'ament_cmake_args' from command line to 'None'
[0.491s] Level 5:colcon.colcon_core.verb:set package 'xarm_gazebo' build argument 'catkin_cmake_args' from command line to 'None'
[0.491s] Level 5:colcon.colcon_core.verb:set package 'xarm_gazebo' build argument 'catkin_skip_building_tests' from command line to 'False'
[0.491s] DEBUG:colcon.colcon_core.verb:Building package 'xarm_gazebo' with the following arguments: {'ament_cmake_args': None, 'build_base': '/home/berenic/Documents/LPRS2_2026/Robo_Hand_RS485/ROS2/robo_hand_ws/build/xarm_gazebo', 'catkin_cmake_args': None, 'catkin_skip_building_tests': False, 'cmake_args': None, 'cmake_clean_cache': False, 'cmake_clean_first': False, 'cmake_force_configure': False, 'cmake_target': None, 'cmake_target_skip_unavailable': False, 'install_base': '/home/berenic/Documents/LPRS2_2026/Robo_Hand_RS485/ROS2/robo_hand_ws/install/xarm_gazebo', 'merge_install': False, 'path': '/home/berenic/Documents/LPRS2_2026/Robo_Hand_RS485/ROS2/robo_hand_ws/src/xarm_ros2/xarm_gazebo', 'symlink_install': True, 'test_result_base': None}
[0.491s] Level 5:colcon.colcon_core.verb:set package 'xarm_moveit_config' build argument 'cmake_args' from command line to 'None'
[0.491s] Level 5:colcon.colcon_core.verb:set package 'xarm_moveit_config' build argument 'cmake_target' from command line to 'None'
[0.491s] Level 5:colcon.colcon_core.verb:set package 'xarm_moveit_config' build argument 'cmake_target_skip_unavailable' from command line to 'False'
[0.491s] Level 5:colcon.colcon_core.verb:set package 'xarm_moveit_config' build argument 'cmake_clean_cache' from command line to 'False'
[0.491s] Level 5:colcon.colcon_core.verb:set package 'xarm_moveit_config' build argument 'cmake_clean_first' from command line to 'False'
[0.491s] Level 5:colcon.colcon_core.verb:set package 'xarm_moveit_config' build argument 'cmake_force_configure' from command line to 'False'
[0.491s] Level 5:colcon.colcon_core.verb:set package 'xarm_moveit_config' build argument 'ament_cmake_args' from command line to 'None'
[0.491s] Level 5:colcon.colcon_core.verb:set package 'xarm_moveit_config' build argument 'catkin_cmake_args' from command line to 'None'
[0.492s] Level 5:colcon.colcon_core.verb:set package 'xarm_moveit_config' build argument 'catkin_skip_building_tests' from command line to 'False'
[0.492s] DEBUG:colcon.colcon_core.verb:Building package 'xarm_moveit_config' with the following arguments: {'ament_cmake_args': None, 'build_base': '/home/berenic/Documents/LPRS2_2026/Robo_Hand_RS485/ROS2/robo_hand_ws/build/xarm_moveit_config', 'catkin_cmake_args': None, 'catkin_skip_building_tests': False, 'cmake_args': None, 'cmake_clean_cache': False, 'cmake_clean_first': False, 'cmake_force_configure': False, 'cmake_target': None, 'cmake_target_skip_unavailable': False, 'install_base': '/home/berenic/Documents/LPRS2_2026/Robo_Hand_RS485/ROS2/robo_hand_ws/install/xarm_moveit_config', 'merge_install': False, 'path': '/home/berenic/Documents/LPRS2_2026/Robo_Hand_RS485/ROS2/robo_hand_ws/src/xarm_ros2/xarm_moveit_config', 'symlink_install': True, 'test_result_base': None}
[0.492s] Level 5:colcon.colcon_core.verb:set package 'xarm_moveit_servo' build argument 'cmake_args' from command line to 'None'
[0.492s] Level 5:colcon.colcon_core.verb:set package 'xarm_moveit_servo' build argument 'cmake_target' from command line to 'None'
[0.492s] Level 5:colcon.colcon_core.verb:set package 'xarm_moveit_servo' build argument 'cmake_target_skip_unavailable' from command line to 'False'
[0.492s] Level 5:colcon.colcon_core.verb:set package 'xarm_moveit_servo' build argument 'cmake_clean_cache' from command line to 'False'
[0.492s] Level 5:colcon.colcon_core.verb:set package 'xarm_moveit_servo' build argument 'cmake_clean_first' from command line to 'False'
[0.492s] Level 5:colcon.colcon_core.verb:set package 'xarm_moveit_servo' build argument 'cmake_force_configure' from command line to 'False'
[0.492s] Level 5:colcon.colcon_core.verb:set package 'xarm_moveit_servo' build argument 'ament_cmake_args' from command line to 'None'
[0.492s] Level 5:colcon.colcon_core.verb:set package 'xarm_moveit_servo' build argument 'catkin_cmake_args' from command line to 'None'
[0.492s] Level 5:colcon.colcon_core.verb:set package 'xarm_moveit_servo' build argument 'catkin_skip_building_tests' from command line to 'False'
[0.493s] DEBUG:colcon.colcon_core.verb:Building package 'xarm_moveit_servo' with the following arguments: {'ament_cmake_args': None, 'build_base': '/home/berenic/Documents/LPRS2_2026/Robo_Hand_RS485/ROS2/robo_hand_ws/build/xarm_moveit_servo', 'catkin_cmake_args': None, 'catkin_skip_building_tests': False, 'cmake_args': None, 'cmake_clean_cache': False, 'cmake_clean_first': False, 'cmake_force_configure': False, 'cmake_target': None, 'cmake_target_skip_unavailable': False, 'install_base': '/home/berenic/Documents/LPRS2_2026/Robo_Hand_RS485/ROS2/robo_hand_ws/install/xarm_moveit_servo', 'merge_install': False, 'path': '/home/berenic/Documents/LPRS2_2026/Robo_Hand_RS485/ROS2/robo_hand_ws/src/xarm_ros2/xarm_moveit_servo', 'symlink_install': True, 'test_result_base': None}
[0.493s] Level 5:colcon.colcon_core.verb:set package 'xarm_planner' build argument 'cmake_args' from command line to 'None'
[0.493s] Level 5:colcon.colcon_core.verb:set package 'xarm_planner' build argument 'cmake_target' from command line to 'None'
[0.493s] Level 5:colcon.colcon_core.verb:set package 'xarm_planner' build argument 'cmake_target_skip_unavailable' from command line to 'False'
[0.493s] Level 5:colcon.colcon_core.verb:set package 'xarm_planner' build argument 'cmake_clean_cache' from command line to 'False'
[0.493s] Level 5:colcon.colcon_core.verb:set package 'xarm_planner' build argument 'cmake_clean_first' from command line to 'False'
[0.494s] Level 5:colcon.colcon_core.verb:set package 'xarm_planner' build argument 'cmake_force_configure' from command line to 'False'
[0.494s] Level 5:colcon.colcon_core.verb:set package 'xarm_planner' build argument 'ament_cmake_args' from command line to 'None'
[0.494s] Level 5:colcon.colcon_core.verb:set package 'xarm_planner' build argument 'catkin_cmake_args' from command line to 'None'
[0.494s] Level 5:colcon.colcon_core.verb:set package 'xarm_planner' build argument 'catkin_skip_building_tests' from command line to 'False'
[0.494s] DEBUG:colcon.colcon_core.verb:Building package 'xarm_planner' with the following arguments: {'ament_cmake_args': None, 'build_base': '/home/berenic/Documents/LPRS2_2026/Robo_Hand_RS485/ROS2/robo_hand_ws/build/xarm_planner', 'catkin_cmake_args': None, 'catkin_skip_building_tests': False, 'cmake_args': None, 'cmake_clean_cache': False, 'cmake_clean_first': False, 'cmake_force_configure': False, 'cmake_target': None, 'cmake_target_skip_unavailable': False, 'install_base': '/home/berenic/Documents/LPRS2_2026/Robo_Hand_RS485/ROS2/robo_hand_ws/install/xarm_planner', 'merge_install': False, 'path': '/home/berenic/Documents/LPRS2_2026/Robo_Hand_RS485/ROS2/robo_hand_ws/src/xarm_ros2/xarm_planner', 'symlink_install': True, 'test_result_base': None}
[0.494s] Level 5:colcon.colcon_core.verb:set package 'glue_events_routines' build argument 'cmake_args' from command line to 'None'
[0.494s] Level 5:colcon.colcon_core.verb:set package 'glue_events_routines' build argument 'cmake_target' from command line to 'None'
[0.494s] Level 5:colcon.colcon_core.verb:set package 'glue_events_routines' build argument 'cmake_target_skip_unavailable' from command line to 'False'
[0.494s] Level 5:colcon.colcon_core.verb:set package 'glue_events_routines' build argument 'cmake_clean_cache' from command line to 'False'
[0.494s] Level 5:colcon.colcon_core.verb:set package 'glue_events_routines' build argument 'cmake_clean_first' from command line to 'False'
[0.494s] Level 5:colcon.colcon_core.verb:set package 'glue_events_routines' build argument 'cmake_force_configure' from command line to 'False'
[0.494s] Level 5:colcon.colcon_core.verb:set package 'glue_events_routines' build argument 'ament_cmake_args' from command line to 'None'
[0.494s] Level 5:colcon.colcon_core.verb:set package 'glue_events_routines' build argument 'catkin_cmake_args' from command line to 'None'
[0.494s] Level 5:colcon.colcon_core.verb:set package 'glue_events_routines' build argument 'catkin_skip_building_tests' from command line to 'False'
[0.494s] DEBUG:colcon.colcon_core.verb:Building package 'glue_events_routines' with the following arguments: {'ament_cmake_args': None, 'build_base': '/home/berenic/Documents/LPRS2_2026/Robo_Hand_RS485/ROS2/robo_hand_ws/build/glue_events_routines', 'catkin_cmake_args': None, 'catkin_skip_building_tests': False, 'cmake_args': None, 'cmake_clean_cache': False, 'cmake_clean_first': False, 'cmake_force_configure': False, 'cmake_target': None, 'cmake_target_skip_unavailable': False, 'install_base': '/home/berenic/Documents/LPRS2_2026/Robo_Hand_RS485/ROS2/robo_hand_ws/install/glue_events_routines', 'merge_install': False, 'path': '/home/berenic/Documents/LPRS2_2026/Robo_Hand_RS485/ROS2/robo_hand_ws/src/custom/glue_events_routines', 'symlink_install': True, 'test_result_base': None}
[0.495s] INFO:colcon.colcon_core.executor:Executing jobs using 'parallel' executor
[0.496s] DEBUG:colcon.colcon_parallel_executor.executor.parallel:run_until_complete
[0.497s] INFO:colcon.colcon_ros.task.ament_cmake.build:Building ROS package in '/home/berenic/Documents/LPRS2_2026/Robo_Hand_RS485/ROS2/robo_hand_ws/src/xarm_ros2/xarm_description' with build type 'ament_cmake'
[0.497s] INFO:colcon.colcon_cmake.task.cmake.build:Building CMake package in '/home/berenic/Documents/LPRS2_2026/Robo_Hand_RS485/ROS2/robo_hand_ws/src/xarm_ros2/xarm_description'
[0.502s] INFO:colcon.colcon_core.plugin_system:Skipping extension 'colcon_core.shell.bat': Not used on non-Windows systems
[0.502s] INFO:colcon.colcon_core.shell:Skip shell extension 'powershell' for command environment: Not usable outside of PowerShell
[0.502s] DEBUG:colcon.colcon_core.shell:Skip shell extension 'dsv' for command environment
[0.511s] INFO:colcon.colcon_ros.task.ament_cmake.build:Building ROS package in '/home/berenic/Documents/LPRS2_2026/Robo_Hand_RS485/ROS2/robo_hand_ws/src/xarm_ros2/xarm_msgs' with build type 'ament_cmake'
[0.511s] INFO:colcon.colcon_cmake.task.cmake.build:Building CMake package in '/home/berenic/Documents/LPRS2_2026/Robo_Hand_RS485/ROS2/robo_hand_ws/src/xarm_ros2/xarm_msgs'
[0.511s] INFO:colcon.colcon_core.shell:Skip shell extension 'powershell' for command environment: Not usable outside of PowerShell
[0.511s] DEBUG:colcon.colcon_core.shell:Skip shell extension 'dsv' for command environment
[0.521s] INFO:colcon.colcon_ros.task.ament_cmake.build:Building ROS package in '/home/berenic/Documents/LPRS2_2026/Robo_Hand_RS485/ROS2/robo_hand_ws/src/xarm_ros2/xarm_sdk' with build type 'ament_cmake'
[0.521s] INFO:colcon.colcon_cmake.task.cmake.build:Building CMake package in '/home/berenic/Documents/LPRS2_2026/Robo_Hand_RS485/ROS2/robo_hand_ws/src/xarm_ros2/xarm_sdk'
[0.521s] INFO:colcon.colcon_core.shell:Skip shell extension 'powershell' for command environment: Not usable outside of PowerShell
[0.522s] DEBUG:colcon.colcon_core.shell:Skip shell extension 'dsv' for command environment
[0.531s] INFO:colcon.colcon_ros.task.ament_python.build:Building ROS package in '/home/berenic/Documents/LPRS2_2026/Robo_Hand_RS485/ROS2/robo_hand_ws/src/xarm_ros2/uf_ros_lib' with build type 'ament_python'
[0.531s] Level 1:colcon.colcon_core.shell:create_environment_hook('uf_ros_lib', 'ament_prefix_path')
[0.532s] INFO:colcon.colcon_core.shell:Creating environment hook '/home/berenic/Documents/LPRS2_2026/Robo_Hand_RS485/ROS2/robo_hand_ws/install/uf_ros_lib/share/uf_ros_lib/hook/ament_prefix_path.ps1'
[0.533s] INFO:colcon.colcon_core.shell:Creating environment descriptor '/home/berenic/Documents/LPRS2_2026/Robo_Hand_RS485/ROS2/robo_hand_ws/install/uf_ros_lib/share/uf_ros_lib/hook/ament_prefix_path.dsv'
[0.534s] INFO:colcon.colcon_core.shell:Creating environment hook '/home/berenic/Documents/LPRS2_2026/Robo_Hand_RS485/ROS2/robo_hand_ws/install/uf_ros_lib/share/uf_ros_lib/hook/ament_prefix_path.sh'
[0.535s] INFO:colcon.colcon_core.shell:Skip shell extension 'powershell' for command environment: Not usable outside of PowerShell
[0.535s] DEBUG:colcon.colcon_core.shell:Skip shell extension 'dsv' for command environment
[0.543s] INFO:colcon.colcon_ros.task.ament_cmake.build:Building ROS package in '/home/berenic/Documents/LPRS2_2026/Robo_Hand_RS485/ROS2/robo_hand_ws/src/xarm_ros2/thirdparty/realsense_gazebo_plugin' with build type 'ament_cmake'
[0.543s] INFO:colcon.colcon_cmake.task.cmake.build:Building CMake package in '/home/berenic/Documents/LPRS2_2026/Robo_Hand_RS485/ROS2/robo_hand_ws/src/xarm_ros2/thirdparty/realsense_gazebo_plugin'
[0.544s] INFO:colcon.colcon_core.shell:Skip shell extension 'powershell' for command environment: Not usable outside of PowerShell
[0.544s] DEBUG:colcon.colcon_core.shell:Skip shell extension 'dsv' for command environment
[0.560s] DEBUG:colcon.colcon_core.event_handler.log_command:Invoking command in '/home/berenic/Documents/LPRS2_2026/Robo_Hand_RS485/ROS2/robo_hand_ws/build/xarm_description': CMAKE_PREFIX_PATH=${CMAKE_PREFIX_PATH}:/home/berenic/Documents/LPRS2_2026/Robo_Hand_RS485/ROS2/robo_hand_ws/install/uf_ros_lib:/opt/ros/jazzy DEBUGINFOD_URLS=https://debuginfod.ubuntu.com /usr/bin/cmake --build /home/berenic/Documents/LPRS2_2026/Robo_Hand_RS485/ROS2/robo_hand_ws/build/xarm_description -- -j12 -l12
[0.566s] DEBUG:colcon.colcon_core.event_handler.log_command:Invoking command in '/home/berenic/Documents/LPRS2_2026/Robo_Hand_RS485/ROS2/robo_hand_ws/build/xarm_msgs': CMAKE_PREFIX_PATH=${CMAKE_PREFIX_PATH}:/home/berenic/Documents/LPRS2_2026/Robo_Hand_RS485/ROS2/robo_hand_ws/install/uf_ros_lib:/opt/ros/jazzy DEBUGINFOD_URLS=https://debuginfod.ubuntu.com /usr/bin/cmake --build /home/berenic/Documents/LPRS2_2026/Robo_Hand_RS485/ROS2/robo_hand_ws/build/xarm_msgs -- -j12 -l12
[0.570s] DEBUG:colcon.colcon_core.event_handler.log_command:Invoking command in '/home/berenic/Documents/LPRS2_2026/Robo_Hand_RS485/ROS2/robo_hand_ws/build/xarm_sdk': CMAKE_PREFIX_PATH=${CMAKE_PREFIX_PATH}:/home/berenic/Documents/LPRS2_2026/Robo_Hand_RS485/ROS2/robo_hand_ws/install/uf_ros_lib:/opt/ros/jazzy DEBUGINFOD_URLS=https://debuginfod.ubuntu.com /usr/bin/cmake --build /home/berenic/Documents/LPRS2_2026/Robo_Hand_RS485/ROS2/robo_hand_ws/build/xarm_sdk -- -j12 -l12
[1.023s] INFO:colcon.colcon_core.task.python.build:Building Python package in '/home/berenic/Documents/LPRS2_2026/Robo_Hand_RS485/ROS2/robo_hand_ws/src/xarm_ros2/uf_ros_lib'
[1.023s] INFO:colcon.colcon_core.shell:Skip shell extension 'powershell' for command environment: Not usable outside of PowerShell
[1.023s] DEBUG:colcon.colcon_core.shell:Skip shell extension 'dsv' for command environment
[1.042s] DEBUG:colcon.colcon_core.event_handler.log_command:Invoked command in '/home/berenic/Documents/LPRS2_2026/Robo_Hand_RS485/ROS2/robo_hand_ws/build/xarm_description' returned '0': CMAKE_PREFIX_PATH=${CMAKE_PREFIX_PATH}:/home/berenic/Documents/LPRS2_2026/Robo_Hand_RS485/ROS2/robo_hand_ws/install/uf_ros_lib:/opt/ros/jazzy DEBUGINFOD_URLS=https://debuginfod.ubuntu.com /usr/bin/cmake --build /home/berenic/Documents/LPRS2_2026/Robo_Hand_RS485/ROS2/robo_hand_ws/build/xarm_description -- -j12 -l12
[1.062s] DEBUG:colcon.colcon_core.event_handler.log_command:Invoking command in '/home/berenic/Documents/LPRS2_2026/Robo_Hand_RS485/ROS2/robo_hand_ws/build/xarm_description': CMAKE_PREFIX_PATH=${CMAKE_PREFIX_PATH}:/home/berenic/Documents/LPRS2_2026/Robo_Hand_RS485/ROS2/robo_hand_ws/install/uf_ros_lib:/opt/ros/jazzy DEBUGINFOD_URLS=https://debuginfod.ubuntu.com /usr/bin/cmake --install /home/berenic/Documents/LPRS2_2026/Robo_Hand_RS485/ROS2/robo_hand_ws/build/xarm_description
[1.063s] DEBUG:colcon.colcon_core.event_handler.log_command:Invoked command in '/home/berenic/Documents/LPRS2_2026/Robo_Hand_RS485/ROS2/robo_hand_ws/build/xarm_sdk' returned '0': CMAKE_PREFIX_PATH=${CMAKE_PREFIX_PATH}:/home/berenic/Documents/LPRS2_2026/Robo_Hand_RS485/ROS2/robo_hand_ws/install/uf_ros_lib:/opt/ros/jazzy DEBUGINFOD_URLS=https://debuginfod.ubuntu.com /usr/bin/cmake --build /home/berenic/Documents/LPRS2_2026/Robo_Hand_RS485/ROS2/robo_hand_ws/build/xarm_sdk -- -j12 -l12
[1.065s] DEBUG:colcon.colcon_core.event_handler.log_command:Invoking command in '/home/berenic/Documents/LPRS2_2026/Robo_Hand_RS485/ROS2/robo_hand_ws/build/xarm_sdk': CMAKE_PREFIX_PATH=${CMAKE_PREFIX_PATH}:/home/berenic/Documents/LPRS2_2026/Robo_Hand_RS485/ROS2/robo_hand_ws/install/uf_ros_lib:/opt/ros/jazzy DEBUGINFOD_URLS=https://debuginfod.ubuntu.com /usr/bin/cmake --install /home/berenic/Documents/LPRS2_2026/Robo_Hand_RS485/ROS2/robo_hand_ws/build/xarm_sdk
[1.071s] DEBUG:colcon.colcon_core.event_handler.log_command:Invoking command in '/home/berenic/Documents/LPRS2_2026/Robo_Hand_RS485/ROS2/robo_hand_ws/build/realsense_gazebo_plugin': CMAKE_PREFIX_PATH=${CMAKE_PREFIX_PATH}:/home/berenic/Documents/LPRS2_2026/Robo_Hand_RS485/ROS2/robo_hand_ws/install/uf_ros_lib:/opt/ros/jazzy DEBUGINFOD_URLS=https://debuginfod.ubuntu.com /usr/bin/cmake --build /home/berenic/Documents/LPRS2_2026/Robo_Hand_RS485/ROS2/robo_hand_ws/build/realsense_gazebo_plugin -- -j12 -l12
[1.132s] Level 1:colcon.colcon_core.environment:create_environment_scripts_only(xarm_sdk)
[1.134s] DEBUG:colcon.colcon_core.event_handler.log_command:Invoked command in '/home/berenic/Documents/LPRS2_2026/Robo_Hand_RS485/ROS2/robo_hand_ws/build/xarm_sdk' returned '0': CMAKE_PREFIX_PATH=${CMAKE_PREFIX_PATH}:/home/berenic/Documents/LPRS2_2026/Robo_Hand_RS485/ROS2/robo_hand_ws/install/uf_ros_lib:/opt/ros/jazzy DEBUGINFOD_URLS=https://debuginfod.ubuntu.com /usr/bin/cmake --install /home/berenic/Documents/LPRS2_2026/Robo_Hand_RS485/ROS2/robo_hand_ws/build/xarm_sdk
[1.206s] Level 1:colcon.colcon_core.environment:checking '/home/berenic/Documents/LPRS2_2026/Robo_Hand_RS485/ROS2/robo_hand_ws/install/xarm_sdk' for CMake module files
[1.209s] Level 1:colcon.colcon_core.environment:checking '/home/berenic/Documents/LPRS2_2026/Robo_Hand_RS485/ROS2/robo_hand_ws/install/xarm_sdk' for CMake config files
[1.210s] Level 1:colcon.colcon_core.shell:create_environment_hook('xarm_sdk', 'cmake_prefix_path')
[1.210s] INFO:colcon.colcon_core.shell:Creating environment hook '/home/berenic/Documents/LPRS2_2026/Robo_Hand_RS485/ROS2/robo_hand_ws/install/xarm_sdk/share/xarm_sdk/hook/cmake_prefix_path.ps1'
[1.212s] INFO:colcon.colcon_core.shell:Creating environment descriptor '/home/berenic/Documents/LPRS2_2026/Robo_Hand_RS485/ROS2/robo_hand_ws/install/xarm_sdk/share/xarm_sdk/hook/cmake_prefix_path.dsv'
[1.213s] INFO:colcon.colcon_core.shell:Creating environment hook '/home/berenic/Documents/LPRS2_2026/Robo_Hand_RS485/ROS2/robo_hand_ws/install/xarm_sdk/share/xarm_sdk/hook/cmake_prefix_path.sh'
[1.215s] Level 1:colcon.colcon_core.environment:checking '/home/berenic/Documents/LPRS2_2026/Robo_Hand_RS485/ROS2/robo_hand_ws/install/xarm_sdk/lib'
[1.215s] Level 1:colcon.colcon_core.shell:create_environment_hook('xarm_sdk', 'ld_library_path_lib')
[1.216s] INFO:colcon.colcon_core.shell:Creating environment hook '/home/berenic/Documents/LPRS2_2026/Robo_Hand_RS485/ROS2/robo_hand_ws/install/xarm_sdk/share/xarm_sdk/hook/ld_library_path_lib.ps1'
[1.217s] INFO:colcon.colcon_core.shell:Creating environment descriptor '/home/berenic/Documents/LPRS2_2026/Robo_Hand_RS485/ROS2/robo_hand_ws/install/xarm_sdk/share/xarm_sdk/hook/ld_library_path_lib.dsv'
[1.217s] INFO:colcon.colcon_core.shell:Creating environment hook '/home/berenic/Documents/LPRS2_2026/Robo_Hand_RS485/ROS2/robo_hand_ws/install/xarm_sdk/share/xarm_sdk/hook/ld_library_path_lib.sh'
[1.218s] Level 1:colcon.colcon_core.environment:checking '/home/berenic/Documents/LPRS2_2026/Robo_Hand_RS485/ROS2/robo_hand_ws/install/xarm_sdk/bin'
[1.218s] Level 1:colcon.colcon_core.environment:checking '/home/berenic/Documents/LPRS2_2026/Robo_Hand_RS485/ROS2/robo_hand_ws/install/xarm_sdk/lib/pkgconfig/xarm_sdk.pc'
[1.219s] Level 1:colcon.colcon_core.environment:checking '/home/berenic/Documents/LPRS2_2026/Robo_Hand_RS485/ROS2/robo_hand_ws/install/xarm_sdk/lib/python3.12/site-packages'
[1.220s] Level 1:colcon.colcon_core.environment:checking '/home/berenic/Documents/LPRS2_2026/Robo_Hand_RS485/ROS2/robo_hand_ws/install/xarm_sdk/bin'
[1.220s] INFO:colcon.colcon_core.shell:Creating package script '/home/berenic/Documents/LPRS2_2026/Robo_Hand_RS485/ROS2/robo_hand_ws/install/xarm_sdk/share/xarm_sdk/package.ps1'
[1.222s] INFO:colcon.colcon_core.shell:Creating package descriptor '/home/berenic/Documents/LPRS2_2026/Robo_Hand_RS485/ROS2/robo_hand_ws/install/xarm_sdk/share/xarm_sdk/package.dsv'
[1.223s] INFO:colcon.colcon_core.shell:Creating package script '/home/berenic/Documents/LPRS2_2026/Robo_Hand_RS485/ROS2/robo_hand_ws/install/xarm_sdk/share/xarm_sdk/package.sh'
[1.225s] INFO:colcon.colcon_core.shell:Creating package script '/home/berenic/Documents/LPRS2_2026/Robo_Hand_RS485/ROS2/robo_hand_ws/install/xarm_sdk/share/xarm_sdk/package.bash'
[1.226s] INFO:colcon.colcon_core.shell:Creating package script '/home/berenic/Documents/LPRS2_2026/Robo_Hand_RS485/ROS2/robo_hand_ws/install/xarm_sdk/share/xarm_sdk/package.zsh'
[1.227s] Level 1:colcon.colcon_core.environment:create_file_with_runtime_dependencies(/home/berenic/Documents/LPRS2_2026/Robo_Hand_RS485/ROS2/robo_hand_ws/install/xarm_sdk/share/colcon-core/packages/xarm_sdk)
[1.229s] Level 1:colcon.colcon_core.environment:create_environment_scripts_only(xarm_sdk)
[1.229s] Level 1:colcon.colcon_core.environment:checking '/home/berenic/Documents/LPRS2_2026/Robo_Hand_RS485/ROS2/robo_hand_ws/install/xarm_sdk' for CMake module files
[1.231s] Level 1:colcon.colcon_core.environment:checking '/home/berenic/Documents/LPRS2_2026/Robo_Hand_RS485/ROS2/robo_hand_ws/install/xarm_sdk' for CMake config files
[1.231s] Level 1:colcon.colcon_core.shell:create_environment_hook('xarm_sdk', 'cmake_prefix_path')
[1.232s] INFO:colcon.colcon_core.shell:Creating environment hook '/home/berenic/Documents/LPRS2_2026/Robo_Hand_RS485/ROS2/robo_hand_ws/install/xarm_sdk/share/xarm_sdk/hook/cmake_prefix_path.ps1'
[1.233s] INFO:colcon.colcon_core.shell:Creating environment descriptor '/home/berenic/Documents/LPRS2_2026/Robo_Hand_RS485/ROS2/robo_hand_ws/install/xarm_sdk/share/xarm_sdk/hook/cmake_prefix_path.dsv'
[1.234s] INFO:colcon.colcon_core.shell:Creating environment hook '/home/berenic/Documents/LPRS2_2026/Robo_Hand_RS485/ROS2/robo_hand_ws/install/xarm_sdk/share/xarm_sdk/hook/cmake_prefix_path.sh'
[1.235s] Level 1:colcon.colcon_core.environment:checking '/home/berenic/Documents/LPRS2_2026/Robo_Hand_RS485/ROS2/robo_hand_ws/install/xarm_sdk/lib'
[1.235s] Level 1:colcon.colcon_core.shell:create_environment_hook('xarm_sdk', 'ld_library_path_lib')
[1.235s] INFO:colcon.colcon_core.shell:Creating environment hook '/home/berenic/Documents/LPRS2_2026/Robo_Hand_RS485/ROS2/robo_hand_ws/install/xarm_sdk/share/xarm_sdk/hook/ld_library_path_lib.ps1'
[1.236s] INFO:colcon.colcon_core.shell:Creating environment descriptor '/home/berenic/Documents/LPRS2_2026/Robo_Hand_RS485/ROS2/robo_hand_ws/install/xarm_sdk/share/xarm_sdk/hook/ld_library_path_lib.dsv'
[1.236s] INFO:colcon.colcon_core.shell:Creating environment hook '/home/berenic/Documents/LPRS2_2026/Robo_Hand_RS485/ROS2/robo_hand_ws/install/xarm_sdk/share/xarm_sdk/hook/ld_library_path_lib.sh'
[1.237s] Level 1:colcon.colcon_core.environment:checking '/home/berenic/Documents/LPRS2_2026/Robo_Hand_RS485/ROS2/robo_hand_ws/install/xarm_sdk/bin'
[1.237s] Level 1:colcon.colcon_core.environment:checking '/home/berenic/Documents/LPRS2_2026/Robo_Hand_RS485/ROS2/robo_hand_ws/install/xarm_sdk/lib/pkgconfig/xarm_sdk.pc'
[1.237s] Level 1:colcon.colcon_core.environment:checking '/home/berenic/Documents/LPRS2_2026/Robo_Hand_RS485/ROS2/robo_hand_ws/install/xarm_sdk/lib/python3.12/site-packages'
[1.238s] Level 1:colcon.colcon_core.environment:checking '/home/berenic/Documents/LPRS2_2026/Robo_Hand_RS485/ROS2/robo_hand_ws/install/xarm_sdk/bin'
[1.238s] INFO:colcon.colcon_core.shell:Creating package script '/home/berenic/Documents/LPRS2_2026/Robo_Hand_RS485/ROS2/robo_hand_ws/install/xarm_sdk/share/xarm_sdk/package.ps1'
[1.239s] INFO:colcon.colcon_core.shell:Creating package descriptor '/home/berenic/Documents/LPRS2_2026/Robo_Hand_RS485/ROS2/robo_hand_ws/install/xarm_sdk/share/xarm_sdk/package.dsv'
[1.241s] INFO:colcon.colcon_core.shell:Creating package script '/home/berenic/Documents/LPRS2_2026/Robo_Hand_RS485/ROS2/robo_hand_ws/install/xarm_sdk/share/xarm_sdk/package.sh'
[1.242s] INFO:colcon.colcon_core.shell:Creating package script '/home/berenic/Documents/LPRS2_2026/Robo_Hand_RS485/ROS2/robo_hand_ws/install/xarm_sdk/share/xarm_sdk/package.bash'
[1.242s] INFO:colcon.colcon_core.shell:Creating package script '/home/berenic/Documents/LPRS2_2026/Robo_Hand_RS485/ROS2/robo_hand_ws/install/xarm_sdk/share/xarm_sdk/package.zsh'
[1.243s] Level 1:colcon.colcon_core.environment:create_file_with_runtime_dependencies(/home/berenic/Documents/LPRS2_2026/Robo_Hand_RS485/ROS2/robo_hand_ws/install/xarm_sdk/share/colcon-core/packages/xarm_sdk)
[1.247s] DEBUG:colcon.colcon_core.event_handler.log_command:Invoked command in '/home/berenic/Documents/LPRS2_2026/Robo_Hand_RS485/ROS2/robo_hand_ws/build/realsense_gazebo_plugin' returned '0': CMAKE_PREFIX_PATH=${CMAKE_PREFIX_PATH}:/home/berenic/Documents/LPRS2_2026/Robo_Hand_RS485/ROS2/robo_hand_ws/install/uf_ros_lib:/opt/ros/jazzy DEBUGINFOD_URLS=https://debuginfod.ubuntu.com /usr/bin/cmake --build /home/berenic/Documents/LPRS2_2026/Robo_Hand_RS485/ROS2/robo_hand_ws/build/realsense_gazebo_plugin -- -j12 -l12
[1.249s] DEBUG:colcon.colcon_core.event_handler.log_command:Invoking command in '/home/berenic/Documents/LPRS2_2026/Robo_Hand_RS485/ROS2/robo_hand_ws/build/realsense_gazebo_plugin': CMAKE_PREFIX_PATH=${CMAKE_PREFIX_PATH}:/home/berenic/Documents/LPRS2_2026/Robo_Hand_RS485/ROS2/robo_hand_ws/install/uf_ros_lib:/opt/ros/jazzy DEBUGINFOD_URLS=https://debuginfod.ubuntu.com /usr/bin/cmake --install /home/berenic/Documents/LPRS2_2026/Robo_Hand_RS485/ROS2/robo_hand_ws/build/realsense_gazebo_plugin
[1.251s] Level 1:colcon.colcon_core.environment:create_environment_scripts_only(xarm_description)
[1.252s] Level 1:colcon.colcon_core.environment:checking '/home/berenic/Documents/LPRS2_2026/Robo_Hand_RS485/ROS2/robo_hand_ws/install/xarm_description' for CMake module files
[1.254s] DEBUG:colcon.colcon_core.event_handler.log_command:Invoked command in '/home/berenic/Documents/LPRS2_2026/Robo_Hand_RS485/ROS2/robo_hand_ws/build/xarm_description' returned '0': CMAKE_PREFIX_PATH=${CMAKE_PREFIX_PATH}:/home/berenic/Documents/LPRS2_2026/Robo_Hand_RS485/ROS2/robo_hand_ws/install/uf_ros_lib:/opt/ros/jazzy DEBUGINFOD_URLS=https://debuginfod.ubuntu.com /usr/bin/cmake --install /home/berenic/Documents/LPRS2_2026/Robo_Hand_RS485/ROS2/robo_hand_ws/build/xarm_description
[1.255s] Level 1:colcon.colcon_core.environment:checking '/home/berenic/Documents/LPRS2_2026/Robo_Hand_RS485/ROS2/robo_hand_ws/install/xarm_description' for CMake config files
[1.256s] Level 1:colcon.colcon_core.shell:create_environment_hook('xarm_description', 'cmake_prefix_path')
[1.257s] INFO:colcon.colcon_core.shell:Creating environment hook '/home/berenic/Documents/LPRS2_2026/Robo_Hand_RS485/ROS2/robo_hand_ws/install/xarm_description/share/xarm_description/hook/cmake_prefix_path.ps1'
[1.258s] INFO:colcon.colcon_core.shell:Creating environment descriptor '/home/berenic/Documents/LPRS2_2026/Robo_Hand_RS485/ROS2/robo_hand_ws/install/xarm_description/share/xarm_description/hook/cmake_prefix_path.dsv'
[1.258s] INFO:colcon.colcon_core.shell:Creating environment hook '/home/berenic/Documents/LPRS2_2026/Robo_Hand_RS485/ROS2/robo_hand_ws/install/xarm_description/share/xarm_description/hook/cmake_prefix_path.sh'
[1.259s] Level 1:colcon.colcon_core.environment:checking '/home/berenic/Documents/LPRS2_2026/Robo_Hand_RS485/ROS2/robo_hand_ws/install/xarm_description/bin'
[1.260s] Level 1:colcon.colcon_core.environment:checking '/home/berenic/Documents/LPRS2_2026/Robo_Hand_RS485/ROS2/robo_hand_ws/install/xarm_description/lib/pkgconfig/xarm_description.pc'
[1.260s] Level 1:colcon.colcon_core.environment:checking '/home/berenic/Documents/LPRS2_2026/Robo_Hand_RS485/ROS2/robo_hand_ws/install/xarm_description/lib/python3.12/site-packages'
[1.261s] Level 1:colcon.colcon_core.environment:checking '/home/berenic/Documents/LPRS2_2026/Robo_Hand_RS485/ROS2/robo_hand_ws/install/xarm_description/bin'
[1.262s] INFO:colcon.colcon_core.shell:Creating package script '/home/berenic/Documents/LPRS2_2026/Robo_Hand_RS485/ROS2/robo_hand_ws/install/xarm_description/share/xarm_description/package.ps1'
[1.263s] INFO:colcon.colcon_core.shell:Creating package descriptor '/home/berenic/Documents/LPRS2_2026/Robo_Hand_RS485/ROS2/robo_hand_ws/install/xarm_description/share/xarm_description/package.dsv'
[1.264s] INFO:colcon.colcon_core.shell:Creating package script '/home/berenic/Documents/LPRS2_2026/Robo_Hand_RS485/ROS2/robo_hand_ws/install/xarm_description/share/xarm_description/package.sh'
[1.265s] INFO:colcon.colcon_core.shell:Creating package script '/home/berenic/Documents/LPRS2_2026/Robo_Hand_RS485/ROS2/robo_hand_ws/install/xarm_description/share/xarm_description/package.bash'
[1.266s] INFO:colcon.colcon_core.shell:Creating package script '/home/berenic/Documents/LPRS2_2026/Robo_Hand_RS485/ROS2/robo_hand_ws/install/xarm_description/share/xarm_description/package.zsh'
[1.266s] Level 1:colcon.colcon_core.environment:create_file_with_runtime_dependencies(/home/berenic/Documents/LPRS2_2026/Robo_Hand_RS485/ROS2/robo_hand_ws/install/xarm_description/share/colcon-core/packages/xarm_description)
[1.268s] Level 1:colcon.colcon_core.environment:create_environment_scripts_only(xarm_description)
[1.268s] Level 1:colcon.colcon_core.environment:checking '/home/berenic/Documents/LPRS2_2026/Robo_Hand_RS485/ROS2/robo_hand_ws/install/xarm_description' for CMake module files
[1.269s] Level 1:colcon.colcon_core.environment:checking '/home/berenic/Documents/LPRS2_2026/Robo_Hand_RS485/ROS2/robo_hand_ws/install/xarm_description' for CMake config files
[1.270s] Level 1:colcon.colcon_core.shell:create_environment_hook('xarm_description', 'cmake_prefix_path')
[1.270s] INFO:colcon.colcon_core.shell:Creating environment hook '/home/berenic/Documents/LPRS2_2026/Robo_Hand_RS485/ROS2/robo_hand_ws/install/xarm_description/share/xarm_description/hook/cmake_prefix_path.ps1'
[1.271s] INFO:colcon.colcon_core.shell:Creating environment descriptor '/home/berenic/Documents/LPRS2_2026/Robo_Hand_RS485/ROS2/robo_hand_ws/install/xarm_description/share/xarm_description/hook/cmake_prefix_path.dsv'
[1.274s] INFO:colcon.colcon_core.shell:Creating environment hook '/home/berenic/Documents/LPRS2_2026/Robo_Hand_RS485/ROS2/robo_hand_ws/install/xarm_description/share/xarm_description/hook/cmake_prefix_path.sh'
[1.279s] Level 1:colcon.colcon_core.environment:checking '/home/berenic/Documents/LPRS2_2026/Robo_Hand_RS485/ROS2/robo_hand_ws/install/xarm_description/bin'
[1.281s] Level 1:colcon.colcon_core.environment:checking '/home/berenic/Documents/LPRS2_2026/Robo_Hand_RS485/ROS2/robo_hand_ws/install/xarm_description/lib/pkgconfig/xarm_description.pc'
[1.281s] Level 1:colcon.colcon_core.environment:checking '/home/berenic/Documents/LPRS2_2026/Robo_Hand_RS485/ROS2/robo_hand_ws/install/xarm_description/lib/python3.12/site-packages'
[1.282s] Level 1:colcon.colcon_core.environment:checking '/home/berenic/Documents/LPRS2_2026/Robo_Hand_RS485/ROS2/robo_hand_ws/install/xarm_description/bin'
[1.283s] INFO:colcon.colcon_core.shell:Creating package script '/home/berenic/Documents/LPRS2_2026/Robo_Hand_RS485/ROS2/robo_hand_ws/install/xarm_description/share/xarm_description/package.ps1'
[1.284s] INFO:colcon.colcon_core.shell:Creating package descriptor '/home/berenic/Documents/LPRS2_2026/Robo_Hand_RS485/ROS2/robo_hand_ws/install/xarm_description/share/xarm_description/package.dsv'
[1.285s] INFO:colcon.colcon_core.shell:Creating package script '/home/berenic/Documents/LPRS2_2026/Robo_Hand_RS485/ROS2/robo_hand_ws/install/xarm_description/share/xarm_description/package.sh'
[1.286s] INFO:colcon.colcon_core.shell:Creating package script '/home/berenic/Documents/LPRS2_2026/Robo_Hand_RS485/ROS2/robo_hand_ws/install/xarm_description/share/xarm_description/package.bash'
[1.287s] INFO:colcon.colcon_core.shell:Creating package script '/home/berenic/Documents/LPRS2_2026/Robo_Hand_RS485/ROS2/robo_hand_ws/install/xarm_description/share/xarm_description/package.zsh'
[1.288s] Level 1:colcon.colcon_core.environment:create_file_with_runtime_dependencies(/home/berenic/Documents/LPRS2_2026/Robo_Hand_RS485/ROS2/robo_hand_ws/install/xarm_description/share/colcon-core/packages/xarm_description)
[1.309s] Level 1:colcon.colcon_core.environment:create_environment_scripts_only(realsense_gazebo_plugin)
[1.310s] Level 1:colcon.colcon_core.environment:checking '/home/berenic/Documents/LPRS2_2026/Robo_Hand_RS485/ROS2/robo_hand_ws/install/realsense_gazebo_plugin' for CMake module files
[1.310s] DEBUG:colcon.colcon_core.event_handler.log_command:Invoked command in '/home/berenic/Documents/LPRS2_2026/Robo_Hand_RS485/ROS2/robo_hand_ws/build/realsense_gazebo_plugin' returned '0': CMAKE_PREFIX_PATH=${CMAKE_PREFIX_PATH}:/home/berenic/Documents/LPRS2_2026/Robo_Hand_RS485/ROS2/robo_hand_ws/install/uf_ros_lib:/opt/ros/jazzy DEBUGINFOD_URLS=https://debuginfod.ubuntu.com /usr/bin/cmake --install /home/berenic/Documents/LPRS2_2026/Robo_Hand_RS485/ROS2/robo_hand_ws/build/realsense_gazebo_plugin
[1.311s] Level 1:colcon.colcon_core.environment:checking '/home/berenic/Documents/LPRS2_2026/Robo_Hand_RS485/ROS2/robo_hand_ws/install/realsense_gazebo_plugin' for CMake config files
[1.312s] Level 1:colcon.colcon_core.shell:create_environment_hook('realsense_gazebo_plugin', 'cmake_prefix_path')
[1.312s] INFO:colcon.colcon_core.shell:Creating environment hook '/home/berenic/Documents/LPRS2_2026/Robo_Hand_RS485/ROS2/robo_hand_ws/install/realsense_gazebo_plugin/share/realsense_gazebo_plugin/hook/cmake_prefix_path.ps1'
[1.313s] INFO:colcon.colcon_core.shell:Creating environment descriptor '/home/berenic/Documents/LPRS2_2026/Robo_Hand_RS485/ROS2/robo_hand_ws/install/realsense_gazebo_plugin/share/realsense_gazebo_plugin/hook/cmake_prefix_path.dsv'
[1.314s] INFO:colcon.colcon_core.shell:Creating environment hook '/home/berenic/Documents/LPRS2_2026/Robo_Hand_RS485/ROS2/robo_hand_ws/install/realsense_gazebo_plugin/share/realsense_gazebo_plugin/hook/cmake_prefix_path.sh'
[1.315s] Level 1:colcon.colcon_core.environment:checking '/home/berenic/Documents/LPRS2_2026/Robo_Hand_RS485/ROS2/robo_hand_ws/install/realsense_gazebo_plugin/bin'
[1.315s] Level 1:colcon.colcon_core.environment:checking '/home/berenic/Documents/LPRS2_2026/Robo_Hand_RS485/ROS2/robo_hand_ws/install/realsense_gazebo_plugin/lib/pkgconfig/realsense_gazebo_plugin.pc'
[1.315s] Level 1:colcon.colcon_core.environment:checking '/home/berenic/Documents/LPRS2_2026/Robo_Hand_RS485/ROS2/robo_hand_ws/install/realsense_gazebo_plugin/lib/python3.12/site-packages'
[1.316s] Level 1:colcon.colcon_core.environment:checking '/home/berenic/Documents/LPRS2_2026/Robo_Hand_RS485/ROS2/robo_hand_ws/install/realsense_gazebo_plugin/bin'
[1.316s] INFO:colcon.colcon_core.shell:Creating package script '/home/berenic/Documents/LPRS2_2026/Robo_Hand_RS485/ROS2/robo_hand_ws/install/realsense_gazebo_plugin/share/realsense_gazebo_plugin/package.ps1'
[1.317s] INFO:colcon.colcon_core.shell:Creating package descriptor '/home/berenic/Documents/LPRS2_2026/Robo_Hand_RS485/ROS2/robo_hand_ws/install/realsense_gazebo_plugin/share/realsense_gazebo_plugin/package.dsv'
[1.318s] INFO:colcon.colcon_core.shell:Creating package script '/home/berenic/Documents/LPRS2_2026/Robo_Hand_RS485/ROS2/robo_hand_ws/install/realsense_gazebo_plugin/share/realsense_gazebo_plugin/package.sh'
[1.319s] INFO:colcon.colcon_core.shell:Creating package script '/home/berenic/Documents/LPRS2_2026/Robo_Hand_RS485/ROS2/robo_hand_ws/install/realsense_gazebo_plugin/share/realsense_gazebo_plugin/package.bash'
[1.320s] INFO:colcon.colcon_core.shell:Creating package script '/home/berenic/Documents/LPRS2_2026/Robo_Hand_RS485/ROS2/robo_hand_ws/install/realsense_gazebo_plugin/share/realsense_gazebo_plugin/package.zsh'
[1.320s] Level 1:colcon.colcon_core.environment:create_file_with_runtime_dependencies(/home/berenic/Documents/LPRS2_2026/Robo_Hand_RS485/ROS2/robo_hand_ws/install/realsense_gazebo_plugin/share/colcon-core/packages/realsense_gazebo_plugin)
[1.322s] Level 1:colcon.colcon_core.environment:create_environment_scripts_only(realsense_gazebo_plugin)
[1.322s] Level 1:colcon.colcon_core.environment:checking '/home/berenic/Documents/LPRS2_2026/Robo_Hand_RS485/ROS2/robo_hand_ws/install/realsense_gazebo_plugin' for CMake module files
[1.323s] Level 1:colcon.colcon_core.environment:checking '/home/berenic/Documents/LPRS2_2026/Robo_Hand_RS485/ROS2/robo_hand_ws/install/realsense_gazebo_plugin' for CMake config files
[1.324s] Level 1:colcon.colcon_core.shell:create_environment_hook('realsense_gazebo_plugin', 'cmake_prefix_path')
[1.324s] INFO:colcon.colcon_core.shell:Creating environment hook '/home/berenic/Documents/LPRS2_2026/Robo_Hand_RS485/ROS2/robo_hand_ws/install/realsense_gazebo_plugin/share/realsense_gazebo_plugin/hook/cmake_prefix_path.ps1'
[1.325s] INFO:colcon.colcon_core.shell:Creating environment descriptor '/home/berenic/Documents/LPRS2_2026/Robo_Hand_RS485/ROS2/robo_hand_ws/install/realsense_gazebo_plugin/share/realsense_gazebo_plugin/hook/cmake_prefix_path.dsv'
[1.326s] INFO:colcon.colcon_core.shell:Creating environment hook '/home/berenic/Documents/LPRS2_2026/Robo_Hand_RS485/ROS2/robo_hand_ws/install/realsense_gazebo_plugin/share/realsense_gazebo_plugin/hook/cmake_prefix_path.sh'
[1.327s] Level 1:colcon.colcon_core.environment:checking '/home/berenic/Documents/LPRS2_2026/Robo_Hand_RS485/ROS2/robo_hand_ws/install/realsense_gazebo_plugin/bin'
[1.327s] Level 1:colcon.colcon_core.environment:checking '/home/berenic/Documents/LPRS2_2026/Robo_Hand_RS485/ROS2/robo_hand_ws/install/realsense_gazebo_plugin/lib/pkgconfig/realsense_gazebo_plugin.pc'
[1.327s] Level 1:colcon.colcon_core.environment:checking '/home/berenic/Documents/LPRS2_2026/Robo_Hand_RS485/ROS2/robo_hand_ws/install/realsense_gazebo_plugin/lib/python3.12/site-packages'
[1.328s] Level 1:colcon.colcon_core.environment:checking '/home/berenic/Documents/LPRS2_2026/Robo_Hand_RS485/ROS2/robo_hand_ws/install/realsense_gazebo_plugin/bin'
[1.328s] INFO:colcon.colcon_core.shell:Creating package script '/home/berenic/Documents/LPRS2_2026/Robo_Hand_RS485/ROS2/robo_hand_ws/install/realsense_gazebo_plugin/share/realsense_gazebo_plugin/package.ps1'
[1.329s] INFO:colcon.colcon_core.shell:Creating package descriptor '/home/berenic/Documents/LPRS2_2026/Robo_Hand_RS485/ROS2/robo_hand_ws/install/realsense_gazebo_plugin/share/realsense_gazebo_plugin/package.dsv'
[1.330s] INFO:colcon.colcon_core.shell:Creating package script '/home/berenic/Documents/LPRS2_2026/Robo_Hand_RS485/ROS2/robo_hand_ws/install/realsense_gazebo_plugin/share/realsense_gazebo_plugin/package.sh'
[1.331s] INFO:colcon.colcon_core.shell:Creating package script '/home/berenic/Documents/LPRS2_2026/Robo_Hand_RS485/ROS2/robo_hand_ws/install/realsense_gazebo_plugin/share/realsense_gazebo_plugin/package.bash'
[1.332s] INFO:colcon.colcon_core.shell:Creating package script '/home/berenic/Documents/LPRS2_2026/Robo_Hand_RS485/ROS2/robo_hand_ws/install/realsense_gazebo_plugin/share/realsense_gazebo_plugin/package.zsh'
[1.332s] Level 1:colcon.colcon_core.environment:create_file_with_runtime_dependencies(/home/berenic/Documents/LPRS2_2026/Robo_Hand_RS485/ROS2/robo_hand_ws/install/realsense_gazebo_plugin/share/colcon-core/packages/realsense_gazebo_plugin)
[1.535s] DEBUG:colcon.colcon_core.event_handler.log_command:Invoked command in '/home/berenic/Documents/LPRS2_2026/Robo_Hand_RS485/ROS2/robo_hand_ws/build/xarm_msgs' returned '0': CMAKE_PREFIX_PATH=${CMAKE_PREFIX_PATH}:/home/berenic/Documents/LPRS2_2026/Robo_Hand_RS485/ROS2/robo_hand_ws/install/uf_ros_lib:/opt/ros/jazzy DEBUGINFOD_URLS=https://debuginfod.ubuntu.com /usr/bin/cmake --build /home/berenic/Documents/LPRS2_2026/Robo_Hand_RS485/ROS2/robo_hand_ws/build/xarm_msgs -- -j12 -l12
[1.537s] DEBUG:colcon.colcon_core.event_handler.log_command:Invoking command in '/home/berenic/Documents/LPRS2_2026/Robo_Hand_RS485/ROS2/robo_hand_ws/build/xarm_msgs': CMAKE_PREFIX_PATH=${CMAKE_PREFIX_PATH}:/home/berenic/Documents/LPRS2_2026/Robo_Hand_RS485/ROS2/robo_hand_ws/install/uf_ros_lib:/opt/ros/jazzy DEBUGINFOD_URLS=https://debuginfod.ubuntu.com /usr/bin/cmake --install /home/berenic/Documents/LPRS2_2026/Robo_Hand_RS485/ROS2/robo_hand_ws/build/xarm_msgs
[1.979s] Level 1:colcon.colcon_core.environment:create_environment_scripts_only(xarm_msgs)
[1.979s] Level 1:colcon.colcon_core.environment:checking '/home/berenic/Documents/LPRS2_2026/Robo_Hand_RS485/ROS2/robo_hand_ws/install/xarm_msgs' for CMake module files
[1.980s] DEBUG:colcon.colcon_core.event_handler.log_command:Invoked command in '/home/berenic/Documents/LPRS2_2026/Robo_Hand_RS485/ROS2/robo_hand_ws/build/xarm_msgs' returned '0': CMAKE_PREFIX_PATH=${CMAKE_PREFIX_PATH}:/home/berenic/Documents/LPRS2_2026/Robo_Hand_RS485/ROS2/robo_hand_ws/install/uf_ros_lib:/opt/ros/jazzy DEBUGINFOD_URLS=https://debuginfod.ubuntu.com /usr/bin/cmake --install /home/berenic/Documents/LPRS2_2026/Robo_Hand_RS485/ROS2/robo_hand_ws/build/xarm_msgs
[1.981s] Level 1:colcon.colcon_core.environment:checking '/home/berenic/Documents/LPRS2_2026/Robo_Hand_RS485/ROS2/robo_hand_ws/install/xarm_msgs' for CMake config files
[1.982s] Level 1:colcon.colcon_core.shell:create_environment_hook('xarm_msgs', 'cmake_prefix_path')
[1.982s] INFO:colcon.colcon_core.shell:Creating environment hook '/home/berenic/Documents/LPRS2_2026/Robo_Hand_RS485/ROS2/robo_hand_ws/install/xarm_msgs/share/xarm_msgs/hook/cmake_prefix_path.ps1'
[1.983s] INFO:colcon.colcon_core.shell:Creating environment descriptor '/home/berenic/Documents/LPRS2_2026/Robo_Hand_RS485/ROS2/robo_hand_ws/install/xarm_msgs/share/xarm_msgs/hook/cmake_prefix_path.dsv'
[1.984s] INFO:colcon.colcon_core.shell:Creating environment hook '/home/berenic/Documents/LPRS2_2026/Robo_Hand_RS485/ROS2/robo_hand_ws/install/xarm_msgs/share/xarm_msgs/hook/cmake_prefix_path.sh'
[1.985s] Level 1:colcon.colcon_core.environment:checking '/home/berenic/Documents/LPRS2_2026/Robo_Hand_RS485/ROS2/robo_hand_ws/install/xarm_msgs/lib'
[1.985s] Level 1:colcon.colcon_core.shell:create_environment_hook('xarm_msgs', 'ld_library_path_lib')
[1.985s] INFO:colcon.colcon_core.shell:Creating environment hook '/home/berenic/Documents/LPRS2_2026/Robo_Hand_RS485/ROS2/robo_hand_ws/install/xarm_msgs/share/xarm_msgs/hook/ld_library_path_lib.ps1'
[1.986s] INFO:colcon.colcon_core.shell:Creating environment descriptor '/home/berenic/Documents/LPRS2_2026/Robo_Hand_RS485/ROS2/robo_hand_ws/install/xarm_msgs/share/xarm_msgs/hook/ld_library_path_lib.dsv'
[1.986s] INFO:colcon.colcon_core.shell:Creating environment hook '/home/berenic/Documents/LPRS2_2026/Robo_Hand_RS485/ROS2/robo_hand_ws/install/xarm_msgs/share/xarm_msgs/hook/ld_library_path_lib.sh'
[1.987s] Level 1:colcon.colcon_core.environment:checking '/home/berenic/Documents/LPRS2_2026/Robo_Hand_RS485/ROS2/robo_hand_ws/install/xarm_msgs/bin'
[1.987s] Level 1:colcon.colcon_core.environment:checking '/home/berenic/Documents/LPRS2_2026/Robo_Hand_RS485/ROS2/robo_hand_ws/install/xarm_msgs/lib/pkgconfig/xarm_msgs.pc'
[1.987s] Level 1:colcon.colcon_core.environment:checking '/home/berenic/Documents/LPRS2_2026/Robo_Hand_RS485/ROS2/robo_hand_ws/install/xarm_msgs/lib/python3.12/site-packages'
[1.988s] Level 1:colcon.colcon_core.shell:create_environment_hook('xarm_msgs', 'pythonpath')
[1.988s] INFO:colcon.colcon_core.shell:Creating environment hook '/home/berenic/Documents/LPRS2_2026/Robo_Hand_RS485/ROS2/robo_hand_ws/install/xarm_msgs/share/xarm_msgs/hook/pythonpath.ps1'
[1.989s] INFO:colcon.colcon_core.shell:Creating environment descriptor '/home/berenic/Documents/LPRS2_2026/Robo_Hand_RS485/ROS2/robo_hand_ws/install/xarm_msgs/share/xarm_msgs/hook/pythonpath.dsv'
[1.989s] INFO:colcon.colcon_core.shell:Creating environment hook '/home/berenic/Documents/LPRS2_2026/Robo_Hand_RS485/ROS2/robo_hand_ws/install/xarm_msgs/share/xarm_msgs/hook/pythonpath.sh'
[1.990s] Level 1:colcon.colcon_core.environment:checking '/home/berenic/Documents/LPRS2_2026/Robo_Hand_RS485/ROS2/robo_hand_ws/install/xarm_msgs/bin'
[1.991s] INFO:colcon.colcon_core.shell:Creating package script '/home/berenic/Documents/LPRS2_2026/Robo_Hand_RS485/ROS2/robo_hand_ws/install/xarm_msgs/share/xarm_msgs/package.ps1'
[1.991s] INFO:colcon.colcon_core.shell:Creating package descriptor '/home/berenic/Documents/LPRS2_2026/Robo_Hand_RS485/ROS2/robo_hand_ws/install/xarm_msgs/share/xarm_msgs/package.dsv'
[1.992s] INFO:colcon.colcon_core.shell:Creating package script '/home/berenic/Documents/LPRS2_2026/Robo_Hand_RS485/ROS2/robo_hand_ws/install/xarm_msgs/share/xarm_msgs/package.sh'
[1.993s] INFO:colcon.colcon_core.shell:Creating package script '/home/berenic/Documents/LPRS2_2026/Robo_Hand_RS485/ROS2/robo_hand_ws/install/xarm_msgs/share/xarm_msgs/package.bash'
[1.994s] INFO:colcon.colcon_core.shell:Creating package script '/home/berenic/Documents/LPRS2_2026/Robo_Hand_RS485/ROS2/robo_hand_ws/install/xarm_msgs/share/xarm_msgs/package.zsh'
[1.994s] Level 1:colcon.colcon_core.environment:create_file_with_runtime_dependencies(/home/berenic/Documents/LPRS2_2026/Robo_Hand_RS485/ROS2/robo_hand_ws/install/xarm_msgs/share/colcon-core/packages/xarm_msgs)
[1.995s] Level 1:colcon.colcon_core.environment:create_environment_scripts_only(xarm_msgs)
[1.995s] Level 1:colcon.colcon_core.environment:checking '/home/berenic/Documents/LPRS2_2026/Robo_Hand_RS485/ROS2/robo_hand_ws/install/xarm_msgs' for CMake module files
[1.996s] Level 1:colcon.colcon_core.environment:checking '/home/berenic/Documents/LPRS2_2026/Robo_Hand_RS485/ROS2/robo_hand_ws/install/xarm_msgs' for CMake config files
[1.997s] Level 1:colcon.colcon_core.shell:create_environment_hook('xarm_msgs', 'cmake_prefix_path')
[1.997s] INFO:colcon.colcon_core.shell:Creating environment hook '/home/berenic/Documents/LPRS2_2026/Robo_Hand_RS485/ROS2/robo_hand_ws/install/xarm_msgs/share/xarm_msgs/hook/cmake_prefix_path.ps1'
[1.998s] INFO:colcon.colcon_core.shell:Creating environment descriptor '/home/berenic/Documents/LPRS2_2026/Robo_Hand_RS485/ROS2/robo_hand_ws/install/xarm_msgs/share/xarm_msgs/hook/cmake_prefix_path.dsv'
[1.999s] INFO:colcon.colcon_core.shell:Creating environment hook '/home/berenic/Documents/LPRS2_2026/Robo_Hand_RS485/ROS2/robo_hand_ws/install/xarm_msgs/share/xarm_msgs/hook/cmake_prefix_path.sh'
[2.000s] Level 1:colcon.colcon_core.environment:checking '/home/berenic/Documents/LPRS2_2026/Robo_Hand_RS485/ROS2/robo_hand_ws/install/xarm_msgs/lib'
[2.000s] Level 1:colcon.colcon_core.shell:create_environment_hook('xarm_msgs', 'ld_library_path_lib')
[2.000s] INFO:colcon.colcon_core.shell:Creating environment hook '/home/berenic/Documents/LPRS2_2026/Robo_Hand_RS485/ROS2/robo_hand_ws/install/xarm_msgs/share/xarm_msgs/hook/ld_library_path_lib.ps1'
[2.001s] INFO:colcon.colcon_core.shell:Creating environment descriptor '/home/berenic/Documents/LPRS2_2026/Robo_Hand_RS485/ROS2/robo_hand_ws/install/xarm_msgs/share/xarm_msgs/hook/ld_library_path_lib.dsv'
[2.002s] INFO:colcon.colcon_core.shell:Creating environment hook '/home/berenic/Documents/LPRS2_2026/Robo_Hand_RS485/ROS2/robo_hand_ws/install/xarm_msgs/share/xarm_msgs/hook/ld_library_path_lib.sh'
[2.002s] Level 1:colcon.colcon_core.environment:checking '/home/berenic/Documents/LPRS2_2026/Robo_Hand_RS485/ROS2/robo_hand_ws/install/xarm_msgs/bin'
[2.002s] Level 1:colcon.colcon_core.environment:checking '/home/berenic/Documents/LPRS2_2026/Robo_Hand_RS485/ROS2/robo_hand_ws/install/xarm_msgs/lib/pkgconfig/xarm_msgs.pc'
[2.003s] Level 1:colcon.colcon_core.environment:checking '/home/berenic/Documents/LPRS2_2026/Robo_Hand_RS485/ROS2/robo_hand_ws/install/xarm_msgs/lib/python3.12/site-packages'
[2.003s] Level 1:colcon.colcon_core.shell:create_environment_hook('xarm_msgs', 'pythonpath')
[2.003s] INFO:colcon.colcon_core.shell:Creating environment hook '/home/berenic/Documents/LPRS2_2026/Robo_Hand_RS485/ROS2/robo_hand_ws/install/xarm_msgs/share/xarm_msgs/hook/pythonpath.ps1'
[2.004s] INFO:colcon.colcon_core.shell:Creating environment descriptor '/home/berenic/Documents/LPRS2_2026/Robo_Hand_RS485/ROS2/robo_hand_ws/install/xarm_msgs/share/xarm_msgs/hook/pythonpath.dsv'
[2.005s] INFO:colcon.colcon_core.shell:Creating environment hook '/home/berenic/Documents/LPRS2_2026/Robo_Hand_RS485/ROS2/robo_hand_ws/install/xarm_msgs/share/xarm_msgs/hook/pythonpath.sh'
[2.006s] Level 1:colcon.colcon_core.environment:checking '/home/berenic/Documents/LPRS2_2026/Robo_Hand_RS485/ROS2/robo_hand_ws/install/xarm_msgs/bin'
[2.006s] INFO:colcon.colcon_core.shell:Creating package script '/home/berenic/Documents/LPRS2_2026/Robo_Hand_RS485/ROS2/robo_hand_ws/install/xarm_msgs/share/xarm_msgs/package.ps1'
[2.007s] INFO:colcon.colcon_core.shell:Creating package descriptor '/home/berenic/Documents/LPRS2_2026/Robo_Hand_RS485/ROS2/robo_hand_ws/install/xarm_msgs/share/xarm_msgs/package.dsv'
[2.008s] INFO:colcon.colcon_core.shell:Creating package script '/home/berenic/Documents/LPRS2_2026/Robo_Hand_RS485/ROS2/robo_hand_ws/install/xarm_msgs/share/xarm_msgs/package.sh'
[2.009s] INFO:colcon.colcon_core.shell:Creating package script '/home/berenic/Documents/LPRS2_2026/Robo_Hand_RS485/ROS2/robo_hand_ws/install/xarm_msgs/share/xarm_msgs/package.bash'
[2.010s] INFO:colcon.colcon_core.shell:Creating package script '/home/berenic/Documents/LPRS2_2026/Robo_Hand_RS485/ROS2/robo_hand_ws/install/xarm_msgs/share/xarm_msgs/package.zsh'
[2.011s] Level 1:colcon.colcon_core.environment:create_file_with_runtime_dependencies(/home/berenic/Documents/LPRS2_2026/Robo_Hand_RS485/ROS2/robo_hand_ws/install/xarm_msgs/share/colcon-core/packages/xarm_msgs)
[2.011s] INFO:colcon.colcon_ros.task.ament_cmake.build:Building ROS package in '/home/berenic/Documents/LPRS2_2026/Robo_Hand_RS485/ROS2/robo_hand_ws/src/xarm_ros2/xarm_api' with build type 'ament_cmake'
[2.012s] INFO:colcon.colcon_cmake.task.cmake.build:Building CMake package in '/home/berenic/Documents/LPRS2_2026/Robo_Hand_RS485/ROS2/robo_hand_ws/src/xarm_ros2/xarm_api'
[2.012s] INFO:colcon.colcon_core.shell:Skip shell extension 'powershell' for command environment: Not usable outside of PowerShell
[2.012s] DEBUG:colcon.colcon_core.shell:Skip shell extension 'dsv' for command environment
[2.042s] DEBUG:colcon.colcon_core.event_handler.log_command:Invoking command in '/home/berenic/Documents/LPRS2_2026/Robo_Hand_RS485/ROS2/robo_hand_ws/build/xarm_api': CMAKE_PREFIX_PATH=/home/berenic/Documents/LPRS2_2026/Robo_Hand_RS485/ROS2/robo_hand_ws/install/xarm_sdk:/home/berenic/Documents/LPRS2_2026/Robo_Hand_RS485/ROS2/robo_hand_ws/install/xarm_msgs:/home/berenic/Documents/LPRS2_2026/Robo_Hand_RS485/ROS2/robo_hand_ws/install/xarm_description:/home/berenic/Documents/LPRS2_2026/Robo_Hand_RS485/ROS2/robo_hand_ws/install/glue_events_routines:/home/berenic/Documents/LPRS2_2026/Robo_Hand_RS485/ROS2/robo_hand_ws/install/xarm_planner:/home/berenic/Documents/LPRS2_2026/Robo_Hand_RS485/ROS2/robo_hand_ws/install/xarm_moveit_servo:/home/berenic/Documents/LPRS2_2026/Robo_Hand_RS485/ROS2/robo_hand_ws/install/xarm_moveit_config:/home/berenic/Documents/LPRS2_2026/Robo_Hand_RS485/ROS2/robo_hand_ws/install/xarm_gazebo:/home/berenic/Documents/LPRS2_2026/Robo_Hand_RS485/ROS2/robo_hand_ws/install/xarm_controller:/home/berenic/Documents/LPRS2_2026/Robo_Hand_RS485/ROS2/robo_hand_ws/install/xarm_api:/home/berenic/Documents/LPRS2_2026/Robo_Hand_RS485/ROS2/robo_hand_ws/install/mbot_demo:/home/berenic/Documents/LPRS2_2026/Robo_Hand_RS485/ROS2/robo_hand_ws/install/realsense_gazebo_plugin:/opt/ros/jazzy/opt/gz_sim_vendor:/opt/ros/jazzy/opt/gz_sensors_vendor:/opt/ros/jazzy/opt/gz_physics_vendor:/opt/ros/jazzy/opt/sdformat_vendor:/opt/ros/jazzy/opt/gz_gui_vendor:/opt/ros/jazzy/opt/gz_transport_vendor:/opt/ros/jazzy/opt/gz_rendering_vendor:/opt/ros/jazzy/opt/gz_plugin_vendor:/opt/ros/jazzy/opt/gz_fuel_tools_vendor:/opt/ros/jazzy/opt/gz_msgs_vendor:/opt/ros/jazzy/opt/gz_common_vendor:/opt/ros/jazzy/opt/gz_math_vendor:/opt/ros/jazzy/opt/gz_utils_vendor:/opt/ros/jazzy/opt/gz_tools_vendor:/opt/ros/jazzy/opt/gz_ogre_next_vendor:/opt/ros/jazzy/opt/gz_dartsim_vendor:/opt/ros/jazzy/opt/gz_cmake_vendor:/home/berenic/Documents/LPRS2_2026/Robo_Hand_RS485/ROS2/robo_hand_ws/install/uf_ros_lib:/opt/ros/jazzy DEBUGINFOD_URLS=https://debuginfod.ubuntu.com LD_LIBRARY_PATH=/home/berenic/Documents/LPRS2_2026/Robo_Hand_RS485/ROS2/robo_hand_ws/install/xarm_sdk/lib:/home/berenic/Documents/LPRS2_2026/Robo_Hand_RS485/ROS2/robo_hand_ws/install/xarm_msgs/lib:/home/berenic/Documents/LPRS2_2026/Robo_Hand_RS485/ROS2/robo_hand_ws/install/xarm_planner/lib:/home/berenic/Documents/LPRS2_2026/Robo_Hand_RS485/ROS2/robo_hand_ws/install/xarm_moveit_servo/lib:/home/berenic/Documents/LPRS2_2026/Robo_Hand_RS485/ROS2/robo_hand_ws/install/xarm_gazebo/lib:/home/berenic/Documents/LPRS2_2026/Robo_Hand_RS485/ROS2/robo_hand_ws/install/xarm_controller/lib:/home/berenic/Documents/LPRS2_2026/Robo_Hand_RS485/ROS2/robo_hand_ws/install/xarm_api/lib:/home/berenic/Documents/LPRS2_2026/Robo_Hand_RS485/ROS2/robo_hand_ws/install/realsense_gazebo_plugin/lib:/opt/ros/jazzy/opt/gz_sim_vendor/lib:/opt/ros/jazzy/opt/gz_sensors_vendor/lib:/opt/ros/jazzy/opt/gz_physics_vendor/lib:/opt/ros/jazzy/opt/sdformat_vendor/lib:/opt/ros/jazzy/opt/rviz_ogre_vendor/lib:/opt/ros/jazzy/lib/x86_64-linux-gnu:/opt/ros/jazzy/opt/gz_gui_vendor/lib:/opt/ros/jazzy/opt/gz_transport_vendor/lib:/opt/ros/jazzy/opt/gz_rendering_vendor/lib:/opt/ros/jazzy/opt/gz_plugin_vendor/lib:/opt/ros/jazzy/opt/gz_fuel_tools_vendor/lib:/opt/ros/jazzy/opt/gz_msgs_vendor/lib:/opt/ros/jazzy/opt/gz_common_vendor/lib:/opt/ros/jazzy/opt/gz_math_vendor/lib:/opt/ros/jazzy/opt/gz_utils_vendor/lib:/opt/ros/jazzy/opt/gz_tools_vendor/lib:/opt/ros/jazzy/opt/gz_ogre_next_vendor/lib:/opt/ros/jazzy/opt/gz_dartsim_vendor/lib:/opt/ros/jazzy/opt/gz_cmake_vendor/lib:/opt/ros/jazzy/lib /usr/bin/cmake --build /home/berenic/Documents/LPRS2_2026/Robo_Hand_RS485/ROS2/robo_hand_ws/build/xarm_api -- -j12 -l12
[2.284s] DEBUG:colcon.colcon_core.event_handler.log_command:Invoking command in '/home/berenic/Documents/LPRS2_2026/Robo_Hand_RS485/ROS2/robo_hand_ws/build/uf_ros_lib': DEBUGINFOD_URLS=https://debuginfod.ubuntu.com PYTHONPATH=/home/berenic/Documents/LPRS2_2026/Robo_Hand_RS485/ROS2/robo_hand_ws/build/uf_ros_lib/prefix_override:/usr/lib/python3/dist-packages/colcon_core/task/python/colcon_distutils_commands:/home/berenic/Documents/LPRS2_2026/Robo_Hand_RS485/ROS2/robo_hand_ws/install/uf_ros_lib/lib/python3.12/site-packages:${PYTHONPATH} /usr/bin/python3 -W ignore:setup.py install is deprecated -W ignore:easy_install command is deprecated setup.py develop --editable --build-directory /home/berenic/Documents/LPRS2_2026/Robo_Hand_RS485/ROS2/robo_hand_ws/build/uf_ros_lib/build --no-deps symlink_data
[2.332s] DEBUG:colcon.colcon_core.event_handler.log_command:Invoked command in '/home/berenic/Documents/LPRS2_2026/Robo_Hand_RS485/ROS2/robo_hand_ws/build/xarm_api' returned '0': CMAKE_PREFIX_PATH=/home/berenic/Documents/LPRS2_2026/Robo_Hand_RS485/ROS2/robo_hand_ws/install/xarm_sdk:/home/berenic/Documents/LPRS2_2026/Robo_Hand_RS485/ROS2/robo_hand_ws/install/xarm_msgs:/home/berenic/Documents/LPRS2_2026/Robo_Hand_RS485/ROS2/robo_hand_ws/install/xarm_description:/home/berenic/Documents/LPRS2_2026/Robo_Hand_RS485/ROS2/robo_hand_ws/install/glue_events_routines:/home/berenic/Documents/LPRS2_2026/Robo_Hand_RS485/ROS2/robo_hand_ws/install/xarm_planner:/home/berenic/Documents/LPRS2_2026/Robo_Hand_RS485/ROS2/robo_hand_ws/install/xarm_moveit_servo:/home/berenic/Documents/LPRS2_2026/Robo_Hand_RS485/ROS2/robo_hand_ws/install/xarm_moveit_config:/home/berenic/Documents/LPRS2_2026/Robo_Hand_RS485/ROS2/robo_hand_ws/install/xarm_gazebo:/home/berenic/Documents/LPRS2_2026/Robo_Hand_RS485/ROS2/robo_hand_ws/install/xarm_controller:/home/berenic/Documents/LPRS2_2026/Robo_Hand_RS485/ROS2/robo_hand_ws/install/xarm_api:/home/berenic/Documents/LPRS2_2026/Robo_Hand_RS485/ROS2/robo_hand_ws/install/mbot_demo:/home/berenic/Documents/LPRS2_2026/Robo_Hand_RS485/ROS2/robo_hand_ws/install/realsense_gazebo_plugin:/opt/ros/jazzy/opt/gz_sim_vendor:/opt/ros/jazzy/opt/gz_sensors_vendor:/opt/ros/jazzy/opt/gz_physics_vendor:/opt/ros/jazzy/opt/sdformat_vendor:/opt/ros/jazzy/opt/gz_gui_vendor:/opt/ros/jazzy/opt/gz_transport_vendor:/opt/ros/jazzy/opt/gz_rendering_vendor:/opt/ros/jazzy/opt/gz_plugin_vendor:/opt/ros/jazzy/opt/gz_fuel_tools_vendor:/opt/ros/jazzy/opt/gz_msgs_vendor:/opt/ros/jazzy/opt/gz_common_vendor:/opt/ros/jazzy/opt/gz_math_vendor:/opt/ros/jazzy/opt/gz_utils_vendor:/opt/ros/jazzy/opt/gz_tools_vendor:/opt/ros/jazzy/opt/gz_ogre_next_vendor:/opt/ros/jazzy/opt/gz_dartsim_vendor:/opt/ros/jazzy/opt/gz_cmake_vendor:/home/berenic/Documents/LPRS2_2026/Robo_Hand_RS485/ROS2/robo_hand_ws/install/uf_ros_lib:/opt/ros/jazzy DEBUGINFOD_URLS=https://debuginfod.ubuntu.com LD_LIBRARY_PATH=/home/berenic/Documents/LPRS2_2026/Robo_Hand_RS485/ROS2/robo_hand_ws/install/xarm_sdk/lib:/home/berenic/Documents/LPRS2_2026/Robo_Hand_RS485/ROS2/robo_hand_ws/install/xarm_msgs/lib:/home/berenic/Documents/LPRS2_2026/Robo_Hand_RS485/ROS2/robo_hand_ws/install/xarm_planner/lib:/home/berenic/Documents/LPRS2_2026/Robo_Hand_RS485/ROS2/robo_hand_ws/install/xarm_moveit_servo/lib:/home/berenic/Documents/LPRS2_2026/Robo_Hand_RS485/ROS2/robo_hand_ws/install/xarm_gazebo/lib:/home/berenic/Documents/LPRS2_2026/Robo_Hand_RS485/ROS2/robo_hand_ws/install/xarm_controller/lib:/home/berenic/Documents/LPRS2_2026/Robo_Hand_RS485/ROS2/robo_hand_ws/install/xarm_api/lib:/home/berenic/Documents/LPRS2_2026/Robo_Hand_RS485/ROS2/robo_hand_ws/install/realsense_gazebo_plugin/lib:/opt/ros/jazzy/opt/gz_sim_vendor/lib:/opt/ros/jazzy/opt/gz_sensors_vendor/lib:/opt/ros/jazzy/opt/gz_physics_vendor/lib:/opt/ros/jazzy/opt/sdformat_vendor/lib:/opt/ros/jazzy/opt/rviz_ogre_vendor/lib:/opt/ros/jazzy/lib/x86_64-linux-gnu:/opt/ros/jazzy/opt/gz_gui_vendor/lib:/opt/ros/jazzy/opt/gz_transport_vendor/lib:/opt/ros/jazzy/opt/gz_rendering_vendor/lib:/opt/ros/jazzy/opt/gz_plugin_vendor/lib:/opt/ros/jazzy/opt/gz_fuel_tools_vendor/lib:/opt/ros/jazzy/opt/gz_msgs_vendor/lib:/opt/ros/jazzy/opt/gz_common_vendor/lib:/opt/ros/jazzy/opt/gz_math_vendor/lib:/opt/ros/jazzy/opt/gz_utils_vendor/lib:/opt/ros/jazzy/opt/gz_tools_vendor/lib:/opt/ros/jazzy/opt/gz_ogre_next_vendor/lib:/opt/ros/jazzy/opt/gz_dartsim_vendor/lib:/opt/ros/jazzy/opt/gz_cmake_vendor/lib:/opt/ros/jazzy/lib /usr/bin/cmake --build /home/berenic/Documents/LPRS2_2026/Robo_Hand_RS485/ROS2/robo_hand_ws/build/xarm_api -- -j12 -l12
[2.334s] DEBUG:colcon.colcon_core.event_handler.log_command:Invoking command in '/home/berenic/Documents/LPRS2_2026/Robo_Hand_RS485/ROS2/robo_hand_ws/build/xarm_api': CMAKE_PREFIX_PATH=/home/berenic/Documents/LPRS2_2026/Robo_Hand_RS485/ROS2/robo_hand_ws/install/xarm_sdk:/home/berenic/Documents/LPRS2_2026/Robo_Hand_RS485/ROS2/robo_hand_ws/install/xarm_msgs:/home/berenic/Documents/LPRS2_2026/Robo_Hand_RS485/ROS2/robo_hand_ws/install/xarm_description:/home/berenic/Documents/LPRS2_2026/Robo_Hand_RS485/ROS2/robo_hand_ws/install/glue_events_routines:/home/berenic/Documents/LPRS2_2026/Robo_Hand_RS485/ROS2/robo_hand_ws/install/xarm_planner:/home/berenic/Documents/LPRS2_2026/Robo_Hand_RS485/ROS2/robo_hand_ws/install/xarm_moveit_servo:/home/berenic/Documents/LPRS2_2026/Robo_Hand_RS485/ROS2/robo_hand_ws/install/xarm_moveit_config:/home/berenic/Documents/LPRS2_2026/Robo_Hand_RS485/ROS2/robo_hand_ws/install/xarm_gazebo:/home/berenic/Documents/LPRS2_2026/Robo_Hand_RS485/ROS2/robo_hand_ws/install/xarm_controller:/home/berenic/Documents/LPRS2_2026/Robo_Hand_RS485/ROS2/robo_hand_ws/install/xarm_api:/home/berenic/Documents/LPRS2_2026/Robo_Hand_RS485/ROS2/robo_hand_ws/install/mbot_demo:/home/berenic/Documents/LPRS2_2026/Robo_Hand_RS485/ROS2/robo_hand_ws/install/realsense_gazebo_plugin:/opt/ros/jazzy/opt/gz_sim_vendor:/opt/ros/jazzy/opt/gz_sensors_vendor:/opt/ros/jazzy/opt/gz_physics_vendor:/opt/ros/jazzy/opt/sdformat_vendor:/opt/ros/jazzy/opt/gz_gui_vendor:/opt/ros/jazzy/opt/gz_transport_vendor:/opt/ros/jazzy/opt/gz_rendering_vendor:/opt/ros/jazzy/opt/gz_plugin_vendor:/opt/ros/jazzy/opt/gz_fuel_tools_vendor:/opt/ros/jazzy/opt/gz_msgs_vendor:/opt/ros/jazzy/opt/gz_common_vendor:/opt/ros/jazzy/opt/gz_math_vendor:/opt/ros/jazzy/opt/gz_utils_vendor:/opt/ros/jazzy/opt/gz_tools_vendor:/opt/ros/jazzy/opt/gz_ogre_next_vendor:/opt/ros/jazzy/opt/gz_dartsim_vendor:/opt/ros/jazzy/opt/gz_cmake_vendor:/home/berenic/Documents/LPRS2_2026/Robo_Hand_RS485/ROS2/robo_hand_ws/install/uf_ros_lib:/opt/ros/jazzy DEBUGINFOD_URLS=https://debuginfod.ubuntu.com LD_LIBRARY_PATH=/home/berenic/Documents/LPRS2_2026/Robo_Hand_RS485/ROS2/robo_hand_ws/install/xarm_sdk/lib:/home/berenic/Documents/LPRS2_2026/Robo_Hand_RS485/ROS2/robo_hand_ws/install/xarm_msgs/lib:/home/berenic/Documents/LPRS2_2026/Robo_Hand_RS485/ROS2/robo_hand_ws/install/xarm_planner/lib:/home/berenic/Documents/LPRS2_2026/Robo_Hand_RS485/ROS2/robo_hand_ws/install/xarm_moveit_servo/lib:/home/berenic/Documents/LPRS2_2026/Robo_Hand_RS485/ROS2/robo_hand_ws/install/xarm_gazebo/lib:/home/berenic/Documents/LPRS2_2026/Robo_Hand_RS485/ROS2/robo_hand_ws/install/xarm_controller/lib:/home/berenic/Documents/LPRS2_2026/Robo_Hand_RS485/ROS2/robo_hand_ws/install/xarm_api/lib:/home/berenic/Documents/LPRS2_2026/Robo_Hand_RS485/ROS2/robo_hand_ws/install/realsense_gazebo_plugin/lib:/opt/ros/jazzy/opt/gz_sim_vendor/lib:/opt/ros/jazzy/opt/gz_sensors_vendor/lib:/opt/ros/jazzy/opt/gz_physics_vendor/lib:/opt/ros/jazzy/opt/sdformat_vendor/lib:/opt/ros/jazzy/opt/rviz_ogre_vendor/lib:/opt/ros/jazzy/lib/x86_64-linux-gnu:/opt/ros/jazzy/opt/gz_gui_vendor/lib:/opt/ros/jazzy/opt/gz_transport_vendor/lib:/opt/ros/jazzy/opt/gz_rendering_vendor/lib:/opt/ros/jazzy/opt/gz_plugin_vendor/lib:/opt/ros/jazzy/opt/gz_fuel_tools_vendor/lib:/opt/ros/jazzy/opt/gz_msgs_vendor/lib:/opt/ros/jazzy/opt/gz_common_vendor/lib:/opt/ros/jazzy/opt/gz_math_vendor/lib:/opt/ros/jazzy/opt/gz_utils_vendor/lib:/opt/ros/jazzy/opt/gz_tools_vendor/lib:/opt/ros/jazzy/opt/gz_ogre_next_vendor/lib:/opt/ros/jazzy/opt/gz_dartsim_vendor/lib:/opt/ros/jazzy/opt/gz_cmake_vendor/lib:/opt/ros/jazzy/lib /usr/bin/cmake --install /home/berenic/Documents/LPRS2_2026/Robo_Hand_RS485/ROS2/robo_hand_ws/build/xarm_api
[2.385s] Level 1:colcon.colcon_core.environment:create_environment_scripts_only(xarm_api)
[2.386s] Level 1:colcon.colcon_core.environment:checking '/home/berenic/Documents/LPRS2_2026/Robo_Hand_RS485/ROS2/robo_hand_ws/install/xarm_api' for CMake module files
[2.387s] DEBUG:colcon.colcon_core.event_handler.log_command:Invoked command in '/home/berenic/Documents/LPRS2_2026/Robo_Hand_RS485/ROS2/robo_hand_ws/build/xarm_api' returned '0': CMAKE_PREFIX_PATH=/home/berenic/Documents/LPRS2_2026/Robo_Hand_RS485/ROS2/robo_hand_ws/install/xarm_sdk:/home/berenic/Documents/LPRS2_2026/Robo_Hand_RS485/ROS2/robo_hand_ws/install/xarm_msgs:/home/berenic/Documents/LPRS2_2026/Robo_Hand_RS485/ROS2/robo_hand_ws/install/xarm_description:/home/berenic/Documents/LPRS2_2026/Robo_Hand_RS485/ROS2/robo_hand_ws/install/glue_events_routines:/home/berenic/Documents/LPRS2_2026/Robo_Hand_RS485/ROS2/robo_hand_ws/install/xarm_planner:/home/berenic/Documents/LPRS2_2026/Robo_Hand_RS485/ROS2/robo_hand_ws/install/xarm_moveit_servo:/home/berenic/Documents/LPRS2_2026/Robo_Hand_RS485/ROS2/robo_hand_ws/install/xarm_moveit_config:/home/berenic/Documents/LPRS2_2026/Robo_Hand_RS485/ROS2/robo_hand_ws/install/xarm_gazebo:/home/berenic/Documents/LPRS2_2026/Robo_Hand_RS485/ROS2/robo_hand_ws/install/xarm_controller:/home/berenic/Documents/LPRS2_2026/Robo_Hand_RS485/ROS2/robo_hand_ws/install/xarm_api:/home/berenic/Documents/LPRS2_2026/Robo_Hand_RS485/ROS2/robo_hand_ws/install/mbot_demo:/home/berenic/Documents/LPRS2_2026/Robo_Hand_RS485/ROS2/robo_hand_ws/install/realsense_gazebo_plugin:/opt/ros/jazzy/opt/gz_sim_vendor:/opt/ros/jazzy/opt/gz_sensors_vendor:/opt/ros/jazzy/opt/gz_physics_vendor:/opt/ros/jazzy/opt/sdformat_vendor:/opt/ros/jazzy/opt/gz_gui_vendor:/opt/ros/jazzy/opt/gz_transport_vendor:/opt/ros/jazzy/opt/gz_rendering_vendor:/opt/ros/jazzy/opt/gz_plugin_vendor:/opt/ros/jazzy/opt/gz_fuel_tools_vendor:/opt/ros/jazzy/opt/gz_msgs_vendor:/opt/ros/jazzy/opt/gz_common_vendor:/opt/ros/jazzy/opt/gz_math_vendor:/opt/ros/jazzy/opt/gz_utils_vendor:/opt/ros/jazzy/opt/gz_tools_vendor:/opt/ros/jazzy/opt/gz_ogre_next_vendor:/opt/ros/jazzy/opt/gz_dartsim_vendor:/opt/ros/jazzy/opt/gz_cmake_vendor:/home/berenic/Documents/LPRS2_2026/Robo_Hand_RS485/ROS2/robo_hand_ws/install/uf_ros_lib:/opt/ros/jazzy DEBUGINFOD_URLS=https://debuginfod.ubuntu.com LD_LIBRARY_PATH=/home/berenic/Documents/LPRS2_2026/Robo_Hand_RS485/ROS2/robo_hand_ws/install/xarm_sdk/lib:/home/berenic/Documents/LPRS2_2026/Robo_Hand_RS485/ROS2/robo_hand_ws/install/xarm_msgs/lib:/home/berenic/Documents/LPRS2_2026/Robo_Hand_RS485/ROS2/robo_hand_ws/install/xarm_planner/lib:/home/berenic/Documents/LPRS2_2026/Robo_Hand_RS485/ROS2/robo_hand_ws/install/xarm_moveit_servo/lib:/home/berenic/Documents/LPRS2_2026/Robo_Hand_RS485/ROS2/robo_hand_ws/install/xarm_gazebo/lib:/home/berenic/Documents/LPRS2_2026/Robo_Hand_RS485/ROS2/robo_hand_ws/install/xarm_controller/lib:/home/berenic/Documents/LPRS2_2026/Robo_Hand_RS485/ROS2/robo_hand_ws/install/xarm_api/lib:/home/berenic/Documents/LPRS2_2026/Robo_Hand_RS485/ROS2/robo_hand_ws/install/realsense_gazebo_plugin/lib:/opt/ros/jazzy/opt/gz_sim_vendor/lib:/opt/ros/jazzy/opt/gz_sensors_vendor/lib:/opt/ros/jazzy/opt/gz_physics_vendor/lib:/opt/ros/jazzy/opt/sdformat_vendor/lib:/opt/ros/jazzy/opt/rviz_ogre_vendor/lib:/opt/ros/jazzy/lib/x86_64-linux-gnu:/opt/ros/jazzy/opt/gz_gui_vendor/lib:/opt/ros/jazzy/opt/gz_transport_vendor/lib:/opt/ros/jazzy/opt/gz_rendering_vendor/lib:/opt/ros/jazzy/opt/gz_plugin_vendor/lib:/opt/ros/jazzy/opt/gz_fuel_tools_vendor/lib:/opt/ros/jazzy/opt/gz_msgs_vendor/lib:/opt/ros/jazzy/opt/gz_common_vendor/lib:/opt/ros/jazzy/opt/gz_math_vendor/lib:/opt/ros/jazzy/opt/gz_utils_vendor/lib:/opt/ros/jazzy/opt/gz_tools_vendor/lib:/opt/ros/jazzy/opt/gz_ogre_next_vendor/lib:/opt/ros/jazzy/opt/gz_dartsim_vendor/lib:/opt/ros/jazzy/opt/gz_cmake_vendor/lib:/opt/ros/jazzy/lib /usr/bin/cmake --install /home/berenic/Documents/LPRS2_2026/Robo_Hand_RS485/ROS2/robo_hand_ws/build/xarm_api
[2.387s] Level 1:colcon.colcon_core.environment:checking '/home/berenic/Documents/LPRS2_2026/Robo_Hand_RS485/ROS2/robo_hand_ws/install/xarm_api' for CMake config files
[2.388s] Level 1:colcon.colcon_core.shell:create_environment_hook('xarm_api', 'cmake_prefix_path')
[2.388s] INFO:colcon.colcon_core.shell:Creating environment hook '/home/berenic/Documents/LPRS2_2026/Robo_Hand_RS485/ROS2/robo_hand_ws/install/xarm_api/share/xarm_api/hook/cmake_prefix_path.ps1'
[2.389s] INFO:colcon.colcon_core.shell:Creating environment descriptor '/home/berenic/Documents/LPRS2_2026/Robo_Hand_RS485/ROS2/robo_hand_ws/install/xarm_api/share/xarm_api/hook/cmake_prefix_path.dsv'
[2.389s] INFO:colcon.colcon_core.shell:Creating environment hook '/home/berenic/Documents/LPRS2_2026/Robo_Hand_RS485/ROS2/robo_hand_ws/install/xarm_api/share/xarm_api/hook/cmake_prefix_path.sh'
[2.390s] Level 1:colcon.colcon_core.environment:checking '/home/berenic/Documents/LPRS2_2026/Robo_Hand_RS485/ROS2/robo_hand_ws/install/xarm_api/lib'
[2.391s] Level 1:colcon.colcon_core.shell:create_environment_hook('xarm_api', 'ld_library_path_lib')
[2.391s] INFO:colcon.colcon_core.shell:Creating environment hook '/home/berenic/Documents/LPRS2_2026/Robo_Hand_RS485/ROS2/robo_hand_ws/install/xarm_api/share/xarm_api/hook/ld_library_path_lib.ps1'
[2.392s] INFO:colcon.colcon_core.shell:Creating environment descriptor '/home/berenic/Documents/LPRS2_2026/Robo_Hand_RS485/ROS2/robo_hand_ws/install/xarm_api/share/xarm_api/hook/ld_library_path_lib.dsv'
[2.392s] INFO:colcon.colcon_core.shell:Creating environment hook '/home/berenic/Documents/LPRS2_2026/Robo_Hand_RS485/ROS2/robo_hand_ws/install/xarm_api/share/xarm_api/hook/ld_library_path_lib.sh'
[2.393s] Level 1:colcon.colcon_core.environment:checking '/home/berenic/Documents/LPRS2_2026/Robo_Hand_RS485/ROS2/robo_hand_ws/install/xarm_api/bin'
[2.393s] Level 1:colcon.colcon_core.environment:checking '/home/berenic/Documents/LPRS2_2026/Robo_Hand_RS485/ROS2/robo_hand_ws/install/xarm_api/lib/pkgconfig/xarm_api.pc'
[2.393s] Level 1:colcon.colcon_core.environment:checking '/home/berenic/Documents/LPRS2_2026/Robo_Hand_RS485/ROS2/robo_hand_ws/install/xarm_api/lib/python3.12/site-packages'
[2.394s] Level 1:colcon.colcon_core.environment:checking '/home/berenic/Documents/LPRS2_2026/Robo_Hand_RS485/ROS2/robo_hand_ws/install/xarm_api/bin'
[2.394s] INFO:colcon.colcon_core.shell:Creating package script '/home/berenic/Documents/LPRS2_2026/Robo_Hand_RS485/ROS2/robo_hand_ws/install/xarm_api/share/xarm_api/package.ps1'
[2.396s] INFO:colcon.colcon_core.shell:Creating package descriptor '/home/berenic/Documents/LPRS2_2026/Robo_Hand_RS485/ROS2/robo_hand_ws/install/xarm_api/share/xarm_api/package.dsv'
[2.397s] INFO:colcon.colcon_core.shell:Creating package script '/home/berenic/Documents/LPRS2_2026/Robo_Hand_RS485/ROS2/robo_hand_ws/install/xarm_api/share/xarm_api/package.sh'
[2.397s] INFO:colcon.colcon_core.shell:Creating package script '/home/berenic/Documents/LPRS2_2026/Robo_Hand_RS485/ROS2/robo_hand_ws/install/xarm_api/share/xarm_api/package.bash'
[2.398s] INFO:colcon.colcon_core.shell:Creating package script '/home/berenic/Documents/LPRS2_2026/Robo_Hand_RS485/ROS2/robo_hand_ws/install/xarm_api/share/xarm_api/package.zsh'
[2.399s] Level 1:colcon.colcon_core.environment:create_file_with_runtime_dependencies(/home/berenic/Documents/LPRS2_2026/Robo_Hand_RS485/ROS2/robo_hand_ws/install/xarm_api/share/colcon-core/packages/xarm_api)
[2.399s] Level 1:colcon.colcon_core.environment:create_environment_scripts_only(xarm_api)
[2.400s] Level 1:colcon.colcon_core.environment:checking '/home/berenic/Documents/LPRS2_2026/Robo_Hand_RS485/ROS2/robo_hand_ws/install/xarm_api' for CMake module files
[2.401s] Level 1:colcon.colcon_core.environment:checking '/home/berenic/Documents/LPRS2_2026/Robo_Hand_RS485/ROS2/robo_hand_ws/install/xarm_api' for CMake config files
[2.401s] Level 1:colcon.colcon_core.shell:create_environment_hook('xarm_api', 'cmake_prefix_path')
[2.402s] INFO:colcon.colcon_core.shell:Creating environment hook '/home/berenic/Documents/LPRS2_2026/Robo_Hand_RS485/ROS2/robo_hand_ws/install/xarm_api/share/xarm_api/hook/cmake_prefix_path.ps1'
[2.403s] INFO:colcon.colcon_core.shell:Creating environment descriptor '/home/berenic/Documents/LPRS2_2026/Robo_Hand_RS485/ROS2/robo_hand_ws/install/xarm_api/share/xarm_api/hook/cmake_prefix_path.dsv'
[2.403s] INFO:colcon.colcon_core.shell:Creating environment hook '/home/berenic/Documents/LPRS2_2026/Robo_Hand_RS485/ROS2/robo_hand_ws/install/xarm_api/share/xarm_api/hook/cmake_prefix_path.sh'
[2.404s] Level 1:colcon.colcon_core.environment:checking '/home/berenic/Documents/LPRS2_2026/Robo_Hand_RS485/ROS2/robo_hand_ws/install/xarm_api/lib'
[2.404s] Level 1:colcon.colcon_core.shell:create_environment_hook('xarm_api', 'ld_library_path_lib')
[2.405s] INFO:colcon.colcon_core.shell:Creating environment hook '/home/berenic/Documents/LPRS2_2026/Robo_Hand_RS485/ROS2/robo_hand_ws/install/xarm_api/share/xarm_api/hook/ld_library_path_lib.ps1'
[2.405s] INFO:colcon.colcon_core.shell:Creating environment descriptor '/home/berenic/Documents/LPRS2_2026/Robo_Hand_RS485/ROS2/robo_hand_ws/install/xarm_api/share/xarm_api/hook/ld_library_path_lib.dsv'
[2.406s] INFO:colcon.colcon_core.shell:Creating environment hook '/home/berenic/Documents/LPRS2_2026/Robo_Hand_RS485/ROS2/robo_hand_ws/install/xarm_api/share/xarm_api/hook/ld_library_path_lib.sh'
[2.407s] Level 1:colcon.colcon_core.environment:checking '/home/berenic/Documents/LPRS2_2026/Robo_Hand_RS485/ROS2/robo_hand_ws/install/xarm_api/bin'
[2.407s] Level 1:colcon.colcon_core.environment:checking '/home/berenic/Documents/LPRS2_2026/Robo_Hand_RS485/ROS2/robo_hand_ws/install/xarm_api/lib/pkgconfig/xarm_api.pc'
[2.407s] Level 1:colcon.colcon_core.environment:checking '/home/berenic/Documents/LPRS2_2026/Robo_Hand_RS485/ROS2/robo_hand_ws/install/xarm_api/lib/python3.12/site-packages'
[2.408s] Level 1:colcon.colcon_core.environment:checking '/home/berenic/Documents/LPRS2_2026/Robo_Hand_RS485/ROS2/robo_hand_ws/install/xarm_api/bin'
[2.408s] INFO:colcon.colcon_core.shell:Creating package script '/home/berenic/Documents/LPRS2_2026/Robo_Hand_RS485/ROS2/robo_hand_ws/install/xarm_api/share/xarm_api/package.ps1'
[2.409s] INFO:colcon.colcon_core.shell:Creating package descriptor '/home/berenic/Documents/LPRS2_2026/Robo_Hand_RS485/ROS2/robo_hand_ws/install/xarm_api/share/xarm_api/package.dsv'
[2.410s] INFO:colcon.colcon_core.shell:Creating package script '/home/berenic/Documents/LPRS2_2026/Robo_Hand_RS485/ROS2/robo_hand_ws/install/xarm_api/share/xarm_api/package.sh'
[2.411s] INFO:colcon.colcon_core.shell:Creating package script '/home/berenic/Documents/LPRS2_2026/Robo_Hand_RS485/ROS2/robo_hand_ws/install/xarm_api/share/xarm_api/package.bash'
[2.412s] INFO:colcon.colcon_core.shell:Creating package script '/home/berenic/Documents/LPRS2_2026/Robo_Hand_RS485/ROS2/robo_hand_ws/install/xarm_api/share/xarm_api/package.zsh'
[2.413s] Level 1:colcon.colcon_core.environment:create_file_with_runtime_dependencies(/home/berenic/Documents/LPRS2_2026/Robo_Hand_RS485/ROS2/robo_hand_ws/install/xarm_api/share/colcon-core/packages/xarm_api)
[2.413s] INFO:colcon.colcon_ros.task.ament_cmake.build:Building ROS package in '/home/berenic/Documents/LPRS2_2026/Robo_Hand_RS485/ROS2/robo_hand_ws/src/xarm_ros2/xarm_controller' with build type 'ament_cmake'
[2.414s] INFO:colcon.colcon_cmake.task.cmake.build:Building CMake package in '/home/berenic/Documents/LPRS2_2026/Robo_Hand_RS485/ROS2/robo_hand_ws/src/xarm_ros2/xarm_controller'
[2.414s] INFO:colcon.colcon_core.shell:Skip shell extension 'powershell' for command environment: Not usable outside of PowerShell
[2.414s] DEBUG:colcon.colcon_core.shell:Skip shell extension 'dsv' for command environment
[2.448s] DEBUG:colcon.colcon_core.event_handler.log_command:Invoking command in '/home/berenic/Documents/LPRS2_2026/Robo_Hand_RS485/ROS2/robo_hand_ws/build/xarm_controller': CMAKE_PREFIX_PATH=/home/berenic/Documents/LPRS2_2026/Robo_Hand_RS485/ROS2/robo_hand_ws/install/xarm_api:/home/berenic/Documents/LPRS2_2026/Robo_Hand_RS485/ROS2/robo_hand_ws/install/xarm_sdk:/home/berenic/Documents/LPRS2_2026/Robo_Hand_RS485/ROS2/robo_hand_ws/install/xarm_msgs:/home/berenic/Documents/LPRS2_2026/Robo_Hand_RS485/ROS2/robo_hand_ws/install/xarm_description:/home/berenic/Documents/LPRS2_2026/Robo_Hand_RS485/ROS2/robo_hand_ws/install/glue_events_routines:/home/berenic/Documents/LPRS2_2026/Robo_Hand_RS485/ROS2/robo_hand_ws/install/xarm_planner:/home/berenic/Documents/LPRS2_2026/Robo_Hand_RS485/ROS2/robo_hand_ws/install/xarm_moveit_servo:/home/berenic/Documents/LPRS2_2026/Robo_Hand_RS485/ROS2/robo_hand_ws/install/xarm_moveit_config:/home/berenic/Documents/LPRS2_2026/Robo_Hand_RS485/ROS2/robo_hand_ws/install/xarm_gazebo:/home/berenic/Documents/LPRS2_2026/Robo_Hand_RS485/ROS2/robo_hand_ws/install/xarm_controller:/home/berenic/Documents/LPRS2_2026/Robo_Hand_RS485/ROS2/robo_hand_ws/install/mbot_demo:/home/berenic/Documents/LPRS2_2026/Robo_Hand_RS485/ROS2/robo_hand_ws/install/realsense_gazebo_plugin:/opt/ros/jazzy/opt/gz_sim_vendor:/opt/ros/jazzy/opt/gz_sensors_vendor:/opt/ros/jazzy/opt/gz_physics_vendor:/opt/ros/jazzy/opt/sdformat_vendor:/opt/ros/jazzy/opt/gz_gui_vendor:/opt/ros/jazzy/opt/gz_transport_vendor:/opt/ros/jazzy/opt/gz_rendering_vendor:/opt/ros/jazzy/opt/gz_plugin_vendor:/opt/ros/jazzy/opt/gz_fuel_tools_vendor:/opt/ros/jazzy/opt/gz_msgs_vendor:/opt/ros/jazzy/opt/gz_common_vendor:/opt/ros/jazzy/opt/gz_math_vendor:/opt/ros/jazzy/opt/gz_utils_vendor:/opt/ros/jazzy/opt/gz_tools_vendor:/opt/ros/jazzy/opt/gz_ogre_next_vendor:/opt/ros/jazzy/opt/gz_dartsim_vendor:/opt/ros/jazzy/opt/gz_cmake_vendor:/home/berenic/Documents/LPRS2_2026/Robo_Hand_RS485/ROS2/robo_hand_ws/install/uf_ros_lib:/opt/ros/jazzy DEBUGINFOD_URLS=https://debuginfod.ubuntu.com LD_LIBRARY_PATH=/home/berenic/Documents/LPRS2_2026/Robo_Hand_RS485/ROS2/robo_hand_ws/install/xarm_api/lib:/home/berenic/Documents/LPRS2_2026/Robo_Hand_RS485/ROS2/robo_hand_ws/install/xarm_sdk/lib:/home/berenic/Documents/LPRS2_2026/Robo_Hand_RS485/ROS2/robo_hand_ws/install/xarm_msgs/lib:/home/berenic/Documents/LPRS2_2026/Robo_Hand_RS485/ROS2/robo_hand_ws/install/xarm_planner/lib:/home/berenic/Documents/LPRS2_2026/Robo_Hand_RS485/ROS2/robo_hand_ws/install/xarm_moveit_servo/lib:/home/berenic/Documents/LPRS2_2026/Robo_Hand_RS485/ROS2/robo_hand_ws/install/xarm_gazebo/lib:/home/berenic/Documents/LPRS2_2026/Robo_Hand_RS485/ROS2/robo_hand_ws/install/xarm_controller/lib:/home/berenic/Documents/LPRS2_2026/Robo_Hand_RS485/ROS2/robo_hand_ws/install/realsense_gazebo_plugin/lib:/opt/ros/jazzy/opt/gz_sim_vendor/lib:/opt/ros/jazzy/opt/gz_sensors_vendor/lib:/opt/ros/jazzy/opt/gz_physics_vendor/lib:/opt/ros/jazzy/opt/sdformat_vendor/lib:/opt/ros/jazzy/opt/rviz_ogre_vendor/lib:/opt/ros/jazzy/lib/x86_64-linux-gnu:/opt/ros/jazzy/opt/gz_gui_vendor/lib:/opt/ros/jazzy/opt/gz_transport_vendor/lib:/opt/ros/jazzy/opt/gz_rendering_vendor/lib:/opt/ros/jazzy/opt/gz_plugin_vendor/lib:/opt/ros/jazzy/opt/gz_fuel_tools_vendor/lib:/opt/ros/jazzy/opt/gz_msgs_vendor/lib:/opt/ros/jazzy/opt/gz_common_vendor/lib:/opt/ros/jazzy/opt/gz_math_vendor/lib:/opt/ros/jazzy/opt/gz_utils_vendor/lib:/opt/ros/jazzy/opt/gz_tools_vendor/lib:/opt/ros/jazzy/opt/gz_ogre_next_vendor/lib:/opt/ros/jazzy/opt/gz_dartsim_vendor/lib:/opt/ros/jazzy/opt/gz_cmake_vendor/lib:/opt/ros/jazzy/lib /usr/bin/cmake --build /home/berenic/Documents/LPRS2_2026/Robo_Hand_RS485/ROS2/robo_hand_ws/build/xarm_controller -- -j12 -l12
[2.611s] DEBUG:colcon.colcon_core.event_handler.log_command:Invoked command in '/home/berenic/Documents/LPRS2_2026/Robo_Hand_RS485/ROS2/robo_hand_ws/build/xarm_controller' returned '0': CMAKE_PREFIX_PATH=/home/berenic/Documents/LPRS2_2026/Robo_Hand_RS485/ROS2/robo_hand_ws/install/xarm_api:/home/berenic/Documents/LPRS2_2026/Robo_Hand_RS485/ROS2/robo_hand_ws/install/xarm_sdk:/home/berenic/Documents/LPRS2_2026/Robo_Hand_RS485/ROS2/robo_hand_ws/install/xarm_msgs:/home/berenic/Documents/LPRS2_2026/Robo_Hand_RS485/ROS2/robo_hand_ws/install/xarm_description:/home/berenic/Documents/LPRS2_2026/Robo_Hand_RS485/ROS2/robo_hand_ws/install/glue_events_routines:/home/berenic/Documents/LPRS2_2026/Robo_Hand_RS485/ROS2/robo_hand_ws/install/xarm_planner:/home/berenic/Documents/LPRS2_2026/Robo_Hand_RS485/ROS2/robo_hand_ws/install/xarm_moveit_servo:/home/berenic/Documents/LPRS2_2026/Robo_Hand_RS485/ROS2/robo_hand_ws/install/xarm_moveit_config:/home/berenic/Documents/LPRS2_2026/Robo_Hand_RS485/ROS2/robo_hand_ws/install/xarm_gazebo:/home/berenic/Documents/LPRS2_2026/Robo_Hand_RS485/ROS2/robo_hand_ws/install/xarm_controller:/home/berenic/Documents/LPRS2_2026/Robo_Hand_RS485/ROS2/robo_hand_ws/install/mbot_demo:/home/berenic/Documents/LPRS2_2026/Robo_Hand_RS485/ROS2/robo_hand_ws/install/realsense_gazebo_plugin:/opt/ros/jazzy/opt/gz_sim_vendor:/opt/ros/jazzy/opt/gz_sensors_vendor:/opt/ros/jazzy/opt/gz_physics_vendor:/opt/ros/jazzy/opt/sdformat_vendor:/opt/ros/jazzy/opt/gz_gui_vendor:/opt/ros/jazzy/opt/gz_transport_vendor:/opt/ros/jazzy/opt/gz_rendering_vendor:/opt/ros/jazzy/opt/gz_plugin_vendor:/opt/ros/jazzy/opt/gz_fuel_tools_vendor:/opt/ros/jazzy/opt/gz_msgs_vendor:/opt/ros/jazzy/opt/gz_common_vendor:/opt/ros/jazzy/opt/gz_math_vendor:/opt/ros/jazzy/opt/gz_utils_vendor:/opt/ros/jazzy/opt/gz_tools_vendor:/opt/ros/jazzy/opt/gz_ogre_next_vendor:/opt/ros/jazzy/opt/gz_dartsim_vendor:/opt/ros/jazzy/opt/gz_cmake_vendor:/home/berenic/Documents/LPRS2_2026/Robo_Hand_RS485/ROS2/robo_hand_ws/install/uf_ros_lib:/opt/ros/jazzy DEBUGINFOD_URLS=https://debuginfod.ubuntu.com LD_LIBRARY_PATH=/home/berenic/Documents/LPRS2_2026/Robo_Hand_RS485/ROS2/robo_hand_ws/install/xarm_api/lib:/home/berenic/Documents/LPRS2_2026/Robo_Hand_RS485/ROS2/robo_hand_ws/install/xarm_sdk/lib:/home/berenic/Documents/LPRS2_2026/Robo_Hand_RS485/ROS2/robo_hand_ws/install/xarm_msgs/lib:/home/berenic/Documents/LPRS2_2026/Robo_Hand_RS485/ROS2/robo_hand_ws/install/xarm_planner/lib:/home/berenic/Documents/LPRS2_2026/Robo_Hand_RS485/ROS2/robo_hand_ws/install/xarm_moveit_servo/lib:/home/berenic/Documents/LPRS2_2026/Robo_Hand_RS485/ROS2/robo_hand_ws/install/xarm_gazebo/lib:/home/berenic/Documents/LPRS2_2026/Robo_Hand_RS485/ROS2/robo_hand_ws/install/xarm_controller/lib:/home/berenic/Documents/LPRS2_2026/Robo_Hand_RS485/ROS2/robo_hand_ws/install/realsense_gazebo_plugin/lib:/opt/ros/jazzy/opt/gz_sim_vendor/lib:/opt/ros/jazzy/opt/gz_sensors_vendor/lib:/opt/ros/jazzy/opt/gz_physics_vendor/lib:/opt/ros/jazzy/opt/sdformat_vendor/lib:/opt/ros/jazzy/opt/rviz_ogre_vendor/lib:/opt/ros/jazzy/lib/x86_64-linux-gnu:/opt/ros/jazzy/opt/gz_gui_vendor/lib:/opt/ros/jazzy/opt/gz_transport_vendor/lib:/opt/ros/jazzy/opt/gz_rendering_vendor/lib:/opt/ros/jazzy/opt/gz_plugin_vendor/lib:/opt/ros/jazzy/opt/gz_fuel_tools_vendor/lib:/opt/ros/jazzy/opt/gz_msgs_vendor/lib:/opt/ros/jazzy/opt/gz_common_vendor/lib:/opt/ros/jazzy/opt/gz_math_vendor/lib:/opt/ros/jazzy/opt/gz_utils_vendor/lib:/opt/ros/jazzy/opt/gz_tools_vendor/lib:/opt/ros/jazzy/opt/gz_ogre_next_vendor/lib:/opt/ros/jazzy/opt/gz_dartsim_vendor/lib:/opt/ros/jazzy/opt/gz_cmake_vendor/lib:/opt/ros/jazzy/lib /usr/bin/cmake --build /home/berenic/Documents/LPRS2_2026/Robo_Hand_RS485/ROS2/robo_hand_ws/build/xarm_controller -- -j12 -l12
[2.614s] DEBUG:colcon.colcon_core.event_handler.log_command:Invoking command in '/home/berenic/Documents/LPRS2_2026/Robo_Hand_RS485/ROS2/robo_hand_ws/build/xarm_controller': CMAKE_PREFIX_PATH=/home/berenic/Documents/LPRS2_2026/Robo_Hand_RS485/ROS2/robo_hand_ws/install/xarm_api:/home/berenic/Documents/LPRS2_2026/Robo_Hand_RS485/ROS2/robo_hand_ws/install/xarm_sdk:/home/berenic/Documents/LPRS2_2026/Robo_Hand_RS485/ROS2/robo_hand_ws/install/xarm_msgs:/home/berenic/Documents/LPRS2_2026/Robo_Hand_RS485/ROS2/robo_hand_ws/install/xarm_description:/home/berenic/Documents/LPRS2_2026/Robo_Hand_RS485/ROS2/robo_hand_ws/install/glue_events_routines:/home/berenic/Documents/LPRS2_2026/Robo_Hand_RS485/ROS2/robo_hand_ws/install/xarm_planner:/home/berenic/Documents/LPRS2_2026/Robo_Hand_RS485/ROS2/robo_hand_ws/install/xarm_moveit_servo:/home/berenic/Documents/LPRS2_2026/Robo_Hand_RS485/ROS2/robo_hand_ws/install/xarm_moveit_config:/home/berenic/Documents/LPRS2_2026/Robo_Hand_RS485/ROS2/robo_hand_ws/install/xarm_gazebo:/home/berenic/Documents/LPRS2_2026/Robo_Hand_RS485/ROS2/robo_hand_ws/install/xarm_controller:/home/berenic/Documents/LPRS2_2026/Robo_Hand_RS485/ROS2/robo_hand_ws/install/mbot_demo:/home/berenic/Documents/LPRS2_2026/Robo_Hand_RS485/ROS2/robo_hand_ws/install/realsense_gazebo_plugin:/opt/ros/jazzy/opt/gz_sim_vendor:/opt/ros/jazzy/opt/gz_sensors_vendor:/opt/ros/jazzy/opt/gz_physics_vendor:/opt/ros/jazzy/opt/sdformat_vendor:/opt/ros/jazzy/opt/gz_gui_vendor:/opt/ros/jazzy/opt/gz_transport_vendor:/opt/ros/jazzy/opt/gz_rendering_vendor:/opt/ros/jazzy/opt/gz_plugin_vendor:/opt/ros/jazzy/opt/gz_fuel_tools_vendor:/opt/ros/jazzy/opt/gz_msgs_vendor:/opt/ros/jazzy/opt/gz_common_vendor:/opt/ros/jazzy/opt/gz_math_vendor:/opt/ros/jazzy/opt/gz_utils_vendor:/opt/ros/jazzy/opt/gz_tools_vendor:/opt/ros/jazzy/opt/gz_ogre_next_vendor:/opt/ros/jazzy/opt/gz_dartsim_vendor:/opt/ros/jazzy/opt/gz_cmake_vendor:/home/berenic/Documents/LPRS2_2026/Robo_Hand_RS485/ROS2/robo_hand_ws/install/uf_ros_lib:/opt/ros/jazzy DEBUGINFOD_URLS=https://debuginfod.ubuntu.com LD_LIBRARY_PATH=/home/berenic/Documents/LPRS2_2026/Robo_Hand_RS485/ROS2/robo_hand_ws/install/xarm_api/lib:/home/berenic/Documents/LPRS2_2026/Robo_Hand_RS485/ROS2/robo_hand_ws/install/xarm_sdk/lib:/home/berenic/Documents/LPRS2_2026/Robo_Hand_RS485/ROS2/robo_hand_ws/install/xarm_msgs/lib:/home/berenic/Documents/LPRS2_2026/Robo_Hand_RS485/ROS2/robo_hand_ws/install/xarm_planner/lib:/home/berenic/Documents/LPRS2_2026/Robo_Hand_RS485/ROS2/robo_hand_ws/install/xarm_moveit_servo/lib:/home/berenic/Documents/LPRS2_2026/Robo_Hand_RS485/ROS2/robo_hand_ws/install/xarm_gazebo/lib:/home/berenic/Documents/LPRS2_2026/Robo_Hand_RS485/ROS2/robo_hand_ws/install/xarm_controller/lib:/home/berenic/Documents/LPRS2_2026/Robo_Hand_RS485/ROS2/robo_hand_ws/install/realsense_gazebo_plugin/lib:/opt/ros/jazzy/opt/gz_sim_vendor/lib:/opt/ros/jazzy/opt/gz_sensors_vendor/lib:/opt/ros/jazzy/opt/gz_physics_vendor/lib:/opt/ros/jazzy/opt/sdformat_vendor/lib:/opt/ros/jazzy/opt/rviz_ogre_vendor/lib:/opt/ros/jazzy/lib/x86_64-linux-gnu:/opt/ros/jazzy/opt/gz_gui_vendor/lib:/opt/ros/jazzy/opt/gz_transport_vendor/lib:/opt/ros/jazzy/opt/gz_rendering_vendor/lib:/opt/ros/jazzy/opt/gz_plugin_vendor/lib:/opt/ros/jazzy/opt/gz_fuel_tools_vendor/lib:/opt/ros/jazzy/opt/gz_msgs_vendor/lib:/opt/ros/jazzy/opt/gz_common_vendor/lib:/opt/ros/jazzy/opt/gz_math_vendor/lib:/opt/ros/jazzy/opt/gz_utils_vendor/lib:/opt/ros/jazzy/opt/gz_tools_vendor/lib:/opt/ros/jazzy/opt/gz_ogre_next_vendor/lib:/opt/ros/jazzy/opt/gz_dartsim_vendor/lib:/opt/ros/jazzy/opt/gz_cmake_vendor/lib:/opt/ros/jazzy/lib /usr/bin/cmake --install /home/berenic/Documents/LPRS2_2026/Robo_Hand_RS485/ROS2/robo_hand_ws/build/xarm_controller
[2.668s] Level 1:colcon.colcon_core.environment:create_environment_scripts_only(xarm_controller)
[2.669s] Level 1:colcon.colcon_core.environment:checking '/home/berenic/Documents/LPRS2_2026/Robo_Hand_RS485/ROS2/robo_hand_ws/install/xarm_controller' for CMake module files
[2.670s] DEBUG:colcon.colcon_core.event_handler.log_command:Invoked command in '/home/berenic/Documents/LPRS2_2026/Robo_Hand_RS485/ROS2/robo_hand_ws/build/xarm_controller' returned '0': CMAKE_PREFIX_PATH=/home/berenic/Documents/LPRS2_2026/Robo_Hand_RS485/ROS2/robo_hand_ws/install/xarm_api:/home/berenic/Documents/LPRS2_2026/Robo_Hand_RS485/ROS2/robo_hand_ws/install/xarm_sdk:/home/berenic/Documents/LPRS2_2026/Robo_Hand_RS485/ROS2/robo_hand_ws/install/xarm_msgs:/home/berenic/Documents/LPRS2_2026/Robo_Hand_RS485/ROS2/robo_hand_ws/install/xarm_description:/home/berenic/Documents/LPRS2_2026/Robo_Hand_RS485/ROS2/robo_hand_ws/install/glue_events_routines:/home/berenic/Documents/LPRS2_2026/Robo_Hand_RS485/ROS2/robo_hand_ws/install/xarm_planner:/home/berenic/Documents/LPRS2_2026/Robo_Hand_RS485/ROS2/robo_hand_ws/install/xarm_moveit_servo:/home/berenic/Documents/LPRS2_2026/Robo_Hand_RS485/ROS2/robo_hand_ws/install/xarm_moveit_config:/home/berenic/Documents/LPRS2_2026/Robo_Hand_RS485/ROS2/robo_hand_ws/install/xarm_gazebo:/home/berenic/Documents/LPRS2_2026/Robo_Hand_RS485/ROS2/robo_hand_ws/install/xarm_controller:/home/berenic/Documents/LPRS2_2026/Robo_Hand_RS485/ROS2/robo_hand_ws/install/mbot_demo:/home/berenic/Documents/LPRS2_2026/Robo_Hand_RS485/ROS2/robo_hand_ws/install/realsense_gazebo_plugin:/opt/ros/jazzy/opt/gz_sim_vendor:/opt/ros/jazzy/opt/gz_sensors_vendor:/opt/ros/jazzy/opt/gz_physics_vendor:/opt/ros/jazzy/opt/sdformat_vendor:/opt/ros/jazzy/opt/gz_gui_vendor:/opt/ros/jazzy/opt/gz_transport_vendor:/opt/ros/jazzy/opt/gz_rendering_vendor:/opt/ros/jazzy/opt/gz_plugin_vendor:/opt/ros/jazzy/opt/gz_fuel_tools_vendor:/opt/ros/jazzy/opt/gz_msgs_vendor:/opt/ros/jazzy/opt/gz_common_vendor:/opt/ros/jazzy/opt/gz_math_vendor:/opt/ros/jazzy/opt/gz_utils_vendor:/opt/ros/jazzy/opt/gz_tools_vendor:/opt/ros/jazzy/opt/gz_ogre_next_vendor:/opt/ros/jazzy/opt/gz_dartsim_vendor:/opt/ros/jazzy/opt/gz_cmake_vendor:/home/berenic/Documents/LPRS2_2026/Robo_Hand_RS485/ROS2/robo_hand_ws/install/uf_ros_lib:/opt/ros/jazzy DEBUGINFOD_URLS=https://debuginfod.ubuntu.com LD_LIBRARY_PATH=/home/berenic/Documents/LPRS2_2026/Robo_Hand_RS485/ROS2/robo_hand_ws/install/xarm_api/lib:/home/berenic/Documents/LPRS2_2026/Robo_Hand_RS485/ROS2/robo_hand_ws/install/xarm_sdk/lib:/home/berenic/Documents/LPRS2_2026/Robo_Hand_RS485/ROS2/robo_hand_ws/install/xarm_msgs/lib:/home/berenic/Documents/LPRS2_2026/Robo_Hand_RS485/ROS2/robo_hand_ws/install/xarm_planner/lib:/home/berenic/Documents/LPRS2_2026/Robo_Hand_RS485/ROS2/robo_hand_ws/install/xarm_moveit_servo/lib:/home/berenic/Documents/LPRS2_2026/Robo_Hand_RS485/ROS2/robo_hand_ws/install/xarm_gazebo/lib:/home/berenic/Documents/LPRS2_2026/Robo_Hand_RS485/ROS2/robo_hand_ws/install/xarm_controller/lib:/home/berenic/Documents/LPRS2_2026/Robo_Hand_RS485/ROS2/robo_hand_ws/install/realsense_gazebo_plugin/lib:/opt/ros/jazzy/opt/gz_sim_vendor/lib:/opt/ros/jazzy/opt/gz_sensors_vendor/lib:/opt/ros/jazzy/opt/gz_physics_vendor/lib:/opt/ros/jazzy/opt/sdformat_vendor/lib:/opt/ros/jazzy/opt/rviz_ogre_vendor/lib:/opt/ros/jazzy/lib/x86_64-linux-gnu:/opt/ros/jazzy/opt/gz_gui_vendor/lib:/opt/ros/jazzy/opt/gz_transport_vendor/lib:/opt/ros/jazzy/opt/gz_rendering_vendor/lib:/opt/ros/jazzy/opt/gz_plugin_vendor/lib:/opt/ros/jazzy/opt/gz_fuel_tools_vendor/lib:/opt/ros/jazzy/opt/gz_msgs_vendor/lib:/opt/ros/jazzy/opt/gz_common_vendor/lib:/opt/ros/jazzy/opt/gz_math_vendor/lib:/opt/ros/jazzy/opt/gz_utils_vendor/lib:/opt/ros/jazzy/opt/gz_tools_vendor/lib:/opt/ros/jazzy/opt/gz_ogre_next_vendor/lib:/opt/ros/jazzy/opt/gz_dartsim_vendor/lib:/opt/ros/jazzy/opt/gz_cmake_vendor/lib:/opt/ros/jazzy/lib /usr/bin/cmake --install /home/berenic/Documents/LPRS2_2026/Robo_Hand_RS485/ROS2/robo_hand_ws/build/xarm_controller
[2.671s] Level 1:colcon.colcon_core.environment:checking '/home/berenic/Documents/LPRS2_2026/Robo_Hand_RS485/ROS2/robo_hand_ws/install/xarm_controller' for CMake config files
[2.671s] Level 1:colcon.colcon_core.shell:create_environment_hook('xarm_controller', 'cmake_prefix_path')
[2.672s] INFO:colcon.colcon_core.shell:Creating environment hook '/home/berenic/Documents/LPRS2_2026/Robo_Hand_RS485/ROS2/robo_hand_ws/install/xarm_controller/share/xarm_controller/hook/cmake_prefix_path.ps1'
[2.672s] INFO:colcon.colcon_core.shell:Creating environment descriptor '/home/berenic/Documents/LPRS2_2026/Robo_Hand_RS485/ROS2/robo_hand_ws/install/xarm_controller/share/xarm_controller/hook/cmake_prefix_path.dsv'
[2.673s] INFO:colcon.colcon_core.shell:Creating environment hook '/home/berenic/Documents/LPRS2_2026/Robo_Hand_RS485/ROS2/robo_hand_ws/install/xarm_controller/share/xarm_controller/hook/cmake_prefix_path.sh'
[2.674s] Level 1:colcon.colcon_core.environment:checking '/home/berenic/Documents/LPRS2_2026/Robo_Hand_RS485/ROS2/robo_hand_ws/install/xarm_controller/lib'
[2.674s] Level 1:colcon.colcon_core.shell:create_environment_hook('xarm_controller', 'ld_library_path_lib')
[2.674s] INFO:colcon.colcon_core.shell:Creating environment hook '/home/berenic/Documents/LPRS2_2026/Robo_Hand_RS485/ROS2/robo_hand_ws/install/xarm_controller/share/xarm_controller/hook/ld_library_path_lib.ps1'
[2.675s] INFO:colcon.colcon_core.shell:Creating environment descriptor '/home/berenic/Documents/LPRS2_2026/Robo_Hand_RS485/ROS2/robo_hand_ws/install/xarm_controller/share/xarm_controller/hook/ld_library_path_lib.dsv'
[2.676s] INFO:colcon.colcon_core.shell:Creating environment hook '/home/berenic/Documents/LPRS2_2026/Robo_Hand_RS485/ROS2/robo_hand_ws/install/xarm_controller/share/xarm_controller/hook/ld_library_path_lib.sh'
[2.676s] Level 1:colcon.colcon_core.environment:checking '/home/berenic/Documents/LPRS2_2026/Robo_Hand_RS485/ROS2/robo_hand_ws/install/xarm_controller/bin'
[2.676s] Level 1:colcon.colcon_core.environment:checking '/home/berenic/Documents/LPRS2_2026/Robo_Hand_RS485/ROS2/robo_hand_ws/install/xarm_controller/lib/pkgconfig/xarm_controller.pc'
[2.677s] Level 1:colcon.colcon_core.environment:checking '/home/berenic/Documents/LPRS2_2026/Robo_Hand_RS485/ROS2/robo_hand_ws/install/xarm_controller/lib/python3.12/site-packages'
[2.677s] Level 1:colcon.colcon_core.environment:checking '/home/berenic/Documents/LPRS2_2026/Robo_Hand_RS485/ROS2/robo_hand_ws/install/xarm_controller/bin'
[2.678s] INFO:colcon.colcon_core.shell:Creating package script '/home/berenic/Documents/LPRS2_2026/Robo_Hand_RS485/ROS2/robo_hand_ws/install/xarm_controller/share/xarm_controller/package.ps1'
[2.679s] INFO:colcon.colcon_core.shell:Creating package descriptor '/home/berenic/Documents/LPRS2_2026/Robo_Hand_RS485/ROS2/robo_hand_ws/install/xarm_controller/share/xarm_controller/package.dsv'
[2.679s] INFO:colcon.colcon_core.shell:Creating package script '/home/berenic/Documents/LPRS2_2026/Robo_Hand_RS485/ROS2/robo_hand_ws/install/xarm_controller/share/xarm_controller/package.sh'
[2.680s] INFO:colcon.colcon_core.shell:Creating package script '/home/berenic/Documents/LPRS2_2026/Robo_Hand_RS485/ROS2/robo_hand_ws/install/xarm_controller/share/xarm_controller/package.bash'
[2.681s] INFO:colcon.colcon_core.shell:Creating package script '/home/berenic/Documents/LPRS2_2026/Robo_Hand_RS485/ROS2/robo_hand_ws/install/xarm_controller/share/xarm_controller/package.zsh'
[2.682s] Level 1:colcon.colcon_core.environment:create_file_with_runtime_dependencies(/home/berenic/Documents/LPRS2_2026/Robo_Hand_RS485/ROS2/robo_hand_ws/install/xarm_controller/share/colcon-core/packages/xarm_controller)
[2.683s] Level 1:colcon.colcon_core.environment:create_environment_scripts_only(xarm_controller)
[2.683s] Level 1:colcon.colcon_core.environment:checking '/home/berenic/Documents/LPRS2_2026/Robo_Hand_RS485/ROS2/robo_hand_ws/install/xarm_controller' for CMake module files
[2.684s] Level 1:colcon.colcon_core.environment:checking '/home/berenic/Documents/LPRS2_2026/Robo_Hand_RS485/ROS2/robo_hand_ws/install/xarm_controller' for CMake config files
[2.685s] Level 1:colcon.colcon_core.shell:create_environment_hook('xarm_controller', 'cmake_prefix_path')
[2.685s] INFO:colcon.colcon_core.shell:Creating environment hook '/home/berenic/Documents/LPRS2_2026/Robo_Hand_RS485/ROS2/robo_hand_ws/install/xarm_controller/share/xarm_controller/hook/cmake_prefix_path.ps1'
[2.686s] INFO:colcon.colcon_core.shell:Creating environment descriptor '/home/berenic/Documents/LPRS2_2026/Robo_Hand_RS485/ROS2/robo_hand_ws/install/xarm_controller/share/xarm_controller/hook/cmake_prefix_path.dsv'
[2.686s] INFO:colcon.colcon_core.shell:Creating environment hook '/home/berenic/Documents/LPRS2_2026/Robo_Hand_RS485/ROS2/robo_hand_ws/install/xarm_controller/share/xarm_controller/hook/cmake_prefix_path.sh'
[2.687s] Level 1:colcon.colcon_core.environment:checking '/home/berenic/Documents/LPRS2_2026/Robo_Hand_RS485/ROS2/robo_hand_ws/install/xarm_controller/lib'
[2.687s] Level 1:colcon.colcon_core.shell:create_environment_hook('xarm_controller', 'ld_library_path_lib')
[2.687s] INFO:colcon.colcon_core.shell:Creating environment hook '/home/berenic/Documents/LPRS2_2026/Robo_Hand_RS485/ROS2/robo_hand_ws/install/xarm_controller/share/xarm_controller/hook/ld_library_path_lib.ps1'
[2.688s] INFO:colcon.colcon_core.shell:Creating environment descriptor '/home/berenic/Documents/LPRS2_2026/Robo_Hand_RS485/ROS2/robo_hand_ws/install/xarm_controller/share/xarm_controller/hook/ld_library_path_lib.dsv'
[2.689s] INFO:colcon.colcon_core.shell:Creating environment hook '/home/berenic/Documents/LPRS2_2026/Robo_Hand_RS485/ROS2/robo_hand_ws/install/xarm_controller/share/xarm_controller/hook/ld_library_path_lib.sh'
[2.689s] Level 1:colcon.colcon_core.environment:checking '/home/berenic/Documents/LPRS2_2026/Robo_Hand_RS485/ROS2/robo_hand_ws/install/xarm_controller/bin'
[2.689s] Level 1:colcon.colcon_core.environment:checking '/home/berenic/Documents/LPRS2_2026/Robo_Hand_RS485/ROS2/robo_hand_ws/install/xarm_controller/lib/pkgconfig/xarm_controller.pc'
[2.690s] Level 1:colcon.colcon_core.environment:checking '/home/berenic/Documents/LPRS2_2026/Robo_Hand_RS485/ROS2/robo_hand_ws/install/xarm_controller/lib/python3.12/site-packages'
[2.690s] Level 1:colcon.colcon_core.environment:checking '/home/berenic/Documents/LPRS2_2026/Robo_Hand_RS485/ROS2/robo_hand_ws/install/xarm_controller/bin'
[2.691s] INFO:colcon.colcon_core.shell:Creating package script '/home/berenic/Documents/LPRS2_2026/Robo_Hand_RS485/ROS2/robo_hand_ws/install/xarm_controller/share/xarm_controller/package.ps1'
[2.691s] INFO:colcon.colcon_core.shell:Creating package descriptor '/home/berenic/Documents/LPRS2_2026/Robo_Hand_RS485/ROS2/robo_hand_ws/install/xarm_controller/share/xarm_controller/package.dsv'
[2.692s] INFO:colcon.colcon_core.shell:Creating package script '/home/berenic/Documents/LPRS2_2026/Robo_Hand_RS485/ROS2/robo_hand_ws/install/xarm_controller/share/xarm_controller/package.sh'
[2.693s] INFO:colcon.colcon_core.shell:Creating package script '/home/berenic/Documents/LPRS2_2026/Robo_Hand_RS485/ROS2/robo_hand_ws/install/xarm_controller/share/xarm_controller/package.bash'
[2.694s] INFO:colcon.colcon_core.shell:Creating package script '/home/berenic/Documents/LPRS2_2026/Robo_Hand_RS485/ROS2/robo_hand_ws/install/xarm_controller/share/xarm_controller/package.zsh'
[2.694s] Level 1:colcon.colcon_core.environment:create_file_with_runtime_dependencies(/home/berenic/Documents/LPRS2_2026/Robo_Hand_RS485/ROS2/robo_hand_ws/install/xarm_controller/share/colcon-core/packages/xarm_controller)
[3.530s] Level 1:colcon.colcon_core.shell:create_environment_hook('uf_ros_lib', 'pythonpath_develop')
[3.531s] INFO:colcon.colcon_core.shell:Creating environment hook '/home/berenic/Documents/LPRS2_2026/Robo_Hand_RS485/ROS2/robo_hand_ws/build/uf_ros_lib/share/uf_ros_lib/hook/pythonpath_develop.ps1'
[3.531s] DEBUG:colcon.colcon_core.event_handler.log_command:Invoked command in '/home/berenic/Documents/LPRS2_2026/Robo_Hand_RS485/ROS2/robo_hand_ws/build/uf_ros_lib' returned '0': DEBUGINFOD_URLS=https://debuginfod.ubuntu.com PYTHONPATH=/home/berenic/Documents/LPRS2_2026/Robo_Hand_RS485/ROS2/robo_hand_ws/build/uf_ros_lib/prefix_override:/usr/lib/python3/dist-packages/colcon_core/task/python/colcon_distutils_commands:/home/berenic/Documents/LPRS2_2026/Robo_Hand_RS485/ROS2/robo_hand_ws/install/uf_ros_lib/lib/python3.12/site-packages:${PYTHONPATH} /usr/bin/python3 -W ignore:setup.py install is deprecated -W ignore:easy_install command is deprecated setup.py develop --editable --build-directory /home/berenic/Documents/LPRS2_2026/Robo_Hand_RS485/ROS2/robo_hand_ws/build/uf_ros_lib/build --no-deps symlink_data
[3.532s] INFO:colcon.colcon_core.shell:Creating environment descriptor '/home/berenic/Documents/LPRS2_2026/Robo_Hand_RS485/ROS2/robo_hand_ws/build/uf_ros_lib/share/uf_ros_lib/hook/pythonpath_develop.dsv'
[3.533s] INFO:colcon.colcon_core.shell:Creating environment hook '/home/berenic/Documents/LPRS2_2026/Robo_Hand_RS485/ROS2/robo_hand_ws/build/uf_ros_lib/share/uf_ros_lib/hook/pythonpath_develop.sh'
[3.533s] Level 1:colcon.colcon_core.environment:checking '/home/berenic/Documents/LPRS2_2026/Robo_Hand_RS485/ROS2/robo_hand_ws/install/uf_ros_lib' for CMake module files
[3.534s] Level 1:colcon.colcon_core.environment:checking '/home/berenic/Documents/LPRS2_2026/Robo_Hand_RS485/ROS2/robo_hand_ws/install/uf_ros_lib' for CMake config files
[3.535s] Level 1:colcon.colcon_core.environment:checking '/home/berenic/Documents/LPRS2_2026/Robo_Hand_RS485/ROS2/robo_hand_ws/install/uf_ros_lib/lib'
[3.535s] Level 1:colcon.colcon_core.environment:checking '/home/berenic/Documents/LPRS2_2026/Robo_Hand_RS485/ROS2/robo_hand_ws/install/uf_ros_lib/bin'
[3.535s] Level 1:colcon.colcon_core.environment:checking '/home/berenic/Documents/LPRS2_2026/Robo_Hand_RS485/ROS2/robo_hand_ws/install/uf_ros_lib/lib/pkgconfig/uf_ros_lib.pc'
[3.535s] Level 1:colcon.colcon_core.environment:checking '/home/berenic/Documents/LPRS2_2026/Robo_Hand_RS485/ROS2/robo_hand_ws/install/uf_ros_lib/lib/python3.12/site-packages'
[3.536s] Level 1:colcon.colcon_core.shell:create_environment_hook('uf_ros_lib', 'pythonpath')
[3.536s] INFO:colcon.colcon_core.shell:Creating environment hook '/home/berenic/Documents/LPRS2_2026/Robo_Hand_RS485/ROS2/robo_hand_ws/install/uf_ros_lib/share/uf_ros_lib/hook/pythonpath.ps1'
[3.537s] INFO:colcon.colcon_core.shell:Creating environment descriptor '/home/berenic/Documents/LPRS2_2026/Robo_Hand_RS485/ROS2/robo_hand_ws/install/uf_ros_lib/share/uf_ros_lib/hook/pythonpath.dsv'
[3.537s] INFO:colcon.colcon_core.shell:Creating environment hook '/home/berenic/Documents/LPRS2_2026/Robo_Hand_RS485/ROS2/robo_hand_ws/install/uf_ros_lib/share/uf_ros_lib/hook/pythonpath.sh'
[3.538s] Level 1:colcon.colcon_core.environment:checking '/home/berenic/Documents/LPRS2_2026/Robo_Hand_RS485/ROS2/robo_hand_ws/install/uf_ros_lib/bin'
[3.538s] Level 1:colcon.colcon_core.environment:create_environment_scripts_only(uf_ros_lib)
[3.539s] INFO:colcon.colcon_core.shell:Creating package script '/home/berenic/Documents/LPRS2_2026/Robo_Hand_RS485/ROS2/robo_hand_ws/install/uf_ros_lib/share/uf_ros_lib/package.ps1'
[3.539s] INFO:colcon.colcon_core.shell:Creating package descriptor '/home/berenic/Documents/LPRS2_2026/Robo_Hand_RS485/ROS2/robo_hand_ws/install/uf_ros_lib/share/uf_ros_lib/package.dsv'
[3.540s] INFO:colcon.colcon_core.shell:Creating package script '/home/berenic/Documents/LPRS2_2026/Robo_Hand_RS485/ROS2/robo_hand_ws/install/uf_ros_lib/share/uf_ros_lib/package.sh'
[3.541s] INFO:colcon.colcon_core.shell:Creating package script '/home/berenic/Documents/LPRS2_2026/Robo_Hand_RS485/ROS2/robo_hand_ws/install/uf_ros_lib/share/uf_ros_lib/package.bash'
[3.541s] INFO:colcon.colcon_core.shell:Creating package script '/home/berenic/Documents/LPRS2_2026/Robo_Hand_RS485/ROS2/robo_hand_ws/install/uf_ros_lib/share/uf_ros_lib/package.zsh'
[3.542s] Level 1:colcon.colcon_core.environment:create_file_with_runtime_dependencies(/home/berenic/Documents/LPRS2_2026/Robo_Hand_RS485/ROS2/robo_hand_ws/install/uf_ros_lib/share/colcon-core/packages/uf_ros_lib)
[3.543s] INFO:colcon.colcon_ros.task.ament_cmake.build:Building ROS package in '/home/berenic/Documents/LPRS2_2026/Robo_Hand_RS485/ROS2/robo_hand_ws/src/xarm_ros2/xarm_gazebo' with build type 'ament_cmake'
[3.543s] INFO:colcon.colcon_cmake.task.cmake.build:Building CMake package in '/home/berenic/Documents/LPRS2_2026/Robo_Hand_RS485/ROS2/robo_hand_ws/src/xarm_ros2/xarm_gazebo'
[3.544s] INFO:colcon.colcon_core.shell:Skip shell extension 'powershell' for command environment: Not usable outside of PowerShell
[3.544s] DEBUG:colcon.colcon_core.shell:Skip shell extension 'dsv' for command environment
[3.555s] INFO:colcon.colcon_ros.task.ament_cmake.build:Building ROS package in '/home/berenic/Documents/LPRS2_2026/Robo_Hand_RS485/ROS2/robo_hand_ws/src/xarm_ros2/demo/mbot_demo' with build type 'ament_cmake'
[3.555s] INFO:colcon.colcon_cmake.task.cmake.build:Building CMake package in '/home/berenic/Documents/LPRS2_2026/Robo_Hand_RS485/ROS2/robo_hand_ws/src/xarm_ros2/demo/mbot_demo'
[3.556s] INFO:colcon.colcon_core.shell:Skip shell extension 'powershell' for command environment: Not usable outside of PowerShell
[3.556s] DEBUG:colcon.colcon_core.shell:Skip shell extension 'dsv' for command environment
[3.574s] DEBUG:colcon.colcon_core.event_handler.log_command:Invoking command in '/home/berenic/Documents/LPRS2_2026/Robo_Hand_RS485/ROS2/robo_hand_ws/build/mbot_demo': AMENT_PREFIX_PATH=/home/berenic/Documents/LPRS2_2026/Robo_Hand_RS485/ROS2/robo_hand_ws/install/uf_ros_lib:/home/berenic/Documents/LPRS2_2026/Robo_Hand_RS485/ROS2/robo_hand_ws/install/glue_events_routines:/home/berenic/Documents/LPRS2_2026/Robo_Hand_RS485/ROS2/robo_hand_ws/install/xarm_planner:/home/berenic/Documents/LPRS2_2026/Robo_Hand_RS485/ROS2/robo_hand_ws/install/xarm_moveit_servo:/home/berenic/Documents/LPRS2_2026/Robo_Hand_RS485/ROS2/robo_hand_ws/install/xarm_moveit_config:/home/berenic/Documents/LPRS2_2026/Robo_Hand_RS485/ROS2/robo_hand_ws/install/xarm_gazebo:/home/berenic/Documents/LPRS2_2026/Robo_Hand_RS485/ROS2/robo_hand_ws/install/xarm_controller:/home/berenic/Documents/LPRS2_2026/Robo_Hand_RS485/ROS2/robo_hand_ws/install/xarm_api:/home/berenic/Documents/LPRS2_2026/Robo_Hand_RS485/ROS2/robo_hand_ws/install/xarm_sdk:/home/berenic/Documents/LPRS2_2026/Robo_Hand_RS485/ROS2/robo_hand_ws/install/xarm_msgs:/home/berenic/Documents/LPRS2_2026/Robo_Hand_RS485/ROS2/robo_hand_ws/install/xarm_description:/home/berenic/Documents/LPRS2_2026/Robo_Hand_RS485/ROS2/robo_hand_ws/install/mbot_demo:/home/berenic/Documents/LPRS2_2026/Robo_Hand_RS485/ROS2/robo_hand_ws/install/realsense_gazebo_plugin:/opt/ros/jazzy CMAKE_PREFIX_PATH=${CMAKE_PREFIX_PATH}:/home/berenic/Documents/LPRS2_2026/Robo_Hand_RS485/ROS2/robo_hand_ws/install/uf_ros_lib:/opt/ros/jazzy DEBUGINFOD_URLS=https://debuginfod.ubuntu.com PYTHONPATH=/home/berenic/Documents/LPRS2_2026/Robo_Hand_RS485/ROS2/robo_hand_ws/build/uf_ros_lib:/home/berenic/Documents/LPRS2_2026/Robo_Hand_RS485/ROS2/robo_hand_ws/install/uf_ros_lib/lib/python3.12/site-packages:/home/berenic/Documents/LPRS2_2026/Robo_Hand_RS485/ROS2/robo_hand_ws/install/xarm_msgs/lib/python3.12/site-packages:/opt/ros/jazzy/lib/python3.12/site-packages /usr/bin/cmake --build /home/berenic/Documents/LPRS2_2026/Robo_Hand_RS485/ROS2/robo_hand_ws/build/mbot_demo -- -j12 -l12
[3.587s] DEBUG:colcon.colcon_core.event_handler.log_command:Invoking command in '/home/berenic/Documents/LPRS2_2026/Robo_Hand_RS485/ROS2/robo_hand_ws/build/xarm_gazebo': AMENT_PREFIX_PATH=/home/berenic/Documents/LPRS2_2026/Robo_Hand_RS485/ROS2/robo_hand_ws/install/uf_ros_lib:/home/berenic/Documents/LPRS2_2026/Robo_Hand_RS485/ROS2/robo_hand_ws/install/glue_events_routines:/home/berenic/Documents/LPRS2_2026/Robo_Hand_RS485/ROS2/robo_hand_ws/install/xarm_planner:/home/berenic/Documents/LPRS2_2026/Robo_Hand_RS485/ROS2/robo_hand_ws/install/xarm_moveit_servo:/home/berenic/Documents/LPRS2_2026/Robo_Hand_RS485/ROS2/robo_hand_ws/install/xarm_moveit_config:/home/berenic/Documents/LPRS2_2026/Robo_Hand_RS485/ROS2/robo_hand_ws/install/xarm_gazebo:/home/berenic/Documents/LPRS2_2026/Robo_Hand_RS485/ROS2/robo_hand_ws/install/xarm_controller:/home/berenic/Documents/LPRS2_2026/Robo_Hand_RS485/ROS2/robo_hand_ws/install/xarm_api:/home/berenic/Documents/LPRS2_2026/Robo_Hand_RS485/ROS2/robo_hand_ws/install/xarm_sdk:/home/berenic/Documents/LPRS2_2026/Robo_Hand_RS485/ROS2/robo_hand_ws/install/xarm_msgs:/home/berenic/Documents/LPRS2_2026/Robo_Hand_RS485/ROS2/robo_hand_ws/install/xarm_description:/home/berenic/Documents/LPRS2_2026/Robo_Hand_RS485/ROS2/robo_hand_ws/install/mbot_demo:/home/berenic/Documents/LPRS2_2026/Robo_Hand_RS485/ROS2/robo_hand_ws/install/realsense_gazebo_plugin:/opt/ros/jazzy CMAKE_PREFIX_PATH=/home/berenic/Documents/LPRS2_2026/Robo_Hand_RS485/ROS2/robo_hand_ws/install/xarm_controller:/home/berenic/Documents/LPRS2_2026/Robo_Hand_RS485/ROS2/robo_hand_ws/install/xarm_api:/home/berenic/Documents/LPRS2_2026/Robo_Hand_RS485/ROS2/robo_hand_ws/install/xarm_sdk:/home/berenic/Documents/LPRS2_2026/Robo_Hand_RS485/ROS2/robo_hand_ws/install/xarm_msgs:/home/berenic/Documents/LPRS2_2026/Robo_Hand_RS485/ROS2/robo_hand_ws/install/xarm_description:/home/berenic/Documents/LPRS2_2026/Robo_Hand_RS485/ROS2/robo_hand_ws/install/glue_events_routines:/home/berenic/Documents/LPRS2_2026/Robo_Hand_RS485/ROS2/robo_hand_ws/install/xarm_planner:/home/berenic/Documents/LPRS2_2026/Robo_Hand_RS485/ROS2/robo_hand_ws/install/xarm_moveit_servo:/home/berenic/Documents/LPRS2_2026/Robo_Hand_RS485/ROS2/robo_hand_ws/install/xarm_moveit_config:/home/berenic/Documents/LPRS2_2026/Robo_Hand_RS485/ROS2/robo_hand_ws/install/xarm_gazebo:/home/berenic/Documents/LPRS2_2026/Robo_Hand_RS485/ROS2/robo_hand_ws/install/mbot_demo:/home/berenic/Documents/LPRS2_2026/Robo_Hand_RS485/ROS2/robo_hand_ws/install/realsense_gazebo_plugin:/opt/ros/jazzy/opt/gz_sim_vendor:/opt/ros/jazzy/opt/gz_sensors_vendor:/opt/ros/jazzy/opt/gz_physics_vendor:/opt/ros/jazzy/opt/sdformat_vendor:/opt/ros/jazzy/opt/gz_gui_vendor:/opt/ros/jazzy/opt/gz_transport_vendor:/opt/ros/jazzy/opt/gz_rendering_vendor:/opt/ros/jazzy/opt/gz_plugin_vendor:/opt/ros/jazzy/opt/gz_fuel_tools_vendor:/opt/ros/jazzy/opt/gz_msgs_vendor:/opt/ros/jazzy/opt/gz_common_vendor:/opt/ros/jazzy/opt/gz_math_vendor:/opt/ros/jazzy/opt/gz_utils_vendor:/opt/ros/jazzy/opt/gz_tools_vendor:/opt/ros/jazzy/opt/gz_ogre_next_vendor:/opt/ros/jazzy/opt/gz_dartsim_vendor:/opt/ros/jazzy/opt/gz_cmake_vendor:/home/berenic/Documents/LPRS2_2026/Robo_Hand_RS485/ROS2/robo_hand_ws/install/uf_ros_lib:/opt/ros/jazzy DEBUGINFOD_URLS=https://debuginfod.ubuntu.com LD_LIBRARY_PATH=/home/berenic/Documents/LPRS2_2026/Robo_Hand_RS485/ROS2/robo_hand_ws/install/xarm_controller/lib:/home/berenic/Documents/LPRS2_2026/Robo_Hand_RS485/ROS2/robo_hand_ws/install/xarm_api/lib:/home/berenic/Documents/LPRS2_2026/Robo_Hand_RS485/ROS2/robo_hand_ws/install/xarm_sdk/lib:/home/berenic/Documents/LPRS2_2026/Robo_Hand_RS485/ROS2/robo_hand_ws/install/xarm_msgs/lib:/home/berenic/Documents/LPRS2_2026/Robo_Hand_RS485/ROS2/robo_hand_ws/install/xarm_planner/lib:/home/berenic/Documents/LPRS2_2026/Robo_Hand_RS485/ROS2/robo_hand_ws/install/xarm_moveit_servo/lib:/home/berenic/Documents/LPRS2_2026/Robo_Hand_RS485/ROS2/robo_hand_ws/install/xarm_gazebo/lib:/home/berenic/Documents/LPRS2_2026/Robo_Hand_RS485/ROS2/robo_hand_ws/install/realsense_gazebo_plugin/lib:/opt/ros/jazzy/opt/gz_sim_vendor/lib:/opt/ros/jazzy/opt/gz_sensors_vendor/lib:/opt/ros/jazzy/opt/gz_physics_vendor/lib:/opt/ros/jazzy/opt/sdformat_vendor/lib:/opt/ros/jazzy/opt/rviz_ogre_vendor/lib:/opt/ros/jazzy/lib/x86_64-linux-gnu:/opt/ros/jazzy/opt/gz_gui_vendor/lib:/opt/ros/jazzy/opt/gz_transport_vendor/lib:/opt/ros/jazzy/opt/gz_rendering_vendor/lib:/opt/ros/jazzy/opt/gz_plugin_vendor/lib:/opt/ros/jazzy/opt/gz_fuel_tools_vendor/lib:/opt/ros/jazzy/opt/gz_msgs_vendor/lib:/opt/ros/jazzy/opt/gz_common_vendor/lib:/opt/ros/jazzy/opt/gz_math_vendor/lib:/opt/ros/jazzy/opt/gz_utils_vendor/lib:/opt/ros/jazzy/opt/gz_tools_vendor/lib:/opt/ros/jazzy/opt/gz_ogre_next_vendor/lib:/opt/ros/jazzy/opt/gz_dartsim_vendor/lib:/opt/ros/jazzy/opt/gz_cmake_vendor/lib:/opt/ros/jazzy/lib /usr/bin/cmake --build /home/berenic/Documents/LPRS2_2026/Robo_Hand_RS485/ROS2/robo_hand_ws/build/xarm_gazebo -- -j12 -l12
[3.651s] DEBUG:colcon.colcon_core.event_handler.log_command:Invoked command in '/home/berenic/Documents/LPRS2_2026/Robo_Hand_RS485/ROS2/robo_hand_ws/build/mbot_demo' returned '0': AMENT_PREFIX_PATH=/home/berenic/Documents/LPRS2_2026/Robo_Hand_RS485/ROS2/robo_hand_ws/install/uf_ros_lib:/home/berenic/Documents/LPRS2_2026/Robo_Hand_RS485/ROS2/robo_hand_ws/install/glue_events_routines:/home/berenic/Documents/LPRS2_2026/Robo_Hand_RS485/ROS2/robo_hand_ws/install/xarm_planner:/home/berenic/Documents/LPRS2_2026/Robo_Hand_RS485/ROS2/robo_hand_ws/install/xarm_moveit_servo:/home/berenic/Documents/LPRS2_2026/Robo_Hand_RS485/ROS2/robo_hand_ws/install/xarm_moveit_config:/home/berenic/Documents/LPRS2_2026/Robo_Hand_RS485/ROS2/robo_hand_ws/install/xarm_gazebo:/home/berenic/Documents/LPRS2_2026/Robo_Hand_RS485/ROS2/robo_hand_ws/install/xarm_controller:/home/berenic/Documents/LPRS2_2026/Robo_Hand_RS485/ROS2/robo_hand_ws/install/xarm_api:/home/berenic/Documents/LPRS2_2026/Robo_Hand_RS485/ROS2/robo_hand_ws/install/xarm_sdk:/home/berenic/Documents/LPRS2_2026/Robo_Hand_RS485/ROS2/robo_hand_ws/install/xarm_msgs:/home/berenic/Documents/LPRS2_2026/Robo_Hand_RS485/ROS2/robo_hand_ws/install/xarm_description:/home/berenic/Documents/LPRS2_2026/Robo_Hand_RS485/ROS2/robo_hand_ws/install/mbot_demo:/home/berenic/Documents/LPRS2_2026/Robo_Hand_RS485/ROS2/robo_hand_ws/install/realsense_gazebo_plugin:/opt/ros/jazzy CMAKE_PREFIX_PATH=${CMAKE_PREFIX_PATH}:/home/berenic/Documents/LPRS2_2026/Robo_Hand_RS485/ROS2/robo_hand_ws/install/uf_ros_lib:/opt/ros/jazzy DEBUGINFOD_URLS=https://debuginfod.ubuntu.com PYTHONPATH=/home/berenic/Documents/LPRS2_2026/Robo_Hand_RS485/ROS2/robo_hand_ws/build/uf_ros_lib:/home/berenic/Documents/LPRS2_2026/Robo_Hand_RS485/ROS2/robo_hand_ws/install/uf_ros_lib/lib/python3.12/site-packages:/home/berenic/Documents/LPRS2_2026/Robo_Hand_RS485/ROS2/robo_hand_ws/install/xarm_msgs/lib/python3.12/site-packages:/opt/ros/jazzy/lib/python3.12/site-packages /usr/bin/cmake --build /home/berenic/Documents/LPRS2_2026/Robo_Hand_RS485/ROS2/robo_hand_ws/build/mbot_demo -- -j12 -l12
[3.653s] DEBUG:colcon.colcon_core.event_handler.log_command:Invoking command in '/home/berenic/Documents/LPRS2_2026/Robo_Hand_RS485/ROS2/robo_hand_ws/build/mbot_demo': AMENT_PREFIX_PATH=/home/berenic/Documents/LPRS2_2026/Robo_Hand_RS485/ROS2/robo_hand_ws/install/uf_ros_lib:/home/berenic/Documents/LPRS2_2026/Robo_Hand_RS485/ROS2/robo_hand_ws/install/glue_events_routines:/home/berenic/Documents/LPRS2_2026/Robo_Hand_RS485/ROS2/robo_hand_ws/install/xarm_planner:/home/berenic/Documents/LPRS2_2026/Robo_Hand_RS485/ROS2/robo_hand_ws/install/xarm_moveit_servo:/home/berenic/Documents/LPRS2_2026/Robo_Hand_RS485/ROS2/robo_hand_ws/install/xarm_moveit_config:/home/berenic/Documents/LPRS2_2026/Robo_Hand_RS485/ROS2/robo_hand_ws/install/xarm_gazebo:/home/berenic/Documents/LPRS2_2026/Robo_Hand_RS485/ROS2/robo_hand_ws/install/xarm_controller:/home/berenic/Documents/LPRS2_2026/Robo_Hand_RS485/ROS2/robo_hand_ws/install/xarm_api:/home/berenic/Documents/LPRS2_2026/Robo_Hand_RS485/ROS2/robo_hand_ws/install/xarm_sdk:/home/berenic/Documents/LPRS2_2026/Robo_Hand_RS485/ROS2/robo_hand_ws/install/xarm_msgs:/home/berenic/Documents/LPRS2_2026/Robo_Hand_RS485/ROS2/robo_hand_ws/install/xarm_description:/home/berenic/Documents/LPRS2_2026/Robo_Hand_RS485/ROS2/robo_hand_ws/install/mbot_demo:/home/berenic/Documents/LPRS2_2026/Robo_Hand_RS485/ROS2/robo_hand_ws/install/realsense_gazebo_plugin:/opt/ros/jazzy CMAKE_PREFIX_PATH=${CMAKE_PREFIX_PATH}:/home/berenic/Documents/LPRS2_2026/Robo_Hand_RS485/ROS2/robo_hand_ws/install/uf_ros_lib:/opt/ros/jazzy DEBUGINFOD_URLS=https://debuginfod.ubuntu.com PYTHONPATH=/home/berenic/Documents/LPRS2_2026/Robo_Hand_RS485/ROS2/robo_hand_ws/build/uf_ros_lib:/home/berenic/Documents/LPRS2_2026/Robo_Hand_RS485/ROS2/robo_hand_ws/install/uf_ros_lib/lib/python3.12/site-packages:/home/berenic/Documents/LPRS2_2026/Robo_Hand_RS485/ROS2/robo_hand_ws/install/xarm_msgs/lib/python3.12/site-packages:/opt/ros/jazzy/lib/python3.12/site-packages /usr/bin/cmake --install /home/berenic/Documents/LPRS2_2026/Robo_Hand_RS485/ROS2/robo_hand_ws/build/mbot_demo
[3.702s] Level 1:colcon.colcon_core.environment:create_environment_scripts_only(mbot_demo)
[3.703s] Level 1:colcon.colcon_core.environment:checking '/home/berenic/Documents/LPRS2_2026/Robo_Hand_RS485/ROS2/robo_hand_ws/install/mbot_demo' for CMake module files
[3.704s] DEBUG:colcon.colcon_core.event_handler.log_command:Invoked command in '/home/berenic/Documents/LPRS2_2026/Robo_Hand_RS485/ROS2/robo_hand_ws/build/mbot_demo' returned '0': AMENT_PREFIX_PATH=/home/berenic/Documents/LPRS2_2026/Robo_Hand_RS485/ROS2/robo_hand_ws/install/uf_ros_lib:/home/berenic/Documents/LPRS2_2026/Robo_Hand_RS485/ROS2/robo_hand_ws/install/glue_events_routines:/home/berenic/Documents/LPRS2_2026/Robo_Hand_RS485/ROS2/robo_hand_ws/install/xarm_planner:/home/berenic/Documents/LPRS2_2026/Robo_Hand_RS485/ROS2/robo_hand_ws/install/xarm_moveit_servo:/home/berenic/Documents/LPRS2_2026/Robo_Hand_RS485/ROS2/robo_hand_ws/install/xarm_moveit_config:/home/berenic/Documents/LPRS2_2026/Robo_Hand_RS485/ROS2/robo_hand_ws/install/xarm_gazebo:/home/berenic/Documents/LPRS2_2026/Robo_Hand_RS485/ROS2/robo_hand_ws/install/xarm_controller:/home/berenic/Documents/LPRS2_2026/Robo_Hand_RS485/ROS2/robo_hand_ws/install/xarm_api:/home/berenic/Documents/LPRS2_2026/Robo_Hand_RS485/ROS2/robo_hand_ws/install/xarm_sdk:/home/berenic/Documents/LPRS2_2026/Robo_Hand_RS485/ROS2/robo_hand_ws/install/xarm_msgs:/home/berenic/Documents/LPRS2_2026/Robo_Hand_RS485/ROS2/robo_hand_ws/install/xarm_description:/home/berenic/Documents/LPRS2_2026/Robo_Hand_RS485/ROS2/robo_hand_ws/install/mbot_demo:/home/berenic/Documents/LPRS2_2026/Robo_Hand_RS485/ROS2/robo_hand_ws/install/realsense_gazebo_plugin:/opt/ros/jazzy CMAKE_PREFIX_PATH=${CMAKE_PREFIX_PATH}:/home/berenic/Documents/LPRS2_2026/Robo_Hand_RS485/ROS2/robo_hand_ws/install/uf_ros_lib:/opt/ros/jazzy DEBUGINFOD_URLS=https://debuginfod.ubuntu.com PYTHONPATH=/home/berenic/Documents/LPRS2_2026/Robo_Hand_RS485/ROS2/robo_hand_ws/build/uf_ros_lib:/home/berenic/Documents/LPRS2_2026/Robo_Hand_RS485/ROS2/robo_hand_ws/install/uf_ros_lib/lib/python3.12/site-packages:/home/berenic/Documents/LPRS2_2026/Robo_Hand_RS485/ROS2/robo_hand_ws/install/xarm_msgs/lib/python3.12/site-packages:/opt/ros/jazzy/lib/python3.12/site-packages /usr/bin/cmake --install /home/berenic/Documents/LPRS2_2026/Robo_Hand_RS485/ROS2/robo_hand_ws/build/mbot_demo
[3.705s] Level 1:colcon.colcon_core.environment:checking '/home/berenic/Documents/LPRS2_2026/Robo_Hand_RS485/ROS2/robo_hand_ws/install/mbot_demo' for CMake config files
[3.705s] Level 1:colcon.colcon_core.shell:create_environment_hook('mbot_demo', 'cmake_prefix_path')
[3.705s] INFO:colcon.colcon_core.shell:Creating environment hook '/home/berenic/Documents/LPRS2_2026/Robo_Hand_RS485/ROS2/robo_hand_ws/install/mbot_demo/share/mbot_demo/hook/cmake_prefix_path.ps1'
[3.706s] INFO:colcon.colcon_core.shell:Creating environment descriptor '/home/berenic/Documents/LPRS2_2026/Robo_Hand_RS485/ROS2/robo_hand_ws/install/mbot_demo/share/mbot_demo/hook/cmake_prefix_path.dsv'
[3.707s] INFO:colcon.colcon_core.shell:Creating environment hook '/home/berenic/Documents/LPRS2_2026/Robo_Hand_RS485/ROS2/robo_hand_ws/install/mbot_demo/share/mbot_demo/hook/cmake_prefix_path.sh'
[3.708s] Level 1:colcon.colcon_core.environment:checking '/home/berenic/Documents/LPRS2_2026/Robo_Hand_RS485/ROS2/robo_hand_ws/install/mbot_demo/bin'
[3.708s] Level 1:colcon.colcon_core.environment:checking '/home/berenic/Documents/LPRS2_2026/Robo_Hand_RS485/ROS2/robo_hand_ws/install/mbot_demo/lib/pkgconfig/mbot_demo.pc'
[3.708s] Level 1:colcon.colcon_core.environment:checking '/home/berenic/Documents/LPRS2_2026/Robo_Hand_RS485/ROS2/robo_hand_ws/install/mbot_demo/lib/python3.12/site-packages'
[3.709s] Level 1:colcon.colcon_core.environment:checking '/home/berenic/Documents/LPRS2_2026/Robo_Hand_RS485/ROS2/robo_hand_ws/install/mbot_demo/bin'
[3.709s] INFO:colcon.colcon_core.shell:Creating package script '/home/berenic/Documents/LPRS2_2026/Robo_Hand_RS485/ROS2/robo_hand_ws/install/mbot_demo/share/mbot_demo/package.ps1'
[3.710s] INFO:colcon.colcon_core.shell:Creating package descriptor '/home/berenic/Documents/LPRS2_2026/Robo_Hand_RS485/ROS2/robo_hand_ws/install/mbot_demo/share/mbot_demo/package.dsv'
[3.711s] INFO:colcon.colcon_core.shell:Creating package script '/home/berenic/Documents/LPRS2_2026/Robo_Hand_RS485/ROS2/robo_hand_ws/install/mbot_demo/share/mbot_demo/package.sh'
[3.711s] INFO:colcon.colcon_core.shell:Creating package script '/home/berenic/Documents/LPRS2_2026/Robo_Hand_RS485/ROS2/robo_hand_ws/install/mbot_demo/share/mbot_demo/package.bash'
[3.712s] INFO:colcon.colcon_core.shell:Creating package script '/home/berenic/Documents/LPRS2_2026/Robo_Hand_RS485/ROS2/robo_hand_ws/install/mbot_demo/share/mbot_demo/package.zsh'
[3.713s] Level 1:colcon.colcon_core.environment:create_file_with_runtime_dependencies(/home/berenic/Documents/LPRS2_2026/Robo_Hand_RS485/ROS2/robo_hand_ws/install/mbot_demo/share/colcon-core/packages/mbot_demo)
[3.714s] Level 1:colcon.colcon_core.environment:create_environment_scripts_only(mbot_demo)
[3.714s] Level 1:colcon.colcon_core.environment:checking '/home/berenic/Documents/LPRS2_2026/Robo_Hand_RS485/ROS2/robo_hand_ws/install/mbot_demo' for CMake module files
[3.715s] Level 1:colcon.colcon_core.environment:checking '/home/berenic/Documents/LPRS2_2026/Robo_Hand_RS485/ROS2/robo_hand_ws/install/mbot_demo' for CMake config files
[3.715s] Level 1:colcon.colcon_core.shell:create_environment_hook('mbot_demo', 'cmake_prefix_path')
[3.716s] INFO:colcon.colcon_core.shell:Creating environment hook '/home/berenic/Documents/LPRS2_2026/Robo_Hand_RS485/ROS2/robo_hand_ws/install/mbot_demo/share/mbot_demo/hook/cmake_prefix_path.ps1'
[3.716s] INFO:colcon.colcon_core.shell:Creating environment descriptor '/home/berenic/Documents/LPRS2_2026/Robo_Hand_RS485/ROS2/robo_hand_ws/install/mbot_demo/share/mbot_demo/hook/cmake_prefix_path.dsv'
[3.717s] INFO:colcon.colcon_core.shell:Creating environment hook '/home/berenic/Documents/LPRS2_2026/Robo_Hand_RS485/ROS2/robo_hand_ws/install/mbot_demo/share/mbot_demo/hook/cmake_prefix_path.sh'
[3.718s] Level 1:colcon.colcon_core.environment:checking '/home/berenic/Documents/LPRS2_2026/Robo_Hand_RS485/ROS2/robo_hand_ws/install/mbot_demo/bin'
[3.718s] Level 1:colcon.colcon_core.environment:checking '/home/berenic/Documents/LPRS2_2026/Robo_Hand_RS485/ROS2/robo_hand_ws/install/mbot_demo/lib/pkgconfig/mbot_demo.pc'
[3.718s] Level 1:colcon.colcon_core.environment:checking '/home/berenic/Documents/LPRS2_2026/Robo_Hand_RS485/ROS2/robo_hand_ws/install/mbot_demo/lib/python3.12/site-packages'
[3.719s] Level 1:colcon.colcon_core.environment:checking '/home/berenic/Documents/LPRS2_2026/Robo_Hand_RS485/ROS2/robo_hand_ws/install/mbot_demo/bin'
[3.719s] INFO:colcon.colcon_core.shell:Creating package script '/home/berenic/Documents/LPRS2_2026/Robo_Hand_RS485/ROS2/robo_hand_ws/install/mbot_demo/share/mbot_demo/package.ps1'
[3.720s] INFO:colcon.colcon_core.shell:Creating package descriptor '/home/berenic/Documents/LPRS2_2026/Robo_Hand_RS485/ROS2/robo_hand_ws/install/mbot_demo/share/mbot_demo/package.dsv'
[3.721s] INFO:colcon.colcon_core.shell:Creating package script '/home/berenic/Documents/LPRS2_2026/Robo_Hand_RS485/ROS2/robo_hand_ws/install/mbot_demo/share/mbot_demo/package.sh'
[3.722s] INFO:colcon.colcon_core.shell:Creating package script '/home/berenic/Documents/LPRS2_2026/Robo_Hand_RS485/ROS2/robo_hand_ws/install/mbot_demo/share/mbot_demo/package.bash'
[3.723s] INFO:colcon.colcon_core.shell:Creating package script '/home/berenic/Documents/LPRS2_2026/Robo_Hand_RS485/ROS2/robo_hand_ws/install/mbot_demo/share/mbot_demo/package.zsh'
[3.723s] Level 1:colcon.colcon_core.environment:create_file_with_runtime_dependencies(/home/berenic/Documents/LPRS2_2026/Robo_Hand_RS485/ROS2/robo_hand_ws/install/mbot_demo/share/colcon-core/packages/mbot_demo)
[3.726s] DEBUG:colcon.colcon_core.event_handler.log_command:Invoked command in '/home/berenic/Documents/LPRS2_2026/Robo_Hand_RS485/ROS2/robo_hand_ws/build/xarm_gazebo' returned '0': AMENT_PREFIX_PATH=/home/berenic/Documents/LPRS2_2026/Robo_Hand_RS485/ROS2/robo_hand_ws/install/uf_ros_lib:/home/berenic/Documents/LPRS2_2026/Robo_Hand_RS485/ROS2/robo_hand_ws/install/glue_events_routines:/home/berenic/Documents/LPRS2_2026/Robo_Hand_RS485/ROS2/robo_hand_ws/install/xarm_planner:/home/berenic/Documents/LPRS2_2026/Robo_Hand_RS485/ROS2/robo_hand_ws/install/xarm_moveit_servo:/home/berenic/Documents/LPRS2_2026/Robo_Hand_RS485/ROS2/robo_hand_ws/install/xarm_moveit_config:/home/berenic/Documents/LPRS2_2026/Robo_Hand_RS485/ROS2/robo_hand_ws/install/xarm_gazebo:/home/berenic/Documents/LPRS2_2026/Robo_Hand_RS485/ROS2/robo_hand_ws/install/xarm_controller:/home/berenic/Documents/LPRS2_2026/Robo_Hand_RS485/ROS2/robo_hand_ws/install/xarm_api:/home/berenic/Documents/LPRS2_2026/Robo_Hand_RS485/ROS2/robo_hand_ws/install/xarm_sdk:/home/berenic/Documents/LPRS2_2026/Robo_Hand_RS485/ROS2/robo_hand_ws/install/xarm_msgs:/home/berenic/Documents/LPRS2_2026/Robo_Hand_RS485/ROS2/robo_hand_ws/install/xarm_description:/home/berenic/Documents/LPRS2_2026/Robo_Hand_RS485/ROS2/robo_hand_ws/install/mbot_demo:/home/berenic/Documents/LPRS2_2026/Robo_Hand_RS485/ROS2/robo_hand_ws/install/realsense_gazebo_plugin:/opt/ros/jazzy CMAKE_PREFIX_PATH=/home/berenic/Documents/LPRS2_2026/Robo_Hand_RS485/ROS2/robo_hand_ws/install/xarm_controller:/home/berenic/Documents/LPRS2_2026/Robo_Hand_RS485/ROS2/robo_hand_ws/install/xarm_api:/home/berenic/Documents/LPRS2_2026/Robo_Hand_RS485/ROS2/robo_hand_ws/install/xarm_sdk:/home/berenic/Documents/LPRS2_2026/Robo_Hand_RS485/ROS2/robo_hand_ws/install/xarm_msgs:/home/berenic/Documents/LPRS2_2026/Robo_Hand_RS485/ROS2/robo_hand_ws/install/xarm_description:/home/berenic/Documents/LPRS2_2026/Robo_Hand_RS485/ROS2/robo_hand_ws/install/glue_events_routines:/home/berenic/Documents/LPRS2_2026/Robo_Hand_RS485/ROS2/robo_hand_ws/install/xarm_planner:/home/berenic/Documents/LPRS2_2026/Robo_Hand_RS485/ROS2/robo_hand_ws/install/xarm_moveit_servo:/home/berenic/Documents/LPRS2_2026/Robo_Hand_RS485/ROS2/robo_hand_ws/install/xarm_moveit_config:/home/berenic/Documents/LPRS2_2026/Robo_Hand_RS485/ROS2/robo_hand_ws/install/xarm_gazebo:/home/berenic/Documents/LPRS2_2026/Robo_Hand_RS485/ROS2/robo_hand_ws/install/mbot_demo:/home/berenic/Documents/LPRS2_2026/Robo_Hand_RS485/ROS2/robo_hand_ws/install/realsense_gazebo_plugin:/opt/ros/jazzy/opt/gz_sim_vendor:/opt/ros/jazzy/opt/gz_sensors_vendor:/opt/ros/jazzy/opt/gz_physics_vendor:/opt/ros/jazzy/opt/sdformat_vendor:/opt/ros/jazzy/opt/gz_gui_vendor:/opt/ros/jazzy/opt/gz_transport_vendor:/opt/ros/jazzy/opt/gz_rendering_vendor:/opt/ros/jazzy/opt/gz_plugin_vendor:/opt/ros/jazzy/opt/gz_fuel_tools_vendor:/opt/ros/jazzy/opt/gz_msgs_vendor:/opt/ros/jazzy/opt/gz_common_vendor:/opt/ros/jazzy/opt/gz_math_vendor:/opt/ros/jazzy/opt/gz_utils_vendor:/opt/ros/jazzy/opt/gz_tools_vendor:/opt/ros/jazzy/opt/gz_ogre_next_vendor:/opt/ros/jazzy/opt/gz_dartsim_vendor:/opt/ros/jazzy/opt/gz_cmake_vendor:/home/berenic/Documents/LPRS2_2026/Robo_Hand_RS485/ROS2/robo_hand_ws/install/uf_ros_lib:/opt/ros/jazzy DEBUGINFOD_URLS=https://debuginfod.ubuntu.com LD_LIBRARY_PATH=/home/berenic/Documents/LPRS2_2026/Robo_Hand_RS485/ROS2/robo_hand_ws/install/xarm_controller/lib:/home/berenic/Documents/LPRS2_2026/Robo_Hand_RS485/ROS2/robo_hand_ws/install/xarm_api/lib:/home/berenic/Documents/LPRS2_2026/Robo_Hand_RS485/ROS2/robo_hand_ws/install/xarm_sdk/lib:/home/berenic/Documents/LPRS2_2026/Robo_Hand_RS485/ROS2/robo_hand_ws/install/xarm_msgs/lib:/home/berenic/Documents/LPRS2_2026/Robo_Hand_RS485/ROS2/robo_hand_ws/install/xarm_planner/lib:/home/berenic/Documents/LPRS2_2026/Robo_Hand_RS485/ROS2/robo_hand_ws/install/xarm_moveit_servo/lib:/home/berenic/Documents/LPRS2_2026/Robo_Hand_RS485/ROS2/robo_hand_ws/install/xarm_gazebo/lib:/home/berenic/Documents/LPRS2_2026/Robo_Hand_RS485/ROS2/robo_hand_ws/install/realsense_gazebo_plugin/lib:/opt/ros/jazzy/opt/gz_sim_vendor/lib:/opt/ros/jazzy/opt/gz_sensors_vendor/lib:/opt/ros/jazzy/opt/gz_physics_vendor/lib:/opt/ros/jazzy/opt/sdformat_vendor/lib:/opt/ros/jazzy/opt/rviz_ogre_vendor/lib:/opt/ros/jazzy/lib/x86_64-linux-gnu:/opt/ros/jazzy/opt/gz_gui_vendor/lib:/opt/ros/jazzy/opt/gz_transport_vendor/lib:/opt/ros/jazzy/opt/gz_rendering_vendor/lib:/opt/ros/jazzy/opt/gz_plugin_vendor/lib:/opt/ros/jazzy/opt/gz_fuel_tools_vendor/lib:/opt/ros/jazzy/opt/gz_msgs_vendor/lib:/opt/ros/jazzy/opt/gz_common_vendor/lib:/opt/ros/jazzy/opt/gz_math_vendor/lib:/opt/ros/jazzy/opt/gz_utils_vendor/lib:/opt/ros/jazzy/opt/gz_tools_vendor/lib:/opt/ros/jazzy/opt/gz_ogre_next_vendor/lib:/opt/ros/jazzy/opt/gz_dartsim_vendor/lib:/opt/ros/jazzy/opt/gz_cmake_vendor/lib:/opt/ros/jazzy/lib /usr/bin/cmake --build /home/berenic/Documents/LPRS2_2026/Robo_Hand_RS485/ROS2/robo_hand_ws/build/xarm_gazebo -- -j12 -l12
[3.728s] DEBUG:colcon.colcon_core.event_handler.log_command:Invoking command in '/home/berenic/Documents/LPRS2_2026/Robo_Hand_RS485/ROS2/robo_hand_ws/build/xarm_gazebo': AMENT_PREFIX_PATH=/home/berenic/Documents/LPRS2_2026/Robo_Hand_RS485/ROS2/robo_hand_ws/install/uf_ros_lib:/home/berenic/Documents/LPRS2_2026/Robo_Hand_RS485/ROS2/robo_hand_ws/install/glue_events_routines:/home/berenic/Documents/LPRS2_2026/Robo_Hand_RS485/ROS2/robo_hand_ws/install/xarm_planner:/home/berenic/Documents/LPRS2_2026/Robo_Hand_RS485/ROS2/robo_hand_ws/install/xarm_moveit_servo:/home/berenic/Documents/LPRS2_2026/Robo_Hand_RS485/ROS2/robo_hand_ws/install/xarm_moveit_config:/home/berenic/Documents/LPRS2_2026/Robo_Hand_RS485/ROS2/robo_hand_ws/install/xarm_gazebo:/home/berenic/Documents/LPRS2_2026/Robo_Hand_RS485/ROS2/robo_hand_ws/install/xarm_controller:/home/berenic/Documents/LPRS2_2026/Robo_Hand_RS485/ROS2/robo_hand_ws/install/xarm_api:/home/berenic/Documents/LPRS2_2026/Robo_Hand_RS485/ROS2/robo_hand_ws/install/xarm_sdk:/home/berenic/Documents/LPRS2_2026/Robo_Hand_RS485/ROS2/robo_hand_ws/install/xarm_msgs:/home/berenic/Documents/LPRS2_2026/Robo_Hand_RS485/ROS2/robo_hand_ws/install/xarm_description:/home/berenic/Documents/LPRS2_2026/Robo_Hand_RS485/ROS2/robo_hand_ws/install/mbot_demo:/home/berenic/Documents/LPRS2_2026/Robo_Hand_RS485/ROS2/robo_hand_ws/install/realsense_gazebo_plugin:/opt/ros/jazzy CMAKE_PREFIX_PATH=/home/berenic/Documents/LPRS2_2026/Robo_Hand_RS485/ROS2/robo_hand_ws/install/xarm_controller:/home/berenic/Documents/LPRS2_2026/Robo_Hand_RS485/ROS2/robo_hand_ws/install/xarm_api:/home/berenic/Documents/LPRS2_2026/Robo_Hand_RS485/ROS2/robo_hand_ws/install/xarm_sdk:/home/berenic/Documents/LPRS2_2026/Robo_Hand_RS485/ROS2/robo_hand_ws/install/xarm_msgs:/home/berenic/Documents/LPRS2_2026/Robo_Hand_RS485/ROS2/robo_hand_ws/install/xarm_description:/home/berenic/Documents/LPRS2_2026/Robo_Hand_RS485/ROS2/robo_hand_ws/install/glue_events_routines:/home/berenic/Documents/LPRS2_2026/Robo_Hand_RS485/ROS2/robo_hand_ws/install/xarm_planner:/home/berenic/Documents/LPRS2_2026/Robo_Hand_RS485/ROS2/robo_hand_ws/install/xarm_moveit_servo:/home/berenic/Documents/LPRS2_2026/Robo_Hand_RS485/ROS2/robo_hand_ws/install/xarm_moveit_config:/home/berenic/Documents/LPRS2_2026/Robo_Hand_RS485/ROS2/robo_hand_ws/install/xarm_gazebo:/home/berenic/Documents/LPRS2_2026/Robo_Hand_RS485/ROS2/robo_hand_ws/install/mbot_demo:/home/berenic/Documents/LPRS2_2026/Robo_Hand_RS485/ROS2/robo_hand_ws/install/realsense_gazebo_plugin:/opt/ros/jazzy/opt/gz_sim_vendor:/opt/ros/jazzy/opt/gz_sensors_vendor:/opt/ros/jazzy/opt/gz_physics_vendor:/opt/ros/jazzy/opt/sdformat_vendor:/opt/ros/jazzy/opt/gz_gui_vendor:/opt/ros/jazzy/opt/gz_transport_vendor:/opt/ros/jazzy/opt/gz_rendering_vendor:/opt/ros/jazzy/opt/gz_plugin_vendor:/opt/ros/jazzy/opt/gz_fuel_tools_vendor:/opt/ros/jazzy/opt/gz_msgs_vendor:/opt/ros/jazzy/opt/gz_common_vendor:/opt/ros/jazzy/opt/gz_math_vendor:/opt/ros/jazzy/opt/gz_utils_vendor:/opt/ros/jazzy/opt/gz_tools_vendor:/opt/ros/jazzy/opt/gz_ogre_next_vendor:/opt/ros/jazzy/opt/gz_dartsim_vendor:/opt/ros/jazzy/opt/gz_cmake_vendor:/home/berenic/Documents/LPRS2_2026/Robo_Hand_RS485/ROS2/robo_hand_ws/install/uf_ros_lib:/opt/ros/jazzy DEBUGINFOD_URLS=https://debuginfod.ubuntu.com LD_LIBRARY_PATH=/home/berenic/Documents/LPRS2_2026/Robo_Hand_RS485/ROS2/robo_hand_ws/install/xarm_controller/lib:/home/berenic/Documents/LPRS2_2026/Robo_Hand_RS485/ROS2/robo_hand_ws/install/xarm_api/lib:/home/berenic/Documents/LPRS2_2026/Robo_Hand_RS485/ROS2/robo_hand_ws/install/xarm_sdk/lib:/home/berenic/Documents/LPRS2_2026/Robo_Hand_RS485/ROS2/robo_hand_ws/install/xarm_msgs/lib:/home/berenic/Documents/LPRS2_2026/Robo_Hand_RS485/ROS2/robo_hand_ws/install/xarm_planner/lib:/home/berenic/Documents/LPRS2_2026/Robo_Hand_RS485/ROS2/robo_hand_ws/install/xarm_moveit_servo/lib:/home/berenic/Documents/LPRS2_2026/Robo_Hand_RS485/ROS2/robo_hand_ws/install/xarm_gazebo/lib:/home/berenic/Documents/LPRS2_2026/Robo_Hand_RS485/ROS2/robo_hand_ws/install/realsense_gazebo_plugin/lib:/opt/ros/jazzy/opt/gz_sim_vendor/lib:/opt/ros/jazzy/opt/gz_sensors_vendor/lib:/opt/ros/jazzy/opt/gz_physics_vendor/lib:/opt/ros/jazzy/opt/sdformat_vendor/lib:/opt/ros/jazzy/opt/rviz_ogre_vendor/lib:/opt/ros/jazzy/lib/x86_64-linux-gnu:/opt/ros/jazzy/opt/gz_gui_vendor/lib:/opt/ros/jazzy/opt/gz_transport_vendor/lib:/opt/ros/jazzy/opt/gz_rendering_vendor/lib:/opt/ros/jazzy/opt/gz_plugin_vendor/lib:/opt/ros/jazzy/opt/gz_fuel_tools_vendor/lib:/opt/ros/jazzy/opt/gz_msgs_vendor/lib:/opt/ros/jazzy/opt/gz_common_vendor/lib:/opt/ros/jazzy/opt/gz_math_vendor/lib:/opt/ros/jazzy/opt/gz_utils_vendor/lib:/opt/ros/jazzy/opt/gz_tools_vendor/lib:/opt/ros/jazzy/opt/gz_ogre_next_vendor/lib:/opt/ros/jazzy/opt/gz_dartsim_vendor/lib:/opt/ros/jazzy/opt/gz_cmake_vendor/lib:/opt/ros/jazzy/lib /usr/bin/cmake --install /home/berenic/Documents/LPRS2_2026/Robo_Hand_RS485/ROS2/robo_hand_ws/build/xarm_gazebo
[3.776s] Level 1:colcon.colcon_core.environment:create_environment_scripts_only(xarm_gazebo)
[3.777s] Level 1:colcon.colcon_core.environment:checking '/home/berenic/Documents/LPRS2_2026/Robo_Hand_RS485/ROS2/robo_hand_ws/install/xarm_gazebo' for CMake module files
[3.778s] DEBUG:colcon.colcon_core.event_handler.log_command:Invoked command in '/home/berenic/Documents/LPRS2_2026/Robo_Hand_RS485/ROS2/robo_hand_ws/build/xarm_gazebo' returned '0': AMENT_PREFIX_PATH=/home/berenic/Documents/LPRS2_2026/Robo_Hand_RS485/ROS2/robo_hand_ws/install/uf_ros_lib:/home/berenic/Documents/LPRS2_2026/Robo_Hand_RS485/ROS2/robo_hand_ws/install/glue_events_routines:/home/berenic/Documents/LPRS2_2026/Robo_Hand_RS485/ROS2/robo_hand_ws/install/xarm_planner:/home/berenic/Documents/LPRS2_2026/Robo_Hand_RS485/ROS2/robo_hand_ws/install/xarm_moveit_servo:/home/berenic/Documents/LPRS2_2026/Robo_Hand_RS485/ROS2/robo_hand_ws/install/xarm_moveit_config:/home/berenic/Documents/LPRS2_2026/Robo_Hand_RS485/ROS2/robo_hand_ws/install/xarm_gazebo:/home/berenic/Documents/LPRS2_2026/Robo_Hand_RS485/ROS2/robo_hand_ws/install/xarm_controller:/home/berenic/Documents/LPRS2_2026/Robo_Hand_RS485/ROS2/robo_hand_ws/install/xarm_api:/home/berenic/Documents/LPRS2_2026/Robo_Hand_RS485/ROS2/robo_hand_ws/install/xarm_sdk:/home/berenic/Documents/LPRS2_2026/Robo_Hand_RS485/ROS2/robo_hand_ws/install/xarm_msgs:/home/berenic/Documents/LPRS2_2026/Robo_Hand_RS485/ROS2/robo_hand_ws/install/xarm_description:/home/berenic/Documents/LPRS2_2026/Robo_Hand_RS485/ROS2/robo_hand_ws/install/mbot_demo:/home/berenic/Documents/LPRS2_2026/Robo_Hand_RS485/ROS2/robo_hand_ws/install/realsense_gazebo_plugin:/opt/ros/jazzy CMAKE_PREFIX_PATH=/home/berenic/Documents/LPRS2_2026/Robo_Hand_RS485/ROS2/robo_hand_ws/install/xarm_controller:/home/berenic/Documents/LPRS2_2026/Robo_Hand_RS485/ROS2/robo_hand_ws/install/xarm_api:/home/berenic/Documents/LPRS2_2026/Robo_Hand_RS485/ROS2/robo_hand_ws/install/xarm_sdk:/home/berenic/Documents/LPRS2_2026/Robo_Hand_RS485/ROS2/robo_hand_ws/install/xarm_msgs:/home/berenic/Documents/LPRS2_2026/Robo_Hand_RS485/ROS2/robo_hand_ws/install/xarm_description:/home/berenic/Documents/LPRS2_2026/Robo_Hand_RS485/ROS2/robo_hand_ws/install/glue_events_routines:/home/berenic/Documents/LPRS2_2026/Robo_Hand_RS485/ROS2/robo_hand_ws/install/xarm_planner:/home/berenic/Documents/LPRS2_2026/Robo_Hand_RS485/ROS2/robo_hand_ws/install/xarm_moveit_servo:/home/berenic/Documents/LPRS2_2026/Robo_Hand_RS485/ROS2/robo_hand_ws/install/xarm_moveit_config:/home/berenic/Documents/LPRS2_2026/Robo_Hand_RS485/ROS2/robo_hand_ws/install/xarm_gazebo:/home/berenic/Documents/LPRS2_2026/Robo_Hand_RS485/ROS2/robo_hand_ws/install/mbot_demo:/home/berenic/Documents/LPRS2_2026/Robo_Hand_RS485/ROS2/robo_hand_ws/install/realsense_gazebo_plugin:/opt/ros/jazzy/opt/gz_sim_vendor:/opt/ros/jazzy/opt/gz_sensors_vendor:/opt/ros/jazzy/opt/gz_physics_vendor:/opt/ros/jazzy/opt/sdformat_vendor:/opt/ros/jazzy/opt/gz_gui_vendor:/opt/ros/jazzy/opt/gz_transport_vendor:/opt/ros/jazzy/opt/gz_rendering_vendor:/opt/ros/jazzy/opt/gz_plugin_vendor:/opt/ros/jazzy/opt/gz_fuel_tools_vendor:/opt/ros/jazzy/opt/gz_msgs_vendor:/opt/ros/jazzy/opt/gz_common_vendor:/opt/ros/jazzy/opt/gz_math_vendor:/opt/ros/jazzy/opt/gz_utils_vendor:/opt/ros/jazzy/opt/gz_tools_vendor:/opt/ros/jazzy/opt/gz_ogre_next_vendor:/opt/ros/jazzy/opt/gz_dartsim_vendor:/opt/ros/jazzy/opt/gz_cmake_vendor:/home/berenic/Documents/LPRS2_2026/Robo_Hand_RS485/ROS2/robo_hand_ws/install/uf_ros_lib:/opt/ros/jazzy DEBUGINFOD_URLS=https://debuginfod.ubuntu.com LD_LIBRARY_PATH=/home/berenic/Documents/LPRS2_2026/Robo_Hand_RS485/ROS2/robo_hand_ws/install/xarm_controller/lib:/home/berenic/Documents/LPRS2_2026/Robo_Hand_RS485/ROS2/robo_hand_ws/install/xarm_api/lib:/home/berenic/Documents/LPRS2_2026/Robo_Hand_RS485/ROS2/robo_hand_ws/install/xarm_sdk/lib:/home/berenic/Documents/LPRS2_2026/Robo_Hand_RS485/ROS2/robo_hand_ws/install/xarm_msgs/lib:/home/berenic/Documents/LPRS2_2026/Robo_Hand_RS485/ROS2/robo_hand_ws/install/xarm_planner/lib:/home/berenic/Documents/LPRS2_2026/Robo_Hand_RS485/ROS2/robo_hand_ws/install/xarm_moveit_servo/lib:/home/berenic/Documents/LPRS2_2026/Robo_Hand_RS485/ROS2/robo_hand_ws/install/xarm_gazebo/lib:/home/berenic/Documents/LPRS2_2026/Robo_Hand_RS485/ROS2/robo_hand_ws/install/realsense_gazebo_plugin/lib:/opt/ros/jazzy/opt/gz_sim_vendor/lib:/opt/ros/jazzy/opt/gz_sensors_vendor/lib:/opt/ros/jazzy/opt/gz_physics_vendor/lib:/opt/ros/jazzy/opt/sdformat_vendor/lib:/opt/ros/jazzy/opt/rviz_ogre_vendor/lib:/opt/ros/jazzy/lib/x86_64-linux-gnu:/opt/ros/jazzy/opt/gz_gui_vendor/lib:/opt/ros/jazzy/opt/gz_transport_vendor/lib:/opt/ros/jazzy/opt/gz_rendering_vendor/lib:/opt/ros/jazzy/opt/gz_plugin_vendor/lib:/opt/ros/jazzy/opt/gz_fuel_tools_vendor/lib:/opt/ros/jazzy/opt/gz_msgs_vendor/lib:/opt/ros/jazzy/opt/gz_common_vendor/lib:/opt/ros/jazzy/opt/gz_math_vendor/lib:/opt/ros/jazzy/opt/gz_utils_vendor/lib:/opt/ros/jazzy/opt/gz_tools_vendor/lib:/opt/ros/jazzy/opt/gz_ogre_next_vendor/lib:/opt/ros/jazzy/opt/gz_dartsim_vendor/lib:/opt/ros/jazzy/opt/gz_cmake_vendor/lib:/opt/ros/jazzy/lib /usr/bin/cmake --install /home/berenic/Documents/LPRS2_2026/Robo_Hand_RS485/ROS2/robo_hand_ws/build/xarm_gazebo
[3.778s] Level 1:colcon.colcon_core.environment:checking '/home/berenic/Documents/LPRS2_2026/Robo_Hand_RS485/ROS2/robo_hand_ws/install/xarm_gazebo' for CMake config files
[3.779s] Level 1:colcon.colcon_core.shell:create_environment_hook('xarm_gazebo', 'cmake_prefix_path')
[3.779s] INFO:colcon.colcon_core.shell:Creating environment hook '/home/berenic/Documents/LPRS2_2026/Robo_Hand_RS485/ROS2/robo_hand_ws/install/xarm_gazebo/share/xarm_gazebo/hook/cmake_prefix_path.ps1'
[3.780s] INFO:colcon.colcon_core.shell:Creating environment descriptor '/home/berenic/Documents/LPRS2_2026/Robo_Hand_RS485/ROS2/robo_hand_ws/install/xarm_gazebo/share/xarm_gazebo/hook/cmake_prefix_path.dsv'
[3.781s] INFO:colcon.colcon_core.shell:Creating environment hook '/home/berenic/Documents/LPRS2_2026/Robo_Hand_RS485/ROS2/robo_hand_ws/install/xarm_gazebo/share/xarm_gazebo/hook/cmake_prefix_path.sh'
[3.782s] Level 1:colcon.colcon_core.environment:checking '/home/berenic/Documents/LPRS2_2026/Robo_Hand_RS485/ROS2/robo_hand_ws/install/xarm_gazebo/lib'
[3.782s] Level 1:colcon.colcon_core.shell:create_environment_hook('xarm_gazebo', 'ld_library_path_lib')
[3.782s] INFO:colcon.colcon_core.shell:Creating environment hook '/home/berenic/Documents/LPRS2_2026/Robo_Hand_RS485/ROS2/robo_hand_ws/install/xarm_gazebo/share/xarm_gazebo/hook/ld_library_path_lib.ps1'
[3.783s] INFO:colcon.colcon_core.shell:Creating environment descriptor '/home/berenic/Documents/LPRS2_2026/Robo_Hand_RS485/ROS2/robo_hand_ws/install/xarm_gazebo/share/xarm_gazebo/hook/ld_library_path_lib.dsv'
[3.783s] INFO:colcon.colcon_core.shell:Creating environment hook '/home/berenic/Documents/LPRS2_2026/Robo_Hand_RS485/ROS2/robo_hand_ws/install/xarm_gazebo/share/xarm_gazebo/hook/ld_library_path_lib.sh'
[3.784s] Level 1:colcon.colcon_core.environment:checking '/home/berenic/Documents/LPRS2_2026/Robo_Hand_RS485/ROS2/robo_hand_ws/install/xarm_gazebo/bin'
[3.784s] Level 1:colcon.colcon_core.environment:checking '/home/berenic/Documents/LPRS2_2026/Robo_Hand_RS485/ROS2/robo_hand_ws/install/xarm_gazebo/lib/pkgconfig/xarm_gazebo.pc'
[3.784s] Level 1:colcon.colcon_core.environment:checking '/home/berenic/Documents/LPRS2_2026/Robo_Hand_RS485/ROS2/robo_hand_ws/install/xarm_gazebo/lib/python3.12/site-packages'
[3.785s] Level 1:colcon.colcon_core.environment:checking '/home/berenic/Documents/LPRS2_2026/Robo_Hand_RS485/ROS2/robo_hand_ws/install/xarm_gazebo/bin'
[3.785s] INFO:colcon.colcon_core.shell:Creating package script '/home/berenic/Documents/LPRS2_2026/Robo_Hand_RS485/ROS2/robo_hand_ws/install/xarm_gazebo/share/xarm_gazebo/package.ps1'
[3.786s] INFO:colcon.colcon_core.shell:Creating package descriptor '/home/berenic/Documents/LPRS2_2026/Robo_Hand_RS485/ROS2/robo_hand_ws/install/xarm_gazebo/share/xarm_gazebo/package.dsv'
[3.787s] INFO:colcon.colcon_core.shell:Creating package script '/home/berenic/Documents/LPRS2_2026/Robo_Hand_RS485/ROS2/robo_hand_ws/install/xarm_gazebo/share/xarm_gazebo/package.sh'
[3.787s] INFO:colcon.colcon_core.shell:Creating package script '/home/berenic/Documents/LPRS2_2026/Robo_Hand_RS485/ROS2/robo_hand_ws/install/xarm_gazebo/share/xarm_gazebo/package.bash'
[3.788s] INFO:colcon.colcon_core.shell:Creating package script '/home/berenic/Documents/LPRS2_2026/Robo_Hand_RS485/ROS2/robo_hand_ws/install/xarm_gazebo/share/xarm_gazebo/package.zsh'
[3.788s] Level 1:colcon.colcon_core.environment:create_file_with_runtime_dependencies(/home/berenic/Documents/LPRS2_2026/Robo_Hand_RS485/ROS2/robo_hand_ws/install/xarm_gazebo/share/colcon-core/packages/xarm_gazebo)
[3.789s] Level 1:colcon.colcon_core.environment:create_environment_scripts_only(xarm_gazebo)
[3.789s] Level 1:colcon.colcon_core.environment:checking '/home/berenic/Documents/LPRS2_2026/Robo_Hand_RS485/ROS2/robo_hand_ws/install/xarm_gazebo' for CMake module files
[3.790s] Level 1:colcon.colcon_core.environment:checking '/home/berenic/Documents/LPRS2_2026/Robo_Hand_RS485/ROS2/robo_hand_ws/install/xarm_gazebo' for CMake config files
[3.791s] Level 1:colcon.colcon_core.shell:create_environment_hook('xarm_gazebo', 'cmake_prefix_path')
[3.791s] INFO:colcon.colcon_core.shell:Creating environment hook '/home/berenic/Documents/LPRS2_2026/Robo_Hand_RS485/ROS2/robo_hand_ws/install/xarm_gazebo/share/xarm_gazebo/hook/cmake_prefix_path.ps1'
[3.792s] INFO:colcon.colcon_core.shell:Creating environment descriptor '/home/berenic/Documents/LPRS2_2026/Robo_Hand_RS485/ROS2/robo_hand_ws/install/xarm_gazebo/share/xarm_gazebo/hook/cmake_prefix_path.dsv'
[3.792s] INFO:colcon.colcon_core.shell:Creating environment hook '/home/berenic/Documents/LPRS2_2026/Robo_Hand_RS485/ROS2/robo_hand_ws/install/xarm_gazebo/share/xarm_gazebo/hook/cmake_prefix_path.sh'
[3.793s] Level 1:colcon.colcon_core.environment:checking '/home/berenic/Documents/LPRS2_2026/Robo_Hand_RS485/ROS2/robo_hand_ws/install/xarm_gazebo/lib'
[3.793s] Level 1:colcon.colcon_core.shell:create_environment_hook('xarm_gazebo', 'ld_library_path_lib')
[3.793s] INFO:colcon.colcon_core.shell:Creating environment hook '/home/berenic/Documents/LPRS2_2026/Robo_Hand_RS485/ROS2/robo_hand_ws/install/xarm_gazebo/share/xarm_gazebo/hook/ld_library_path_lib.ps1'
[3.794s] INFO:colcon.colcon_core.shell:Creating environment descriptor '/home/berenic/Documents/LPRS2_2026/Robo_Hand_RS485/ROS2/robo_hand_ws/install/xarm_gazebo/share/xarm_gazebo/hook/ld_library_path_lib.dsv'
[3.795s] INFO:colcon.colcon_core.shell:Creating environment hook '/home/berenic/Documents/LPRS2_2026/Robo_Hand_RS485/ROS2/robo_hand_ws/install/xarm_gazebo/share/xarm_gazebo/hook/ld_library_path_lib.sh'
[3.795s] Level 1:colcon.colcon_core.environment:checking '/home/berenic/Documents/LPRS2_2026/Robo_Hand_RS485/ROS2/robo_hand_ws/install/xarm_gazebo/bin'
[3.795s] Level 1:colcon.colcon_core.environment:checking '/home/berenic/Documents/LPRS2_2026/Robo_Hand_RS485/ROS2/robo_hand_ws/install/xarm_gazebo/lib/pkgconfig/xarm_gazebo.pc'
[3.796s] Level 1:colcon.colcon_core.environment:checking '/home/berenic/Documents/LPRS2_2026/Robo_Hand_RS485/ROS2/robo_hand_ws/install/xarm_gazebo/lib/python3.12/site-packages'
[3.796s] Level 1:colcon.colcon_core.environment:checking '/home/berenic/Documents/LPRS2_2026/Robo_Hand_RS485/ROS2/robo_hand_ws/install/xarm_gazebo/bin'
[3.796s] INFO:colcon.colcon_core.shell:Creating package script '/home/berenic/Documents/LPRS2_2026/Robo_Hand_RS485/ROS2/robo_hand_ws/install/xarm_gazebo/share/xarm_gazebo/package.ps1'
[3.797s] INFO:colcon.colcon_core.shell:Creating package descriptor '/home/berenic/Documents/LPRS2_2026/Robo_Hand_RS485/ROS2/robo_hand_ws/install/xarm_gazebo/share/xarm_gazebo/package.dsv'
[3.798s] INFO:colcon.colcon_core.shell:Creating package script '/home/berenic/Documents/LPRS2_2026/Robo_Hand_RS485/ROS2/robo_hand_ws/install/xarm_gazebo/share/xarm_gazebo/package.sh'
[3.799s] INFO:colcon.colcon_core.shell:Creating package script '/home/berenic/Documents/LPRS2_2026/Robo_Hand_RS485/ROS2/robo_hand_ws/install/xarm_gazebo/share/xarm_gazebo/package.bash'
[3.799s] INFO:colcon.colcon_core.shell:Creating package script '/home/berenic/Documents/LPRS2_2026/Robo_Hand_RS485/ROS2/robo_hand_ws/install/xarm_gazebo/share/xarm_gazebo/package.zsh'
[3.800s] Level 1:colcon.colcon_core.environment:create_file_with_runtime_dependencies(/home/berenic/Documents/LPRS2_2026/Robo_Hand_RS485/ROS2/robo_hand_ws/install/xarm_gazebo/share/colcon-core/packages/xarm_gazebo)
[3.800s] INFO:colcon.colcon_ros.task.ament_cmake.build:Building ROS package in '/home/berenic/Documents/LPRS2_2026/Robo_Hand_RS485/ROS2/robo_hand_ws/src/xarm_ros2/xarm_moveit_config' with build type 'ament_cmake'
[3.801s] INFO:colcon.colcon_cmake.task.cmake.build:Building CMake package in '/home/berenic/Documents/LPRS2_2026/Robo_Hand_RS485/ROS2/robo_hand_ws/src/xarm_ros2/xarm_moveit_config'
[3.801s] INFO:colcon.colcon_core.shell:Skip shell extension 'powershell' for command environment: Not usable outside of PowerShell
[3.801s] DEBUG:colcon.colcon_core.shell:Skip shell extension 'dsv' for command environment
[3.844s] DEBUG:colcon.colcon_core.event_handler.log_command:Invoking command in '/home/berenic/Documents/LPRS2_2026/Robo_Hand_RS485/ROS2/robo_hand_ws/build/xarm_moveit_config': AMENT_PREFIX_PATH=/home/berenic/Documents/LPRS2_2026/Robo_Hand_RS485/ROS2/robo_hand_ws/install/uf_ros_lib:/home/berenic/Documents/LPRS2_2026/Robo_Hand_RS485/ROS2/robo_hand_ws/install/glue_events_routines:/home/berenic/Documents/LPRS2_2026/Robo_Hand_RS485/ROS2/robo_hand_ws/install/xarm_planner:/home/berenic/Documents/LPRS2_2026/Robo_Hand_RS485/ROS2/robo_hand_ws/install/xarm_moveit_servo:/home/berenic/Documents/LPRS2_2026/Robo_Hand_RS485/ROS2/robo_hand_ws/install/xarm_moveit_config:/home/berenic/Documents/LPRS2_2026/Robo_Hand_RS485/ROS2/robo_hand_ws/install/xarm_gazebo:/home/berenic/Documents/LPRS2_2026/Robo_Hand_RS485/ROS2/robo_hand_ws/install/xarm_controller:/home/berenic/Documents/LPRS2_2026/Robo_Hand_RS485/ROS2/robo_hand_ws/install/xarm_api:/home/berenic/Documents/LPRS2_2026/Robo_Hand_RS485/ROS2/robo_hand_ws/install/xarm_sdk:/home/berenic/Documents/LPRS2_2026/Robo_Hand_RS485/ROS2/robo_hand_ws/install/xarm_msgs:/home/berenic/Documents/LPRS2_2026/Robo_Hand_RS485/ROS2/robo_hand_ws/install/xarm_description:/home/berenic/Documents/LPRS2_2026/Robo_Hand_RS485/ROS2/robo_hand_ws/install/mbot_demo:/home/berenic/Documents/LPRS2_2026/Robo_Hand_RS485/ROS2/robo_hand_ws/install/realsense_gazebo_plugin:/opt/ros/jazzy CMAKE_PREFIX_PATH=/home/berenic/Documents/LPRS2_2026/Robo_Hand_RS485/ROS2/robo_hand_ws/install/xarm_gazebo:/home/berenic/Documents/LPRS2_2026/Robo_Hand_RS485/ROS2/robo_hand_ws/install/xarm_controller:/home/berenic/Documents/LPRS2_2026/Robo_Hand_RS485/ROS2/robo_hand_ws/install/xarm_api:/home/berenic/Documents/LPRS2_2026/Robo_Hand_RS485/ROS2/robo_hand_ws/install/xarm_sdk:/home/berenic/Documents/LPRS2_2026/Robo_Hand_RS485/ROS2/robo_hand_ws/install/xarm_msgs:/home/berenic/Documents/LPRS2_2026/Robo_Hand_RS485/ROS2/robo_hand_ws/install/xarm_description:/home/berenic/Documents/LPRS2_2026/Robo_Hand_RS485/ROS2/robo_hand_ws/install/glue_events_routines:/home/berenic/Documents/LPRS2_2026/Robo_Hand_RS485/ROS2/robo_hand_ws/install/xarm_planner:/home/berenic/Documents/LPRS2_2026/Robo_Hand_RS485/ROS2/robo_hand_ws/install/xarm_moveit_servo:/home/berenic/Documents/LPRS2_2026/Robo_Hand_RS485/ROS2/robo_hand_ws/install/xarm_moveit_config:/home/berenic/Documents/LPRS2_2026/Robo_Hand_RS485/ROS2/robo_hand_ws/install/mbot_demo:/home/berenic/Documents/LPRS2_2026/Robo_Hand_RS485/ROS2/robo_hand_ws/install/realsense_gazebo_plugin:/opt/ros/jazzy/opt/gz_sim_vendor:/opt/ros/jazzy/opt/gz_sensors_vendor:/opt/ros/jazzy/opt/gz_physics_vendor:/opt/ros/jazzy/opt/sdformat_vendor:/opt/ros/jazzy/opt/gz_gui_vendor:/opt/ros/jazzy/opt/gz_transport_vendor:/opt/ros/jazzy/opt/gz_rendering_vendor:/opt/ros/jazzy/opt/gz_plugin_vendor:/opt/ros/jazzy/opt/gz_fuel_tools_vendor:/opt/ros/jazzy/opt/gz_msgs_vendor:/opt/ros/jazzy/opt/gz_common_vendor:/opt/ros/jazzy/opt/gz_math_vendor:/opt/ros/jazzy/opt/gz_utils_vendor:/opt/ros/jazzy/opt/gz_tools_vendor:/opt/ros/jazzy/opt/gz_ogre_next_vendor:/opt/ros/jazzy/opt/gz_dartsim_vendor:/opt/ros/jazzy/opt/gz_cmake_vendor:/home/berenic/Documents/LPRS2_2026/Robo_Hand_RS485/ROS2/robo_hand_ws/install/uf_ros_lib:/opt/ros/jazzy DEBUGINFOD_URLS=https://debuginfod.ubuntu.com LD_LIBRARY_PATH=/home/berenic/Documents/LPRS2_2026/Robo_Hand_RS485/ROS2/robo_hand_ws/install/xarm_gazebo/lib:/home/berenic/Documents/LPRS2_2026/Robo_Hand_RS485/ROS2/robo_hand_ws/install/xarm_controller/lib:/home/berenic/Documents/LPRS2_2026/Robo_Hand_RS485/ROS2/robo_hand_ws/install/xarm_api/lib:/home/berenic/Documents/LPRS2_2026/Robo_Hand_RS485/ROS2/robo_hand_ws/install/xarm_sdk/lib:/home/berenic/Documents/LPRS2_2026/Robo_Hand_RS485/ROS2/robo_hand_ws/install/xarm_msgs/lib:/home/berenic/Documents/LPRS2_2026/Robo_Hand_RS485/ROS2/robo_hand_ws/install/xarm_planner/lib:/home/berenic/Documents/LPRS2_2026/Robo_Hand_RS485/ROS2/robo_hand_ws/install/xarm_moveit_servo/lib:/home/berenic/Documents/LPRS2_2026/Robo_Hand_RS485/ROS2/robo_hand_ws/install/realsense_gazebo_plugin/lib:/opt/ros/jazzy/opt/gz_sim_vendor/lib:/opt/ros/jazzy/opt/gz_sensors_vendor/lib:/opt/ros/jazzy/opt/gz_physics_vendor/lib:/opt/ros/jazzy/opt/sdformat_vendor/lib:/opt/ros/jazzy/opt/rviz_ogre_vendor/lib:/opt/ros/jazzy/lib/x86_64-linux-gnu:/opt/ros/jazzy/opt/gz_gui_vendor/lib:/opt/ros/jazzy/opt/gz_transport_vendor/lib:/opt/ros/jazzy/opt/gz_rendering_vendor/lib:/opt/ros/jazzy/opt/gz_plugin_vendor/lib:/opt/ros/jazzy/opt/gz_fuel_tools_vendor/lib:/opt/ros/jazzy/opt/gz_msgs_vendor/lib:/opt/ros/jazzy/opt/gz_common_vendor/lib:/opt/ros/jazzy/opt/gz_math_vendor/lib:/opt/ros/jazzy/opt/gz_utils_vendor/lib:/opt/ros/jazzy/opt/gz_tools_vendor/lib:/opt/ros/jazzy/opt/gz_ogre_next_vendor/lib:/opt/ros/jazzy/opt/gz_dartsim_vendor/lib:/opt/ros/jazzy/opt/gz_cmake_vendor/lib:/opt/ros/jazzy/lib /usr/bin/cmake --build /home/berenic/Documents/LPRS2_2026/Robo_Hand_RS485/ROS2/robo_hand_ws/build/xarm_moveit_config -- -j12 -l12
[3.926s] DEBUG:colcon.colcon_core.event_handler.log_command:Invoked command in '/home/berenic/Documents/LPRS2_2026/Robo_Hand_RS485/ROS2/robo_hand_ws/build/xarm_moveit_config' returned '0': AMENT_PREFIX_PATH=/home/berenic/Documents/LPRS2_2026/Robo_Hand_RS485/ROS2/robo_hand_ws/install/uf_ros_lib:/home/berenic/Documents/LPRS2_2026/Robo_Hand_RS485/ROS2/robo_hand_ws/install/glue_events_routines:/home/berenic/Documents/LPRS2_2026/Robo_Hand_RS485/ROS2/robo_hand_ws/install/xarm_planner:/home/berenic/Documents/LPRS2_2026/Robo_Hand_RS485/ROS2/robo_hand_ws/install/xarm_moveit_servo:/home/berenic/Documents/LPRS2_2026/Robo_Hand_RS485/ROS2/robo_hand_ws/install/xarm_moveit_config:/home/berenic/Documents/LPRS2_2026/Robo_Hand_RS485/ROS2/robo_hand_ws/install/xarm_gazebo:/home/berenic/Documents/LPRS2_2026/Robo_Hand_RS485/ROS2/robo_hand_ws/install/xarm_controller:/home/berenic/Documents/LPRS2_2026/Robo_Hand_RS485/ROS2/robo_hand_ws/install/xarm_api:/home/berenic/Documents/LPRS2_2026/Robo_Hand_RS485/ROS2/robo_hand_ws/install/xarm_sdk:/home/berenic/Documents/LPRS2_2026/Robo_Hand_RS485/ROS2/robo_hand_ws/install/xarm_msgs:/home/berenic/Documents/LPRS2_2026/Robo_Hand_RS485/ROS2/robo_hand_ws/install/xarm_description:/home/berenic/Documents/LPRS2_2026/Robo_Hand_RS485/ROS2/robo_hand_ws/install/mbot_demo:/home/berenic/Documents/LPRS2_2026/Robo_Hand_RS485/ROS2/robo_hand_ws/install/realsense_gazebo_plugin:/opt/ros/jazzy CMAKE_PREFIX_PATH=/home/berenic/Documents/LPRS2_2026/Robo_Hand_RS485/ROS2/robo_hand_ws/install/xarm_gazebo:/home/berenic/Documents/LPRS2_2026/Robo_Hand_RS485/ROS2/robo_hand_ws/install/xarm_controller:/home/berenic/Documents/LPRS2_2026/Robo_Hand_RS485/ROS2/robo_hand_ws/install/xarm_api:/home/berenic/Documents/LPRS2_2026/Robo_Hand_RS485/ROS2/robo_hand_ws/install/xarm_sdk:/home/berenic/Documents/LPRS2_2026/Robo_Hand_RS485/ROS2/robo_hand_ws/install/xarm_msgs:/home/berenic/Documents/LPRS2_2026/Robo_Hand_RS485/ROS2/robo_hand_ws/install/xarm_description:/home/berenic/Documents/LPRS2_2026/Robo_Hand_RS485/ROS2/robo_hand_ws/install/glue_events_routines:/home/berenic/Documents/LPRS2_2026/Robo_Hand_RS485/ROS2/robo_hand_ws/install/xarm_planner:/home/berenic/Documents/LPRS2_2026/Robo_Hand_RS485/ROS2/robo_hand_ws/install/xarm_moveit_servo:/home/berenic/Documents/LPRS2_2026/Robo_Hand_RS485/ROS2/robo_hand_ws/install/xarm_moveit_config:/home/berenic/Documents/LPRS2_2026/Robo_Hand_RS485/ROS2/robo_hand_ws/install/mbot_demo:/home/berenic/Documents/LPRS2_2026/Robo_Hand_RS485/ROS2/robo_hand_ws/install/realsense_gazebo_plugin:/opt/ros/jazzy/opt/gz_sim_vendor:/opt/ros/jazzy/opt/gz_sensors_vendor:/opt/ros/jazzy/opt/gz_physics_vendor:/opt/ros/jazzy/opt/sdformat_vendor:/opt/ros/jazzy/opt/gz_gui_vendor:/opt/ros/jazzy/opt/gz_transport_vendor:/opt/ros/jazzy/opt/gz_rendering_vendor:/opt/ros/jazzy/opt/gz_plugin_vendor:/opt/ros/jazzy/opt/gz_fuel_tools_vendor:/opt/ros/jazzy/opt/gz_msgs_vendor:/opt/ros/jazzy/opt/gz_common_vendor:/opt/ros/jazzy/opt/gz_math_vendor:/opt/ros/jazzy/opt/gz_utils_vendor:/opt/ros/jazzy/opt/gz_tools_vendor:/opt/ros/jazzy/opt/gz_ogre_next_vendor:/opt/ros/jazzy/opt/gz_dartsim_vendor:/opt/ros/jazzy/opt/gz_cmake_vendor:/home/berenic/Documents/LPRS2_2026/Robo_Hand_RS485/ROS2/robo_hand_ws/install/uf_ros_lib:/opt/ros/jazzy DEBUGINFOD_URLS=https://debuginfod.ubuntu.com LD_LIBRARY_PATH=/home/berenic/Documents/LPRS2_2026/Robo_Hand_RS485/ROS2/robo_hand_ws/install/xarm_gazebo/lib:/home/berenic/Documents/LPRS2_2026/Robo_Hand_RS485/ROS2/robo_hand_ws/install/xarm_controller/lib:/home/berenic/Documents/LPRS2_2026/Robo_Hand_RS485/ROS2/robo_hand_ws/install/xarm_api/lib:/home/berenic/Documents/LPRS2_2026/Robo_Hand_RS485/ROS2/robo_hand_ws/install/xarm_sdk/lib:/home/berenic/Documents/LPRS2_2026/Robo_Hand_RS485/ROS2/robo_hand_ws/install/xarm_msgs/lib:/home/berenic/Documents/LPRS2_2026/Robo_Hand_RS485/ROS2/robo_hand_ws/install/xarm_planner/lib:/home/berenic/Documents/LPRS2_2026/Robo_Hand_RS485/ROS2/robo_hand_ws/install/xarm_moveit_servo/lib:/home/berenic/Documents/LPRS2_2026/Robo_Hand_RS485/ROS2/robo_hand_ws/install/realsense_gazebo_plugin/lib:/opt/ros/jazzy/opt/gz_sim_vendor/lib:/opt/ros/jazzy/opt/gz_sensors_vendor/lib:/opt/ros/jazzy/opt/gz_physics_vendor/lib:/opt/ros/jazzy/opt/sdformat_vendor/lib:/opt/ros/jazzy/opt/rviz_ogre_vendor/lib:/opt/ros/jazzy/lib/x86_64-linux-gnu:/opt/ros/jazzy/opt/gz_gui_vendor/lib:/opt/ros/jazzy/opt/gz_transport_vendor/lib:/opt/ros/jazzy/opt/gz_rendering_vendor/lib:/opt/ros/jazzy/opt/gz_plugin_vendor/lib:/opt/ros/jazzy/opt/gz_fuel_tools_vendor/lib:/opt/ros/jazzy/opt/gz_msgs_vendor/lib:/opt/ros/jazzy/opt/gz_common_vendor/lib:/opt/ros/jazzy/opt/gz_math_vendor/lib:/opt/ros/jazzy/opt/gz_utils_vendor/lib:/opt/ros/jazzy/opt/gz_tools_vendor/lib:/opt/ros/jazzy/opt/gz_ogre_next_vendor/lib:/opt/ros/jazzy/opt/gz_dartsim_vendor/lib:/opt/ros/jazzy/opt/gz_cmake_vendor/lib:/opt/ros/jazzy/lib /usr/bin/cmake --build /home/berenic/Documents/LPRS2_2026/Robo_Hand_RS485/ROS2/robo_hand_ws/build/xarm_moveit_config -- -j12 -l12
[3.927s] DEBUG:colcon.colcon_core.event_handler.log_command:Invoking command in '/home/berenic/Documents/LPRS2_2026/Robo_Hand_RS485/ROS2/robo_hand_ws/build/xarm_moveit_config': AMENT_PREFIX_PATH=/home/berenic/Documents/LPRS2_2026/Robo_Hand_RS485/ROS2/robo_hand_ws/install/uf_ros_lib:/home/berenic/Documents/LPRS2_2026/Robo_Hand_RS485/ROS2/robo_hand_ws/install/glue_events_routines:/home/berenic/Documents/LPRS2_2026/Robo_Hand_RS485/ROS2/robo_hand_ws/install/xarm_planner:/home/berenic/Documents/LPRS2_2026/Robo_Hand_RS485/ROS2/robo_hand_ws/install/xarm_moveit_servo:/home/berenic/Documents/LPRS2_2026/Robo_Hand_RS485/ROS2/robo_hand_ws/install/xarm_moveit_config:/home/berenic/Documents/LPRS2_2026/Robo_Hand_RS485/ROS2/robo_hand_ws/install/xarm_gazebo:/home/berenic/Documents/LPRS2_2026/Robo_Hand_RS485/ROS2/robo_hand_ws/install/xarm_controller:/home/berenic/Documents/LPRS2_2026/Robo_Hand_RS485/ROS2/robo_hand_ws/install/xarm_api:/home/berenic/Documents/LPRS2_2026/Robo_Hand_RS485/ROS2/robo_hand_ws/install/xarm_sdk:/home/berenic/Documents/LPRS2_2026/Robo_Hand_RS485/ROS2/robo_hand_ws/install/xarm_msgs:/home/berenic/Documents/LPRS2_2026/Robo_Hand_RS485/ROS2/robo_hand_ws/install/xarm_description:/home/berenic/Documents/LPRS2_2026/Robo_Hand_RS485/ROS2/robo_hand_ws/install/mbot_demo:/home/berenic/Documents/LPRS2_2026/Robo_Hand_RS485/ROS2/robo_hand_ws/install/realsense_gazebo_plugin:/opt/ros/jazzy CMAKE_PREFIX_PATH=/home/berenic/Documents/LPRS2_2026/Robo_Hand_RS485/ROS2/robo_hand_ws/install/xarm_gazebo:/home/berenic/Documents/LPRS2_2026/Robo_Hand_RS485/ROS2/robo_hand_ws/install/xarm_controller:/home/berenic/Documents/LPRS2_2026/Robo_Hand_RS485/ROS2/robo_hand_ws/install/xarm_api:/home/berenic/Documents/LPRS2_2026/Robo_Hand_RS485/ROS2/robo_hand_ws/install/xarm_sdk:/home/berenic/Documents/LPRS2_2026/Robo_Hand_RS485/ROS2/robo_hand_ws/install/xarm_msgs:/home/berenic/Documents/LPRS2_2026/Robo_Hand_RS485/ROS2/robo_hand_ws/install/xarm_description:/home/berenic/Documents/LPRS2_2026/Robo_Hand_RS485/ROS2/robo_hand_ws/install/glue_events_routines:/home/berenic/Documents/LPRS2_2026/Robo_Hand_RS485/ROS2/robo_hand_ws/install/xarm_planner:/home/berenic/Documents/LPRS2_2026/Robo_Hand_RS485/ROS2/robo_hand_ws/install/xarm_moveit_servo:/home/berenic/Documents/LPRS2_2026/Robo_Hand_RS485/ROS2/robo_hand_ws/install/xarm_moveit_config:/home/berenic/Documents/LPRS2_2026/Robo_Hand_RS485/ROS2/robo_hand_ws/install/mbot_demo:/home/berenic/Documents/LPRS2_2026/Robo_Hand_RS485/ROS2/robo_hand_ws/install/realsense_gazebo_plugin:/opt/ros/jazzy/opt/gz_sim_vendor:/opt/ros/jazzy/opt/gz_sensors_vendor:/opt/ros/jazzy/opt/gz_physics_vendor:/opt/ros/jazzy/opt/sdformat_vendor:/opt/ros/jazzy/opt/gz_gui_vendor:/opt/ros/jazzy/opt/gz_transport_vendor:/opt/ros/jazzy/opt/gz_rendering_vendor:/opt/ros/jazzy/opt/gz_plugin_vendor:/opt/ros/jazzy/opt/gz_fuel_tools_vendor:/opt/ros/jazzy/opt/gz_msgs_vendor:/opt/ros/jazzy/opt/gz_common_vendor:/opt/ros/jazzy/opt/gz_math_vendor:/opt/ros/jazzy/opt/gz_utils_vendor:/opt/ros/jazzy/opt/gz_tools_vendor:/opt/ros/jazzy/opt/gz_ogre_next_vendor:/opt/ros/jazzy/opt/gz_dartsim_vendor:/opt/ros/jazzy/opt/gz_cmake_vendor:/home/berenic/Documents/LPRS2_2026/Robo_Hand_RS485/ROS2/robo_hand_ws/install/uf_ros_lib:/opt/ros/jazzy DEBUGINFOD_URLS=https://debuginfod.ubuntu.com LD_LIBRARY_PATH=/home/berenic/Documents/LPRS2_2026/Robo_Hand_RS485/ROS2/robo_hand_ws/install/xarm_gazebo/lib:/home/berenic/Documents/LPRS2_2026/Robo_Hand_RS485/ROS2/robo_hand_ws/install/xarm_controller/lib:/home/berenic/Documents/LPRS2_2026/Robo_Hand_RS485/ROS2/robo_hand_ws/install/xarm_api/lib:/home/berenic/Documents/LPRS2_2026/Robo_Hand_RS485/ROS2/robo_hand_ws/install/xarm_sdk/lib:/home/berenic/Documents/LPRS2_2026/Robo_Hand_RS485/ROS2/robo_hand_ws/install/xarm_msgs/lib:/home/berenic/Documents/LPRS2_2026/Robo_Hand_RS485/ROS2/robo_hand_ws/install/xarm_planner/lib:/home/berenic/Documents/LPRS2_2026/Robo_Hand_RS485/ROS2/robo_hand_ws/install/xarm_moveit_servo/lib:/home/berenic/Documents/LPRS2_2026/Robo_Hand_RS485/ROS2/robo_hand_ws/install/realsense_gazebo_plugin/lib:/opt/ros/jazzy/opt/gz_sim_vendor/lib:/opt/ros/jazzy/opt/gz_sensors_vendor/lib:/opt/ros/jazzy/opt/gz_physics_vendor/lib:/opt/ros/jazzy/opt/sdformat_vendor/lib:/opt/ros/jazzy/opt/rviz_ogre_vendor/lib:/opt/ros/jazzy/lib/x86_64-linux-gnu:/opt/ros/jazzy/opt/gz_gui_vendor/lib:/opt/ros/jazzy/opt/gz_transport_vendor/lib:/opt/ros/jazzy/opt/gz_rendering_vendor/lib:/opt/ros/jazzy/opt/gz_plugin_vendor/lib:/opt/ros/jazzy/opt/gz_fuel_tools_vendor/lib:/opt/ros/jazzy/opt/gz_msgs_vendor/lib:/opt/ros/jazzy/opt/gz_common_vendor/lib:/opt/ros/jazzy/opt/gz_math_vendor/lib:/opt/ros/jazzy/opt/gz_utils_vendor/lib:/opt/ros/jazzy/opt/gz_tools_vendor/lib:/opt/ros/jazzy/opt/gz_ogre_next_vendor/lib:/opt/ros/jazzy/opt/gz_dartsim_vendor/lib:/opt/ros/jazzy/opt/gz_cmake_vendor/lib:/opt/ros/jazzy/lib /usr/bin/cmake --install /home/berenic/Documents/LPRS2_2026/Robo_Hand_RS485/ROS2/robo_hand_ws/build/xarm_moveit_config
[4.004s] Level 1:colcon.colcon_core.environment:create_environment_scripts_only(xarm_moveit_config)
[4.004s] Level 1:colcon.colcon_core.environment:checking '/home/berenic/Documents/LPRS2_2026/Robo_Hand_RS485/ROS2/robo_hand_ws/install/xarm_moveit_config' for CMake module files
[4.005s] DEBUG:colcon.colcon_core.event_handler.log_command:Invoked command in '/home/berenic/Documents/LPRS2_2026/Robo_Hand_RS485/ROS2/robo_hand_ws/build/xarm_moveit_config' returned '0': AMENT_PREFIX_PATH=/home/berenic/Documents/LPRS2_2026/Robo_Hand_RS485/ROS2/robo_hand_ws/install/uf_ros_lib:/home/berenic/Documents/LPRS2_2026/Robo_Hand_RS485/ROS2/robo_hand_ws/install/glue_events_routines:/home/berenic/Documents/LPRS2_2026/Robo_Hand_RS485/ROS2/robo_hand_ws/install/xarm_planner:/home/berenic/Documents/LPRS2_2026/Robo_Hand_RS485/ROS2/robo_hand_ws/install/xarm_moveit_servo:/home/berenic/Documents/LPRS2_2026/Robo_Hand_RS485/ROS2/robo_hand_ws/install/xarm_moveit_config:/home/berenic/Documents/LPRS2_2026/Robo_Hand_RS485/ROS2/robo_hand_ws/install/xarm_gazebo:/home/berenic/Documents/LPRS2_2026/Robo_Hand_RS485/ROS2/robo_hand_ws/install/xarm_controller:/home/berenic/Documents/LPRS2_2026/Robo_Hand_RS485/ROS2/robo_hand_ws/install/xarm_api:/home/berenic/Documents/LPRS2_2026/Robo_Hand_RS485/ROS2/robo_hand_ws/install/xarm_sdk:/home/berenic/Documents/LPRS2_2026/Robo_Hand_RS485/ROS2/robo_hand_ws/install/xarm_msgs:/home/berenic/Documents/LPRS2_2026/Robo_Hand_RS485/ROS2/robo_hand_ws/install/xarm_description:/home/berenic/Documents/LPRS2_2026/Robo_Hand_RS485/ROS2/robo_hand_ws/install/mbot_demo:/home/berenic/Documents/LPRS2_2026/Robo_Hand_RS485/ROS2/robo_hand_ws/install/realsense_gazebo_plugin:/opt/ros/jazzy CMAKE_PREFIX_PATH=/home/berenic/Documents/LPRS2_2026/Robo_Hand_RS485/ROS2/robo_hand_ws/install/xarm_gazebo:/home/berenic/Documents/LPRS2_2026/Robo_Hand_RS485/ROS2/robo_hand_ws/install/xarm_controller:/home/berenic/Documents/LPRS2_2026/Robo_Hand_RS485/ROS2/robo_hand_ws/install/xarm_api:/home/berenic/Documents/LPRS2_2026/Robo_Hand_RS485/ROS2/robo_hand_ws/install/xarm_sdk:/home/berenic/Documents/LPRS2_2026/Robo_Hand_RS485/ROS2/robo_hand_ws/install/xarm_msgs:/home/berenic/Documents/LPRS2_2026/Robo_Hand_RS485/ROS2/robo_hand_ws/install/xarm_description:/home/berenic/Documents/LPRS2_2026/Robo_Hand_RS485/ROS2/robo_hand_ws/install/glue_events_routines:/home/berenic/Documents/LPRS2_2026/Robo_Hand_RS485/ROS2/robo_hand_ws/install/xarm_planner:/home/berenic/Documents/LPRS2_2026/Robo_Hand_RS485/ROS2/robo_hand_ws/install/xarm_moveit_servo:/home/berenic/Documents/LPRS2_2026/Robo_Hand_RS485/ROS2/robo_hand_ws/install/xarm_moveit_config:/home/berenic/Documents/LPRS2_2026/Robo_Hand_RS485/ROS2/robo_hand_ws/install/mbot_demo:/home/berenic/Documents/LPRS2_2026/Robo_Hand_RS485/ROS2/robo_hand_ws/install/realsense_gazebo_plugin:/opt/ros/jazzy/opt/gz_sim_vendor:/opt/ros/jazzy/opt/gz_sensors_vendor:/opt/ros/jazzy/opt/gz_physics_vendor:/opt/ros/jazzy/opt/sdformat_vendor:/opt/ros/jazzy/opt/gz_gui_vendor:/opt/ros/jazzy/opt/gz_transport_vendor:/opt/ros/jazzy/opt/gz_rendering_vendor:/opt/ros/jazzy/opt/gz_plugin_vendor:/opt/ros/jazzy/opt/gz_fuel_tools_vendor:/opt/ros/jazzy/opt/gz_msgs_vendor:/opt/ros/jazzy/opt/gz_common_vendor:/opt/ros/jazzy/opt/gz_math_vendor:/opt/ros/jazzy/opt/gz_utils_vendor:/opt/ros/jazzy/opt/gz_tools_vendor:/opt/ros/jazzy/opt/gz_ogre_next_vendor:/opt/ros/jazzy/opt/gz_dartsim_vendor:/opt/ros/jazzy/opt/gz_cmake_vendor:/home/berenic/Documents/LPRS2_2026/Robo_Hand_RS485/ROS2/robo_hand_ws/install/uf_ros_lib:/opt/ros/jazzy DEBUGINFOD_URLS=https://debuginfod.ubuntu.com LD_LIBRARY_PATH=/home/berenic/Documents/LPRS2_2026/Robo_Hand_RS485/ROS2/robo_hand_ws/install/xarm_gazebo/lib:/home/berenic/Documents/LPRS2_2026/Robo_Hand_RS485/ROS2/robo_hand_ws/install/xarm_controller/lib:/home/berenic/Documents/LPRS2_2026/Robo_Hand_RS485/ROS2/robo_hand_ws/install/xarm_api/lib:/home/berenic/Documents/LPRS2_2026/Robo_Hand_RS485/ROS2/robo_hand_ws/install/xarm_sdk/lib:/home/berenic/Documents/LPRS2_2026/Robo_Hand_RS485/ROS2/robo_hand_ws/install/xarm_msgs/lib:/home/berenic/Documents/LPRS2_2026/Robo_Hand_RS485/ROS2/robo_hand_ws/install/xarm_planner/lib:/home/berenic/Documents/LPRS2_2026/Robo_Hand_RS485/ROS2/robo_hand_ws/install/xarm_moveit_servo/lib:/home/berenic/Documents/LPRS2_2026/Robo_Hand_RS485/ROS2/robo_hand_ws/install/realsense_gazebo_plugin/lib:/opt/ros/jazzy/opt/gz_sim_vendor/lib:/opt/ros/jazzy/opt/gz_sensors_vendor/lib:/opt/ros/jazzy/opt/gz_physics_vendor/lib:/opt/ros/jazzy/opt/sdformat_vendor/lib:/opt/ros/jazzy/opt/rviz_ogre_vendor/lib:/opt/ros/jazzy/lib/x86_64-linux-gnu:/opt/ros/jazzy/opt/gz_gui_vendor/lib:/opt/ros/jazzy/opt/gz_transport_vendor/lib:/opt/ros/jazzy/opt/gz_rendering_vendor/lib:/opt/ros/jazzy/opt/gz_plugin_vendor/lib:/opt/ros/jazzy/opt/gz_fuel_tools_vendor/lib:/opt/ros/jazzy/opt/gz_msgs_vendor/lib:/opt/ros/jazzy/opt/gz_common_vendor/lib:/opt/ros/jazzy/opt/gz_math_vendor/lib:/opt/ros/jazzy/opt/gz_utils_vendor/lib:/opt/ros/jazzy/opt/gz_tools_vendor/lib:/opt/ros/jazzy/opt/gz_ogre_next_vendor/lib:/opt/ros/jazzy/opt/gz_dartsim_vendor/lib:/opt/ros/jazzy/opt/gz_cmake_vendor/lib:/opt/ros/jazzy/lib /usr/bin/cmake --install /home/berenic/Documents/LPRS2_2026/Robo_Hand_RS485/ROS2/robo_hand_ws/build/xarm_moveit_config
[4.006s] Level 1:colcon.colcon_core.environment:checking '/home/berenic/Documents/LPRS2_2026/Robo_Hand_RS485/ROS2/robo_hand_ws/install/xarm_moveit_config' for CMake config files
[4.007s] Level 1:colcon.colcon_core.shell:create_environment_hook('xarm_moveit_config', 'cmake_prefix_path')
[4.007s] INFO:colcon.colcon_core.shell:Creating environment hook '/home/berenic/Documents/LPRS2_2026/Robo_Hand_RS485/ROS2/robo_hand_ws/install/xarm_moveit_config/share/xarm_moveit_config/hook/cmake_prefix_path.ps1'
[4.008s] INFO:colcon.colcon_core.shell:Creating environment descriptor '/home/berenic/Documents/LPRS2_2026/Robo_Hand_RS485/ROS2/robo_hand_ws/install/xarm_moveit_config/share/xarm_moveit_config/hook/cmake_prefix_path.dsv'
[4.008s] INFO:colcon.colcon_core.shell:Creating environment hook '/home/berenic/Documents/LPRS2_2026/Robo_Hand_RS485/ROS2/robo_hand_ws/install/xarm_moveit_config/share/xarm_moveit_config/hook/cmake_prefix_path.sh'
[4.009s] Level 1:colcon.colcon_core.environment:checking '/home/berenic/Documents/LPRS2_2026/Robo_Hand_RS485/ROS2/robo_hand_ws/install/xarm_moveit_config/bin'
[4.009s] Level 1:colcon.colcon_core.environment:checking '/home/berenic/Documents/LPRS2_2026/Robo_Hand_RS485/ROS2/robo_hand_ws/install/xarm_moveit_config/lib/pkgconfig/xarm_moveit_config.pc'
[4.010s] Level 1:colcon.colcon_core.environment:checking '/home/berenic/Documents/LPRS2_2026/Robo_Hand_RS485/ROS2/robo_hand_ws/install/xarm_moveit_config/lib/python3.12/site-packages'
[4.010s] Level 1:colcon.colcon_core.environment:checking '/home/berenic/Documents/LPRS2_2026/Robo_Hand_RS485/ROS2/robo_hand_ws/install/xarm_moveit_config/bin'
[4.010s] INFO:colcon.colcon_core.shell:Creating package script '/home/berenic/Documents/LPRS2_2026/Robo_Hand_RS485/ROS2/robo_hand_ws/install/xarm_moveit_config/share/xarm_moveit_config/package.ps1'
[4.011s] INFO:colcon.colcon_core.shell:Creating package descriptor '/home/berenic/Documents/LPRS2_2026/Robo_Hand_RS485/ROS2/robo_hand_ws/install/xarm_moveit_config/share/xarm_moveit_config/package.dsv'
[4.012s] INFO:colcon.colcon_core.shell:Creating package script '/home/berenic/Documents/LPRS2_2026/Robo_Hand_RS485/ROS2/robo_hand_ws/install/xarm_moveit_config/share/xarm_moveit_config/package.sh'
[4.012s] INFO:colcon.colcon_core.shell:Creating package script '/home/berenic/Documents/LPRS2_2026/Robo_Hand_RS485/ROS2/robo_hand_ws/install/xarm_moveit_config/share/xarm_moveit_config/package.bash'
[4.013s] INFO:colcon.colcon_core.shell:Creating package script '/home/berenic/Documents/LPRS2_2026/Robo_Hand_RS485/ROS2/robo_hand_ws/install/xarm_moveit_config/share/xarm_moveit_config/package.zsh'
[4.014s] Level 1:colcon.colcon_core.environment:create_file_with_runtime_dependencies(/home/berenic/Documents/LPRS2_2026/Robo_Hand_RS485/ROS2/robo_hand_ws/install/xarm_moveit_config/share/colcon-core/packages/xarm_moveit_config)
[4.015s] Level 1:colcon.colcon_core.environment:create_environment_scripts_only(xarm_moveit_config)
[4.015s] Level 1:colcon.colcon_core.environment:checking '/home/berenic/Documents/LPRS2_2026/Robo_Hand_RS485/ROS2/robo_hand_ws/install/xarm_moveit_config' for CMake module files
[4.016s] Level 1:colcon.colcon_core.environment:checking '/home/berenic/Documents/LPRS2_2026/Robo_Hand_RS485/ROS2/robo_hand_ws/install/xarm_moveit_config' for CMake config files
[4.017s] Level 1:colcon.colcon_core.shell:create_environment_hook('xarm_moveit_config', 'cmake_prefix_path')
[4.017s] INFO:colcon.colcon_core.shell:Creating environment hook '/home/berenic/Documents/LPRS2_2026/Robo_Hand_RS485/ROS2/robo_hand_ws/install/xarm_moveit_config/share/xarm_moveit_config/hook/cmake_prefix_path.ps1'
[4.018s] INFO:colcon.colcon_core.shell:Creating environment descriptor '/home/berenic/Documents/LPRS2_2026/Robo_Hand_RS485/ROS2/robo_hand_ws/install/xarm_moveit_config/share/xarm_moveit_config/hook/cmake_prefix_path.dsv'
[4.018s] INFO:colcon.colcon_core.shell:Creating environment hook '/home/berenic/Documents/LPRS2_2026/Robo_Hand_RS485/ROS2/robo_hand_ws/install/xarm_moveit_config/share/xarm_moveit_config/hook/cmake_prefix_path.sh'
[4.019s] Level 1:colcon.colcon_core.environment:checking '/home/berenic/Documents/LPRS2_2026/Robo_Hand_RS485/ROS2/robo_hand_ws/install/xarm_moveit_config/bin'
[4.020s] Level 1:colcon.colcon_core.environment:checking '/home/berenic/Documents/LPRS2_2026/Robo_Hand_RS485/ROS2/robo_hand_ws/install/xarm_moveit_config/lib/pkgconfig/xarm_moveit_config.pc'
[4.020s] Level 1:colcon.colcon_core.environment:checking '/home/berenic/Documents/LPRS2_2026/Robo_Hand_RS485/ROS2/robo_hand_ws/install/xarm_moveit_config/lib/python3.12/site-packages'
[4.020s] Level 1:colcon.colcon_core.environment:checking '/home/berenic/Documents/LPRS2_2026/Robo_Hand_RS485/ROS2/robo_hand_ws/install/xarm_moveit_config/bin'
[4.021s] INFO:colcon.colcon_core.shell:Creating package script '/home/berenic/Documents/LPRS2_2026/Robo_Hand_RS485/ROS2/robo_hand_ws/install/xarm_moveit_config/share/xarm_moveit_config/package.ps1'
[4.021s] INFO:colcon.colcon_core.shell:Creating package descriptor '/home/berenic/Documents/LPRS2_2026/Robo_Hand_RS485/ROS2/robo_hand_ws/install/xarm_moveit_config/share/xarm_moveit_config/package.dsv'
[4.022s] INFO:colcon.colcon_core.shell:Creating package script '/home/berenic/Documents/LPRS2_2026/Robo_Hand_RS485/ROS2/robo_hand_ws/install/xarm_moveit_config/share/xarm_moveit_config/package.sh'
[4.023s] INFO:colcon.colcon_core.shell:Creating package script '/home/berenic/Documents/LPRS2_2026/Robo_Hand_RS485/ROS2/robo_hand_ws/install/xarm_moveit_config/share/xarm_moveit_config/package.bash'
[4.024s] INFO:colcon.colcon_core.shell:Creating package script '/home/berenic/Documents/LPRS2_2026/Robo_Hand_RS485/ROS2/robo_hand_ws/install/xarm_moveit_config/share/xarm_moveit_config/package.zsh'
[4.025s] Level 1:colcon.colcon_core.environment:create_file_with_runtime_dependencies(/home/berenic/Documents/LPRS2_2026/Robo_Hand_RS485/ROS2/robo_hand_ws/install/xarm_moveit_config/share/colcon-core/packages/xarm_moveit_config)
[4.025s] INFO:colcon.colcon_ros.task.ament_cmake.build:Building ROS package in '/home/berenic/Documents/LPRS2_2026/Robo_Hand_RS485/ROS2/robo_hand_ws/src/xarm_ros2/xarm_moveit_servo' with build type 'ament_cmake'
[4.026s] INFO:colcon.colcon_cmake.task.cmake.build:Building CMake package in '/home/berenic/Documents/LPRS2_2026/Robo_Hand_RS485/ROS2/robo_hand_ws/src/xarm_ros2/xarm_moveit_servo'
[4.026s] INFO:colcon.colcon_core.shell:Skip shell extension 'powershell' for command environment: Not usable outside of PowerShell
[4.026s] DEBUG:colcon.colcon_core.shell:Skip shell extension 'dsv' for command environment
[4.035s] INFO:colcon.colcon_ros.task.ament_cmake.build:Building ROS package in '/home/berenic/Documents/LPRS2_2026/Robo_Hand_RS485/ROS2/robo_hand_ws/src/xarm_ros2/xarm_planner' with build type 'ament_cmake'
[4.035s] INFO:colcon.colcon_cmake.task.cmake.build:Building CMake package in '/home/berenic/Documents/LPRS2_2026/Robo_Hand_RS485/ROS2/robo_hand_ws/src/xarm_ros2/xarm_planner'
[4.035s] INFO:colcon.colcon_core.shell:Skip shell extension 'powershell' for command environment: Not usable outside of PowerShell
[4.035s] DEBUG:colcon.colcon_core.shell:Skip shell extension 'dsv' for command environment
[4.069s] DEBUG:colcon.colcon_core.event_handler.log_command:Invoking command in '/home/berenic/Documents/LPRS2_2026/Robo_Hand_RS485/ROS2/robo_hand_ws/build/xarm_moveit_servo': AMENT_PREFIX_PATH=/home/berenic/Documents/LPRS2_2026/Robo_Hand_RS485/ROS2/robo_hand_ws/install/uf_ros_lib:/home/berenic/Documents/LPRS2_2026/Robo_Hand_RS485/ROS2/robo_hand_ws/install/glue_events_routines:/home/berenic/Documents/LPRS2_2026/Robo_Hand_RS485/ROS2/robo_hand_ws/install/xarm_planner:/home/berenic/Documents/LPRS2_2026/Robo_Hand_RS485/ROS2/robo_hand_ws/install/xarm_moveit_servo:/home/berenic/Documents/LPRS2_2026/Robo_Hand_RS485/ROS2/robo_hand_ws/install/xarm_moveit_config:/home/berenic/Documents/LPRS2_2026/Robo_Hand_RS485/ROS2/robo_hand_ws/install/xarm_gazebo:/home/berenic/Documents/LPRS2_2026/Robo_Hand_RS485/ROS2/robo_hand_ws/install/xarm_controller:/home/berenic/Documents/LPRS2_2026/Robo_Hand_RS485/ROS2/robo_hand_ws/install/xarm_api:/home/berenic/Documents/LPRS2_2026/Robo_Hand_RS485/ROS2/robo_hand_ws/install/xarm_sdk:/home/berenic/Documents/LPRS2_2026/Robo_Hand_RS485/ROS2/robo_hand_ws/install/xarm_msgs:/home/berenic/Documents/LPRS2_2026/Robo_Hand_RS485/ROS2/robo_hand_ws/install/xarm_description:/home/berenic/Documents/LPRS2_2026/Robo_Hand_RS485/ROS2/robo_hand_ws/install/mbot_demo:/home/berenic/Documents/LPRS2_2026/Robo_Hand_RS485/ROS2/robo_hand_ws/install/realsense_gazebo_plugin:/opt/ros/jazzy CMAKE_PREFIX_PATH=/home/berenic/Documents/LPRS2_2026/Robo_Hand_RS485/ROS2/robo_hand_ws/install/xarm_moveit_config:/home/berenic/Documents/LPRS2_2026/Robo_Hand_RS485/ROS2/robo_hand_ws/install/xarm_gazebo:/home/berenic/Documents/LPRS2_2026/Robo_Hand_RS485/ROS2/robo_hand_ws/install/xarm_controller:/home/berenic/Documents/LPRS2_2026/Robo_Hand_RS485/ROS2/robo_hand_ws/install/xarm_api:/home/berenic/Documents/LPRS2_2026/Robo_Hand_RS485/ROS2/robo_hand_ws/install/xarm_sdk:/home/berenic/Documents/LPRS2_2026/Robo_Hand_RS485/ROS2/robo_hand_ws/install/xarm_msgs:/home/berenic/Documents/LPRS2_2026/Robo_Hand_RS485/ROS2/robo_hand_ws/install/xarm_description:/home/berenic/Documents/LPRS2_2026/Robo_Hand_RS485/ROS2/robo_hand_ws/install/glue_events_routines:/home/berenic/Documents/LPRS2_2026/Robo_Hand_RS485/ROS2/robo_hand_ws/install/xarm_planner:/home/berenic/Documents/LPRS2_2026/Robo_Hand_RS485/ROS2/robo_hand_ws/install/xarm_moveit_servo:/home/berenic/Documents/LPRS2_2026/Robo_Hand_RS485/ROS2/robo_hand_ws/install/mbot_demo:/home/berenic/Documents/LPRS2_2026/Robo_Hand_RS485/ROS2/robo_hand_ws/install/realsense_gazebo_plugin:/opt/ros/jazzy/opt/gz_sim_vendor:/opt/ros/jazzy/opt/gz_sensors_vendor:/opt/ros/jazzy/opt/gz_physics_vendor:/opt/ros/jazzy/opt/sdformat_vendor:/opt/ros/jazzy/opt/gz_gui_vendor:/opt/ros/jazzy/opt/gz_transport_vendor:/opt/ros/jazzy/opt/gz_rendering_vendor:/opt/ros/jazzy/opt/gz_plugin_vendor:/opt/ros/jazzy/opt/gz_fuel_tools_vendor:/opt/ros/jazzy/opt/gz_msgs_vendor:/opt/ros/jazzy/opt/gz_common_vendor:/opt/ros/jazzy/opt/gz_math_vendor:/opt/ros/jazzy/opt/gz_utils_vendor:/opt/ros/jazzy/opt/gz_tools_vendor:/opt/ros/jazzy/opt/gz_ogre_next_vendor:/opt/ros/jazzy/opt/gz_dartsim_vendor:/opt/ros/jazzy/opt/gz_cmake_vendor:/home/berenic/Documents/LPRS2_2026/Robo_Hand_RS485/ROS2/robo_hand_ws/install/uf_ros_lib:/opt/ros/jazzy DEBUGINFOD_URLS=https://debuginfod.ubuntu.com LD_LIBRARY_PATH=/home/berenic/Documents/LPRS2_2026/Robo_Hand_RS485/ROS2/robo_hand_ws/install/xarm_gazebo/lib:/home/berenic/Documents/LPRS2_2026/Robo_Hand_RS485/ROS2/robo_hand_ws/install/xarm_controller/lib:/home/berenic/Documents/LPRS2_2026/Robo_Hand_RS485/ROS2/robo_hand_ws/install/xarm_api/lib:/home/berenic/Documents/LPRS2_2026/Robo_Hand_RS485/ROS2/robo_hand_ws/install/xarm_sdk/lib:/home/berenic/Documents/LPRS2_2026/Robo_Hand_RS485/ROS2/robo_hand_ws/install/xarm_msgs/lib:/home/berenic/Documents/LPRS2_2026/Robo_Hand_RS485/ROS2/robo_hand_ws/install/xarm_planner/lib:/home/berenic/Documents/LPRS2_2026/Robo_Hand_RS485/ROS2/robo_hand_ws/install/xarm_moveit_servo/lib:/home/berenic/Documents/LPRS2_2026/Robo_Hand_RS485/ROS2/robo_hand_ws/install/realsense_gazebo_plugin/lib:/opt/ros/jazzy/opt/gz_sim_vendor/lib:/opt/ros/jazzy/opt/gz_sensors_vendor/lib:/opt/ros/jazzy/opt/gz_physics_vendor/lib:/opt/ros/jazzy/opt/sdformat_vendor/lib:/opt/ros/jazzy/opt/rviz_ogre_vendor/lib:/opt/ros/jazzy/lib/x86_64-linux-gnu:/opt/ros/jazzy/opt/gz_gui_vendor/lib:/opt/ros/jazzy/opt/gz_transport_vendor/lib:/opt/ros/jazzy/opt/gz_rendering_vendor/lib:/opt/ros/jazzy/opt/gz_plugin_vendor/lib:/opt/ros/jazzy/opt/gz_fuel_tools_vendor/lib:/opt/ros/jazzy/opt/gz_msgs_vendor/lib:/opt/ros/jazzy/opt/gz_common_vendor/lib:/opt/ros/jazzy/opt/gz_math_vendor/lib:/opt/ros/jazzy/opt/gz_utils_vendor/lib:/opt/ros/jazzy/opt/gz_tools_vendor/lib:/opt/ros/jazzy/opt/gz_ogre_next_vendor/lib:/opt/ros/jazzy/opt/gz_dartsim_vendor/lib:/opt/ros/jazzy/opt/gz_cmake_vendor/lib:/opt/ros/jazzy/lib /usr/bin/cmake --build /home/berenic/Documents/LPRS2_2026/Robo_Hand_RS485/ROS2/robo_hand_ws/build/xarm_moveit_servo -- -j12 -l12
[4.079s] DEBUG:colcon.colcon_core.event_handler.log_command:Invoking command in '/home/berenic/Documents/LPRS2_2026/Robo_Hand_RS485/ROS2/robo_hand_ws/build/xarm_planner': AMENT_PREFIX_PATH=/home/berenic/Documents/LPRS2_2026/Robo_Hand_RS485/ROS2/robo_hand_ws/install/uf_ros_lib:/home/berenic/Documents/LPRS2_2026/Robo_Hand_RS485/ROS2/robo_hand_ws/install/glue_events_routines:/home/berenic/Documents/LPRS2_2026/Robo_Hand_RS485/ROS2/robo_hand_ws/install/xarm_planner:/home/berenic/Documents/LPRS2_2026/Robo_Hand_RS485/ROS2/robo_hand_ws/install/xarm_moveit_servo:/home/berenic/Documents/LPRS2_2026/Robo_Hand_RS485/ROS2/robo_hand_ws/install/xarm_moveit_config:/home/berenic/Documents/LPRS2_2026/Robo_Hand_RS485/ROS2/robo_hand_ws/install/xarm_gazebo:/home/berenic/Documents/LPRS2_2026/Robo_Hand_RS485/ROS2/robo_hand_ws/install/xarm_controller:/home/berenic/Documents/LPRS2_2026/Robo_Hand_RS485/ROS2/robo_hand_ws/install/xarm_api:/home/berenic/Documents/LPRS2_2026/Robo_Hand_RS485/ROS2/robo_hand_ws/install/xarm_sdk:/home/berenic/Documents/LPRS2_2026/Robo_Hand_RS485/ROS2/robo_hand_ws/install/xarm_msgs:/home/berenic/Documents/LPRS2_2026/Robo_Hand_RS485/ROS2/robo_hand_ws/install/xarm_description:/home/berenic/Documents/LPRS2_2026/Robo_Hand_RS485/ROS2/robo_hand_ws/install/mbot_demo:/home/berenic/Documents/LPRS2_2026/Robo_Hand_RS485/ROS2/robo_hand_ws/install/realsense_gazebo_plugin:/opt/ros/jazzy CMAKE_PREFIX_PATH=/home/berenic/Documents/LPRS2_2026/Robo_Hand_RS485/ROS2/robo_hand_ws/install/xarm_moveit_config:/home/berenic/Documents/LPRS2_2026/Robo_Hand_RS485/ROS2/robo_hand_ws/install/xarm_gazebo:/home/berenic/Documents/LPRS2_2026/Robo_Hand_RS485/ROS2/robo_hand_ws/install/xarm_controller:/home/berenic/Documents/LPRS2_2026/Robo_Hand_RS485/ROS2/robo_hand_ws/install/xarm_api:/home/berenic/Documents/LPRS2_2026/Robo_Hand_RS485/ROS2/robo_hand_ws/install/xarm_sdk:/home/berenic/Documents/LPRS2_2026/Robo_Hand_RS485/ROS2/robo_hand_ws/install/xarm_msgs:/home/berenic/Documents/LPRS2_2026/Robo_Hand_RS485/ROS2/robo_hand_ws/install/xarm_description:/home/berenic/Documents/LPRS2_2026/Robo_Hand_RS485/ROS2/robo_hand_ws/install/glue_events_routines:/home/berenic/Documents/LPRS2_2026/Robo_Hand_RS485/ROS2/robo_hand_ws/install/xarm_planner:/home/berenic/Documents/LPRS2_2026/Robo_Hand_RS485/ROS2/robo_hand_ws/install/xarm_moveit_servo:/home/berenic/Documents/LPRS2_2026/Robo_Hand_RS485/ROS2/robo_hand_ws/install/mbot_demo:/home/berenic/Documents/LPRS2_2026/Robo_Hand_RS485/ROS2/robo_hand_ws/install/realsense_gazebo_plugin:/opt/ros/jazzy/opt/gz_sim_vendor:/opt/ros/jazzy/opt/gz_sensors_vendor:/opt/ros/jazzy/opt/gz_physics_vendor:/opt/ros/jazzy/opt/sdformat_vendor:/opt/ros/jazzy/opt/gz_gui_vendor:/opt/ros/jazzy/opt/gz_transport_vendor:/opt/ros/jazzy/opt/gz_rendering_vendor:/opt/ros/jazzy/opt/gz_plugin_vendor:/opt/ros/jazzy/opt/gz_fuel_tools_vendor:/opt/ros/jazzy/opt/gz_msgs_vendor:/opt/ros/jazzy/opt/gz_common_vendor:/opt/ros/jazzy/opt/gz_math_vendor:/opt/ros/jazzy/opt/gz_utils_vendor:/opt/ros/jazzy/opt/gz_tools_vendor:/opt/ros/jazzy/opt/gz_ogre_next_vendor:/opt/ros/jazzy/opt/gz_dartsim_vendor:/opt/ros/jazzy/opt/gz_cmake_vendor:/home/berenic/Documents/LPRS2_2026/Robo_Hand_RS485/ROS2/robo_hand_ws/install/uf_ros_lib:/opt/ros/jazzy DEBUGINFOD_URLS=https://debuginfod.ubuntu.com LD_LIBRARY_PATH=/home/berenic/Documents/LPRS2_2026/Robo_Hand_RS485/ROS2/robo_hand_ws/install/xarm_gazebo/lib:/home/berenic/Documents/LPRS2_2026/Robo_Hand_RS485/ROS2/robo_hand_ws/install/xarm_controller/lib:/home/berenic/Documents/LPRS2_2026/Robo_Hand_RS485/ROS2/robo_hand_ws/install/xarm_api/lib:/home/berenic/Documents/LPRS2_2026/Robo_Hand_RS485/ROS2/robo_hand_ws/install/xarm_sdk/lib:/home/berenic/Documents/LPRS2_2026/Robo_Hand_RS485/ROS2/robo_hand_ws/install/xarm_msgs/lib:/home/berenic/Documents/LPRS2_2026/Robo_Hand_RS485/ROS2/robo_hand_ws/install/xarm_planner/lib:/home/berenic/Documents/LPRS2_2026/Robo_Hand_RS485/ROS2/robo_hand_ws/install/xarm_moveit_servo/lib:/home/berenic/Documents/LPRS2_2026/Robo_Hand_RS485/ROS2/robo_hand_ws/install/realsense_gazebo_plugin/lib:/opt/ros/jazzy/opt/gz_sim_vendor/lib:/opt/ros/jazzy/opt/gz_sensors_vendor/lib:/opt/ros/jazzy/opt/gz_physics_vendor/lib:/opt/ros/jazzy/opt/sdformat_vendor/lib:/opt/ros/jazzy/opt/rviz_ogre_vendor/lib:/opt/ros/jazzy/lib/x86_64-linux-gnu:/opt/ros/jazzy/opt/gz_gui_vendor/lib:/opt/ros/jazzy/opt/gz_transport_vendor/lib:/opt/ros/jazzy/opt/gz_rendering_vendor/lib:/opt/ros/jazzy/opt/gz_plugin_vendor/lib:/opt/ros/jazzy/opt/gz_fuel_tools_vendor/lib:/opt/ros/jazzy/opt/gz_msgs_vendor/lib:/opt/ros/jazzy/opt/gz_common_vendor/lib:/opt/ros/jazzy/opt/gz_math_vendor/lib:/opt/ros/jazzy/opt/gz_utils_vendor/lib:/opt/ros/jazzy/opt/gz_tools_vendor/lib:/opt/ros/jazzy/opt/gz_ogre_next_vendor/lib:/opt/ros/jazzy/opt/gz_dartsim_vendor/lib:/opt/ros/jazzy/opt/gz_cmake_vendor/lib:/opt/ros/jazzy/lib /usr/bin/cmake --build /home/berenic/Documents/LPRS2_2026/Robo_Hand_RS485/ROS2/robo_hand_ws/build/xarm_planner -- -j12 -l12
[4.223s] DEBUG:colcon.colcon_core.event_handler.log_command:Invoked command in '/home/berenic/Documents/LPRS2_2026/Robo_Hand_RS485/ROS2/robo_hand_ws/build/xarm_moveit_servo' returned '0': AMENT_PREFIX_PATH=/home/berenic/Documents/LPRS2_2026/Robo_Hand_RS485/ROS2/robo_hand_ws/install/uf_ros_lib:/home/berenic/Documents/LPRS2_2026/Robo_Hand_RS485/ROS2/robo_hand_ws/install/glue_events_routines:/home/berenic/Documents/LPRS2_2026/Robo_Hand_RS485/ROS2/robo_hand_ws/install/xarm_planner:/home/berenic/Documents/LPRS2_2026/Robo_Hand_RS485/ROS2/robo_hand_ws/install/xarm_moveit_servo:/home/berenic/Documents/LPRS2_2026/Robo_Hand_RS485/ROS2/robo_hand_ws/install/xarm_moveit_config:/home/berenic/Documents/LPRS2_2026/Robo_Hand_RS485/ROS2/robo_hand_ws/install/xarm_gazebo:/home/berenic/Documents/LPRS2_2026/Robo_Hand_RS485/ROS2/robo_hand_ws/install/xarm_controller:/home/berenic/Documents/LPRS2_2026/Robo_Hand_RS485/ROS2/robo_hand_ws/install/xarm_api:/home/berenic/Documents/LPRS2_2026/Robo_Hand_RS485/ROS2/robo_hand_ws/install/xarm_sdk:/home/berenic/Documents/LPRS2_2026/Robo_Hand_RS485/ROS2/robo_hand_ws/install/xarm_msgs:/home/berenic/Documents/LPRS2_2026/Robo_Hand_RS485/ROS2/robo_hand_ws/install/xarm_description:/home/berenic/Documents/LPRS2_2026/Robo_Hand_RS485/ROS2/robo_hand_ws/install/mbot_demo:/home/berenic/Documents/LPRS2_2026/Robo_Hand_RS485/ROS2/robo_hand_ws/install/realsense_gazebo_plugin:/opt/ros/jazzy CMAKE_PREFIX_PATH=/home/berenic/Documents/LPRS2_2026/Robo_Hand_RS485/ROS2/robo_hand_ws/install/xarm_moveit_config:/home/berenic/Documents/LPRS2_2026/Robo_Hand_RS485/ROS2/robo_hand_ws/install/xarm_gazebo:/home/berenic/Documents/LPRS2_2026/Robo_Hand_RS485/ROS2/robo_hand_ws/install/xarm_controller:/home/berenic/Documents/LPRS2_2026/Robo_Hand_RS485/ROS2/robo_hand_ws/install/xarm_api:/home/berenic/Documents/LPRS2_2026/Robo_Hand_RS485/ROS2/robo_hand_ws/install/xarm_sdk:/home/berenic/Documents/LPRS2_2026/Robo_Hand_RS485/ROS2/robo_hand_ws/install/xarm_msgs:/home/berenic/Documents/LPRS2_2026/Robo_Hand_RS485/ROS2/robo_hand_ws/install/xarm_description:/home/berenic/Documents/LPRS2_2026/Robo_Hand_RS485/ROS2/robo_hand_ws/install/glue_events_routines:/home/berenic/Documents/LPRS2_2026/Robo_Hand_RS485/ROS2/robo_hand_ws/install/xarm_planner:/home/berenic/Documents/LPRS2_2026/Robo_Hand_RS485/ROS2/robo_hand_ws/install/xarm_moveit_servo:/home/berenic/Documents/LPRS2_2026/Robo_Hand_RS485/ROS2/robo_hand_ws/install/mbot_demo:/home/berenic/Documents/LPRS2_2026/Robo_Hand_RS485/ROS2/robo_hand_ws/install/realsense_gazebo_plugin:/opt/ros/jazzy/opt/gz_sim_vendor:/opt/ros/jazzy/opt/gz_sensors_vendor:/opt/ros/jazzy/opt/gz_physics_vendor:/opt/ros/jazzy/opt/sdformat_vendor:/opt/ros/jazzy/opt/gz_gui_vendor:/opt/ros/jazzy/opt/gz_transport_vendor:/opt/ros/jazzy/opt/gz_rendering_vendor:/opt/ros/jazzy/opt/gz_plugin_vendor:/opt/ros/jazzy/opt/gz_fuel_tools_vendor:/opt/ros/jazzy/opt/gz_msgs_vendor:/opt/ros/jazzy/opt/gz_common_vendor:/opt/ros/jazzy/opt/gz_math_vendor:/opt/ros/jazzy/opt/gz_utils_vendor:/opt/ros/jazzy/opt/gz_tools_vendor:/opt/ros/jazzy/opt/gz_ogre_next_vendor:/opt/ros/jazzy/opt/gz_dartsim_vendor:/opt/ros/jazzy/opt/gz_cmake_vendor:/home/berenic/Documents/LPRS2_2026/Robo_Hand_RS485/ROS2/robo_hand_ws/install/uf_ros_lib:/opt/ros/jazzy DEBUGINFOD_URLS=https://debuginfod.ubuntu.com LD_LIBRARY_PATH=/home/berenic/Documents/LPRS2_2026/Robo_Hand_RS485/ROS2/robo_hand_ws/install/xarm_gazebo/lib:/home/berenic/Documents/LPRS2_2026/Robo_Hand_RS485/ROS2/robo_hand_ws/install/xarm_controller/lib:/home/berenic/Documents/LPRS2_2026/Robo_Hand_RS485/ROS2/robo_hand_ws/install/xarm_api/lib:/home/berenic/Documents/LPRS2_2026/Robo_Hand_RS485/ROS2/robo_hand_ws/install/xarm_sdk/lib:/home/berenic/Documents/LPRS2_2026/Robo_Hand_RS485/ROS2/robo_hand_ws/install/xarm_msgs/lib:/home/berenic/Documents/LPRS2_2026/Robo_Hand_RS485/ROS2/robo_hand_ws/install/xarm_planner/lib:/home/berenic/Documents/LPRS2_2026/Robo_Hand_RS485/ROS2/robo_hand_ws/install/xarm_moveit_servo/lib:/home/berenic/Documents/LPRS2_2026/Robo_Hand_RS485/ROS2/robo_hand_ws/install/realsense_gazebo_plugin/lib:/opt/ros/jazzy/opt/gz_sim_vendor/lib:/opt/ros/jazzy/opt/gz_sensors_vendor/lib:/opt/ros/jazzy/opt/gz_physics_vendor/lib:/opt/ros/jazzy/opt/sdformat_vendor/lib:/opt/ros/jazzy/opt/rviz_ogre_vendor/lib:/opt/ros/jazzy/lib/x86_64-linux-gnu:/opt/ros/jazzy/opt/gz_gui_vendor/lib:/opt/ros/jazzy/opt/gz_transport_vendor/lib:/opt/ros/jazzy/opt/gz_rendering_vendor/lib:/opt/ros/jazzy/opt/gz_plugin_vendor/lib:/opt/ros/jazzy/opt/gz_fuel_tools_vendor/lib:/opt/ros/jazzy/opt/gz_msgs_vendor/lib:/opt/ros/jazzy/opt/gz_common_vendor/lib:/opt/ros/jazzy/opt/gz_math_vendor/lib:/opt/ros/jazzy/opt/gz_utils_vendor/lib:/opt/ros/jazzy/opt/gz_tools_vendor/lib:/opt/ros/jazzy/opt/gz_ogre_next_vendor/lib:/opt/ros/jazzy/opt/gz_dartsim_vendor/lib:/opt/ros/jazzy/opt/gz_cmake_vendor/lib:/opt/ros/jazzy/lib /usr/bin/cmake --build /home/berenic/Documents/LPRS2_2026/Robo_Hand_RS485/ROS2/robo_hand_ws/build/xarm_moveit_servo -- -j12 -l12
[4.226s] DEBUG:colcon.colcon_core.event_handler.log_command:Invoking command in '/home/berenic/Documents/LPRS2_2026/Robo_Hand_RS485/ROS2/robo_hand_ws/build/xarm_moveit_servo': AMENT_PREFIX_PATH=/home/berenic/Documents/LPRS2_2026/Robo_Hand_RS485/ROS2/robo_hand_ws/install/uf_ros_lib:/home/berenic/Documents/LPRS2_2026/Robo_Hand_RS485/ROS2/robo_hand_ws/install/glue_events_routines:/home/berenic/Documents/LPRS2_2026/Robo_Hand_RS485/ROS2/robo_hand_ws/install/xarm_planner:/home/berenic/Documents/LPRS2_2026/Robo_Hand_RS485/ROS2/robo_hand_ws/install/xarm_moveit_servo:/home/berenic/Documents/LPRS2_2026/Robo_Hand_RS485/ROS2/robo_hand_ws/install/xarm_moveit_config:/home/berenic/Documents/LPRS2_2026/Robo_Hand_RS485/ROS2/robo_hand_ws/install/xarm_gazebo:/home/berenic/Documents/LPRS2_2026/Robo_Hand_RS485/ROS2/robo_hand_ws/install/xarm_controller:/home/berenic/Documents/LPRS2_2026/Robo_Hand_RS485/ROS2/robo_hand_ws/install/xarm_api:/home/berenic/Documents/LPRS2_2026/Robo_Hand_RS485/ROS2/robo_hand_ws/install/xarm_sdk:/home/berenic/Documents/LPRS2_2026/Robo_Hand_RS485/ROS2/robo_hand_ws/install/xarm_msgs:/home/berenic/Documents/LPRS2_2026/Robo_Hand_RS485/ROS2/robo_hand_ws/install/xarm_description:/home/berenic/Documents/LPRS2_2026/Robo_Hand_RS485/ROS2/robo_hand_ws/install/mbot_demo:/home/berenic/Documents/LPRS2_2026/Robo_Hand_RS485/ROS2/robo_hand_ws/install/realsense_gazebo_plugin:/opt/ros/jazzy CMAKE_PREFIX_PATH=/home/berenic/Documents/LPRS2_2026/Robo_Hand_RS485/ROS2/robo_hand_ws/install/xarm_moveit_config:/home/berenic/Documents/LPRS2_2026/Robo_Hand_RS485/ROS2/robo_hand_ws/install/xarm_gazebo:/home/berenic/Documents/LPRS2_2026/Robo_Hand_RS485/ROS2/robo_hand_ws/install/xarm_controller:/home/berenic/Documents/LPRS2_2026/Robo_Hand_RS485/ROS2/robo_hand_ws/install/xarm_api:/home/berenic/Documents/LPRS2_2026/Robo_Hand_RS485/ROS2/robo_hand_ws/install/xarm_sdk:/home/berenic/Documents/LPRS2_2026/Robo_Hand_RS485/ROS2/robo_hand_ws/install/xarm_msgs:/home/berenic/Documents/LPRS2_2026/Robo_Hand_RS485/ROS2/robo_hand_ws/install/xarm_description:/home/berenic/Documents/LPRS2_2026/Robo_Hand_RS485/ROS2/robo_hand_ws/install/glue_events_routines:/home/berenic/Documents/LPRS2_2026/Robo_Hand_RS485/ROS2/robo_hand_ws/install/xarm_planner:/home/berenic/Documents/LPRS2_2026/Robo_Hand_RS485/ROS2/robo_hand_ws/install/xarm_moveit_servo:/home/berenic/Documents/LPRS2_2026/Robo_Hand_RS485/ROS2/robo_hand_ws/install/mbot_demo:/home/berenic/Documents/LPRS2_2026/Robo_Hand_RS485/ROS2/robo_hand_ws/install/realsense_gazebo_plugin:/opt/ros/jazzy/opt/gz_sim_vendor:/opt/ros/jazzy/opt/gz_sensors_vendor:/opt/ros/jazzy/opt/gz_physics_vendor:/opt/ros/jazzy/opt/sdformat_vendor:/opt/ros/jazzy/opt/gz_gui_vendor:/opt/ros/jazzy/opt/gz_transport_vendor:/opt/ros/jazzy/opt/gz_rendering_vendor:/opt/ros/jazzy/opt/gz_plugin_vendor:/opt/ros/jazzy/opt/gz_fuel_tools_vendor:/opt/ros/jazzy/opt/gz_msgs_vendor:/opt/ros/jazzy/opt/gz_common_vendor:/opt/ros/jazzy/opt/gz_math_vendor:/opt/ros/jazzy/opt/gz_utils_vendor:/opt/ros/jazzy/opt/gz_tools_vendor:/opt/ros/jazzy/opt/gz_ogre_next_vendor:/opt/ros/jazzy/opt/gz_dartsim_vendor:/opt/ros/jazzy/opt/gz_cmake_vendor:/home/berenic/Documents/LPRS2_2026/Robo_Hand_RS485/ROS2/robo_hand_ws/install/uf_ros_lib:/opt/ros/jazzy DEBUGINFOD_URLS=https://debuginfod.ubuntu.com LD_LIBRARY_PATH=/home/berenic/Documents/LPRS2_2026/Robo_Hand_RS485/ROS2/robo_hand_ws/install/xarm_gazebo/lib:/home/berenic/Documents/LPRS2_2026/Robo_Hand_RS485/ROS2/robo_hand_ws/install/xarm_controller/lib:/home/berenic/Documents/LPRS2_2026/Robo_Hand_RS485/ROS2/robo_hand_ws/install/xarm_api/lib:/home/berenic/Documents/LPRS2_2026/Robo_Hand_RS485/ROS2/robo_hand_ws/install/xarm_sdk/lib:/home/berenic/Documents/LPRS2_2026/Robo_Hand_RS485/ROS2/robo_hand_ws/install/xarm_msgs/lib:/home/berenic/Documents/LPRS2_2026/Robo_Hand_RS485/ROS2/robo_hand_ws/install/xarm_planner/lib:/home/berenic/Documents/LPRS2_2026/Robo_Hand_RS485/ROS2/robo_hand_ws/install/xarm_moveit_servo/lib:/home/berenic/Documents/LPRS2_2026/Robo_Hand_RS485/ROS2/robo_hand_ws/install/realsense_gazebo_plugin/lib:/opt/ros/jazzy/opt/gz_sim_vendor/lib:/opt/ros/jazzy/opt/gz_sensors_vendor/lib:/opt/ros/jazzy/opt/gz_physics_vendor/lib:/opt/ros/jazzy/opt/sdformat_vendor/lib:/opt/ros/jazzy/opt/rviz_ogre_vendor/lib:/opt/ros/jazzy/lib/x86_64-linux-gnu:/opt/ros/jazzy/opt/gz_gui_vendor/lib:/opt/ros/jazzy/opt/gz_transport_vendor/lib:/opt/ros/jazzy/opt/gz_rendering_vendor/lib:/opt/ros/jazzy/opt/gz_plugin_vendor/lib:/opt/ros/jazzy/opt/gz_fuel_tools_vendor/lib:/opt/ros/jazzy/opt/gz_msgs_vendor/lib:/opt/ros/jazzy/opt/gz_common_vendor/lib:/opt/ros/jazzy/opt/gz_math_vendor/lib:/opt/ros/jazzy/opt/gz_utils_vendor/lib:/opt/ros/jazzy/opt/gz_tools_vendor/lib:/opt/ros/jazzy/opt/gz_ogre_next_vendor/lib:/opt/ros/jazzy/opt/gz_dartsim_vendor/lib:/opt/ros/jazzy/opt/gz_cmake_vendor/lib:/opt/ros/jazzy/lib /usr/bin/cmake --install /home/berenic/Documents/LPRS2_2026/Robo_Hand_RS485/ROS2/robo_hand_ws/build/xarm_moveit_servo
[4.283s] Level 1:colcon.colcon_core.environment:create_environment_scripts_only(xarm_moveit_servo)
[4.284s] Level 1:colcon.colcon_core.environment:checking '/home/berenic/Documents/LPRS2_2026/Robo_Hand_RS485/ROS2/robo_hand_ws/install/xarm_moveit_servo' for CMake module files
[4.285s] DEBUG:colcon.colcon_core.event_handler.log_command:Invoked command in '/home/berenic/Documents/LPRS2_2026/Robo_Hand_RS485/ROS2/robo_hand_ws/build/xarm_moveit_servo' returned '0': AMENT_PREFIX_PATH=/home/berenic/Documents/LPRS2_2026/Robo_Hand_RS485/ROS2/robo_hand_ws/install/uf_ros_lib:/home/berenic/Documents/LPRS2_2026/Robo_Hand_RS485/ROS2/robo_hand_ws/install/glue_events_routines:/home/berenic/Documents/LPRS2_2026/Robo_Hand_RS485/ROS2/robo_hand_ws/install/xarm_planner:/home/berenic/Documents/LPRS2_2026/Robo_Hand_RS485/ROS2/robo_hand_ws/install/xarm_moveit_servo:/home/berenic/Documents/LPRS2_2026/Robo_Hand_RS485/ROS2/robo_hand_ws/install/xarm_moveit_config:/home/berenic/Documents/LPRS2_2026/Robo_Hand_RS485/ROS2/robo_hand_ws/install/xarm_gazebo:/home/berenic/Documents/LPRS2_2026/Robo_Hand_RS485/ROS2/robo_hand_ws/install/xarm_controller:/home/berenic/Documents/LPRS2_2026/Robo_Hand_RS485/ROS2/robo_hand_ws/install/xarm_api:/home/berenic/Documents/LPRS2_2026/Robo_Hand_RS485/ROS2/robo_hand_ws/install/xarm_sdk:/home/berenic/Documents/LPRS2_2026/Robo_Hand_RS485/ROS2/robo_hand_ws/install/xarm_msgs:/home/berenic/Documents/LPRS2_2026/Robo_Hand_RS485/ROS2/robo_hand_ws/install/xarm_description:/home/berenic/Documents/LPRS2_2026/Robo_Hand_RS485/ROS2/robo_hand_ws/install/mbot_demo:/home/berenic/Documents/LPRS2_2026/Robo_Hand_RS485/ROS2/robo_hand_ws/install/realsense_gazebo_plugin:/opt/ros/jazzy CMAKE_PREFIX_PATH=/home/berenic/Documents/LPRS2_2026/Robo_Hand_RS485/ROS2/robo_hand_ws/install/xarm_moveit_config:/home/berenic/Documents/LPRS2_2026/Robo_Hand_RS485/ROS2/robo_hand_ws/install/xarm_gazebo:/home/berenic/Documents/LPRS2_2026/Robo_Hand_RS485/ROS2/robo_hand_ws/install/xarm_controller:/home/berenic/Documents/LPRS2_2026/Robo_Hand_RS485/ROS2/robo_hand_ws/install/xarm_api:/home/berenic/Documents/LPRS2_2026/Robo_Hand_RS485/ROS2/robo_hand_ws/install/xarm_sdk:/home/berenic/Documents/LPRS2_2026/Robo_Hand_RS485/ROS2/robo_hand_ws/install/xarm_msgs:/home/berenic/Documents/LPRS2_2026/Robo_Hand_RS485/ROS2/robo_hand_ws/install/xarm_description:/home/berenic/Documents/LPRS2_2026/Robo_Hand_RS485/ROS2/robo_hand_ws/install/glue_events_routines:/home/berenic/Documents/LPRS2_2026/Robo_Hand_RS485/ROS2/robo_hand_ws/install/xarm_planner:/home/berenic/Documents/LPRS2_2026/Robo_Hand_RS485/ROS2/robo_hand_ws/install/xarm_moveit_servo:/home/berenic/Documents/LPRS2_2026/Robo_Hand_RS485/ROS2/robo_hand_ws/install/mbot_demo:/home/berenic/Documents/LPRS2_2026/Robo_Hand_RS485/ROS2/robo_hand_ws/install/realsense_gazebo_plugin:/opt/ros/jazzy/opt/gz_sim_vendor:/opt/ros/jazzy/opt/gz_sensors_vendor:/opt/ros/jazzy/opt/gz_physics_vendor:/opt/ros/jazzy/opt/sdformat_vendor:/opt/ros/jazzy/opt/gz_gui_vendor:/opt/ros/jazzy/opt/gz_transport_vendor:/opt/ros/jazzy/opt/gz_rendering_vendor:/opt/ros/jazzy/opt/gz_plugin_vendor:/opt/ros/jazzy/opt/gz_fuel_tools_vendor:/opt/ros/jazzy/opt/gz_msgs_vendor:/opt/ros/jazzy/opt/gz_common_vendor:/opt/ros/jazzy/opt/gz_math_vendor:/opt/ros/jazzy/opt/gz_utils_vendor:/opt/ros/jazzy/opt/gz_tools_vendor:/opt/ros/jazzy/opt/gz_ogre_next_vendor:/opt/ros/jazzy/opt/gz_dartsim_vendor:/opt/ros/jazzy/opt/gz_cmake_vendor:/home/berenic/Documents/LPRS2_2026/Robo_Hand_RS485/ROS2/robo_hand_ws/install/uf_ros_lib:/opt/ros/jazzy DEBUGINFOD_URLS=https://debuginfod.ubuntu.com LD_LIBRARY_PATH=/home/berenic/Documents/LPRS2_2026/Robo_Hand_RS485/ROS2/robo_hand_ws/install/xarm_gazebo/lib:/home/berenic/Documents/LPRS2_2026/Robo_Hand_RS485/ROS2/robo_hand_ws/install/xarm_controller/lib:/home/berenic/Documents/LPRS2_2026/Robo_Hand_RS485/ROS2/robo_hand_ws/install/xarm_api/lib:/home/berenic/Documents/LPRS2_2026/Robo_Hand_RS485/ROS2/robo_hand_ws/install/xarm_sdk/lib:/home/berenic/Documents/LPRS2_2026/Robo_Hand_RS485/ROS2/robo_hand_ws/install/xarm_msgs/lib:/home/berenic/Documents/LPRS2_2026/Robo_Hand_RS485/ROS2/robo_hand_ws/install/xarm_planner/lib:/home/berenic/Documents/LPRS2_2026/Robo_Hand_RS485/ROS2/robo_hand_ws/install/xarm_moveit_servo/lib:/home/berenic/Documents/LPRS2_2026/Robo_Hand_RS485/ROS2/robo_hand_ws/install/realsense_gazebo_plugin/lib:/opt/ros/jazzy/opt/gz_sim_vendor/lib:/opt/ros/jazzy/opt/gz_sensors_vendor/lib:/opt/ros/jazzy/opt/gz_physics_vendor/lib:/opt/ros/jazzy/opt/sdformat_vendor/lib:/opt/ros/jazzy/opt/rviz_ogre_vendor/lib:/opt/ros/jazzy/lib/x86_64-linux-gnu:/opt/ros/jazzy/opt/gz_gui_vendor/lib:/opt/ros/jazzy/opt/gz_transport_vendor/lib:/opt/ros/jazzy/opt/gz_rendering_vendor/lib:/opt/ros/jazzy/opt/gz_plugin_vendor/lib:/opt/ros/jazzy/opt/gz_fuel_tools_vendor/lib:/opt/ros/jazzy/opt/gz_msgs_vendor/lib:/opt/ros/jazzy/opt/gz_common_vendor/lib:/opt/ros/jazzy/opt/gz_math_vendor/lib:/opt/ros/jazzy/opt/gz_utils_vendor/lib:/opt/ros/jazzy/opt/gz_tools_vendor/lib:/opt/ros/jazzy/opt/gz_ogre_next_vendor/lib:/opt/ros/jazzy/opt/gz_dartsim_vendor/lib:/opt/ros/jazzy/opt/gz_cmake_vendor/lib:/opt/ros/jazzy/lib /usr/bin/cmake --install /home/berenic/Documents/LPRS2_2026/Robo_Hand_RS485/ROS2/robo_hand_ws/build/xarm_moveit_servo
[4.286s] Level 1:colcon.colcon_core.environment:checking '/home/berenic/Documents/LPRS2_2026/Robo_Hand_RS485/ROS2/robo_hand_ws/install/xarm_moveit_servo' for CMake config files
[4.287s] Level 1:colcon.colcon_core.shell:create_environment_hook('xarm_moveit_servo', 'cmake_prefix_path')
[4.287s] INFO:colcon.colcon_core.shell:Creating environment hook '/home/berenic/Documents/LPRS2_2026/Robo_Hand_RS485/ROS2/robo_hand_ws/install/xarm_moveit_servo/share/xarm_moveit_servo/hook/cmake_prefix_path.ps1'
[4.288s] INFO:colcon.colcon_core.shell:Creating environment descriptor '/home/berenic/Documents/LPRS2_2026/Robo_Hand_RS485/ROS2/robo_hand_ws/install/xarm_moveit_servo/share/xarm_moveit_servo/hook/cmake_prefix_path.dsv'
[4.289s] INFO:colcon.colcon_core.shell:Creating environment hook '/home/berenic/Documents/LPRS2_2026/Robo_Hand_RS485/ROS2/robo_hand_ws/install/xarm_moveit_servo/share/xarm_moveit_servo/hook/cmake_prefix_path.sh'
[4.290s] Level 1:colcon.colcon_core.environment:checking '/home/berenic/Documents/LPRS2_2026/Robo_Hand_RS485/ROS2/robo_hand_ws/install/xarm_moveit_servo/lib'
[4.291s] Level 1:colcon.colcon_core.shell:create_environment_hook('xarm_moveit_servo', 'ld_library_path_lib')
[4.291s] INFO:colcon.colcon_core.shell:Creating environment hook '/home/berenic/Documents/LPRS2_2026/Robo_Hand_RS485/ROS2/robo_hand_ws/install/xarm_moveit_servo/share/xarm_moveit_servo/hook/ld_library_path_lib.ps1'
[4.293s] INFO:colcon.colcon_core.shell:Creating environment descriptor '/home/berenic/Documents/LPRS2_2026/Robo_Hand_RS485/ROS2/robo_hand_ws/install/xarm_moveit_servo/share/xarm_moveit_servo/hook/ld_library_path_lib.dsv'
[4.294s] INFO:colcon.colcon_core.shell:Creating environment hook '/home/berenic/Documents/LPRS2_2026/Robo_Hand_RS485/ROS2/robo_hand_ws/install/xarm_moveit_servo/share/xarm_moveit_servo/hook/ld_library_path_lib.sh'
[4.295s] Level 1:colcon.colcon_core.environment:checking '/home/berenic/Documents/LPRS2_2026/Robo_Hand_RS485/ROS2/robo_hand_ws/install/xarm_moveit_servo/bin'
[4.295s] Level 1:colcon.colcon_core.environment:checking '/home/berenic/Documents/LPRS2_2026/Robo_Hand_RS485/ROS2/robo_hand_ws/install/xarm_moveit_servo/lib/pkgconfig/xarm_moveit_servo.pc'
[4.295s] Level 1:colcon.colcon_core.environment:checking '/home/berenic/Documents/LPRS2_2026/Robo_Hand_RS485/ROS2/robo_hand_ws/install/xarm_moveit_servo/lib/python3.12/site-packages'
[4.296s] Level 1:colcon.colcon_core.environment:checking '/home/berenic/Documents/LPRS2_2026/Robo_Hand_RS485/ROS2/robo_hand_ws/install/xarm_moveit_servo/bin'
[4.296s] INFO:colcon.colcon_core.shell:Creating package script '/home/berenic/Documents/LPRS2_2026/Robo_Hand_RS485/ROS2/robo_hand_ws/install/xarm_moveit_servo/share/xarm_moveit_servo/package.ps1'
[4.297s] INFO:colcon.colcon_core.shell:Creating package descriptor '/home/berenic/Documents/LPRS2_2026/Robo_Hand_RS485/ROS2/robo_hand_ws/install/xarm_moveit_servo/share/xarm_moveit_servo/package.dsv'
[4.298s] INFO:colcon.colcon_core.shell:Creating package script '/home/berenic/Documents/LPRS2_2026/Robo_Hand_RS485/ROS2/robo_hand_ws/install/xarm_moveit_servo/share/xarm_moveit_servo/package.sh'
[4.299s] INFO:colcon.colcon_core.shell:Creating package script '/home/berenic/Documents/LPRS2_2026/Robo_Hand_RS485/ROS2/robo_hand_ws/install/xarm_moveit_servo/share/xarm_moveit_servo/package.bash'
[4.300s] INFO:colcon.colcon_core.shell:Creating package script '/home/berenic/Documents/LPRS2_2026/Robo_Hand_RS485/ROS2/robo_hand_ws/install/xarm_moveit_servo/share/xarm_moveit_servo/package.zsh'
[4.301s] Level 1:colcon.colcon_core.environment:create_file_with_runtime_dependencies(/home/berenic/Documents/LPRS2_2026/Robo_Hand_RS485/ROS2/robo_hand_ws/install/xarm_moveit_servo/share/colcon-core/packages/xarm_moveit_servo)
[4.301s] Level 1:colcon.colcon_core.environment:create_environment_scripts_only(xarm_moveit_servo)
[4.302s] Level 1:colcon.colcon_core.environment:checking '/home/berenic/Documents/LPRS2_2026/Robo_Hand_RS485/ROS2/robo_hand_ws/install/xarm_moveit_servo' for CMake module files
[4.303s] Level 1:colcon.colcon_core.environment:checking '/home/berenic/Documents/LPRS2_2026/Robo_Hand_RS485/ROS2/robo_hand_ws/install/xarm_moveit_servo' for CMake config files
[4.303s] Level 1:colcon.colcon_core.shell:create_environment_hook('xarm_moveit_servo', 'cmake_prefix_path')
[4.303s] INFO:colcon.colcon_core.shell:Creating environment hook '/home/berenic/Documents/LPRS2_2026/Robo_Hand_RS485/ROS2/robo_hand_ws/install/xarm_moveit_servo/share/xarm_moveit_servo/hook/cmake_prefix_path.ps1'
[4.304s] INFO:colcon.colcon_core.shell:Creating environment descriptor '/home/berenic/Documents/LPRS2_2026/Robo_Hand_RS485/ROS2/robo_hand_ws/install/xarm_moveit_servo/share/xarm_moveit_servo/hook/cmake_prefix_path.dsv'
[4.305s] INFO:colcon.colcon_core.shell:Creating environment hook '/home/berenic/Documents/LPRS2_2026/Robo_Hand_RS485/ROS2/robo_hand_ws/install/xarm_moveit_servo/share/xarm_moveit_servo/hook/cmake_prefix_path.sh'
[4.306s] Level 1:colcon.colcon_core.environment:checking '/home/berenic/Documents/LPRS2_2026/Robo_Hand_RS485/ROS2/robo_hand_ws/install/xarm_moveit_servo/lib'
[4.306s] Level 1:colcon.colcon_core.shell:create_environment_hook('xarm_moveit_servo', 'ld_library_path_lib')
[4.306s] INFO:colcon.colcon_core.shell:Creating environment hook '/home/berenic/Documents/LPRS2_2026/Robo_Hand_RS485/ROS2/robo_hand_ws/install/xarm_moveit_servo/share/xarm_moveit_servo/hook/ld_library_path_lib.ps1'
[4.306s] INFO:colcon.colcon_core.shell:Creating environment descriptor '/home/berenic/Documents/LPRS2_2026/Robo_Hand_RS485/ROS2/robo_hand_ws/install/xarm_moveit_servo/share/xarm_moveit_servo/hook/ld_library_path_lib.dsv'
[4.307s] INFO:colcon.colcon_core.shell:Creating environment hook '/home/berenic/Documents/LPRS2_2026/Robo_Hand_RS485/ROS2/robo_hand_ws/install/xarm_moveit_servo/share/xarm_moveit_servo/hook/ld_library_path_lib.sh'
[4.308s] Level 1:colcon.colcon_core.environment:checking '/home/berenic/Documents/LPRS2_2026/Robo_Hand_RS485/ROS2/robo_hand_ws/install/xarm_moveit_servo/bin'
[4.308s] Level 1:colcon.colcon_core.environment:checking '/home/berenic/Documents/LPRS2_2026/Robo_Hand_RS485/ROS2/robo_hand_ws/install/xarm_moveit_servo/lib/pkgconfig/xarm_moveit_servo.pc'
[4.308s] Level 1:colcon.colcon_core.environment:checking '/home/berenic/Documents/LPRS2_2026/Robo_Hand_RS485/ROS2/robo_hand_ws/install/xarm_moveit_servo/lib/python3.12/site-packages'
[4.309s] Level 1:colcon.colcon_core.environment:checking '/home/berenic/Documents/LPRS2_2026/Robo_Hand_RS485/ROS2/robo_hand_ws/install/xarm_moveit_servo/bin'
[4.309s] INFO:colcon.colcon_core.shell:Creating package script '/home/berenic/Documents/LPRS2_2026/Robo_Hand_RS485/ROS2/robo_hand_ws/install/xarm_moveit_servo/share/xarm_moveit_servo/package.ps1'
[4.310s] INFO:colcon.colcon_core.shell:Creating package descriptor '/home/berenic/Documents/LPRS2_2026/Robo_Hand_RS485/ROS2/robo_hand_ws/install/xarm_moveit_servo/share/xarm_moveit_servo/package.dsv'
[4.311s] INFO:colcon.colcon_core.shell:Creating package script '/home/berenic/Documents/LPRS2_2026/Robo_Hand_RS485/ROS2/robo_hand_ws/install/xarm_moveit_servo/share/xarm_moveit_servo/package.sh'
[4.311s] INFO:colcon.colcon_core.shell:Creating package script '/home/berenic/Documents/LPRS2_2026/Robo_Hand_RS485/ROS2/robo_hand_ws/install/xarm_moveit_servo/share/xarm_moveit_servo/package.bash'
[4.312s] INFO:colcon.colcon_core.shell:Creating package script '/home/berenic/Documents/LPRS2_2026/Robo_Hand_RS485/ROS2/robo_hand_ws/install/xarm_moveit_servo/share/xarm_moveit_servo/package.zsh'
[4.313s] Level 1:colcon.colcon_core.environment:create_file_with_runtime_dependencies(/home/berenic/Documents/LPRS2_2026/Robo_Hand_RS485/ROS2/robo_hand_ws/install/xarm_moveit_servo/share/colcon-core/packages/xarm_moveit_servo)
[4.323s] DEBUG:colcon.colcon_core.event_handler.log_command:Invoked command in '/home/berenic/Documents/LPRS2_2026/Robo_Hand_RS485/ROS2/robo_hand_ws/build/xarm_planner' returned '0': AMENT_PREFIX_PATH=/home/berenic/Documents/LPRS2_2026/Robo_Hand_RS485/ROS2/robo_hand_ws/install/uf_ros_lib:/home/berenic/Documents/LPRS2_2026/Robo_Hand_RS485/ROS2/robo_hand_ws/install/glue_events_routines:/home/berenic/Documents/LPRS2_2026/Robo_Hand_RS485/ROS2/robo_hand_ws/install/xarm_planner:/home/berenic/Documents/LPRS2_2026/Robo_Hand_RS485/ROS2/robo_hand_ws/install/xarm_moveit_servo:/home/berenic/Documents/LPRS2_2026/Robo_Hand_RS485/ROS2/robo_hand_ws/install/xarm_moveit_config:/home/berenic/Documents/LPRS2_2026/Robo_Hand_RS485/ROS2/robo_hand_ws/install/xarm_gazebo:/home/berenic/Documents/LPRS2_2026/Robo_Hand_RS485/ROS2/robo_hand_ws/install/xarm_controller:/home/berenic/Documents/LPRS2_2026/Robo_Hand_RS485/ROS2/robo_hand_ws/install/xarm_api:/home/berenic/Documents/LPRS2_2026/Robo_Hand_RS485/ROS2/robo_hand_ws/install/xarm_sdk:/home/berenic/Documents/LPRS2_2026/Robo_Hand_RS485/ROS2/robo_hand_ws/install/xarm_msgs:/home/berenic/Documents/LPRS2_2026/Robo_Hand_RS485/ROS2/robo_hand_ws/install/xarm_description:/home/berenic/Documents/LPRS2_2026/Robo_Hand_RS485/ROS2/robo_hand_ws/install/mbot_demo:/home/berenic/Documents/LPRS2_2026/Robo_Hand_RS485/ROS2/robo_hand_ws/install/realsense_gazebo_plugin:/opt/ros/jazzy CMAKE_PREFIX_PATH=/home/berenic/Documents/LPRS2_2026/Robo_Hand_RS485/ROS2/robo_hand_ws/install/xarm_moveit_config:/home/berenic/Documents/LPRS2_2026/Robo_Hand_RS485/ROS2/robo_hand_ws/install/xarm_gazebo:/home/berenic/Documents/LPRS2_2026/Robo_Hand_RS485/ROS2/robo_hand_ws/install/xarm_controller:/home/berenic/Documents/LPRS2_2026/Robo_Hand_RS485/ROS2/robo_hand_ws/install/xarm_api:/home/berenic/Documents/LPRS2_2026/Robo_Hand_RS485/ROS2/robo_hand_ws/install/xarm_sdk:/home/berenic/Documents/LPRS2_2026/Robo_Hand_RS485/ROS2/robo_hand_ws/install/xarm_msgs:/home/berenic/Documents/LPRS2_2026/Robo_Hand_RS485/ROS2/robo_hand_ws/install/xarm_description:/home/berenic/Documents/LPRS2_2026/Robo_Hand_RS485/ROS2/robo_hand_ws/install/glue_events_routines:/home/berenic/Documents/LPRS2_2026/Robo_Hand_RS485/ROS2/robo_hand_ws/install/xarm_planner:/home/berenic/Documents/LPRS2_2026/Robo_Hand_RS485/ROS2/robo_hand_ws/install/xarm_moveit_servo:/home/berenic/Documents/LPRS2_2026/Robo_Hand_RS485/ROS2/robo_hand_ws/install/mbot_demo:/home/berenic/Documents/LPRS2_2026/Robo_Hand_RS485/ROS2/robo_hand_ws/install/realsense_gazebo_plugin:/opt/ros/jazzy/opt/gz_sim_vendor:/opt/ros/jazzy/opt/gz_sensors_vendor:/opt/ros/jazzy/opt/gz_physics_vendor:/opt/ros/jazzy/opt/sdformat_vendor:/opt/ros/jazzy/opt/gz_gui_vendor:/opt/ros/jazzy/opt/gz_transport_vendor:/opt/ros/jazzy/opt/gz_rendering_vendor:/opt/ros/jazzy/opt/gz_plugin_vendor:/opt/ros/jazzy/opt/gz_fuel_tools_vendor:/opt/ros/jazzy/opt/gz_msgs_vendor:/opt/ros/jazzy/opt/gz_common_vendor:/opt/ros/jazzy/opt/gz_math_vendor:/opt/ros/jazzy/opt/gz_utils_vendor:/opt/ros/jazzy/opt/gz_tools_vendor:/opt/ros/jazzy/opt/gz_ogre_next_vendor:/opt/ros/jazzy/opt/gz_dartsim_vendor:/opt/ros/jazzy/opt/gz_cmake_vendor:/home/berenic/Documents/LPRS2_2026/Robo_Hand_RS485/ROS2/robo_hand_ws/install/uf_ros_lib:/opt/ros/jazzy DEBUGINFOD_URLS=https://debuginfod.ubuntu.com LD_LIBRARY_PATH=/home/berenic/Documents/LPRS2_2026/Robo_Hand_RS485/ROS2/robo_hand_ws/install/xarm_gazebo/lib:/home/berenic/Documents/LPRS2_2026/Robo_Hand_RS485/ROS2/robo_hand_ws/install/xarm_controller/lib:/home/berenic/Documents/LPRS2_2026/Robo_Hand_RS485/ROS2/robo_hand_ws/install/xarm_api/lib:/home/berenic/Documents/LPRS2_2026/Robo_Hand_RS485/ROS2/robo_hand_ws/install/xarm_sdk/lib:/home/berenic/Documents/LPRS2_2026/Robo_Hand_RS485/ROS2/robo_hand_ws/install/xarm_msgs/lib:/home/berenic/Documents/LPRS2_2026/Robo_Hand_RS485/ROS2/robo_hand_ws/install/xarm_planner/lib:/home/berenic/Documents/LPRS2_2026/Robo_Hand_RS485/ROS2/robo_hand_ws/install/xarm_moveit_servo/lib:/home/berenic/Documents/LPRS2_2026/Robo_Hand_RS485/ROS2/robo_hand_ws/install/realsense_gazebo_plugin/lib:/opt/ros/jazzy/opt/gz_sim_vendor/lib:/opt/ros/jazzy/opt/gz_sensors_vendor/lib:/opt/ros/jazzy/opt/gz_physics_vendor/lib:/opt/ros/jazzy/opt/sdformat_vendor/lib:/opt/ros/jazzy/opt/rviz_ogre_vendor/lib:/opt/ros/jazzy/lib/x86_64-linux-gnu:/opt/ros/jazzy/opt/gz_gui_vendor/lib:/opt/ros/jazzy/opt/gz_transport_vendor/lib:/opt/ros/jazzy/opt/gz_rendering_vendor/lib:/opt/ros/jazzy/opt/gz_plugin_vendor/lib:/opt/ros/jazzy/opt/gz_fuel_tools_vendor/lib:/opt/ros/jazzy/opt/gz_msgs_vendor/lib:/opt/ros/jazzy/opt/gz_common_vendor/lib:/opt/ros/jazzy/opt/gz_math_vendor/lib:/opt/ros/jazzy/opt/gz_utils_vendor/lib:/opt/ros/jazzy/opt/gz_tools_vendor/lib:/opt/ros/jazzy/opt/gz_ogre_next_vendor/lib:/opt/ros/jazzy/opt/gz_dartsim_vendor/lib:/opt/ros/jazzy/opt/gz_cmake_vendor/lib:/opt/ros/jazzy/lib /usr/bin/cmake --build /home/berenic/Documents/LPRS2_2026/Robo_Hand_RS485/ROS2/robo_hand_ws/build/xarm_planner -- -j12 -l12
[4.325s] DEBUG:colcon.colcon_core.event_handler.log_command:Invoking command in '/home/berenic/Documents/LPRS2_2026/Robo_Hand_RS485/ROS2/robo_hand_ws/build/xarm_planner': AMENT_PREFIX_PATH=/home/berenic/Documents/LPRS2_2026/Robo_Hand_RS485/ROS2/robo_hand_ws/install/uf_ros_lib:/home/berenic/Documents/LPRS2_2026/Robo_Hand_RS485/ROS2/robo_hand_ws/install/glue_events_routines:/home/berenic/Documents/LPRS2_2026/Robo_Hand_RS485/ROS2/robo_hand_ws/install/xarm_planner:/home/berenic/Documents/LPRS2_2026/Robo_Hand_RS485/ROS2/robo_hand_ws/install/xarm_moveit_servo:/home/berenic/Documents/LPRS2_2026/Robo_Hand_RS485/ROS2/robo_hand_ws/install/xarm_moveit_config:/home/berenic/Documents/LPRS2_2026/Robo_Hand_RS485/ROS2/robo_hand_ws/install/xarm_gazebo:/home/berenic/Documents/LPRS2_2026/Robo_Hand_RS485/ROS2/robo_hand_ws/install/xarm_controller:/home/berenic/Documents/LPRS2_2026/Robo_Hand_RS485/ROS2/robo_hand_ws/install/xarm_api:/home/berenic/Documents/LPRS2_2026/Robo_Hand_RS485/ROS2/robo_hand_ws/install/xarm_sdk:/home/berenic/Documents/LPRS2_2026/Robo_Hand_RS485/ROS2/robo_hand_ws/install/xarm_msgs:/home/berenic/Documents/LPRS2_2026/Robo_Hand_RS485/ROS2/robo_hand_ws/install/xarm_description:/home/berenic/Documents/LPRS2_2026/Robo_Hand_RS485/ROS2/robo_hand_ws/install/mbot_demo:/home/berenic/Documents/LPRS2_2026/Robo_Hand_RS485/ROS2/robo_hand_ws/install/realsense_gazebo_plugin:/opt/ros/jazzy CMAKE_PREFIX_PATH=/home/berenic/Documents/LPRS2_2026/Robo_Hand_RS485/ROS2/robo_hand_ws/install/xarm_moveit_config:/home/berenic/Documents/LPRS2_2026/Robo_Hand_RS485/ROS2/robo_hand_ws/install/xarm_gazebo:/home/berenic/Documents/LPRS2_2026/Robo_Hand_RS485/ROS2/robo_hand_ws/install/xarm_controller:/home/berenic/Documents/LPRS2_2026/Robo_Hand_RS485/ROS2/robo_hand_ws/install/xarm_api:/home/berenic/Documents/LPRS2_2026/Robo_Hand_RS485/ROS2/robo_hand_ws/install/xarm_sdk:/home/berenic/Documents/LPRS2_2026/Robo_Hand_RS485/ROS2/robo_hand_ws/install/xarm_msgs:/home/berenic/Documents/LPRS2_2026/Robo_Hand_RS485/ROS2/robo_hand_ws/install/xarm_description:/home/berenic/Documents/LPRS2_2026/Robo_Hand_RS485/ROS2/robo_hand_ws/install/glue_events_routines:/home/berenic/Documents/LPRS2_2026/Robo_Hand_RS485/ROS2/robo_hand_ws/install/xarm_planner:/home/berenic/Documents/LPRS2_2026/Robo_Hand_RS485/ROS2/robo_hand_ws/install/xarm_moveit_servo:/home/berenic/Documents/LPRS2_2026/Robo_Hand_RS485/ROS2/robo_hand_ws/install/mbot_demo:/home/berenic/Documents/LPRS2_2026/Robo_Hand_RS485/ROS2/robo_hand_ws/install/realsense_gazebo_plugin:/opt/ros/jazzy/opt/gz_sim_vendor:/opt/ros/jazzy/opt/gz_sensors_vendor:/opt/ros/jazzy/opt/gz_physics_vendor:/opt/ros/jazzy/opt/sdformat_vendor:/opt/ros/jazzy/opt/gz_gui_vendor:/opt/ros/jazzy/opt/gz_transport_vendor:/opt/ros/jazzy/opt/gz_rendering_vendor:/opt/ros/jazzy/opt/gz_plugin_vendor:/opt/ros/jazzy/opt/gz_fuel_tools_vendor:/opt/ros/jazzy/opt/gz_msgs_vendor:/opt/ros/jazzy/opt/gz_common_vendor:/opt/ros/jazzy/opt/gz_math_vendor:/opt/ros/jazzy/opt/gz_utils_vendor:/opt/ros/jazzy/opt/gz_tools_vendor:/opt/ros/jazzy/opt/gz_ogre_next_vendor:/opt/ros/jazzy/opt/gz_dartsim_vendor:/opt/ros/jazzy/opt/gz_cmake_vendor:/home/berenic/Documents/LPRS2_2026/Robo_Hand_RS485/ROS2/robo_hand_ws/install/uf_ros_lib:/opt/ros/jazzy DEBUGINFOD_URLS=https://debuginfod.ubuntu.com LD_LIBRARY_PATH=/home/berenic/Documents/LPRS2_2026/Robo_Hand_RS485/ROS2/robo_hand_ws/install/xarm_gazebo/lib:/home/berenic/Documents/LPRS2_2026/Robo_Hand_RS485/ROS2/robo_hand_ws/install/xarm_controller/lib:/home/berenic/Documents/LPRS2_2026/Robo_Hand_RS485/ROS2/robo_hand_ws/install/xarm_api/lib:/home/berenic/Documents/LPRS2_2026/Robo_Hand_RS485/ROS2/robo_hand_ws/install/xarm_sdk/lib:/home/berenic/Documents/LPRS2_2026/Robo_Hand_RS485/ROS2/robo_hand_ws/install/xarm_msgs/lib:/home/berenic/Documents/LPRS2_2026/Robo_Hand_RS485/ROS2/robo_hand_ws/install/xarm_planner/lib:/home/berenic/Documents/LPRS2_2026/Robo_Hand_RS485/ROS2/robo_hand_ws/install/xarm_moveit_servo/lib:/home/berenic/Documents/LPRS2_2026/Robo_Hand_RS485/ROS2/robo_hand_ws/install/realsense_gazebo_plugin/lib:/opt/ros/jazzy/opt/gz_sim_vendor/lib:/opt/ros/jazzy/opt/gz_sensors_vendor/lib:/opt/ros/jazzy/opt/gz_physics_vendor/lib:/opt/ros/jazzy/opt/sdformat_vendor/lib:/opt/ros/jazzy/opt/rviz_ogre_vendor/lib:/opt/ros/jazzy/lib/x86_64-linux-gnu:/opt/ros/jazzy/opt/gz_gui_vendor/lib:/opt/ros/jazzy/opt/gz_transport_vendor/lib:/opt/ros/jazzy/opt/gz_rendering_vendor/lib:/opt/ros/jazzy/opt/gz_plugin_vendor/lib:/opt/ros/jazzy/opt/gz_fuel_tools_vendor/lib:/opt/ros/jazzy/opt/gz_msgs_vendor/lib:/opt/ros/jazzy/opt/gz_common_vendor/lib:/opt/ros/jazzy/opt/gz_math_vendor/lib:/opt/ros/jazzy/opt/gz_utils_vendor/lib:/opt/ros/jazzy/opt/gz_tools_vendor/lib:/opt/ros/jazzy/opt/gz_ogre_next_vendor/lib:/opt/ros/jazzy/opt/gz_dartsim_vendor/lib:/opt/ros/jazzy/opt/gz_cmake_vendor/lib:/opt/ros/jazzy/lib /usr/bin/cmake --install /home/berenic/Documents/LPRS2_2026/Robo_Hand_RS485/ROS2/robo_hand_ws/build/xarm_planner
[4.384s] Level 1:colcon.colcon_core.environment:create_environment_scripts_only(xarm_planner)
[4.384s] Level 1:colcon.colcon_core.environment:checking '/home/berenic/Documents/LPRS2_2026/Robo_Hand_RS485/ROS2/robo_hand_ws/install/xarm_planner' for CMake module files
[4.386s] DEBUG:colcon.colcon_core.event_handler.log_command:Invoked command in '/home/berenic/Documents/LPRS2_2026/Robo_Hand_RS485/ROS2/robo_hand_ws/build/xarm_planner' returned '0': AMENT_PREFIX_PATH=/home/berenic/Documents/LPRS2_2026/Robo_Hand_RS485/ROS2/robo_hand_ws/install/uf_ros_lib:/home/berenic/Documents/LPRS2_2026/Robo_Hand_RS485/ROS2/robo_hand_ws/install/glue_events_routines:/home/berenic/Documents/LPRS2_2026/Robo_Hand_RS485/ROS2/robo_hand_ws/install/xarm_planner:/home/berenic/Documents/LPRS2_2026/Robo_Hand_RS485/ROS2/robo_hand_ws/install/xarm_moveit_servo:/home/berenic/Documents/LPRS2_2026/Robo_Hand_RS485/ROS2/robo_hand_ws/install/xarm_moveit_config:/home/berenic/Documents/LPRS2_2026/Robo_Hand_RS485/ROS2/robo_hand_ws/install/xarm_gazebo:/home/berenic/Documents/LPRS2_2026/Robo_Hand_RS485/ROS2/robo_hand_ws/install/xarm_controller:/home/berenic/Documents/LPRS2_2026/Robo_Hand_RS485/ROS2/robo_hand_ws/install/xarm_api:/home/berenic/Documents/LPRS2_2026/Robo_Hand_RS485/ROS2/robo_hand_ws/install/xarm_sdk:/home/berenic/Documents/LPRS2_2026/Robo_Hand_RS485/ROS2/robo_hand_ws/install/xarm_msgs:/home/berenic/Documents/LPRS2_2026/Robo_Hand_RS485/ROS2/robo_hand_ws/install/xarm_description:/home/berenic/Documents/LPRS2_2026/Robo_Hand_RS485/ROS2/robo_hand_ws/install/mbot_demo:/home/berenic/Documents/LPRS2_2026/Robo_Hand_RS485/ROS2/robo_hand_ws/install/realsense_gazebo_plugin:/opt/ros/jazzy CMAKE_PREFIX_PATH=/home/berenic/Documents/LPRS2_2026/Robo_Hand_RS485/ROS2/robo_hand_ws/install/xarm_moveit_config:/home/berenic/Documents/LPRS2_2026/Robo_Hand_RS485/ROS2/robo_hand_ws/install/xarm_gazebo:/home/berenic/Documents/LPRS2_2026/Robo_Hand_RS485/ROS2/robo_hand_ws/install/xarm_controller:/home/berenic/Documents/LPRS2_2026/Robo_Hand_RS485/ROS2/robo_hand_ws/install/xarm_api:/home/berenic/Documents/LPRS2_2026/Robo_Hand_RS485/ROS2/robo_hand_ws/install/xarm_sdk:/home/berenic/Documents/LPRS2_2026/Robo_Hand_RS485/ROS2/robo_hand_ws/install/xarm_msgs:/home/berenic/Documents/LPRS2_2026/Robo_Hand_RS485/ROS2/robo_hand_ws/install/xarm_description:/home/berenic/Documents/LPRS2_2026/Robo_Hand_RS485/ROS2/robo_hand_ws/install/glue_events_routines:/home/berenic/Documents/LPRS2_2026/Robo_Hand_RS485/ROS2/robo_hand_ws/install/xarm_planner:/home/berenic/Documents/LPRS2_2026/Robo_Hand_RS485/ROS2/robo_hand_ws/install/xarm_moveit_servo:/home/berenic/Documents/LPRS2_2026/Robo_Hand_RS485/ROS2/robo_hand_ws/install/mbot_demo:/home/berenic/Documents/LPRS2_2026/Robo_Hand_RS485/ROS2/robo_hand_ws/install/realsense_gazebo_plugin:/opt/ros/jazzy/opt/gz_sim_vendor:/opt/ros/jazzy/opt/gz_sensors_vendor:/opt/ros/jazzy/opt/gz_physics_vendor:/opt/ros/jazzy/opt/sdformat_vendor:/opt/ros/jazzy/opt/gz_gui_vendor:/opt/ros/jazzy/opt/gz_transport_vendor:/opt/ros/jazzy/opt/gz_rendering_vendor:/opt/ros/jazzy/opt/gz_plugin_vendor:/opt/ros/jazzy/opt/gz_fuel_tools_vendor:/opt/ros/jazzy/opt/gz_msgs_vendor:/opt/ros/jazzy/opt/gz_common_vendor:/opt/ros/jazzy/opt/gz_math_vendor:/opt/ros/jazzy/opt/gz_utils_vendor:/opt/ros/jazzy/opt/gz_tools_vendor:/opt/ros/jazzy/opt/gz_ogre_next_vendor:/opt/ros/jazzy/opt/gz_dartsim_vendor:/opt/ros/jazzy/opt/gz_cmake_vendor:/home/berenic/Documents/LPRS2_2026/Robo_Hand_RS485/ROS2/robo_hand_ws/install/uf_ros_lib:/opt/ros/jazzy DEBUGINFOD_URLS=https://debuginfod.ubuntu.com LD_LIBRARY_PATH=/home/berenic/Documents/LPRS2_2026/Robo_Hand_RS485/ROS2/robo_hand_ws/install/xarm_gazebo/lib:/home/berenic/Documents/LPRS2_2026/Robo_Hand_RS485/ROS2/robo_hand_ws/install/xarm_controller/lib:/home/berenic/Documents/LPRS2_2026/Robo_Hand_RS485/ROS2/robo_hand_ws/install/xarm_api/lib:/home/berenic/Documents/LPRS2_2026/Robo_Hand_RS485/ROS2/robo_hand_ws/install/xarm_sdk/lib:/home/berenic/Documents/LPRS2_2026/Robo_Hand_RS485/ROS2/robo_hand_ws/install/xarm_msgs/lib:/home/berenic/Documents/LPRS2_2026/Robo_Hand_RS485/ROS2/robo_hand_ws/install/xarm_planner/lib:/home/berenic/Documents/LPRS2_2026/Robo_Hand_RS485/ROS2/robo_hand_ws/install/xarm_moveit_servo/lib:/home/berenic/Documents/LPRS2_2026/Robo_Hand_RS485/ROS2/robo_hand_ws/install/realsense_gazebo_plugin/lib:/opt/ros/jazzy/opt/gz_sim_vendor/lib:/opt/ros/jazzy/opt/gz_sensors_vendor/lib:/opt/ros/jazzy/opt/gz_physics_vendor/lib:/opt/ros/jazzy/opt/sdformat_vendor/lib:/opt/ros/jazzy/opt/rviz_ogre_vendor/lib:/opt/ros/jazzy/lib/x86_64-linux-gnu:/opt/ros/jazzy/opt/gz_gui_vendor/lib:/opt/ros/jazzy/opt/gz_transport_vendor/lib:/opt/ros/jazzy/opt/gz_rendering_vendor/lib:/opt/ros/jazzy/opt/gz_plugin_vendor/lib:/opt/ros/jazzy/opt/gz_fuel_tools_vendor/lib:/opt/ros/jazzy/opt/gz_msgs_vendor/lib:/opt/ros/jazzy/opt/gz_common_vendor/lib:/opt/ros/jazzy/opt/gz_math_vendor/lib:/opt/ros/jazzy/opt/gz_utils_vendor/lib:/opt/ros/jazzy/opt/gz_tools_vendor/lib:/opt/ros/jazzy/opt/gz_ogre_next_vendor/lib:/opt/ros/jazzy/opt/gz_dartsim_vendor/lib:/opt/ros/jazzy/opt/gz_cmake_vendor/lib:/opt/ros/jazzy/lib /usr/bin/cmake --install /home/berenic/Documents/LPRS2_2026/Robo_Hand_RS485/ROS2/robo_hand_ws/build/xarm_planner
[4.386s] Level 1:colcon.colcon_core.environment:checking '/home/berenic/Documents/LPRS2_2026/Robo_Hand_RS485/ROS2/robo_hand_ws/install/xarm_planner' for CMake config files
[4.387s] Level 1:colcon.colcon_core.shell:create_environment_hook('xarm_planner', 'cmake_prefix_path')
[4.387s] INFO:colcon.colcon_core.shell:Creating environment hook '/home/berenic/Documents/LPRS2_2026/Robo_Hand_RS485/ROS2/robo_hand_ws/install/xarm_planner/share/xarm_planner/hook/cmake_prefix_path.ps1'
[4.388s] INFO:colcon.colcon_core.shell:Creating environment descriptor '/home/berenic/Documents/LPRS2_2026/Robo_Hand_RS485/ROS2/robo_hand_ws/install/xarm_planner/share/xarm_planner/hook/cmake_prefix_path.dsv'
[4.389s] INFO:colcon.colcon_core.shell:Creating environment hook '/home/berenic/Documents/LPRS2_2026/Robo_Hand_RS485/ROS2/robo_hand_ws/install/xarm_planner/share/xarm_planner/hook/cmake_prefix_path.sh'
[4.390s] Level 1:colcon.colcon_core.environment:checking '/home/berenic/Documents/LPRS2_2026/Robo_Hand_RS485/ROS2/robo_hand_ws/install/xarm_planner/lib'
[4.390s] Level 1:colcon.colcon_core.shell:create_environment_hook('xarm_planner', 'ld_library_path_lib')
[4.390s] INFO:colcon.colcon_core.shell:Creating environment hook '/home/berenic/Documents/LPRS2_2026/Robo_Hand_RS485/ROS2/robo_hand_ws/install/xarm_planner/share/xarm_planner/hook/ld_library_path_lib.ps1'
[4.391s] INFO:colcon.colcon_core.shell:Creating environment descriptor '/home/berenic/Documents/LPRS2_2026/Robo_Hand_RS485/ROS2/robo_hand_ws/install/xarm_planner/share/xarm_planner/hook/ld_library_path_lib.dsv'
[4.391s] INFO:colcon.colcon_core.shell:Creating environment hook '/home/berenic/Documents/LPRS2_2026/Robo_Hand_RS485/ROS2/robo_hand_ws/install/xarm_planner/share/xarm_planner/hook/ld_library_path_lib.sh'
[4.392s] Level 1:colcon.colcon_core.environment:checking '/home/berenic/Documents/LPRS2_2026/Robo_Hand_RS485/ROS2/robo_hand_ws/install/xarm_planner/bin'
[4.392s] Level 1:colcon.colcon_core.environment:checking '/home/berenic/Documents/LPRS2_2026/Robo_Hand_RS485/ROS2/robo_hand_ws/install/xarm_planner/lib/pkgconfig/xarm_planner.pc'
[4.392s] Level 1:colcon.colcon_core.environment:checking '/home/berenic/Documents/LPRS2_2026/Robo_Hand_RS485/ROS2/robo_hand_ws/install/xarm_planner/lib/python3.12/site-packages'
[4.393s] Level 1:colcon.colcon_core.environment:checking '/home/berenic/Documents/LPRS2_2026/Robo_Hand_RS485/ROS2/robo_hand_ws/install/xarm_planner/bin'
[4.393s] INFO:colcon.colcon_core.shell:Creating package script '/home/berenic/Documents/LPRS2_2026/Robo_Hand_RS485/ROS2/robo_hand_ws/install/xarm_planner/share/xarm_planner/package.ps1'
[4.394s] INFO:colcon.colcon_core.shell:Creating package descriptor '/home/berenic/Documents/LPRS2_2026/Robo_Hand_RS485/ROS2/robo_hand_ws/install/xarm_planner/share/xarm_planner/package.dsv'
[4.395s] INFO:colcon.colcon_core.shell:Creating package script '/home/berenic/Documents/LPRS2_2026/Robo_Hand_RS485/ROS2/robo_hand_ws/install/xarm_planner/share/xarm_planner/package.sh'
[4.395s] INFO:colcon.colcon_core.shell:Creating package script '/home/berenic/Documents/LPRS2_2026/Robo_Hand_RS485/ROS2/robo_hand_ws/install/xarm_planner/share/xarm_planner/package.bash'
[4.396s] INFO:colcon.colcon_core.shell:Creating package script '/home/berenic/Documents/LPRS2_2026/Robo_Hand_RS485/ROS2/robo_hand_ws/install/xarm_planner/share/xarm_planner/package.zsh'
[4.396s] Level 1:colcon.colcon_core.environment:create_file_with_runtime_dependencies(/home/berenic/Documents/LPRS2_2026/Robo_Hand_RS485/ROS2/robo_hand_ws/install/xarm_planner/share/colcon-core/packages/xarm_planner)
[4.397s] Level 1:colcon.colcon_core.environment:create_environment_scripts_only(xarm_planner)
[4.398s] Level 1:colcon.colcon_core.environment:checking '/home/berenic/Documents/LPRS2_2026/Robo_Hand_RS485/ROS2/robo_hand_ws/install/xarm_planner' for CMake module files
[4.399s] Level 1:colcon.colcon_core.environment:checking '/home/berenic/Documents/LPRS2_2026/Robo_Hand_RS485/ROS2/robo_hand_ws/install/xarm_planner' for CMake config files
[4.399s] Level 1:colcon.colcon_core.shell:create_environment_hook('xarm_planner', 'cmake_prefix_path')
[4.399s] INFO:colcon.colcon_core.shell:Creating environment hook '/home/berenic/Documents/LPRS2_2026/Robo_Hand_RS485/ROS2/robo_hand_ws/install/xarm_planner/share/xarm_planner/hook/cmake_prefix_path.ps1'
[4.400s] INFO:colcon.colcon_core.shell:Creating environment descriptor '/home/berenic/Documents/LPRS2_2026/Robo_Hand_RS485/ROS2/robo_hand_ws/install/xarm_planner/share/xarm_planner/hook/cmake_prefix_path.dsv'
[4.401s] INFO:colcon.colcon_core.shell:Creating environment hook '/home/berenic/Documents/LPRS2_2026/Robo_Hand_RS485/ROS2/robo_hand_ws/install/xarm_planner/share/xarm_planner/hook/cmake_prefix_path.sh'
[4.401s] Level 1:colcon.colcon_core.environment:checking '/home/berenic/Documents/LPRS2_2026/Robo_Hand_RS485/ROS2/robo_hand_ws/install/xarm_planner/lib'
[4.402s] Level 1:colcon.colcon_core.shell:create_environment_hook('xarm_planner', 'ld_library_path_lib')
[4.402s] INFO:colcon.colcon_core.shell:Creating environment hook '/home/berenic/Documents/LPRS2_2026/Robo_Hand_RS485/ROS2/robo_hand_ws/install/xarm_planner/share/xarm_planner/hook/ld_library_path_lib.ps1'
[4.402s] INFO:colcon.colcon_core.shell:Creating environment descriptor '/home/berenic/Documents/LPRS2_2026/Robo_Hand_RS485/ROS2/robo_hand_ws/install/xarm_planner/share/xarm_planner/hook/ld_library_path_lib.dsv'
[4.403s] INFO:colcon.colcon_core.shell:Creating environment hook '/home/berenic/Documents/LPRS2_2026/Robo_Hand_RS485/ROS2/robo_hand_ws/install/xarm_planner/share/xarm_planner/hook/ld_library_path_lib.sh'
[4.404s] Level 1:colcon.colcon_core.environment:checking '/home/berenic/Documents/LPRS2_2026/Robo_Hand_RS485/ROS2/robo_hand_ws/install/xarm_planner/bin'
[4.404s] Level 1:colcon.colcon_core.environment:checking '/home/berenic/Documents/LPRS2_2026/Robo_Hand_RS485/ROS2/robo_hand_ws/install/xarm_planner/lib/pkgconfig/xarm_planner.pc'
[4.404s] Level 1:colcon.colcon_core.environment:checking '/home/berenic/Documents/LPRS2_2026/Robo_Hand_RS485/ROS2/robo_hand_ws/install/xarm_planner/lib/python3.12/site-packages'
[4.405s] Level 1:colcon.colcon_core.environment:checking '/home/berenic/Documents/LPRS2_2026/Robo_Hand_RS485/ROS2/robo_hand_ws/install/xarm_planner/bin'
[4.405s] INFO:colcon.colcon_core.shell:Creating package script '/home/berenic/Documents/LPRS2_2026/Robo_Hand_RS485/ROS2/robo_hand_ws/install/xarm_planner/share/xarm_planner/package.ps1'
[4.406s] INFO:colcon.colcon_core.shell:Creating package descriptor '/home/berenic/Documents/LPRS2_2026/Robo_Hand_RS485/ROS2/robo_hand_ws/install/xarm_planner/share/xarm_planner/package.dsv'
[4.407s] INFO:colcon.colcon_core.shell:Creating package script '/home/berenic/Documents/LPRS2_2026/Robo_Hand_RS485/ROS2/robo_hand_ws/install/xarm_planner/share/xarm_planner/package.sh'
[4.407s] INFO:colcon.colcon_core.shell:Creating package script '/home/berenic/Documents/LPRS2_2026/Robo_Hand_RS485/ROS2/robo_hand_ws/install/xarm_planner/share/xarm_planner/package.bash'
[4.408s] INFO:colcon.colcon_core.shell:Creating package script '/home/berenic/Documents/LPRS2_2026/Robo_Hand_RS485/ROS2/robo_hand_ws/install/xarm_planner/share/xarm_planner/package.zsh'
[4.409s] Level 1:colcon.colcon_core.environment:create_file_with_runtime_dependencies(/home/berenic/Documents/LPRS2_2026/Robo_Hand_RS485/ROS2/robo_hand_ws/install/xarm_planner/share/colcon-core/packages/xarm_planner)
[4.409s] INFO:colcon.colcon_ros.task.ament_cmake.build:Building ROS package in '/home/berenic/Documents/LPRS2_2026/Robo_Hand_RS485/ROS2/robo_hand_ws/src/custom/glue_events_routines' with build type 'ament_cmake'
[4.409s] INFO:colcon.colcon_cmake.task.cmake.build:Building CMake package in '/home/berenic/Documents/LPRS2_2026/Robo_Hand_RS485/ROS2/robo_hand_ws/src/custom/glue_events_routines'
[4.409s] INFO:colcon.colcon_core.shell:Skip shell extension 'powershell' for command environment: Not usable outside of PowerShell
[4.409s] DEBUG:colcon.colcon_core.shell:Skip shell extension 'dsv' for command environment
[4.460s] DEBUG:colcon.colcon_core.event_handler.log_command:Invoking command in '/home/berenic/Documents/LPRS2_2026/Robo_Hand_RS485/ROS2/robo_hand_ws/build/glue_events_routines': AMENT_PREFIX_PATH=/home/berenic/Documents/LPRS2_2026/Robo_Hand_RS485/ROS2/robo_hand_ws/install/uf_ros_lib:/home/berenic/Documents/LPRS2_2026/Robo_Hand_RS485/ROS2/robo_hand_ws/install/glue_events_routines:/home/berenic/Documents/LPRS2_2026/Robo_Hand_RS485/ROS2/robo_hand_ws/install/xarm_planner:/home/berenic/Documents/LPRS2_2026/Robo_Hand_RS485/ROS2/robo_hand_ws/install/xarm_moveit_servo:/home/berenic/Documents/LPRS2_2026/Robo_Hand_RS485/ROS2/robo_hand_ws/install/xarm_moveit_config:/home/berenic/Documents/LPRS2_2026/Robo_Hand_RS485/ROS2/robo_hand_ws/install/xarm_gazebo:/home/berenic/Documents/LPRS2_2026/Robo_Hand_RS485/ROS2/robo_hand_ws/install/xarm_controller:/home/berenic/Documents/LPRS2_2026/Robo_Hand_RS485/ROS2/robo_hand_ws/install/xarm_api:/home/berenic/Documents/LPRS2_2026/Robo_Hand_RS485/ROS2/robo_hand_ws/install/xarm_sdk:/home/berenic/Documents/LPRS2_2026/Robo_Hand_RS485/ROS2/robo_hand_ws/install/xarm_msgs:/home/berenic/Documents/LPRS2_2026/Robo_Hand_RS485/ROS2/robo_hand_ws/install/xarm_description:/home/berenic/Documents/LPRS2_2026/Robo_Hand_RS485/ROS2/robo_hand_ws/install/mbot_demo:/home/berenic/Documents/LPRS2_2026/Robo_Hand_RS485/ROS2/robo_hand_ws/install/realsense_gazebo_plugin:/opt/ros/jazzy CMAKE_PREFIX_PATH=/home/berenic/Documents/LPRS2_2026/Robo_Hand_RS485/ROS2/robo_hand_ws/install/xarm_planner:/home/berenic/Documents/LPRS2_2026/Robo_Hand_RS485/ROS2/robo_hand_ws/install/xarm_moveit_servo:/home/berenic/Documents/LPRS2_2026/Robo_Hand_RS485/ROS2/robo_hand_ws/install/xarm_moveit_config:/home/berenic/Documents/LPRS2_2026/Robo_Hand_RS485/ROS2/robo_hand_ws/install/xarm_gazebo:/home/berenic/Documents/LPRS2_2026/Robo_Hand_RS485/ROS2/robo_hand_ws/install/xarm_controller:/home/berenic/Documents/LPRS2_2026/Robo_Hand_RS485/ROS2/robo_hand_ws/install/xarm_api:/home/berenic/Documents/LPRS2_2026/Robo_Hand_RS485/ROS2/robo_hand_ws/install/xarm_sdk:/home/berenic/Documents/LPRS2_2026/Robo_Hand_RS485/ROS2/robo_hand_ws/install/xarm_msgs:/home/berenic/Documents/LPRS2_2026/Robo_Hand_RS485/ROS2/robo_hand_ws/install/xarm_description:/home/berenic/Documents/LPRS2_2026/Robo_Hand_RS485/ROS2/robo_hand_ws/install/glue_events_routines:/home/berenic/Documents/LPRS2_2026/Robo_Hand_RS485/ROS2/robo_hand_ws/install/mbot_demo:/home/berenic/Documents/LPRS2_2026/Robo_Hand_RS485/ROS2/robo_hand_ws/install/realsense_gazebo_plugin:/opt/ros/jazzy/opt/gz_sim_vendor:/opt/ros/jazzy/opt/gz_sensors_vendor:/opt/ros/jazzy/opt/gz_physics_vendor:/opt/ros/jazzy/opt/sdformat_vendor:/opt/ros/jazzy/opt/gz_gui_vendor:/opt/ros/jazzy/opt/gz_transport_vendor:/opt/ros/jazzy/opt/gz_rendering_vendor:/opt/ros/jazzy/opt/gz_plugin_vendor:/opt/ros/jazzy/opt/gz_fuel_tools_vendor:/opt/ros/jazzy/opt/gz_msgs_vendor:/opt/ros/jazzy/opt/gz_common_vendor:/opt/ros/jazzy/opt/gz_math_vendor:/opt/ros/jazzy/opt/gz_utils_vendor:/opt/ros/jazzy/opt/gz_tools_vendor:/opt/ros/jazzy/opt/gz_ogre_next_vendor:/opt/ros/jazzy/opt/gz_dartsim_vendor:/opt/ros/jazzy/opt/gz_cmake_vendor:/home/berenic/Documents/LPRS2_2026/Robo_Hand_RS485/ROS2/robo_hand_ws/install/uf_ros_lib:/opt/ros/jazzy DEBUGINFOD_URLS=https://debuginfod.ubuntu.com /usr/bin/cmake --build /home/berenic/Documents/LPRS2_2026/Robo_Hand_RS485/ROS2/robo_hand_ws/build/glue_events_routines -- -j12 -l12
[15.819s] DEBUG:colcon.colcon_core.event_handler.log_command:Invoked command in '/home/berenic/Documents/LPRS2_2026/Robo_Hand_RS485/ROS2/robo_hand_ws/build/glue_events_routines' returned '0': AMENT_PREFIX_PATH=/home/berenic/Documents/LPRS2_2026/Robo_Hand_RS485/ROS2/robo_hand_ws/install/uf_ros_lib:/home/berenic/Documents/LPRS2_2026/Robo_Hand_RS485/ROS2/robo_hand_ws/install/glue_events_routines:/home/berenic/Documents/LPRS2_2026/Robo_Hand_RS485/ROS2/robo_hand_ws/install/xarm_planner:/home/berenic/Documents/LPRS2_2026/Robo_Hand_RS485/ROS2/robo_hand_ws/install/xarm_moveit_servo:/home/berenic/Documents/LPRS2_2026/Robo_Hand_RS485/ROS2/robo_hand_ws/install/xarm_moveit_config:/home/berenic/Documents/LPRS2_2026/Robo_Hand_RS485/ROS2/robo_hand_ws/install/xarm_gazebo:/home/berenic/Documents/LPRS2_2026/Robo_Hand_RS485/ROS2/robo_hand_ws/install/xarm_controller:/home/berenic/Documents/LPRS2_2026/Robo_Hand_RS485/ROS2/robo_hand_ws/install/xarm_api:/home/berenic/Documents/LPRS2_2026/Robo_Hand_RS485/ROS2/robo_hand_ws/install/xarm_sdk:/home/berenic/Documents/LPRS2_2026/Robo_Hand_RS485/ROS2/robo_hand_ws/install/xarm_msgs:/home/berenic/Documents/LPRS2_2026/Robo_Hand_RS485/ROS2/robo_hand_ws/install/xarm_description:/home/berenic/Documents/LPRS2_2026/Robo_Hand_RS485/ROS2/robo_hand_ws/install/mbot_demo:/home/berenic/Documents/LPRS2_2026/Robo_Hand_RS485/ROS2/robo_hand_ws/install/realsense_gazebo_plugin:/opt/ros/jazzy CMAKE_PREFIX_PATH=/home/berenic/Documents/LPRS2_2026/Robo_Hand_RS485/ROS2/robo_hand_ws/install/xarm_planner:/home/berenic/Documents/LPRS2_2026/Robo_Hand_RS485/ROS2/robo_hand_ws/install/xarm_moveit_servo:/home/berenic/Documents/LPRS2_2026/Robo_Hand_RS485/ROS2/robo_hand_ws/install/xarm_moveit_config:/home/berenic/Documents/LPRS2_2026/Robo_Hand_RS485/ROS2/robo_hand_ws/install/xarm_gazebo:/home/berenic/Documents/LPRS2_2026/Robo_Hand_RS485/ROS2/robo_hand_ws/install/xarm_controller:/home/berenic/Documents/LPRS2_2026/Robo_Hand_RS485/ROS2/robo_hand_ws/install/xarm_api:/home/berenic/Documents/LPRS2_2026/Robo_Hand_RS485/ROS2/robo_hand_ws/install/xarm_sdk:/home/berenic/Documents/LPRS2_2026/Robo_Hand_RS485/ROS2/robo_hand_ws/install/xarm_msgs:/home/berenic/Documents/LPRS2_2026/Robo_Hand_RS485/ROS2/robo_hand_ws/install/xarm_description:/home/berenic/Documents/LPRS2_2026/Robo_Hand_RS485/ROS2/robo_hand_ws/install/glue_events_routines:/home/berenic/Documents/LPRS2_2026/Robo_Hand_RS485/ROS2/robo_hand_ws/install/mbot_demo:/home/berenic/Documents/LPRS2_2026/Robo_Hand_RS485/ROS2/robo_hand_ws/install/realsense_gazebo_plugin:/opt/ros/jazzy/opt/gz_sim_vendor:/opt/ros/jazzy/opt/gz_sensors_vendor:/opt/ros/jazzy/opt/gz_physics_vendor:/opt/ros/jazzy/opt/sdformat_vendor:/opt/ros/jazzy/opt/gz_gui_vendor:/opt/ros/jazzy/opt/gz_transport_vendor:/opt/ros/jazzy/opt/gz_rendering_vendor:/opt/ros/jazzy/opt/gz_plugin_vendor:/opt/ros/jazzy/opt/gz_fuel_tools_vendor:/opt/ros/jazzy/opt/gz_msgs_vendor:/opt/ros/jazzy/opt/gz_common_vendor:/opt/ros/jazzy/opt/gz_math_vendor:/opt/ros/jazzy/opt/gz_utils_vendor:/opt/ros/jazzy/opt/gz_tools_vendor:/opt/ros/jazzy/opt/gz_ogre_next_vendor:/opt/ros/jazzy/opt/gz_dartsim_vendor:/opt/ros/jazzy/opt/gz_cmake_vendor:/home/berenic/Documents/LPRS2_2026/Robo_Hand_RS485/ROS2/robo_hand_ws/install/uf_ros_lib:/opt/ros/jazzy DEBUGINFOD_URLS=https://debuginfod.ubuntu.com /usr/bin/cmake --build /home/berenic/Documents/LPRS2_2026/Robo_Hand_RS485/ROS2/robo_hand_ws/build/glue_events_routines -- -j12 -l12
[15.820s] DEBUG:colcon.colcon_core.event_handler.log_command:Invoking command in '/home/berenic/Documents/LPRS2_2026/Robo_Hand_RS485/ROS2/robo_hand_ws/build/glue_events_routines': AMENT_PREFIX_PATH=/home/berenic/Documents/LPRS2_2026/Robo_Hand_RS485/ROS2/robo_hand_ws/install/uf_ros_lib:/home/berenic/Documents/LPRS2_2026/Robo_Hand_RS485/ROS2/robo_hand_ws/install/glue_events_routines:/home/berenic/Documents/LPRS2_2026/Robo_Hand_RS485/ROS2/robo_hand_ws/install/xarm_planner:/home/berenic/Documents/LPRS2_2026/Robo_Hand_RS485/ROS2/robo_hand_ws/install/xarm_moveit_servo:/home/berenic/Documents/LPRS2_2026/Robo_Hand_RS485/ROS2/robo_hand_ws/install/xarm_moveit_config:/home/berenic/Documents/LPRS2_2026/Robo_Hand_RS485/ROS2/robo_hand_ws/install/xarm_gazebo:/home/berenic/Documents/LPRS2_2026/Robo_Hand_RS485/ROS2/robo_hand_ws/install/xarm_controller:/home/berenic/Documents/LPRS2_2026/Robo_Hand_RS485/ROS2/robo_hand_ws/install/xarm_api:/home/berenic/Documents/LPRS2_2026/Robo_Hand_RS485/ROS2/robo_hand_ws/install/xarm_sdk:/home/berenic/Documents/LPRS2_2026/Robo_Hand_RS485/ROS2/robo_hand_ws/install/xarm_msgs:/home/berenic/Documents/LPRS2_2026/Robo_Hand_RS485/ROS2/robo_hand_ws/install/xarm_description:/home/berenic/Documents/LPRS2_2026/Robo_Hand_RS485/ROS2/robo_hand_ws/install/mbot_demo:/home/berenic/Documents/LPRS2_2026/Robo_Hand_RS485/ROS2/robo_hand_ws/install/realsense_gazebo_plugin:/opt/ros/jazzy CMAKE_PREFIX_PATH=/home/berenic/Documents/LPRS2_2026/Robo_Hand_RS485/ROS2/robo_hand_ws/install/xarm_planner:/home/berenic/Documents/LPRS2_2026/Robo_Hand_RS485/ROS2/robo_hand_ws/install/xarm_moveit_servo:/home/berenic/Documents/LPRS2_2026/Robo_Hand_RS485/ROS2/robo_hand_ws/install/xarm_moveit_config:/home/berenic/Documents/LPRS2_2026/Robo_Hand_RS485/ROS2/robo_hand_ws/install/xarm_gazebo:/home/berenic/Documents/LPRS2_2026/Robo_Hand_RS485/ROS2/robo_hand_ws/install/xarm_controller:/home/berenic/Documents/LPRS2_2026/Robo_Hand_RS485/ROS2/robo_hand_ws/install/xarm_api:/home/berenic/Documents/LPRS2_2026/Robo_Hand_RS485/ROS2/robo_hand_ws/install/xarm_sdk:/home/berenic/Documents/LPRS2_2026/Robo_Hand_RS485/ROS2/robo_hand_ws/install/xarm_msgs:/home/berenic/Documents/LPRS2_2026/Robo_Hand_RS485/ROS2/robo_hand_ws/install/xarm_description:/home/berenic/Documents/LPRS2_2026/Robo_Hand_RS485/ROS2/robo_hand_ws/install/glue_events_routines:/home/berenic/Documents/LPRS2_2026/Robo_Hand_RS485/ROS2/robo_hand_ws/install/mbot_demo:/home/berenic/Documents/LPRS2_2026/Robo_Hand_RS485/ROS2/robo_hand_ws/install/realsense_gazebo_plugin:/opt/ros/jazzy/opt/gz_sim_vendor:/opt/ros/jazzy/opt/gz_sensors_vendor:/opt/ros/jazzy/opt/gz_physics_vendor:/opt/ros/jazzy/opt/sdformat_vendor:/opt/ros/jazzy/opt/gz_gui_vendor:/opt/ros/jazzy/opt/gz_transport_vendor:/opt/ros/jazzy/opt/gz_rendering_vendor:/opt/ros/jazzy/opt/gz_plugin_vendor:/opt/ros/jazzy/opt/gz_fuel_tools_vendor:/opt/ros/jazzy/opt/gz_msgs_vendor:/opt/ros/jazzy/opt/gz_common_vendor:/opt/ros/jazzy/opt/gz_math_vendor:/opt/ros/jazzy/opt/gz_utils_vendor:/opt/ros/jazzy/opt/gz_tools_vendor:/opt/ros/jazzy/opt/gz_ogre_next_vendor:/opt/ros/jazzy/opt/gz_dartsim_vendor:/opt/ros/jazzy/opt/gz_cmake_vendor:/home/berenic/Documents/LPRS2_2026/Robo_Hand_RS485/ROS2/robo_hand_ws/install/uf_ros_lib:/opt/ros/jazzy DEBUGINFOD_URLS=https://debuginfod.ubuntu.com /usr/bin/cmake --install /home/berenic/Documents/LPRS2_2026/Robo_Hand_RS485/ROS2/robo_hand_ws/build/glue_events_routines
[15.848s] Level 1:colcon.colcon_core.environment:create_environment_scripts_only(glue_events_routines)
[15.848s] Level 1:colcon.colcon_core.environment:checking '/home/berenic/Documents/LPRS2_2026/Robo_Hand_RS485/ROS2/robo_hand_ws/install/glue_events_routines' for CMake module files
[15.849s] DEBUG:colcon.colcon_core.event_handler.log_command:Invoked command in '/home/berenic/Documents/LPRS2_2026/Robo_Hand_RS485/ROS2/robo_hand_ws/build/glue_events_routines' returned '0': AMENT_PREFIX_PATH=/home/berenic/Documents/LPRS2_2026/Robo_Hand_RS485/ROS2/robo_hand_ws/install/uf_ros_lib:/home/berenic/Documents/LPRS2_2026/Robo_Hand_RS485/ROS2/robo_hand_ws/install/glue_events_routines:/home/berenic/Documents/LPRS2_2026/Robo_Hand_RS485/ROS2/robo_hand_ws/install/xarm_planner:/home/berenic/Documents/LPRS2_2026/Robo_Hand_RS485/ROS2/robo_hand_ws/install/xarm_moveit_servo:/home/berenic/Documents/LPRS2_2026/Robo_Hand_RS485/ROS2/robo_hand_ws/install/xarm_moveit_config:/home/berenic/Documents/LPRS2_2026/Robo_Hand_RS485/ROS2/robo_hand_ws/install/xarm_gazebo:/home/berenic/Documents/LPRS2_2026/Robo_Hand_RS485/ROS2/robo_hand_ws/install/xarm_controller:/home/berenic/Documents/LPRS2_2026/Robo_Hand_RS485/ROS2/robo_hand_ws/install/xarm_api:/home/berenic/Documents/LPRS2_2026/Robo_Hand_RS485/ROS2/robo_hand_ws/install/xarm_sdk:/home/berenic/Documents/LPRS2_2026/Robo_Hand_RS485/ROS2/robo_hand_ws/install/xarm_msgs:/home/berenic/Documents/LPRS2_2026/Robo_Hand_RS485/ROS2/robo_hand_ws/install/xarm_description:/home/berenic/Documents/LPRS2_2026/Robo_Hand_RS485/ROS2/robo_hand_ws/install/mbot_demo:/home/berenic/Documents/LPRS2_2026/Robo_Hand_RS485/ROS2/robo_hand_ws/install/realsense_gazebo_plugin:/opt/ros/jazzy CMAKE_PREFIX_PATH=/home/berenic/Documents/LPRS2_2026/Robo_Hand_RS485/ROS2/robo_hand_ws/install/xarm_planner:/home/berenic/Documents/LPRS2_2026/Robo_Hand_RS485/ROS2/robo_hand_ws/install/xarm_moveit_servo:/home/berenic/Documents/LPRS2_2026/Robo_Hand_RS485/ROS2/robo_hand_ws/install/xarm_moveit_config:/home/berenic/Documents/LPRS2_2026/Robo_Hand_RS485/ROS2/robo_hand_ws/install/xarm_gazebo:/home/berenic/Documents/LPRS2_2026/Robo_Hand_RS485/ROS2/robo_hand_ws/install/xarm_controller:/home/berenic/Documents/LPRS2_2026/Robo_Hand_RS485/ROS2/robo_hand_ws/install/xarm_api:/home/berenic/Documents/LPRS2_2026/Robo_Hand_RS485/ROS2/robo_hand_ws/install/xarm_sdk:/home/berenic/Documents/LPRS2_2026/Robo_Hand_RS485/ROS2/robo_hand_ws/install/xarm_msgs:/home/berenic/Documents/LPRS2_2026/Robo_Hand_RS485/ROS2/robo_hand_ws/install/xarm_description:/home/berenic/Documents/LPRS2_2026/Robo_Hand_RS485/ROS2/robo_hand_ws/install/glue_events_routines:/home/berenic/Documents/LPRS2_2026/Robo_Hand_RS485/ROS2/robo_hand_ws/install/mbot_demo:/home/berenic/Documents/LPRS2_2026/Robo_Hand_RS485/ROS2/robo_hand_ws/install/realsense_gazebo_plugin:/opt/ros/jazzy/opt/gz_sim_vendor:/opt/ros/jazzy/opt/gz_sensors_vendor:/opt/ros/jazzy/opt/gz_physics_vendor:/opt/ros/jazzy/opt/sdformat_vendor:/opt/ros/jazzy/opt/gz_gui_vendor:/opt/ros/jazzy/opt/gz_transport_vendor:/opt/ros/jazzy/opt/gz_rendering_vendor:/opt/ros/jazzy/opt/gz_plugin_vendor:/opt/ros/jazzy/opt/gz_fuel_tools_vendor:/opt/ros/jazzy/opt/gz_msgs_vendor:/opt/ros/jazzy/opt/gz_common_vendor:/opt/ros/jazzy/opt/gz_math_vendor:/opt/ros/jazzy/opt/gz_utils_vendor:/opt/ros/jazzy/opt/gz_tools_vendor:/opt/ros/jazzy/opt/gz_ogre_next_vendor:/opt/ros/jazzy/opt/gz_dartsim_vendor:/opt/ros/jazzy/opt/gz_cmake_vendor:/home/berenic/Documents/LPRS2_2026/Robo_Hand_RS485/ROS2/robo_hand_ws/install/uf_ros_lib:/opt/ros/jazzy DEBUGINFOD_URLS=https://debuginfod.ubuntu.com /usr/bin/cmake --install /home/berenic/Documents/LPRS2_2026/Robo_Hand_RS485/ROS2/robo_hand_ws/build/glue_events_routines
[15.849s] Level 1:colcon.colcon_core.environment:checking '/home/berenic/Documents/LPRS2_2026/Robo_Hand_RS485/ROS2/robo_hand_ws/install/glue_events_routines' for CMake config files
[15.849s] Level 1:colcon.colcon_core.shell:create_environment_hook('glue_events_routines', 'cmake_prefix_path')
[15.850s] INFO:colcon.colcon_core.shell:Creating environment hook '/home/berenic/Documents/LPRS2_2026/Robo_Hand_RS485/ROS2/robo_hand_ws/install/glue_events_routines/share/glue_events_routines/hook/cmake_prefix_path.ps1'
[15.850s] INFO:colcon.colcon_core.shell:Creating environment descriptor '/home/berenic/Documents/LPRS2_2026/Robo_Hand_RS485/ROS2/robo_hand_ws/install/glue_events_routines/share/glue_events_routines/hook/cmake_prefix_path.dsv'
[15.850s] INFO:colcon.colcon_core.shell:Creating environment hook '/home/berenic/Documents/LPRS2_2026/Robo_Hand_RS485/ROS2/robo_hand_ws/install/glue_events_routines/share/glue_events_routines/hook/cmake_prefix_path.sh'
[15.851s] Level 1:colcon.colcon_core.environment:checking '/home/berenic/Documents/LPRS2_2026/Robo_Hand_RS485/ROS2/robo_hand_ws/install/glue_events_routines/lib'
[15.851s] Level 1:colcon.colcon_core.environment:checking '/home/berenic/Documents/LPRS2_2026/Robo_Hand_RS485/ROS2/robo_hand_ws/install/glue_events_routines/bin'
[15.851s] Level 1:colcon.colcon_core.environment:checking '/home/berenic/Documents/LPRS2_2026/Robo_Hand_RS485/ROS2/robo_hand_ws/install/glue_events_routines/lib/pkgconfig/glue_events_routines.pc'
[15.851s] Level 1:colcon.colcon_core.environment:checking '/home/berenic/Documents/LPRS2_2026/Robo_Hand_RS485/ROS2/robo_hand_ws/install/glue_events_routines/lib/python3.12/site-packages'
[15.852s] Level 1:colcon.colcon_core.environment:checking '/home/berenic/Documents/LPRS2_2026/Robo_Hand_RS485/ROS2/robo_hand_ws/install/glue_events_routines/bin'
[15.852s] INFO:colcon.colcon_core.shell:Creating package script '/home/berenic/Documents/LPRS2_2026/Robo_Hand_RS485/ROS2/robo_hand_ws/install/glue_events_routines/share/glue_events_routines/package.ps1'
[15.852s] INFO:colcon.colcon_core.shell:Creating package descriptor '/home/berenic/Documents/LPRS2_2026/Robo_Hand_RS485/ROS2/robo_hand_ws/install/glue_events_routines/share/glue_events_routines/package.dsv'
[15.853s] INFO:colcon.colcon_core.shell:Creating package script '/home/berenic/Documents/LPRS2_2026/Robo_Hand_RS485/ROS2/robo_hand_ws/install/glue_events_routines/share/glue_events_routines/package.sh'
[15.853s] INFO:colcon.colcon_core.shell:Creating package script '/home/berenic/Documents/LPRS2_2026/Robo_Hand_RS485/ROS2/robo_hand_ws/install/glue_events_routines/share/glue_events_routines/package.bash'
[15.853s] INFO:colcon.colcon_core.shell:Creating package script '/home/berenic/Documents/LPRS2_2026/Robo_Hand_RS485/ROS2/robo_hand_ws/install/glue_events_routines/share/glue_events_routines/package.zsh'
[15.854s] Level 1:colcon.colcon_core.environment:create_file_with_runtime_dependencies(/home/berenic/Documents/LPRS2_2026/Robo_Hand_RS485/ROS2/robo_hand_ws/install/glue_events_routines/share/colcon-core/packages/glue_events_routines)
[15.854s] Level 1:colcon.colcon_core.environment:create_environment_scripts_only(glue_events_routines)
[15.854s] Level 1:colcon.colcon_core.environment:checking '/home/berenic/Documents/LPRS2_2026/Robo_Hand_RS485/ROS2/robo_hand_ws/install/glue_events_routines' for CMake module files
[15.854s] Level 1:colcon.colcon_core.environment:checking '/home/berenic/Documents/LPRS2_2026/Robo_Hand_RS485/ROS2/robo_hand_ws/install/glue_events_routines' for CMake config files
[15.855s] Level 1:colcon.colcon_core.shell:create_environment_hook('glue_events_routines', 'cmake_prefix_path')
[15.855s] INFO:colcon.colcon_core.shell:Creating environment hook '/home/berenic/Documents/LPRS2_2026/Robo_Hand_RS485/ROS2/robo_hand_ws/install/glue_events_routines/share/glue_events_routines/hook/cmake_prefix_path.ps1'
[15.855s] INFO:colcon.colcon_core.shell:Creating environment descriptor '/home/berenic/Documents/LPRS2_2026/Robo_Hand_RS485/ROS2/robo_hand_ws/install/glue_events_routines/share/glue_events_routines/hook/cmake_prefix_path.dsv'
[15.855s] INFO:colcon.colcon_core.shell:Creating environment hook '/home/berenic/Documents/LPRS2_2026/Robo_Hand_RS485/ROS2/robo_hand_ws/install/glue_events_routines/share/glue_events_routines/hook/cmake_prefix_path.sh'
[15.856s] Level 1:colcon.colcon_core.environment:checking '/home/berenic/Documents/LPRS2_2026/Robo_Hand_RS485/ROS2/robo_hand_ws/install/glue_events_routines/lib'
[15.856s] Level 1:colcon.colcon_core.environment:checking '/home/berenic/Documents/LPRS2_2026/Robo_Hand_RS485/ROS2/robo_hand_ws/install/glue_events_routines/bin'
[15.856s] Level 1:colcon.colcon_core.environment:checking '/home/berenic/Documents/LPRS2_2026/Robo_Hand_RS485/ROS2/robo_hand_ws/install/glue_events_routines/lib/pkgconfig/glue_events_routines.pc'
[15.856s] Level 1:colcon.colcon_core.environment:checking '/home/berenic/Documents/LPRS2_2026/Robo_Hand_RS485/ROS2/robo_hand_ws/install/glue_events_routines/lib/python3.12/site-packages'
[15.856s] Level 1:colcon.colcon_core.environment:checking '/home/berenic/Documents/LPRS2_2026/Robo_Hand_RS485/ROS2/robo_hand_ws/install/glue_events_routines/bin'
[15.856s] INFO:colcon.colcon_core.shell:Creating package script '/home/berenic/Documents/LPRS2_2026/Robo_Hand_RS485/ROS2/robo_hand_ws/install/glue_events_routines/share/glue_events_routines/package.ps1'
[15.857s] INFO:colcon.colcon_core.shell:Creating package descriptor '/home/berenic/Documents/LPRS2_2026/Robo_Hand_RS485/ROS2/robo_hand_ws/install/glue_events_routines/share/glue_events_routines/package.dsv'
[15.857s] INFO:colcon.colcon_core.shell:Creating package script '/home/berenic/Documents/LPRS2_2026/Robo_Hand_RS485/ROS2/robo_hand_ws/install/glue_events_routines/share/glue_events_routines/package.sh'
[15.857s] INFO:colcon.colcon_core.shell:Creating package script '/home/berenic/Documents/LPRS2_2026/Robo_Hand_RS485/ROS2/robo_hand_ws/install/glue_events_routines/share/glue_events_routines/package.bash'
[15.858s] INFO:colcon.colcon_core.shell:Creating package script '/home/berenic/Documents/LPRS2_2026/Robo_Hand_RS485/ROS2/robo_hand_ws/install/glue_events_routines/share/glue_events_routines/package.zsh'
[15.858s] Level 1:colcon.colcon_core.environment:create_file_with_runtime_dependencies(/home/berenic/Documents/LPRS2_2026/Robo_Hand_RS485/ROS2/robo_hand_ws/install/glue_events_routines/share/colcon-core/packages/glue_events_routines)
[15.858s] DEBUG:colcon.colcon_parallel_executor.executor.parallel:closing loop
[15.859s] DEBUG:colcon.colcon_parallel_executor.executor.parallel:loop closed
[15.859s] DEBUG:colcon.colcon_parallel_executor.executor.parallel:run_until_complete finished with '0'
[15.859s] DEBUG:colcon.colcon_core.event_reactor:joining thread
[15.865s] INFO:colcon.colcon_core.plugin_system:Skipping extension 'colcon_notification.desktop_notification.terminal_notifier': Not used on non-Darwin systems
[15.865s] INFO:colcon.colcon_core.plugin_system:Skipping extension 'colcon_notification.desktop_notification.win32': Not used on non-Windows systems
[15.865s] INFO:colcon.colcon_notification.desktop_notification:Sending desktop notification using 'notify2'
[15.878s] DEBUG:colcon.colcon_core.event_reactor:joined thread
[15.878s] INFO:colcon.colcon_core.shell:Creating prefix script '/home/berenic/Documents/LPRS2_2026/Robo_Hand_RS485/ROS2/robo_hand_ws/install/local_setup.ps1'
[15.879s] INFO:colcon.colcon_core.shell:Creating prefix util module '/home/berenic/Documents/LPRS2_2026/Robo_Hand_RS485/ROS2/robo_hand_ws/install/_local_setup_util_ps1.py'
[15.881s] INFO:colcon.colcon_core.shell:Creating prefix chain script '/home/berenic/Documents/LPRS2_2026/Robo_Hand_RS485/ROS2/robo_hand_ws/install/setup.ps1'
[15.882s] INFO:colcon.colcon_core.shell:Creating prefix script '/home/berenic/Documents/LPRS2_2026/Robo_Hand_RS485/ROS2/robo_hand_ws/install/local_setup.sh'
[15.882s] INFO:colcon.colcon_core.shell:Creating prefix util module '/home/berenic/Documents/LPRS2_2026/Robo_Hand_RS485/ROS2/robo_hand_ws/install/_local_setup_util_sh.py'
[15.883s] INFO:colcon.colcon_core.shell:Creating prefix chain script '/home/berenic/Documents/LPRS2_2026/Robo_Hand_RS485/ROS2/robo_hand_ws/install/setup.sh'
[15.884s] INFO:colcon.colcon_core.shell:Creating prefix script '/home/berenic/Documents/LPRS2_2026/Robo_Hand_RS485/ROS2/robo_hand_ws/install/local_setup.bash'
[15.884s] INFO:colcon.colcon_core.shell:Creating prefix chain script '/home/berenic/Documents/LPRS2_2026/Robo_Hand_RS485/ROS2/robo_hand_ws/install/setup.bash'
[15.885s] INFO:colcon.colcon_core.shell:Creating prefix script '/home/berenic/Documents/LPRS2_2026/Robo_Hand_RS485/ROS2/robo_hand_ws/install/local_setup.zsh'
[15.886s] INFO:colcon.colcon_core.shell:Creating prefix chain script '/home/berenic/Documents/LPRS2_2026/Robo_Hand_RS485/ROS2/robo_hand_ws/install/setup.zsh'
