[0.206s] DEBUG:colcon:Command line arguments: ['/usr/bin/colcon', 'build', '--symlink-install']
[0.206s] DEBUG:colcon:Parsed command line arguments: Namespace(log_base=None, log_level=None, verb_name='build', build_base='build', install_base='install', merge_install=False, symlink_install=True, test_result_base=None, continue_on_error=False, executor='parallel', parallel_workers=12, event_handlers=None, ignore_user_meta=False, metas=['./colcon.meta'], base_paths=['.'], packages_ignore=None, packages_ignore_regex=None, paths=None, packages_up_to=None, packages_up_to_regex=None, packages_above=None, packages_above_and_dependencies=None, packages_above_depth=None, packages_select_by_dep=None, packages_skip_by_dep=None, packages_skip_up_to=None, packages_select_build_failed=False, packages_skip_build_finished=False, packages_select_test_failures=False, packages_skip_test_passed=False, packages_select=None, packages_skip=None, packages_select_regex=None, packages_skip_regex=None, packages_start=None, packages_end=None, allow_overriding=[], cmake_args=None, cmake_target=None, cmake_target_skip_unavailable=False, cmake_clean_cache=False, cmake_clean_first=False, cmake_force_configure=False, ament_cmake_args=None, catkin_cmake_args=None, catkin_skip_building_tests=False, mixin_files=None, mixin=None, verb_parser=<colcon_mixin.mixin.mixin_argument.MixinArgumentDecorator object at 0x7af3b428df70>, verb_extension=<colcon_core.verb.build.BuildVerb object at 0x7af3b43c5e80>, main=<bound method BuildVerb.main of <colcon_core.verb.build.BuildVerb object at 0x7af3b43c5e80>>, mixin_verb=('build',))
[0.278s] Level 1:colcon.colcon_core.package_discovery:discover_packages(colcon_meta) check parameters
[0.278s] Level 1:colcon.colcon_core.package_discovery:discover_packages(recursive) check parameters
[0.278s] Level 1:colcon.colcon_core.package_discovery:discover_packages(ignore) check parameters
[0.278s] Level 1:colcon.colcon_core.package_discovery:discover_packages(path) check parameters
[0.278s] Level 1:colcon.colcon_core.package_discovery:discover_packages(colcon_meta) discover
[0.278s] Level 1:colcon.colcon_core.package_discovery:discover_packages(recursive) discover
[0.278s] INFO:colcon.colcon_core.package_discovery:Crawling recursively for packages in '/home/berenic/Documents/LPRS2_2026/Robo_Hand_RS485/ROS2/robo_hand_ws'
[0.279s] Level 1:colcon.colcon_core.package_identification:_identify(.) by extensions ['ignore', 'ignore_ament_install']
[0.279s] Level 1:colcon.colcon_core.package_identification:_identify(.) by extension 'ignore'
[0.279s] Level 1:colcon.colcon_core.package_identification:_identify(.) by extension 'ignore_ament_install'
[0.279s] Level 1:colcon.colcon_core.package_identification:_identify(.) by extensions ['colcon_pkg']
[0.279s] Level 1:colcon.colcon_core.package_identification:_identify(.) by extension 'colcon_pkg'
[0.279s] Level 1:colcon.colcon_core.package_identification:_identify(.) by extensions ['colcon_meta']
[0.279s] Level 1:colcon.colcon_core.package_identification:_identify(.) by extension 'colcon_meta'
[0.279s] Level 1:colcon.colcon_core.package_identification:_identify(.) by extensions ['ros']
[0.279s] Level 1:colcon.colcon_core.package_identification:_identify(.) by extension 'ros'
[0.328s] Level 1:colcon.colcon_core.package_identification:_identify(.) by extensions ['cmake', 'python']
[0.328s] Level 1:colcon.colcon_core.package_identification:_identify(.) by extension 'cmake'
[0.328s] Level 1:colcon.colcon_core.package_identification:_identify(.) by extension 'python'
[0.328s] Level 1:colcon.colcon_core.package_identification:_identify(.) by extensions ['python_setup_py']
[0.328s] Level 1:colcon.colcon_core.package_identification:_identify(.) by extension 'python_setup_py'
[0.328s] Level 1:colcon.colcon_core.package_identification:_identify(build) by extensions ['ignore', 'ignore_ament_install']
[0.329s] Level 1:colcon.colcon_core.package_identification:_identify(build) by extension 'ignore'
[0.329s] Level 1:colcon.colcon_core.package_identification:_identify(build) ignored
[0.329s] Level 1:colcon.colcon_core.package_identification:_identify(install) by extensions ['ignore', 'ignore_ament_install']
[0.329s] Level 1:colcon.colcon_core.package_identification:_identify(install) by extension 'ignore'
[0.329s] Level 1:colcon.colcon_core.package_identification:_identify(install) ignored
[0.329s] Level 1:colcon.colcon_core.package_identification:_identify(log) by extensions ['ignore', 'ignore_ament_install']
[0.330s] Level 1:colcon.colcon_core.package_identification:_identify(log) by extension 'ignore'
[0.330s] Level 1:colcon.colcon_core.package_identification:_identify(log) ignored
[0.330s] Level 1:colcon.colcon_core.package_identification:_identify(patches) by extensions ['ignore', 'ignore_ament_install']
[0.330s] Level 1:colcon.colcon_core.package_identification:_identify(patches) by extension 'ignore'
[0.330s] Level 1:colcon.colcon_core.package_identification:_identify(patches) by extension 'ignore_ament_install'
[0.330s] Level 1:colcon.colcon_core.package_identification:_identify(patches) by extensions ['colcon_pkg']
[0.330s] Level 1:colcon.colcon_core.package_identification:_identify(patches) by extension 'colcon_pkg'
[0.330s] Level 1:colcon.colcon_core.package_identification:_identify(patches) by extensions ['colcon_meta']
[0.331s] Level 1:colcon.colcon_core.package_identification:_identify(patches) by extension 'colcon_meta'
[0.331s] Level 1:colcon.colcon_core.package_identification:_identify(patches) by extensions ['ros']
[0.331s] Level 1:colcon.colcon_core.package_identification:_identify(patches) by extension 'ros'
[0.331s] Level 1:colcon.colcon_core.package_identification:_identify(patches) by extensions ['cmake', 'python']
[0.331s] Level 1:colcon.colcon_core.package_identification:_identify(patches) by extension 'cmake'
[0.331s] Level 1:colcon.colcon_core.package_identification:_identify(patches) by extension 'python'
[0.331s] Level 1:colcon.colcon_core.package_identification:_identify(patches) by extensions ['python_setup_py']
[0.331s] Level 1:colcon.colcon_core.package_identification:_identify(patches) by extension 'python_setup_py'
[0.331s] Level 1:colcon.colcon_core.package_identification:_identify(src) by extensions ['ignore', 'ignore_ament_install']
[0.332s] Level 1:colcon.colcon_core.package_identification:_identify(src) by extension 'ignore'
[0.332s] Level 1:colcon.colcon_core.package_identification:_identify(src) by extension 'ignore_ament_install'
[0.332s] Level 1:colcon.colcon_core.package_identification:_identify(src) by extensions ['colcon_pkg']
[0.332s] Level 1:colcon.colcon_core.package_identification:_identify(src) by extension 'colcon_pkg'
[0.332s] Level 1:colcon.colcon_core.package_identification:_identify(src) by extensions ['colcon_meta']
[0.332s] Level 1:colcon.colcon_core.package_identification:_identify(src) by extension 'colcon_meta'
[0.332s] Level 1:colcon.colcon_core.package_identification:_identify(src) by extensions ['ros']
[0.332s] Level 1:colcon.colcon_core.package_identification:_identify(src) by extension 'ros'
[0.332s] Level 1:colcon.colcon_core.package_identification:_identify(src) by extensions ['cmake', 'python']
[0.332s] Level 1:colcon.colcon_core.package_identification:_identify(src) by extension 'cmake'
[0.332s] Level 1:colcon.colcon_core.package_identification:_identify(src) by extension 'python'
[0.333s] Level 1:colcon.colcon_core.package_identification:_identify(src) by extensions ['python_setup_py']
[0.333s] Level 1:colcon.colcon_core.package_identification:_identify(src) by extension 'python_setup_py'
[0.333s] Level 1:colcon.colcon_core.package_identification:_identify(src/build) by extensions ['ignore', 'ignore_ament_install']
[0.333s] Level 1:colcon.colcon_core.package_identification:_identify(src/build) by extension 'ignore'
[0.333s] Level 1:colcon.colcon_core.package_identification:_identify(src/build) ignored
[0.333s] Level 1:colcon.colcon_core.package_identification:_identify(src/custom) by extensions ['ignore', 'ignore_ament_install']
[0.333s] Level 1:colcon.colcon_core.package_identification:_identify(src/custom) by extension 'ignore'
[0.333s] Level 1:colcon.colcon_core.package_identification:_identify(src/custom) by extension 'ignore_ament_install'
[0.334s] Level 1:colcon.colcon_core.package_identification:_identify(src/custom) by extensions ['colcon_pkg']
[0.334s] Level 1:colcon.colcon_core.package_identification:_identify(src/custom) by extension 'colcon_pkg'
[0.334s] Level 1:colcon.colcon_core.package_identification:_identify(src/custom) by extensions ['colcon_meta']
[0.334s] Level 1:colcon.colcon_core.package_identification:_identify(src/custom) by extension 'colcon_meta'
[0.334s] Level 1:colcon.colcon_core.package_identification:_identify(src/custom) by extensions ['ros']
[0.334s] Level 1:colcon.colcon_core.package_identification:_identify(src/custom) by extension 'ros'
[0.334s] Level 1:colcon.colcon_core.package_identification:_identify(src/custom) by extensions ['cmake', 'python']
[0.334s] Level 1:colcon.colcon_core.package_identification:_identify(src/custom) by extension 'cmake'
[0.334s] Level 1:colcon.colcon_core.package_identification:_identify(src/custom) by extension 'python'
[0.334s] Level 1:colcon.colcon_core.package_identification:_identify(src/custom) by extensions ['python_setup_py']
[0.334s] Level 1:colcon.colcon_core.package_identification:_identify(src/custom) by extension 'python_setup_py'
[0.335s] Level 1:colcon.colcon_core.package_identification:_identify(src/custom/glue_events_routines) by extensions ['ignore', 'ignore_ament_install']
[0.335s] Level 1:colcon.colcon_core.package_identification:_identify(src/custom/glue_events_routines) by extension 'ignore'
[0.335s] Level 1:colcon.colcon_core.package_identification:_identify(src/custom/glue_events_routines) by extension 'ignore_ament_install'
[0.335s] Level 1:colcon.colcon_core.package_identification:_identify(src/custom/glue_events_routines) by extensions ['colcon_pkg']
[0.335s] Level 1:colcon.colcon_core.package_identification:_identify(src/custom/glue_events_routines) by extension 'colcon_pkg'
[0.335s] Level 1:colcon.colcon_core.package_identification:_identify(src/custom/glue_events_routines) by extensions ['colcon_meta']
[0.335s] Level 1:colcon.colcon_core.package_identification:_identify(src/custom/glue_events_routines) by extension 'colcon_meta'
[0.335s] Level 1:colcon.colcon_core.package_identification:_identify(src/custom/glue_events_routines) by extensions ['ros']
[0.335s] Level 1:colcon.colcon_core.package_identification:_identify(src/custom/glue_events_routines) by extension 'ros'
[0.340s] DEBUG:colcon.colcon_core.package_identification:Package 'src/custom/glue_events_routines' with type 'ros.ament_cmake' and name 'glue_events_routines'
[0.340s] Level 1:colcon.colcon_core.package_identification:_identify(src/install) by extensions ['ignore', 'ignore_ament_install']
[0.341s] Level 1:colcon.colcon_core.package_identification:_identify(src/install) by extension 'ignore'
[0.341s] Level 1:colcon.colcon_core.package_identification:_identify(src/install) ignored
[0.341s] Level 1:colcon.colcon_core.package_identification:_identify(src/log) by extensions ['ignore', 'ignore_ament_install']
[0.341s] Level 1:colcon.colcon_core.package_identification:_identify(src/log) by extension 'ignore'
[0.341s] Level 1:colcon.colcon_core.package_identification:_identify(src/log) ignored
[0.341s] Level 1:colcon.colcon_core.package_identification:_identify(src/xarm_ros2) by extensions ['ignore', 'ignore_ament_install']
[0.342s] Level 1:colcon.colcon_core.package_identification:_identify(src/xarm_ros2) by extension 'ignore'
[0.342s] Level 1:colcon.colcon_core.package_identification:_identify(src/xarm_ros2) by extension 'ignore_ament_install'
[0.342s] Level 1:colcon.colcon_core.package_identification:_identify(src/xarm_ros2) by extensions ['colcon_pkg']
[0.342s] Level 1:colcon.colcon_core.package_identification:_identify(src/xarm_ros2) by extension 'colcon_pkg'
[0.342s] Level 1:colcon.colcon_core.package_identification:_identify(src/xarm_ros2) by extensions ['colcon_meta']
[0.342s] Level 1:colcon.colcon_core.package_identification:_identify(src/xarm_ros2) by extension 'colcon_meta'
[0.342s] Level 1:colcon.colcon_core.package_identification:_identify(src/xarm_ros2) by extensions ['ros']
[0.342s] Level 1:colcon.colcon_core.package_identification:_identify(src/xarm_ros2) by extension 'ros'
[0.342s] Level 1:colcon.colcon_core.package_identification:_identify(src/xarm_ros2) by extensions ['cmake', 'python']
[0.343s] Level 1:colcon.colcon_core.package_identification:_identify(src/xarm_ros2) by extension 'cmake'
[0.343s] Level 1:colcon.colcon_core.package_identification:_identify(src/xarm_ros2) by extension 'python'
[0.343s] Level 1:colcon.colcon_core.package_identification:_identify(src/xarm_ros2) by extensions ['python_setup_py']
[0.343s] Level 1:colcon.colcon_core.package_identification:_identify(src/xarm_ros2) by extension 'python_setup_py'
[0.343s] Level 1:colcon.colcon_core.package_identification:_identify(src/xarm_ros2/demo) by extensions ['ignore', 'ignore_ament_install']
[0.343s] Level 1:colcon.colcon_core.package_identification:_identify(src/xarm_ros2/demo) by extension 'ignore'
[0.343s] Level 1:colcon.colcon_core.package_identification:_identify(src/xarm_ros2/demo) by extension 'ignore_ament_install'
[0.343s] Level 1:colcon.colcon_core.package_identification:_identify(src/xarm_ros2/demo) by extensions ['colcon_pkg']
[0.343s] Level 1:colcon.colcon_core.package_identification:_identify(src/xarm_ros2/demo) by extension 'colcon_pkg'
[0.344s] Level 1:colcon.colcon_core.package_identification:_identify(src/xarm_ros2/demo) by extensions ['colcon_meta']
[0.344s] Level 1:colcon.colcon_core.package_identification:_identify(src/xarm_ros2/demo) by extension 'colcon_meta'
[0.344s] Level 1:colcon.colcon_core.package_identification:_identify(src/xarm_ros2/demo) by extensions ['ros']
[0.344s] Level 1:colcon.colcon_core.package_identification:_identify(src/xarm_ros2/demo) by extension 'ros'
[0.344s] Level 1:colcon.colcon_core.package_identification:_identify(src/xarm_ros2/demo) by extensions ['cmake', 'python']
[0.344s] Level 1:colcon.colcon_core.package_identification:_identify(src/xarm_ros2/demo) by extension 'cmake'
[0.344s] Level 1:colcon.colcon_core.package_identification:_identify(src/xarm_ros2/demo) by extension 'python'
[0.344s] Level 1:colcon.colcon_core.package_identification:_identify(src/xarm_ros2/demo) by extensions ['python_setup_py']
[0.344s] Level 1:colcon.colcon_core.package_identification:_identify(src/xarm_ros2/demo) by extension 'python_setup_py'
[0.344s] Level 1:colcon.colcon_core.package_identification:_identify(src/xarm_ros2/demo/mbot_demo) by extensions ['ignore', 'ignore_ament_install']
[0.345s] Level 1:colcon.colcon_core.package_identification:_identify(src/xarm_ros2/demo/mbot_demo) by extension 'ignore'
[0.345s] Level 1:colcon.colcon_core.package_identification:_identify(src/xarm_ros2/demo/mbot_demo) by extension 'ignore_ament_install'
[0.345s] Level 1:colcon.colcon_core.package_identification:_identify(src/xarm_ros2/demo/mbot_demo) by extensions ['colcon_pkg']
[0.345s] Level 1:colcon.colcon_core.package_identification:_identify(src/xarm_ros2/demo/mbot_demo) by extension 'colcon_pkg'
[0.345s] Level 1:colcon.colcon_core.package_identification:_identify(src/xarm_ros2/demo/mbot_demo) by extensions ['colcon_meta']
[0.345s] Level 1:colcon.colcon_core.package_identification:_identify(src/xarm_ros2/demo/mbot_demo) by extension 'colcon_meta'
[0.345s] Level 1:colcon.colcon_core.package_identification:_identify(src/xarm_ros2/demo/mbot_demo) by extensions ['ros']
[0.345s] Level 1:colcon.colcon_core.package_identification:_identify(src/xarm_ros2/demo/mbot_demo) by extension 'ros'
[0.346s] DEBUG:colcon.colcon_core.package_identification:Package 'src/xarm_ros2/demo/mbot_demo' with type 'ros.ament_cmake' and name 'mbot_demo'
[0.346s] Level 1:colcon.colcon_core.package_identification:_identify(src/xarm_ros2/thirdparty) by extensions ['ignore', 'ignore_ament_install']
[0.347s] Level 1:colcon.colcon_core.package_identification:_identify(src/xarm_ros2/thirdparty) by extension 'ignore'
[0.347s] Level 1:colcon.colcon_core.package_identification:_identify(src/xarm_ros2/thirdparty) by extension 'ignore_ament_install'
[0.347s] Level 1:colcon.colcon_core.package_identification:_identify(src/xarm_ros2/thirdparty) by extensions ['colcon_pkg']
[0.347s] Level 1:colcon.colcon_core.package_identification:_identify(src/xarm_ros2/thirdparty) by extension 'colcon_pkg'
[0.347s] Level 1:colcon.colcon_core.package_identification:_identify(src/xarm_ros2/thirdparty) by extensions ['colcon_meta']
[0.347s] Level 1:colcon.colcon_core.package_identification:_identify(src/xarm_ros2/thirdparty) by extension 'colcon_meta'
[0.347s] Level 1:colcon.colcon_core.package_identification:_identify(src/xarm_ros2/thirdparty) by extensions ['ros']
[0.347s] Level 1:colcon.colcon_core.package_identification:_identify(src/xarm_ros2/thirdparty) by extension 'ros'
[0.347s] Level 1:colcon.colcon_core.package_identification:_identify(src/xarm_ros2/thirdparty) by extensions ['cmake', 'python']
[0.347s] Level 1:colcon.colcon_core.package_identification:_identify(src/xarm_ros2/thirdparty) by extension 'cmake'
[0.348s] Level 1:colcon.colcon_core.package_identification:_identify(src/xarm_ros2/thirdparty) by extension 'python'
[0.348s] Level 1:colcon.colcon_core.package_identification:_identify(src/xarm_ros2/thirdparty) by extensions ['python_setup_py']
[0.348s] Level 1:colcon.colcon_core.package_identification:_identify(src/xarm_ros2/thirdparty) by extension 'python_setup_py'
[0.348s] Level 1:colcon.colcon_core.package_identification:_identify(src/xarm_ros2/thirdparty/realsense_gazebo_plugin) by extensions ['ignore', 'ignore_ament_install']
[0.348s] Level 1:colcon.colcon_core.package_identification:_identify(src/xarm_ros2/thirdparty/realsense_gazebo_plugin) by extension 'ignore'
[0.348s] Level 1:colcon.colcon_core.package_identification:_identify(src/xarm_ros2/thirdparty/realsense_gazebo_plugin) by extension 'ignore_ament_install'
[0.348s] Level 1:colcon.colcon_core.package_identification:_identify(src/xarm_ros2/thirdparty/realsense_gazebo_plugin) by extensions ['colcon_pkg']
[0.348s] Level 1:colcon.colcon_core.package_identification:_identify(src/xarm_ros2/thirdparty/realsense_gazebo_plugin) by extension 'colcon_pkg'
[0.348s] Level 1:colcon.colcon_core.package_identification:_identify(src/xarm_ros2/thirdparty/realsense_gazebo_plugin) by extensions ['colcon_meta']
[0.349s] Level 1:colcon.colcon_core.package_identification:_identify(src/xarm_ros2/thirdparty/realsense_gazebo_plugin) by extension 'colcon_meta'
[0.349s] Level 1:colcon.colcon_core.package_identification:_identify(src/xarm_ros2/thirdparty/realsense_gazebo_plugin) by extensions ['ros']
[0.349s] Level 1:colcon.colcon_core.package_identification:_identify(src/xarm_ros2/thirdparty/realsense_gazebo_plugin) by extension 'ros'
[0.350s] DEBUG:colcon.colcon_core.package_identification:Package 'src/xarm_ros2/thirdparty/realsense_gazebo_plugin' with type 'ros.ament_cmake' and name 'realsense_gazebo_plugin'
[0.350s] Level 1:colcon.colcon_core.package_identification:_identify(src/xarm_ros2/uf_ros_lib) by extensions ['ignore', 'ignore_ament_install']
[0.350s] Level 1:colcon.colcon_core.package_identification:_identify(src/xarm_ros2/uf_ros_lib) by extension 'ignore'
[0.350s] Level 1:colcon.colcon_core.package_identification:_identify(src/xarm_ros2/uf_ros_lib) by extension 'ignore_ament_install'
[0.350s] Level 1:colcon.colcon_core.package_identification:_identify(src/xarm_ros2/uf_ros_lib) by extensions ['colcon_pkg']
[0.350s] Level 1:colcon.colcon_core.package_identification:_identify(src/xarm_ros2/uf_ros_lib) by extension 'colcon_pkg'
[0.351s] Level 1:colcon.colcon_core.package_identification:_identify(src/xarm_ros2/uf_ros_lib) by extensions ['colcon_meta']
[0.351s] Level 1:colcon.colcon_core.package_identification:_identify(src/xarm_ros2/uf_ros_lib) by extension 'colcon_meta'
[0.351s] Level 1:colcon.colcon_core.package_identification:_identify(src/xarm_ros2/uf_ros_lib) by extensions ['ros']
[0.351s] Level 1:colcon.colcon_core.package_identification:_identify(src/xarm_ros2/uf_ros_lib) by extension 'ros'
[0.352s] DEBUG:colcon.colcon_core.package_identification:Package 'src/xarm_ros2/uf_ros_lib' with type 'ros.ament_python' and name 'uf_ros_lib'
[0.352s] Level 1:colcon.colcon_core.package_identification:_identify(src/xarm_ros2/xarm_api) by extensions ['ignore', 'ignore_ament_install']
[0.352s] Level 1:colcon.colcon_core.package_identification:_identify(src/xarm_ros2/xarm_api) by extension 'ignore'
[0.352s] Level 1:colcon.colcon_core.package_identification:_identify(src/xarm_ros2/xarm_api) by extension 'ignore_ament_install'
[0.352s] Level 1:colcon.colcon_core.package_identification:_identify(src/xarm_ros2/xarm_api) by extensions ['colcon_pkg']
[0.352s] Level 1:colcon.colcon_core.package_identification:_identify(src/xarm_ros2/xarm_api) by extension 'colcon_pkg'
[0.352s] Level 1:colcon.colcon_core.package_identification:_identify(src/xarm_ros2/xarm_api) by extensions ['colcon_meta']
[0.352s] Level 1:colcon.colcon_core.package_identification:_identify(src/xarm_ros2/xarm_api) by extension 'colcon_meta'
[0.353s] Level 1:colcon.colcon_core.package_identification:_identify(src/xarm_ros2/xarm_api) by extensions ['ros']
[0.353s] Level 1:colcon.colcon_core.package_identification:_identify(src/xarm_ros2/xarm_api) by extension 'ros'
[0.354s] DEBUG:colcon.colcon_core.package_identification:Package 'src/xarm_ros2/xarm_api' with type 'ros.ament_cmake' and name 'xarm_api'
[0.354s] Level 1:colcon.colcon_core.package_identification:_identify(src/xarm_ros2/xarm_controller) by extensions ['ignore', 'ignore_ament_install']
[0.354s] Level 1:colcon.colcon_core.package_identification:_identify(src/xarm_ros2/xarm_controller) by extension 'ignore'
[0.355s] Level 1:colcon.colcon_core.package_identification:_identify(src/xarm_ros2/xarm_controller) by extension 'ignore_ament_install'
[0.355s] Level 1:colcon.colcon_core.package_identification:_identify(src/xarm_ros2/xarm_controller) by extensions ['colcon_pkg']
[0.355s] Level 1:colcon.colcon_core.package_identification:_identify(src/xarm_ros2/xarm_controller) by extension 'colcon_pkg'
[0.355s] Level 1:colcon.colcon_core.package_identification:_identify(src/xarm_ros2/xarm_controller) by extensions ['colcon_meta']
[0.355s] Level 1:colcon.colcon_core.package_identification:_identify(src/xarm_ros2/xarm_controller) by extension 'colcon_meta'
[0.355s] Level 1:colcon.colcon_core.package_identification:_identify(src/xarm_ros2/xarm_controller) by extensions ['ros']
[0.355s] Level 1:colcon.colcon_core.package_identification:_identify(src/xarm_ros2/xarm_controller) by extension 'ros'
[0.357s] DEBUG:colcon.colcon_core.package_identification:Package 'src/xarm_ros2/xarm_controller' with type 'ros.ament_cmake' and name 'xarm_controller'
[0.357s] Level 1:colcon.colcon_core.package_identification:_identify(src/xarm_ros2/xarm_description) by extensions ['ignore', 'ignore_ament_install']
[0.357s] Level 1:colcon.colcon_core.package_identification:_identify(src/xarm_ros2/xarm_description) by extension 'ignore'
[0.357s] Level 1:colcon.colcon_core.package_identification:_identify(src/xarm_ros2/xarm_description) by extension 'ignore_ament_install'
[0.357s] Level 1:colcon.colcon_core.package_identification:_identify(src/xarm_ros2/xarm_description) by extensions ['colcon_pkg']
[0.357s] Level 1:colcon.colcon_core.package_identification:_identify(src/xarm_ros2/xarm_description) by extension 'colcon_pkg'
[0.358s] Level 1:colcon.colcon_core.package_identification:_identify(src/xarm_ros2/xarm_description) by extensions ['colcon_meta']
[0.358s] Level 1:colcon.colcon_core.package_identification:_identify(src/xarm_ros2/xarm_description) by extension 'colcon_meta'
[0.358s] Level 1:colcon.colcon_core.package_identification:_identify(src/xarm_ros2/xarm_description) by extensions ['ros']
[0.358s] Level 1:colcon.colcon_core.package_identification:_identify(src/xarm_ros2/xarm_description) by extension 'ros'
[0.359s] DEBUG:colcon.colcon_core.package_identification:Package 'src/xarm_ros2/xarm_description' with type 'ros.ament_cmake' and name 'xarm_description'
[0.359s] Level 1:colcon.colcon_core.package_identification:_identify(src/xarm_ros2/xarm_gazebo) by extensions ['ignore', 'ignore_ament_install']
[0.359s] Level 1:colcon.colcon_core.package_identification:_identify(src/xarm_ros2/xarm_gazebo) by extension 'ignore'
[0.359s] Level 1:colcon.colcon_core.package_identification:_identify(src/xarm_ros2/xarm_gazebo) by extension 'ignore_ament_install'
[0.359s] Level 1:colcon.colcon_core.package_identification:_identify(src/xarm_ros2/xarm_gazebo) by extensions ['colcon_pkg']
[0.359s] Level 1:colcon.colcon_core.package_identification:_identify(src/xarm_ros2/xarm_gazebo) by extension 'colcon_pkg'
[0.359s] Level 1:colcon.colcon_core.package_identification:_identify(src/xarm_ros2/xarm_gazebo) by extensions ['colcon_meta']
[0.359s] Level 1:colcon.colcon_core.package_identification:_identify(src/xarm_ros2/xarm_gazebo) by extension 'colcon_meta'
[0.360s] Level 1:colcon.colcon_core.package_identification:_identify(src/xarm_ros2/xarm_gazebo) by extensions ['ros']
[0.360s] Level 1:colcon.colcon_core.package_identification:_identify(src/xarm_ros2/xarm_gazebo) by extension 'ros'
[0.361s] DEBUG:colcon.colcon_core.package_identification:Package 'src/xarm_ros2/xarm_gazebo' with type 'ros.ament_cmake' and name 'xarm_gazebo'
[0.361s] Level 1:colcon.colcon_core.package_identification:_identify(src/xarm_ros2/xarm_moveit_config) by extensions ['ignore', 'ignore_ament_install']
[0.361s] Level 1:colcon.colcon_core.package_identification:_identify(src/xarm_ros2/xarm_moveit_config) by extension 'ignore'
[0.361s] Level 1:colcon.colcon_core.package_identification:_identify(src/xarm_ros2/xarm_moveit_config) by extension 'ignore_ament_install'
[0.362s] Level 1:colcon.colcon_core.package_identification:_identify(src/xarm_ros2/xarm_moveit_config) by extensions ['colcon_pkg']
[0.362s] Level 1:colcon.colcon_core.package_identification:_identify(src/xarm_ros2/xarm_moveit_config) by extension 'colcon_pkg'
[0.362s] Level 1:colcon.colcon_core.package_identification:_identify(src/xarm_ros2/xarm_moveit_config) by extensions ['colcon_meta']
[0.362s] Level 1:colcon.colcon_core.package_identification:_identify(src/xarm_ros2/xarm_moveit_config) by extension 'colcon_meta'
[0.362s] Level 1:colcon.colcon_core.package_identification:_identify(src/xarm_ros2/xarm_moveit_config) by extensions ['ros']
[0.362s] Level 1:colcon.colcon_core.package_identification:_identify(src/xarm_ros2/xarm_moveit_config) by extension 'ros'
[0.363s] DEBUG:colcon.colcon_core.package_identification:Package 'src/xarm_ros2/xarm_moveit_config' with type 'ros.ament_cmake' and name 'xarm_moveit_config'
[0.363s] Level 1:colcon.colcon_core.package_identification:_identify(src/xarm_ros2/xarm_moveit_servo) by extensions ['ignore', 'ignore_ament_install']
[0.363s] Level 1:colcon.colcon_core.package_identification:_identify(src/xarm_ros2/xarm_moveit_servo) by extension 'ignore'
[0.364s] Level 1:colcon.colcon_core.package_identification:_identify(src/xarm_ros2/xarm_moveit_servo) by extension 'ignore_ament_install'
[0.364s] Level 1:colcon.colcon_core.package_identification:_identify(src/xarm_ros2/xarm_moveit_servo) by extensions ['colcon_pkg']
[0.364s] Level 1:colcon.colcon_core.package_identification:_identify(src/xarm_ros2/xarm_moveit_servo) by extension 'colcon_pkg'
[0.364s] Level 1:colcon.colcon_core.package_identification:_identify(src/xarm_ros2/xarm_moveit_servo) by extensions ['colcon_meta']
[0.364s] Level 1:colcon.colcon_core.package_identification:_identify(src/xarm_ros2/xarm_moveit_servo) by extension 'colcon_meta'
[0.364s] Level 1:colcon.colcon_core.package_identification:_identify(src/xarm_ros2/xarm_moveit_servo) by extensions ['ros']
[0.364s] Level 1:colcon.colcon_core.package_identification:_identify(src/xarm_ros2/xarm_moveit_servo) by extension 'ros'
[0.366s] DEBUG:colcon.colcon_core.package_identification:Package 'src/xarm_ros2/xarm_moveit_servo' with type 'ros.ament_cmake' and name 'xarm_moveit_servo'
[0.366s] Level 1:colcon.colcon_core.package_identification:_identify(src/xarm_ros2/xarm_msgs) by extensions ['ignore', 'ignore_ament_install']
[0.366s] Level 1:colcon.colcon_core.package_identification:_identify(src/xarm_ros2/xarm_msgs) by extension 'ignore'
[0.366s] Level 1:colcon.colcon_core.package_identification:_identify(src/xarm_ros2/xarm_msgs) by extension 'ignore_ament_install'
[0.367s] Level 1:colcon.colcon_core.package_identification:_identify(src/xarm_ros2/xarm_msgs) by extensions ['colcon_pkg']
[0.367s] Level 1:colcon.colcon_core.package_identification:_identify(src/xarm_ros2/xarm_msgs) by extension 'colcon_pkg'
[0.367s] Level 1:colcon.colcon_core.package_identification:_identify(src/xarm_ros2/xarm_msgs) by extensions ['colcon_meta']
[0.367s] Level 1:colcon.colcon_core.package_identification:_identify(src/xarm_ros2/xarm_msgs) by extension 'colcon_meta'
[0.367s] Level 1:colcon.colcon_core.package_identification:_identify(src/xarm_ros2/xarm_msgs) by extensions ['ros']
[0.367s] Level 1:colcon.colcon_core.package_identification:_identify(src/xarm_ros2/xarm_msgs) by extension 'ros'
[0.368s] DEBUG:colcon.colcon_core.package_identification:Package 'src/xarm_ros2/xarm_msgs' with type 'ros.ament_cmake' and name 'xarm_msgs'
[0.368s] Level 1:colcon.colcon_core.package_identification:_identify(src/xarm_ros2/xarm_planner) by extensions ['ignore', 'ignore_ament_install']
[0.368s] Level 1:colcon.colcon_core.package_identification:_identify(src/xarm_ros2/xarm_planner) by extension 'ignore'
[0.368s] Level 1:colcon.colcon_core.package_identification:_identify(src/xarm_ros2/xarm_planner) by extension 'ignore_ament_install'
[0.368s] Level 1:colcon.colcon_core.package_identification:_identify(src/xarm_ros2/xarm_planner) by extensions ['colcon_pkg']
[0.368s] Level 1:colcon.colcon_core.package_identification:_identify(src/xarm_ros2/xarm_planner) by extension 'colcon_pkg'
[0.369s] Level 1:colcon.colcon_core.package_identification:_identify(src/xarm_ros2/xarm_planner) by extensions ['colcon_meta']
[0.369s] Level 1:colcon.colcon_core.package_identification:_identify(src/xarm_ros2/xarm_planner) by extension 'colcon_meta'
[0.369s] Level 1:colcon.colcon_core.package_identification:_identify(src/xarm_ros2/xarm_planner) by extensions ['ros']
[0.369s] Level 1:colcon.colcon_core.package_identification:_identify(src/xarm_ros2/xarm_planner) by extension 'ros'
[0.370s] DEBUG:colcon.colcon_core.package_identification:Package 'src/xarm_ros2/xarm_planner' with type 'ros.ament_cmake' and name 'xarm_planner'
[0.370s] Level 1:colcon.colcon_core.package_identification:_identify(src/xarm_ros2/xarm_sdk) by extensions ['ignore', 'ignore_ament_install']
[0.371s] Level 1:colcon.colcon_core.package_identification:_identify(src/xarm_ros2/xarm_sdk) by extension 'ignore'
[0.371s] Level 1:colcon.colcon_core.package_identification:_identify(src/xarm_ros2/xarm_sdk) by extension 'ignore_ament_install'
[0.371s] Level 1:colcon.colcon_core.package_identification:_identify(src/xarm_ros2/xarm_sdk) by extensions ['colcon_pkg']
[0.371s] Level 1:colcon.colcon_core.package_identification:_identify(src/xarm_ros2/xarm_sdk) by extension 'colcon_pkg'
[0.371s] Level 1:colcon.colcon_core.package_identification:_identify(src/xarm_ros2/xarm_sdk) by extensions ['colcon_meta']
[0.371s] Level 1:colcon.colcon_core.package_identification:_identify(src/xarm_ros2/xarm_sdk) by extension 'colcon_meta'
[0.371s] Level 1:colcon.colcon_core.package_identification:_identify(src/xarm_ros2/xarm_sdk) by extensions ['ros']
[0.371s] Level 1:colcon.colcon_core.package_identification:_identify(src/xarm_ros2/xarm_sdk) by extension 'ros'
[0.372s] DEBUG:colcon.colcon_core.package_identification:Package 'src/xarm_ros2/xarm_sdk' with type 'ros.ament_cmake' and name 'xarm_sdk'
[0.372s] Level 1:colcon.colcon_core.package_discovery:discover_packages(recursive) using defaults
[0.372s] Level 1:colcon.colcon_core.package_discovery:discover_packages(ignore) discover
[0.372s] Level 1:colcon.colcon_core.package_discovery:discover_packages(ignore) using defaults
[0.372s] Level 1:colcon.colcon_core.package_discovery:discover_packages(path) discover
[0.372s] Level 1:colcon.colcon_core.package_discovery:discover_packages(path) using defaults
[0.415s] Level 1:colcon.colcon_core.package_discovery:discover_packages(prefix_path) check parameters
[0.415s] Level 1:colcon.colcon_core.package_discovery:discover_packages(prefix_path) discover
[0.420s] DEBUG:colcon.colcon_installed_package_information.package_discovery:Found 13 installed packages in /home/berenic/Documents/LPRS2_2026/Robo_Hand_RS485/ROS2/robo_hand_ws/install
[0.423s] DEBUG:colcon.colcon_installed_package_information.package_discovery:Found 377 installed packages in /opt/ros/jazzy
[0.424s] Level 1:colcon.colcon_core.package_discovery:discover_packages(prefix_path) using defaults
[0.525s] Level 5:colcon.colcon_core.verb:set package 'realsense_gazebo_plugin' build argument 'cmake_args' from command line to 'None'
[0.525s] Level 5:colcon.colcon_core.verb:set package 'realsense_gazebo_plugin' build argument 'cmake_target' from command line to 'None'
[0.525s] Level 5:colcon.colcon_core.verb:set package 'realsense_gazebo_plugin' build argument 'cmake_target_skip_unavailable' from command line to 'False'
[0.525s] Level 5:colcon.colcon_core.verb:set package 'realsense_gazebo_plugin' build argument 'cmake_clean_cache' from command line to 'False'
[0.525s] Level 5:colcon.colcon_core.verb:set package 'realsense_gazebo_plugin' build argument 'cmake_clean_first' from command line to 'False'
[0.525s] Level 5:colcon.colcon_core.verb:set package 'realsense_gazebo_plugin' build argument 'cmake_force_configure' from command line to 'False'
[0.525s] Level 5:colcon.colcon_core.verb:set package 'realsense_gazebo_plugin' build argument 'ament_cmake_args' from command line to 'None'
[0.525s] Level 5:colcon.colcon_core.verb:set package 'realsense_gazebo_plugin' build argument 'catkin_cmake_args' from command line to 'None'
[0.525s] Level 5:colcon.colcon_core.verb:set package 'realsense_gazebo_plugin' build argument 'catkin_skip_building_tests' from command line to 'False'
[0.525s] DEBUG:colcon.colcon_core.verb:Building package 'realsense_gazebo_plugin' with the following arguments: {'ament_cmake_args': None, 'build_base': '/home/berenic/Documents/LPRS2_2026/Robo_Hand_RS485/ROS2/robo_hand_ws/build/realsense_gazebo_plugin', 'catkin_cmake_args': None, 'catkin_skip_building_tests': False, 'cmake_args': None, 'cmake_clean_cache': False, 'cmake_clean_first': False, 'cmake_force_configure': False, 'cmake_target': None, 'cmake_target_skip_unavailable': False, 'install_base': '/home/berenic/Documents/LPRS2_2026/Robo_Hand_RS485/ROS2/robo_hand_ws/install/realsense_gazebo_plugin', 'merge_install': False, 'path': '/home/berenic/Documents/LPRS2_2026/Robo_Hand_RS485/ROS2/robo_hand_ws/src/xarm_ros2/thirdparty/realsense_gazebo_plugin', 'symlink_install': True, 'test_result_base': None}
[0.526s] Level 5:colcon.colcon_core.verb:set package 'uf_ros_lib' build argument 'cmake_args' from command line to 'None'
[0.526s] Level 5:colcon.colcon_core.verb:set package 'uf_ros_lib' build argument 'cmake_target' from command line to 'None'
[0.526s] Level 5:colcon.colcon_core.verb:set package 'uf_ros_lib' build argument 'cmake_target_skip_unavailable' from command line to 'False'
[0.526s] Level 5:colcon.colcon_core.verb:set package 'uf_ros_lib' build argument 'cmake_clean_cache' from command line to 'False'
[0.526s] Level 5:colcon.colcon_core.verb:set package 'uf_ros_lib' build argument 'cmake_clean_first' from command line to 'False'
[0.526s] Level 5:colcon.colcon_core.verb:set package 'uf_ros_lib' build argument 'cmake_force_configure' from command line to 'False'
[0.526s] Level 5:colcon.colcon_core.verb:set package 'uf_ros_lib' build argument 'ament_cmake_args' from command line to 'None'
[0.526s] Level 5:colcon.colcon_core.verb:set package 'uf_ros_lib' build argument 'catkin_cmake_args' from command line to 'None'
[0.526s] Level 5:colcon.colcon_core.verb:set package 'uf_ros_lib' build argument 'catkin_skip_building_tests' from command line to 'False'
[0.526s] DEBUG:colcon.colcon_core.verb:Building package 'uf_ros_lib' with the following arguments: {'ament_cmake_args': None, 'build_base': '/home/berenic/Documents/LPRS2_2026/Robo_Hand_RS485/ROS2/robo_hand_ws/build/uf_ros_lib', 'catkin_cmake_args': None, 'catkin_skip_building_tests': False, 'cmake_args': None, 'cmake_clean_cache': False, 'cmake_clean_first': False, 'cmake_force_configure': False, 'cmake_target': None, 'cmake_target_skip_unavailable': False, 'install_base': '/home/berenic/Documents/LPRS2_2026/Robo_Hand_RS485/ROS2/robo_hand_ws/install/uf_ros_lib', 'merge_install': False, 'path': '/home/berenic/Documents/LPRS2_2026/Robo_Hand_RS485/ROS2/robo_hand_ws/src/xarm_ros2/uf_ros_lib', 'symlink_install': True, 'test_result_base': None}
[0.527s] Level 5:colcon.colcon_core.verb:set package 'xarm_description' build argument 'cmake_args' from command line to 'None'
[0.527s] Level 5:colcon.colcon_core.verb:set package 'xarm_description' build argument 'cmake_target' from command line to 'None'
[0.527s] Level 5:colcon.colcon_core.verb:set package 'xarm_description' build argument 'cmake_target_skip_unavailable' from command line to 'False'
[0.527s] Level 5:colcon.colcon_core.verb:set package 'xarm_description' build argument 'cmake_clean_cache' from command line to 'False'
[0.527s] Level 5:colcon.colcon_core.verb:set package 'xarm_description' build argument 'cmake_clean_first' from command line to 'False'
[0.527s] Level 5:colcon.colcon_core.verb:set package 'xarm_description' build argument 'cmake_force_configure' from command line to 'False'
[0.527s] Level 5:colcon.colcon_core.verb:set package 'xarm_description' build argument 'ament_cmake_args' from command line to 'None'
[0.527s] Level 5:colcon.colcon_core.verb:set package 'xarm_description' build argument 'catkin_cmake_args' from command line to 'None'
[0.527s] Level 5:colcon.colcon_core.verb:set package 'xarm_description' build argument 'catkin_skip_building_tests' from command line to 'False'
[0.527s] DEBUG:colcon.colcon_core.verb:Building package 'xarm_description' with the following arguments: {'ament_cmake_args': None, 'build_base': '/home/berenic/Documents/LPRS2_2026/Robo_Hand_RS485/ROS2/robo_hand_ws/build/xarm_description', 'catkin_cmake_args': None, 'catkin_skip_building_tests': False, 'cmake_args': None, 'cmake_clean_cache': False, 'cmake_clean_first': False, 'cmake_force_configure': False, 'cmake_target': None, 'cmake_target_skip_unavailable': False, 'install_base': '/home/berenic/Documents/LPRS2_2026/Robo_Hand_RS485/ROS2/robo_hand_ws/install/xarm_description', 'merge_install': False, 'path': '/home/berenic/Documents/LPRS2_2026/Robo_Hand_RS485/ROS2/robo_hand_ws/src/xarm_ros2/xarm_description', 'symlink_install': True, 'test_result_base': None}
[0.528s] Level 5:colcon.colcon_core.verb:set package 'xarm_msgs' build argument 'cmake_args' from command line to 'None'
[0.528s] Level 5:colcon.colcon_core.verb:set package 'xarm_msgs' build argument 'cmake_target' from command line to 'None'
[0.528s] Level 5:colcon.colcon_core.verb:set package 'xarm_msgs' build argument 'cmake_target_skip_unavailable' from command line to 'False'
[0.528s] Level 5:colcon.colcon_core.verb:set package 'xarm_msgs' build argument 'cmake_clean_cache' from command line to 'False'
[0.528s] Level 5:colcon.colcon_core.verb:set package 'xarm_msgs' build argument 'cmake_clean_first' from command line to 'False'
[0.528s] Level 5:colcon.colcon_core.verb:set package 'xarm_msgs' build argument 'cmake_force_configure' from command line to 'False'
[0.528s] Level 5:colcon.colcon_core.verb:set package 'xarm_msgs' build argument 'ament_cmake_args' from command line to 'None'
[0.528s] Level 5:colcon.colcon_core.verb:set package 'xarm_msgs' build argument 'catkin_cmake_args' from command line to 'None'
[0.528s] Level 5:colcon.colcon_core.verb:set package 'xarm_msgs' build argument 'catkin_skip_building_tests' from command line to 'False'
[0.528s] DEBUG:colcon.colcon_core.verb:Building package 'xarm_msgs' with the following arguments: {'ament_cmake_args': None, 'build_base': '/home/berenic/Documents/LPRS2_2026/Robo_Hand_RS485/ROS2/robo_hand_ws/build/xarm_msgs', 'catkin_cmake_args': None, 'catkin_skip_building_tests': False, 'cmake_args': None, 'cmake_clean_cache': False, 'cmake_clean_first': False, 'cmake_force_configure': False, 'cmake_target': None, 'cmake_target_skip_unavailable': False, 'install_base': '/home/berenic/Documents/LPRS2_2026/Robo_Hand_RS485/ROS2/robo_hand_ws/install/xarm_msgs', 'merge_install': False, 'path': '/home/berenic/Documents/LPRS2_2026/Robo_Hand_RS485/ROS2/robo_hand_ws/src/xarm_ros2/xarm_msgs', 'symlink_install': True, 'test_result_base': None}
[0.529s] Level 5:colcon.colcon_core.verb:set package 'xarm_sdk' build argument 'cmake_args' from command line to 'None'
[0.529s] Level 5:colcon.colcon_core.verb:set package 'xarm_sdk' build argument 'cmake_target' from command line to 'None'
[0.529s] Level 5:colcon.colcon_core.verb:set package 'xarm_sdk' build argument 'cmake_target_skip_unavailable' from command line to 'False'
[0.529s] Level 5:colcon.colcon_core.verb:set package 'xarm_sdk' build argument 'cmake_clean_cache' from command line to 'False'
[0.529s] Level 5:colcon.colcon_core.verb:set package 'xarm_sdk' build argument 'cmake_clean_first' from command line to 'False'
[0.529s] Level 5:colcon.colcon_core.verb:set package 'xarm_sdk' build argument 'cmake_force_configure' from command line to 'False'
[0.529s] Level 5:colcon.colcon_core.verb:set package 'xarm_sdk' build argument 'ament_cmake_args' from command line to 'None'
[0.529s] Level 5:colcon.colcon_core.verb:set package 'xarm_sdk' build argument 'catkin_cmake_args' from command line to 'None'
[0.529s] Level 5:colcon.colcon_core.verb:set package 'xarm_sdk' build argument 'catkin_skip_building_tests' from command line to 'False'
[0.529s] DEBUG:colcon.colcon_core.verb:Building package 'xarm_sdk' with the following arguments: {'ament_cmake_args': None, 'build_base': '/home/berenic/Documents/LPRS2_2026/Robo_Hand_RS485/ROS2/robo_hand_ws/build/xarm_sdk', 'catkin_cmake_args': None, 'catkin_skip_building_tests': False, 'cmake_args': None, 'cmake_clean_cache': False, 'cmake_clean_first': False, 'cmake_force_configure': False, 'cmake_target': None, 'cmake_target_skip_unavailable': False, 'install_base': '/home/berenic/Documents/LPRS2_2026/Robo_Hand_RS485/ROS2/robo_hand_ws/install/xarm_sdk', 'merge_install': False, 'path': '/home/berenic/Documents/LPRS2_2026/Robo_Hand_RS485/ROS2/robo_hand_ws/src/xarm_ros2/xarm_sdk', 'symlink_install': True, 'test_result_base': None}
[0.530s] Level 5:colcon.colcon_core.verb:set package 'mbot_demo' build argument 'cmake_args' from command line to 'None'
[0.530s] Level 5:colcon.colcon_core.verb:set package 'mbot_demo' build argument 'cmake_target' from command line to 'None'
[0.530s] Level 5:colcon.colcon_core.verb:set package 'mbot_demo' build argument 'cmake_target_skip_unavailable' from command line to 'False'
[0.530s] Level 5:colcon.colcon_core.verb:set package 'mbot_demo' build argument 'cmake_clean_cache' from command line to 'False'
[0.530s] Level 5:colcon.colcon_core.verb:set package 'mbot_demo' build argument 'cmake_clean_first' from command line to 'False'
[0.530s] Level 5:colcon.colcon_core.verb:set package 'mbot_demo' build argument 'cmake_force_configure' from command line to 'False'
[0.530s] Level 5:colcon.colcon_core.verb:set package 'mbot_demo' build argument 'ament_cmake_args' from command line to 'None'
[0.530s] Level 5:colcon.colcon_core.verb:set package 'mbot_demo' build argument 'catkin_cmake_args' from command line to 'None'
[0.530s] Level 5:colcon.colcon_core.verb:set package 'mbot_demo' build argument 'catkin_skip_building_tests' from command line to 'False'
[0.530s] DEBUG:colcon.colcon_core.verb:Building package 'mbot_demo' with the following arguments: {'ament_cmake_args': None, 'build_base': '/home/berenic/Documents/LPRS2_2026/Robo_Hand_RS485/ROS2/robo_hand_ws/build/mbot_demo', 'catkin_cmake_args': None, 'catkin_skip_building_tests': False, 'cmake_args': None, 'cmake_clean_cache': False, 'cmake_clean_first': False, 'cmake_force_configure': False, 'cmake_target': None, 'cmake_target_skip_unavailable': False, 'install_base': '/home/berenic/Documents/LPRS2_2026/Robo_Hand_RS485/ROS2/robo_hand_ws/install/mbot_demo', 'merge_install': False, 'path': '/home/berenic/Documents/LPRS2_2026/Robo_Hand_RS485/ROS2/robo_hand_ws/src/xarm_ros2/demo/mbot_demo', 'symlink_install': True, 'test_result_base': None}
[0.531s] Level 5:colcon.colcon_core.verb:set package 'xarm_api' build argument 'cmake_args' from command line to 'None'
[0.531s] Level 5:colcon.colcon_core.verb:set package 'xarm_api' build argument 'cmake_target' from command line to 'None'
[0.531s] Level 5:colcon.colcon_core.verb:set package 'xarm_api' build argument 'cmake_target_skip_unavailable' from command line to 'False'
[0.531s] Level 5:colcon.colcon_core.verb:set package 'xarm_api' build argument 'cmake_clean_cache' from command line to 'False'
[0.531s] Level 5:colcon.colcon_core.verb:set package 'xarm_api' build argument 'cmake_clean_first' from command line to 'False'
[0.531s] Level 5:colcon.colcon_core.verb:set package 'xarm_api' build argument 'cmake_force_configure' from command line to 'False'
[0.531s] Level 5:colcon.colcon_core.verb:set package 'xarm_api' build argument 'ament_cmake_args' from command line to 'None'
[0.531s] Level 5:colcon.colcon_core.verb:set package 'xarm_api' build argument 'catkin_cmake_args' from command line to 'None'
[0.531s] Level 5:colcon.colcon_core.verb:set package 'xarm_api' build argument 'catkin_skip_building_tests' from command line to 'False'
[0.531s] DEBUG:colcon.colcon_core.verb:Building package 'xarm_api' with the following arguments: {'ament_cmake_args': None, 'build_base': '/home/berenic/Documents/LPRS2_2026/Robo_Hand_RS485/ROS2/robo_hand_ws/build/xarm_api', 'catkin_cmake_args': None, 'catkin_skip_building_tests': False, 'cmake_args': None, 'cmake_clean_cache': False, 'cmake_clean_first': False, 'cmake_force_configure': False, 'cmake_target': None, 'cmake_target_skip_unavailable': False, 'install_base': '/home/berenic/Documents/LPRS2_2026/Robo_Hand_RS485/ROS2/robo_hand_ws/install/xarm_api', 'merge_install': False, 'path': '/home/berenic/Documents/LPRS2_2026/Robo_Hand_RS485/ROS2/robo_hand_ws/src/xarm_ros2/xarm_api', 'symlink_install': True, 'test_result_base': None}
[0.531s] Level 5:colcon.colcon_core.verb:set package 'xarm_controller' build argument 'cmake_args' from command line to 'None'
[0.531s] Level 5:colcon.colcon_core.verb:set package 'xarm_controller' build argument 'cmake_target' from command line to 'None'
[0.532s] Level 5:colcon.colcon_core.verb:set package 'xarm_controller' build argument 'cmake_target_skip_unavailable' from command line to 'False'
[0.532s] Level 5:colcon.colcon_core.verb:set package 'xarm_controller' build argument 'cmake_clean_cache' from command line to 'False'
[0.532s] Level 5:colcon.colcon_core.verb:set package 'xarm_controller' build argument 'cmake_clean_first' from command line to 'False'
[0.532s] Level 5:colcon.colcon_core.verb:set package 'xarm_controller' build argument 'cmake_force_configure' from command line to 'False'
[0.532s] Level 5:colcon.colcon_core.verb:set package 'xarm_controller' build argument 'ament_cmake_args' from command line to 'None'
[0.532s] Level 5:colcon.colcon_core.verb:set package 'xarm_controller' build argument 'catkin_cmake_args' from command line to 'None'
[0.532s] Level 5:colcon.colcon_core.verb:set package 'xarm_controller' build argument 'catkin_skip_building_tests' from command line to 'False'
[0.532s] DEBUG:colcon.colcon_core.verb:Building package 'xarm_controller' with the following arguments: {'ament_cmake_args': None, 'build_base': '/home/berenic/Documents/LPRS2_2026/Robo_Hand_RS485/ROS2/robo_hand_ws/build/xarm_controller', 'catkin_cmake_args': None, 'catkin_skip_building_tests': False, 'cmake_args': None, 'cmake_clean_cache': False, 'cmake_clean_first': False, 'cmake_force_configure': False, 'cmake_target': None, 'cmake_target_skip_unavailable': False, 'install_base': '/home/berenic/Documents/LPRS2_2026/Robo_Hand_RS485/ROS2/robo_hand_ws/install/xarm_controller', 'merge_install': False, 'path': '/home/berenic/Documents/LPRS2_2026/Robo_Hand_RS485/ROS2/robo_hand_ws/src/xarm_ros2/xarm_controller', 'symlink_install': True, 'test_result_base': None}
[0.532s] Level 5:colcon.colcon_core.verb:set package 'xarm_gazebo' build argument 'cmake_args' from command line to 'None'
[0.532s] Level 5:colcon.colcon_core.verb:set package 'xarm_gazebo' build argument 'cmake_target' from command line to 'None'
[0.532s] Level 5:colcon.colcon_core.verb:set package 'xarm_gazebo' build argument 'cmake_target_skip_unavailable' from command line to 'False'
[0.532s] Level 5:colcon.colcon_core.verb:set package 'xarm_gazebo' build argument 'cmake_clean_cache' from command line to 'False'
[0.533s] Level 5:colcon.colcon_core.verb:set package 'xarm_gazebo' build argument 'cmake_clean_first' from command line to 'False'
[0.533s] Level 5:colcon.colcon_core.verb:set package 'xarm_gazebo' build argument 'cmake_force_configure' from command line to 'False'
[0.533s] Level 5:colcon.colcon_core.verb:set package 'xarm_gazebo' build argument 'ament_cmake_args' from command line to 'None'
[0.533s] Level 5:colcon.colcon_core.verb:set package 'xarm_gazebo' build argument 'catkin_cmake_args' from command line to 'None'
[0.533s] Level 5:colcon.colcon_core.verb:set package 'xarm_gazebo' build argument 'catkin_skip_building_tests' from command line to 'False'
[0.533s] DEBUG:colcon.colcon_core.verb:Building package 'xarm_gazebo' with the following arguments: {'ament_cmake_args': None, 'build_base': '/home/berenic/Documents/LPRS2_2026/Robo_Hand_RS485/ROS2/robo_hand_ws/build/xarm_gazebo', 'catkin_cmake_args': None, 'catkin_skip_building_tests': False, 'cmake_args': None, 'cmake_clean_cache': False, 'cmake_clean_first': False, 'cmake_force_configure': False, 'cmake_target': None, 'cmake_target_skip_unavailable': False, 'install_base': '/home/berenic/Documents/LPRS2_2026/Robo_Hand_RS485/ROS2/robo_hand_ws/install/xarm_gazebo', 'merge_install': False, 'path': '/home/berenic/Documents/LPRS2_2026/Robo_Hand_RS485/ROS2/robo_hand_ws/src/xarm_ros2/xarm_gazebo', 'symlink_install': True, 'test_result_base': None}
[0.533s] Level 5:colcon.colcon_core.verb:set package 'xarm_moveit_config' build argument 'cmake_args' from command line to 'None'
[0.533s] Level 5:colcon.colcon_core.verb:set package 'xarm_moveit_config' build argument 'cmake_target' from command line to 'None'
[0.533s] Level 5:colcon.colcon_core.verb:set package 'xarm_moveit_config' build argument 'cmake_target_skip_unavailable' from command line to 'False'
[0.533s] Level 5:colcon.colcon_core.verb:set package 'xarm_moveit_config' build argument 'cmake_clean_cache' from command line to 'False'
[0.533s] Level 5:colcon.colcon_core.verb:set package 'xarm_moveit_config' build argument 'cmake_clean_first' from command line to 'False'
[0.533s] Level 5:colcon.colcon_core.verb:set package 'xarm_moveit_config' build argument 'cmake_force_configure' from command line to 'False'
[0.533s] Level 5:colcon.colcon_core.verb:set package 'xarm_moveit_config' build argument 'ament_cmake_args' from command line to 'None'
[0.533s] Level 5:colcon.colcon_core.verb:set package 'xarm_moveit_config' build argument 'catkin_cmake_args' from command line to 'None'
[0.534s] Level 5:colcon.colcon_core.verb:set package 'xarm_moveit_config' build argument 'catkin_skip_building_tests' from command line to 'False'
[0.534s] DEBUG:colcon.colcon_core.verb:Building package 'xarm_moveit_config' with the following arguments: {'ament_cmake_args': None, 'build_base': '/home/berenic/Documents/LPRS2_2026/Robo_Hand_RS485/ROS2/robo_hand_ws/build/xarm_moveit_config', 'catkin_cmake_args': None, 'catkin_skip_building_tests': False, 'cmake_args': None, 'cmake_clean_cache': False, 'cmake_clean_first': False, 'cmake_force_configure': False, 'cmake_target': None, 'cmake_target_skip_unavailable': False, 'install_base': '/home/berenic/Documents/LPRS2_2026/Robo_Hand_RS485/ROS2/robo_hand_ws/install/xarm_moveit_config', 'merge_install': False, 'path': '/home/berenic/Documents/LPRS2_2026/Robo_Hand_RS485/ROS2/robo_hand_ws/src/xarm_ros2/xarm_moveit_config', 'symlink_install': True, 'test_result_base': None}
[0.534s] Level 5:colcon.colcon_core.verb:set package 'xarm_moveit_servo' build argument 'cmake_args' from command line to 'None'
[0.534s] Level 5:colcon.colcon_core.verb:set package 'xarm_moveit_servo' build argument 'cmake_target' from command line to 'None'
[0.534s] Level 5:colcon.colcon_core.verb:set package 'xarm_moveit_servo' build argument 'cmake_target_skip_unavailable' from command line to 'False'
[0.534s] Level 5:colcon.colcon_core.verb:set package 'xarm_moveit_servo' build argument 'cmake_clean_cache' from command line to 'False'
[0.534s] Level 5:colcon.colcon_core.verb:set package 'xarm_moveit_servo' build argument 'cmake_clean_first' from command line to 'False'
[0.534s] Level 5:colcon.colcon_core.verb:set package 'xarm_moveit_servo' build argument 'cmake_force_configure' from command line to 'False'
[0.534s] Level 5:colcon.colcon_core.verb:set package 'xarm_moveit_servo' build argument 'ament_cmake_args' from command line to 'None'
[0.534s] Level 5:colcon.colcon_core.verb:set package 'xarm_moveit_servo' build argument 'catkin_cmake_args' from command line to 'None'
[0.534s] Level 5:colcon.colcon_core.verb:set package 'xarm_moveit_servo' build argument 'catkin_skip_building_tests' from command line to 'False'
[0.534s] DEBUG:colcon.colcon_core.verb:Building package 'xarm_moveit_servo' with the following arguments: {'ament_cmake_args': None, 'build_base': '/home/berenic/Documents/LPRS2_2026/Robo_Hand_RS485/ROS2/robo_hand_ws/build/xarm_moveit_servo', 'catkin_cmake_args': None, 'catkin_skip_building_tests': False, 'cmake_args': None, 'cmake_clean_cache': False, 'cmake_clean_first': False, 'cmake_force_configure': False, 'cmake_target': None, 'cmake_target_skip_unavailable': False, 'install_base': '/home/berenic/Documents/LPRS2_2026/Robo_Hand_RS485/ROS2/robo_hand_ws/install/xarm_moveit_servo', 'merge_install': False, 'path': '/home/berenic/Documents/LPRS2_2026/Robo_Hand_RS485/ROS2/robo_hand_ws/src/xarm_ros2/xarm_moveit_servo', 'symlink_install': True, 'test_result_base': None}
[0.535s] Level 5:colcon.colcon_core.verb:set package 'xarm_planner' build argument 'cmake_args' from command line to 'None'
[0.535s] Level 5:colcon.colcon_core.verb:set package 'xarm_planner' build argument 'cmake_target' from command line to 'None'
[0.535s] Level 5:colcon.colcon_core.verb:set package 'xarm_planner' build argument 'cmake_target_skip_unavailable' from command line to 'False'
[0.535s] Level 5:colcon.colcon_core.verb:set package 'xarm_planner' build argument 'cmake_clean_cache' from command line to 'False'
[0.535s] Level 5:colcon.colcon_core.verb:set package 'xarm_planner' build argument 'cmake_clean_first' from command line to 'False'
[0.535s] Level 5:colcon.colcon_core.verb:set package 'xarm_planner' build argument 'cmake_force_configure' from command line to 'False'
[0.535s] Level 5:colcon.colcon_core.verb:set package 'xarm_planner' build argument 'ament_cmake_args' from command line to 'None'
[0.535s] Level 5:colcon.colcon_core.verb:set package 'xarm_planner' build argument 'catkin_cmake_args' from command line to 'None'
[0.535s] Level 5:colcon.colcon_core.verb:set package 'xarm_planner' build argument 'catkin_skip_building_tests' from command line to 'False'
[0.535s] DEBUG:colcon.colcon_core.verb:Building package 'xarm_planner' with the following arguments: {'ament_cmake_args': None, 'build_base': '/home/berenic/Documents/LPRS2_2026/Robo_Hand_RS485/ROS2/robo_hand_ws/build/xarm_planner', 'catkin_cmake_args': None, 'catkin_skip_building_tests': False, 'cmake_args': None, 'cmake_clean_cache': False, 'cmake_clean_first': False, 'cmake_force_configure': False, 'cmake_target': None, 'cmake_target_skip_unavailable': False, 'install_base': '/home/berenic/Documents/LPRS2_2026/Robo_Hand_RS485/ROS2/robo_hand_ws/install/xarm_planner', 'merge_install': False, 'path': '/home/berenic/Documents/LPRS2_2026/Robo_Hand_RS485/ROS2/robo_hand_ws/src/xarm_ros2/xarm_planner', 'symlink_install': True, 'test_result_base': None}
[0.536s] Level 5:colcon.colcon_core.verb:set package 'glue_events_routines' build argument 'cmake_args' from command line to 'None'
[0.536s] Level 5:colcon.colcon_core.verb:set package 'glue_events_routines' build argument 'cmake_target' from command line to 'None'
[0.536s] Level 5:colcon.colcon_core.verb:set package 'glue_events_routines' build argument 'cmake_target_skip_unavailable' from command line to 'False'
[0.536s] Level 5:colcon.colcon_core.verb:set package 'glue_events_routines' build argument 'cmake_clean_cache' from command line to 'False'
[0.536s] Level 5:colcon.colcon_core.verb:set package 'glue_events_routines' build argument 'cmake_clean_first' from command line to 'False'
[0.536s] Level 5:colcon.colcon_core.verb:set package 'glue_events_routines' build argument 'cmake_force_configure' from command line to 'False'
[0.536s] Level 5:colcon.colcon_core.verb:set package 'glue_events_routines' build argument 'ament_cmake_args' from command line to 'None'
[0.536s] Level 5:colcon.colcon_core.verb:set package 'glue_events_routines' build argument 'catkin_cmake_args' from command line to 'None'
[0.536s] Level 5:colcon.colcon_core.verb:set package 'glue_events_routines' build argument 'catkin_skip_building_tests' from command line to 'False'
[0.536s] DEBUG:colcon.colcon_core.verb:Building package 'glue_events_routines' with the following arguments: {'ament_cmake_args': None, 'build_base': '/home/berenic/Documents/LPRS2_2026/Robo_Hand_RS485/ROS2/robo_hand_ws/build/glue_events_routines', 'catkin_cmake_args': None, 'catkin_skip_building_tests': False, 'cmake_args': None, 'cmake_clean_cache': False, 'cmake_clean_first': False, 'cmake_force_configure': False, 'cmake_target': None, 'cmake_target_skip_unavailable': False, 'install_base': '/home/berenic/Documents/LPRS2_2026/Robo_Hand_RS485/ROS2/robo_hand_ws/install/glue_events_routines', 'merge_install': False, 'path': '/home/berenic/Documents/LPRS2_2026/Robo_Hand_RS485/ROS2/robo_hand_ws/src/custom/glue_events_routines', 'symlink_install': True, 'test_result_base': None}
[0.536s] INFO:colcon.colcon_core.executor:Executing jobs using 'parallel' executor
[0.538s] DEBUG:colcon.colcon_parallel_executor.executor.parallel:run_until_complete
[0.539s] INFO:colcon.colcon_ros.task.ament_cmake.build:Building ROS package in '/home/berenic/Documents/LPRS2_2026/Robo_Hand_RS485/ROS2/robo_hand_ws/src/xarm_ros2/xarm_description' with build type 'ament_cmake'
[0.540s] INFO:colcon.colcon_cmake.task.cmake.build:Building CMake package in '/home/berenic/Documents/LPRS2_2026/Robo_Hand_RS485/ROS2/robo_hand_ws/src/xarm_ros2/xarm_description'
[0.544s] INFO:colcon.colcon_core.plugin_system:Skipping extension 'colcon_core.shell.bat': Not used on non-Windows systems
[0.544s] INFO:colcon.colcon_core.shell:Skip shell extension 'powershell' for command environment: Not usable outside of PowerShell
[0.544s] DEBUG:colcon.colcon_core.shell:Skip shell extension 'dsv' for command environment
[0.553s] INFO:colcon.colcon_ros.task.ament_cmake.build:Building ROS package in '/home/berenic/Documents/LPRS2_2026/Robo_Hand_RS485/ROS2/robo_hand_ws/src/xarm_ros2/xarm_msgs' with build type 'ament_cmake'
[0.554s] INFO:colcon.colcon_cmake.task.cmake.build:Building CMake package in '/home/berenic/Documents/LPRS2_2026/Robo_Hand_RS485/ROS2/robo_hand_ws/src/xarm_ros2/xarm_msgs'
[0.554s] INFO:colcon.colcon_core.shell:Skip shell extension 'powershell' for command environment: Not usable outside of PowerShell
[0.554s] DEBUG:colcon.colcon_core.shell:Skip shell extension 'dsv' for command environment
[0.562s] INFO:colcon.colcon_ros.task.ament_cmake.build:Building ROS package in '/home/berenic/Documents/LPRS2_2026/Robo_Hand_RS485/ROS2/robo_hand_ws/src/xarm_ros2/xarm_sdk' with build type 'ament_cmake'
[0.563s] INFO:colcon.colcon_cmake.task.cmake.build:Building CMake package in '/home/berenic/Documents/LPRS2_2026/Robo_Hand_RS485/ROS2/robo_hand_ws/src/xarm_ros2/xarm_sdk'
[0.563s] INFO:colcon.colcon_core.shell:Skip shell extension 'powershell' for command environment: Not usable outside of PowerShell
[0.563s] DEBUG:colcon.colcon_core.shell:Skip shell extension 'dsv' for command environment
[0.571s] INFO:colcon.colcon_ros.task.ament_python.build:Building ROS package in '/home/berenic/Documents/LPRS2_2026/Robo_Hand_RS485/ROS2/robo_hand_ws/src/xarm_ros2/uf_ros_lib' with build type 'ament_python'
[0.571s] Level 1:colcon.colcon_core.shell:create_environment_hook('uf_ros_lib', 'ament_prefix_path')
[0.571s] INFO:colcon.colcon_core.shell:Creating environment hook '/home/berenic/Documents/LPRS2_2026/Robo_Hand_RS485/ROS2/robo_hand_ws/install/uf_ros_lib/share/uf_ros_lib/hook/ament_prefix_path.ps1'
[0.573s] INFO:colcon.colcon_core.shell:Creating environment descriptor '/home/berenic/Documents/LPRS2_2026/Robo_Hand_RS485/ROS2/robo_hand_ws/install/uf_ros_lib/share/uf_ros_lib/hook/ament_prefix_path.dsv'
[0.574s] INFO:colcon.colcon_core.shell:Creating environment hook '/home/berenic/Documents/LPRS2_2026/Robo_Hand_RS485/ROS2/robo_hand_ws/install/uf_ros_lib/share/uf_ros_lib/hook/ament_prefix_path.sh'
[0.575s] INFO:colcon.colcon_core.shell:Skip shell extension 'powershell' for command environment: Not usable outside of PowerShell
[0.575s] DEBUG:colcon.colcon_core.shell:Skip shell extension 'dsv' for command environment
[0.582s] INFO:colcon.colcon_ros.task.ament_cmake.build:Building ROS package in '/home/berenic/Documents/LPRS2_2026/Robo_Hand_RS485/ROS2/robo_hand_ws/src/xarm_ros2/thirdparty/realsense_gazebo_plugin' with build type 'ament_cmake'
[0.583s] INFO:colcon.colcon_cmake.task.cmake.build:Building CMake package in '/home/berenic/Documents/LPRS2_2026/Robo_Hand_RS485/ROS2/robo_hand_ws/src/xarm_ros2/thirdparty/realsense_gazebo_plugin'
[0.583s] INFO:colcon.colcon_core.shell:Skip shell extension 'powershell' for command environment: Not usable outside of PowerShell
[0.583s] DEBUG:colcon.colcon_core.shell:Skip shell extension 'dsv' for command environment
[0.599s] DEBUG:colcon.colcon_core.event_handler.log_command:Invoking command in '/home/berenic/Documents/LPRS2_2026/Robo_Hand_RS485/ROS2/robo_hand_ws/build/xarm_description': CMAKE_PREFIX_PATH=${CMAKE_PREFIX_PATH}:/home/berenic/Documents/LPRS2_2026/Robo_Hand_RS485/ROS2/robo_hand_ws/install/uf_ros_lib:/opt/ros/jazzy DEBUGINFOD_URLS=https://debuginfod.ubuntu.com /usr/bin/cmake --build /home/berenic/Documents/LPRS2_2026/Robo_Hand_RS485/ROS2/robo_hand_ws/build/xarm_description -- -j12 -l12
[0.604s] DEBUG:colcon.colcon_core.event_handler.log_command:Invoking command in '/home/berenic/Documents/LPRS2_2026/Robo_Hand_RS485/ROS2/robo_hand_ws/build/xarm_msgs': CMAKE_PREFIX_PATH=${CMAKE_PREFIX_PATH}:/home/berenic/Documents/LPRS2_2026/Robo_Hand_RS485/ROS2/robo_hand_ws/install/uf_ros_lib:/opt/ros/jazzy DEBUGINFOD_URLS=https://debuginfod.ubuntu.com /usr/bin/cmake --build /home/berenic/Documents/LPRS2_2026/Robo_Hand_RS485/ROS2/robo_hand_ws/build/xarm_msgs -- -j12 -l12
[0.608s] DEBUG:colcon.colcon_core.event_handler.log_command:Invoking command in '/home/berenic/Documents/LPRS2_2026/Robo_Hand_RS485/ROS2/robo_hand_ws/build/xarm_sdk': CMAKE_PREFIX_PATH=${CMAKE_PREFIX_PATH}:/home/berenic/Documents/LPRS2_2026/Robo_Hand_RS485/ROS2/robo_hand_ws/install/uf_ros_lib:/opt/ros/jazzy DEBUGINFOD_URLS=https://debuginfod.ubuntu.com /usr/bin/cmake --build /home/berenic/Documents/LPRS2_2026/Robo_Hand_RS485/ROS2/robo_hand_ws/build/xarm_sdk -- -j12 -l12
[1.038s] INFO:colcon.colcon_core.task.python.build:Building Python package in '/home/berenic/Documents/LPRS2_2026/Robo_Hand_RS485/ROS2/robo_hand_ws/src/xarm_ros2/uf_ros_lib'
[1.038s] INFO:colcon.colcon_core.shell:Skip shell extension 'powershell' for command environment: Not usable outside of PowerShell
[1.039s] DEBUG:colcon.colcon_core.shell:Skip shell extension 'dsv' for command environment
[1.056s] DEBUG:colcon.colcon_core.event_handler.log_command:Invoked command in '/home/berenic/Documents/LPRS2_2026/Robo_Hand_RS485/ROS2/robo_hand_ws/build/xarm_description' returned '0': CMAKE_PREFIX_PATH=${CMAKE_PREFIX_PATH}:/home/berenic/Documents/LPRS2_2026/Robo_Hand_RS485/ROS2/robo_hand_ws/install/uf_ros_lib:/opt/ros/jazzy DEBUGINFOD_URLS=https://debuginfod.ubuntu.com /usr/bin/cmake --build /home/berenic/Documents/LPRS2_2026/Robo_Hand_RS485/ROS2/robo_hand_ws/build/xarm_description -- -j12 -l12
[1.080s] DEBUG:colcon.colcon_core.event_handler.log_command:Invoking command in '/home/berenic/Documents/LPRS2_2026/Robo_Hand_RS485/ROS2/robo_hand_ws/build/xarm_description': CMAKE_PREFIX_PATH=${CMAKE_PREFIX_PATH}:/home/berenic/Documents/LPRS2_2026/Robo_Hand_RS485/ROS2/robo_hand_ws/install/uf_ros_lib:/opt/ros/jazzy DEBUGINFOD_URLS=https://debuginfod.ubuntu.com /usr/bin/cmake --install /home/berenic/Documents/LPRS2_2026/Robo_Hand_RS485/ROS2/robo_hand_ws/build/xarm_description
[1.080s] DEBUG:colcon.colcon_core.event_handler.log_command:Invoked command in '/home/berenic/Documents/LPRS2_2026/Robo_Hand_RS485/ROS2/robo_hand_ws/build/xarm_sdk' returned '0': CMAKE_PREFIX_PATH=${CMAKE_PREFIX_PATH}:/home/berenic/Documents/LPRS2_2026/Robo_Hand_RS485/ROS2/robo_hand_ws/install/uf_ros_lib:/opt/ros/jazzy DEBUGINFOD_URLS=https://debuginfod.ubuntu.com /usr/bin/cmake --build /home/berenic/Documents/LPRS2_2026/Robo_Hand_RS485/ROS2/robo_hand_ws/build/xarm_sdk -- -j12 -l12
[1.082s] DEBUG:colcon.colcon_core.event_handler.log_command:Invoking command in '/home/berenic/Documents/LPRS2_2026/Robo_Hand_RS485/ROS2/robo_hand_ws/build/xarm_sdk': CMAKE_PREFIX_PATH=${CMAKE_PREFIX_PATH}:/home/berenic/Documents/LPRS2_2026/Robo_Hand_RS485/ROS2/robo_hand_ws/install/uf_ros_lib:/opt/ros/jazzy DEBUGINFOD_URLS=https://debuginfod.ubuntu.com /usr/bin/cmake --install /home/berenic/Documents/LPRS2_2026/Robo_Hand_RS485/ROS2/robo_hand_ws/build/xarm_sdk
[1.089s] DEBUG:colcon.colcon_core.event_handler.log_command:Invoking command in '/home/berenic/Documents/LPRS2_2026/Robo_Hand_RS485/ROS2/robo_hand_ws/build/realsense_gazebo_plugin': CMAKE_PREFIX_PATH=${CMAKE_PREFIX_PATH}:/home/berenic/Documents/LPRS2_2026/Robo_Hand_RS485/ROS2/robo_hand_ws/install/uf_ros_lib:/opt/ros/jazzy DEBUGINFOD_URLS=https://debuginfod.ubuntu.com /usr/bin/cmake --build /home/berenic/Documents/LPRS2_2026/Robo_Hand_RS485/ROS2/robo_hand_ws/build/realsense_gazebo_plugin -- -j12 -l12
[1.146s] Level 1:colcon.colcon_core.environment:create_environment_scripts_only(xarm_sdk)
[1.150s] DEBUG:colcon.colcon_core.event_handler.log_command:Invoked command in '/home/berenic/Documents/LPRS2_2026/Robo_Hand_RS485/ROS2/robo_hand_ws/build/xarm_sdk' returned '0': CMAKE_PREFIX_PATH=${CMAKE_PREFIX_PATH}:/home/berenic/Documents/LPRS2_2026/Robo_Hand_RS485/ROS2/robo_hand_ws/install/uf_ros_lib:/opt/ros/jazzy DEBUGINFOD_URLS=https://debuginfod.ubuntu.com /usr/bin/cmake --install /home/berenic/Documents/LPRS2_2026/Robo_Hand_RS485/ROS2/robo_hand_ws/build/xarm_sdk
[1.207s] Level 1:colcon.colcon_core.environment:checking '/home/berenic/Documents/LPRS2_2026/Robo_Hand_RS485/ROS2/robo_hand_ws/install/xarm_sdk' for CMake module files
[1.210s] Level 1:colcon.colcon_core.environment:checking '/home/berenic/Documents/LPRS2_2026/Robo_Hand_RS485/ROS2/robo_hand_ws/install/xarm_sdk' for CMake config files
[1.211s] Level 1:colcon.colcon_core.shell:create_environment_hook('xarm_sdk', 'cmake_prefix_path')
[1.211s] INFO:colcon.colcon_core.shell:Creating environment hook '/home/berenic/Documents/LPRS2_2026/Robo_Hand_RS485/ROS2/robo_hand_ws/install/xarm_sdk/share/xarm_sdk/hook/cmake_prefix_path.ps1'
[1.212s] INFO:colcon.colcon_core.shell:Creating environment descriptor '/home/berenic/Documents/LPRS2_2026/Robo_Hand_RS485/ROS2/robo_hand_ws/install/xarm_sdk/share/xarm_sdk/hook/cmake_prefix_path.dsv'
[1.213s] INFO:colcon.colcon_core.shell:Creating environment hook '/home/berenic/Documents/LPRS2_2026/Robo_Hand_RS485/ROS2/robo_hand_ws/install/xarm_sdk/share/xarm_sdk/hook/cmake_prefix_path.sh'
[1.214s] Level 1:colcon.colcon_core.environment:checking '/home/berenic/Documents/LPRS2_2026/Robo_Hand_RS485/ROS2/robo_hand_ws/install/xarm_sdk/lib'
[1.214s] Level 1:colcon.colcon_core.shell:create_environment_hook('xarm_sdk', 'ld_library_path_lib')
[1.215s] INFO:colcon.colcon_core.shell:Creating environment hook '/home/berenic/Documents/LPRS2_2026/Robo_Hand_RS485/ROS2/robo_hand_ws/install/xarm_sdk/share/xarm_sdk/hook/ld_library_path_lib.ps1'
[1.215s] INFO:colcon.colcon_core.shell:Creating environment descriptor '/home/berenic/Documents/LPRS2_2026/Robo_Hand_RS485/ROS2/robo_hand_ws/install/xarm_sdk/share/xarm_sdk/hook/ld_library_path_lib.dsv'
[1.216s] INFO:colcon.colcon_core.shell:Creating environment hook '/home/berenic/Documents/LPRS2_2026/Robo_Hand_RS485/ROS2/robo_hand_ws/install/xarm_sdk/share/xarm_sdk/hook/ld_library_path_lib.sh'
[1.216s] Level 1:colcon.colcon_core.environment:checking '/home/berenic/Documents/LPRS2_2026/Robo_Hand_RS485/ROS2/robo_hand_ws/install/xarm_sdk/bin'
[1.217s] Level 1:colcon.colcon_core.environment:checking '/home/berenic/Documents/LPRS2_2026/Robo_Hand_RS485/ROS2/robo_hand_ws/install/xarm_sdk/lib/pkgconfig/xarm_sdk.pc'
[1.217s] Level 1:colcon.colcon_core.environment:checking '/home/berenic/Documents/LPRS2_2026/Robo_Hand_RS485/ROS2/robo_hand_ws/install/xarm_sdk/lib/python3.12/site-packages'
[1.217s] Level 1:colcon.colcon_core.environment:checking '/home/berenic/Documents/LPRS2_2026/Robo_Hand_RS485/ROS2/robo_hand_ws/install/xarm_sdk/bin'
[1.218s] INFO:colcon.colcon_core.shell:Creating package script '/home/berenic/Documents/LPRS2_2026/Robo_Hand_RS485/ROS2/robo_hand_ws/install/xarm_sdk/share/xarm_sdk/package.ps1'
[1.219s] INFO:colcon.colcon_core.shell:Creating package descriptor '/home/berenic/Documents/LPRS2_2026/Robo_Hand_RS485/ROS2/robo_hand_ws/install/xarm_sdk/share/xarm_sdk/package.dsv'
[1.220s] INFO:colcon.colcon_core.shell:Creating package script '/home/berenic/Documents/LPRS2_2026/Robo_Hand_RS485/ROS2/robo_hand_ws/install/xarm_sdk/share/xarm_sdk/package.sh'
[1.221s] INFO:colcon.colcon_core.shell:Creating package script '/home/berenic/Documents/LPRS2_2026/Robo_Hand_RS485/ROS2/robo_hand_ws/install/xarm_sdk/share/xarm_sdk/package.bash'
[1.222s] INFO:colcon.colcon_core.shell:Creating package script '/home/berenic/Documents/LPRS2_2026/Robo_Hand_RS485/ROS2/robo_hand_ws/install/xarm_sdk/share/xarm_sdk/package.zsh'
[1.223s] Level 1:colcon.colcon_core.environment:create_file_with_runtime_dependencies(/home/berenic/Documents/LPRS2_2026/Robo_Hand_RS485/ROS2/robo_hand_ws/install/xarm_sdk/share/colcon-core/packages/xarm_sdk)
[1.223s] Level 1:colcon.colcon_core.environment:create_environment_scripts_only(xarm_sdk)
[1.224s] Level 1:colcon.colcon_core.environment:checking '/home/berenic/Documents/LPRS2_2026/Robo_Hand_RS485/ROS2/robo_hand_ws/install/xarm_sdk' for CMake module files
[1.225s] Level 1:colcon.colcon_core.environment:checking '/home/berenic/Documents/LPRS2_2026/Robo_Hand_RS485/ROS2/robo_hand_ws/install/xarm_sdk' for CMake config files
[1.225s] Level 1:colcon.colcon_core.shell:create_environment_hook('xarm_sdk', 'cmake_prefix_path')
[1.226s] INFO:colcon.colcon_core.shell:Creating environment hook '/home/berenic/Documents/LPRS2_2026/Robo_Hand_RS485/ROS2/robo_hand_ws/install/xarm_sdk/share/xarm_sdk/hook/cmake_prefix_path.ps1'
[1.226s] INFO:colcon.colcon_core.shell:Creating environment descriptor '/home/berenic/Documents/LPRS2_2026/Robo_Hand_RS485/ROS2/robo_hand_ws/install/xarm_sdk/share/xarm_sdk/hook/cmake_prefix_path.dsv'
[1.227s] INFO:colcon.colcon_core.shell:Creating environment hook '/home/berenic/Documents/LPRS2_2026/Robo_Hand_RS485/ROS2/robo_hand_ws/install/xarm_sdk/share/xarm_sdk/hook/cmake_prefix_path.sh'
[1.228s] Level 1:colcon.colcon_core.environment:checking '/home/berenic/Documents/LPRS2_2026/Robo_Hand_RS485/ROS2/robo_hand_ws/install/xarm_sdk/lib'
[1.228s] Level 1:colcon.colcon_core.shell:create_environment_hook('xarm_sdk', 'ld_library_path_lib')
[1.228s] INFO:colcon.colcon_core.shell:Creating environment hook '/home/berenic/Documents/LPRS2_2026/Robo_Hand_RS485/ROS2/robo_hand_ws/install/xarm_sdk/share/xarm_sdk/hook/ld_library_path_lib.ps1'
[1.229s] INFO:colcon.colcon_core.shell:Creating environment descriptor '/home/berenic/Documents/LPRS2_2026/Robo_Hand_RS485/ROS2/robo_hand_ws/install/xarm_sdk/share/xarm_sdk/hook/ld_library_path_lib.dsv'
[1.229s] INFO:colcon.colcon_core.shell:Creating environment hook '/home/berenic/Documents/LPRS2_2026/Robo_Hand_RS485/ROS2/robo_hand_ws/install/xarm_sdk/share/xarm_sdk/hook/ld_library_path_lib.sh'
[1.230s] Level 1:colcon.colcon_core.environment:checking '/home/berenic/Documents/LPRS2_2026/Robo_Hand_RS485/ROS2/robo_hand_ws/install/xarm_sdk/bin'
[1.230s] Level 1:colcon.colcon_core.environment:checking '/home/berenic/Documents/LPRS2_2026/Robo_Hand_RS485/ROS2/robo_hand_ws/install/xarm_sdk/lib/pkgconfig/xarm_sdk.pc'
[1.230s] Level 1:colcon.colcon_core.environment:checking '/home/berenic/Documents/LPRS2_2026/Robo_Hand_RS485/ROS2/robo_hand_ws/install/xarm_sdk/lib/python3.12/site-packages'
[1.231s] Level 1:colcon.colcon_core.environment:checking '/home/berenic/Documents/LPRS2_2026/Robo_Hand_RS485/ROS2/robo_hand_ws/install/xarm_sdk/bin'
[1.231s] INFO:colcon.colcon_core.shell:Creating package script '/home/berenic/Documents/LPRS2_2026/Robo_Hand_RS485/ROS2/robo_hand_ws/install/xarm_sdk/share/xarm_sdk/package.ps1'
[1.232s] INFO:colcon.colcon_core.shell:Creating package descriptor '/home/berenic/Documents/LPRS2_2026/Robo_Hand_RS485/ROS2/robo_hand_ws/install/xarm_sdk/share/xarm_sdk/package.dsv'
[1.233s] INFO:colcon.colcon_core.shell:Creating package script '/home/berenic/Documents/LPRS2_2026/Robo_Hand_RS485/ROS2/robo_hand_ws/install/xarm_sdk/share/xarm_sdk/package.sh'
[1.234s] INFO:colcon.colcon_core.shell:Creating package script '/home/berenic/Documents/LPRS2_2026/Robo_Hand_RS485/ROS2/robo_hand_ws/install/xarm_sdk/share/xarm_sdk/package.bash'
[1.235s] INFO:colcon.colcon_core.shell:Creating package script '/home/berenic/Documents/LPRS2_2026/Robo_Hand_RS485/ROS2/robo_hand_ws/install/xarm_sdk/share/xarm_sdk/package.zsh'
[1.235s] Level 1:colcon.colcon_core.environment:create_file_with_runtime_dependencies(/home/berenic/Documents/LPRS2_2026/Robo_Hand_RS485/ROS2/robo_hand_ws/install/xarm_sdk/share/colcon-core/packages/xarm_sdk)
[1.238s] Level 1:colcon.colcon_core.environment:create_environment_scripts_only(xarm_description)
[1.239s] Level 1:colcon.colcon_core.environment:checking '/home/berenic/Documents/LPRS2_2026/Robo_Hand_RS485/ROS2/robo_hand_ws/install/xarm_description' for CMake module files
[1.240s] DEBUG:colcon.colcon_core.event_handler.log_command:Invoked command in '/home/berenic/Documents/LPRS2_2026/Robo_Hand_RS485/ROS2/robo_hand_ws/build/xarm_description' returned '0': CMAKE_PREFIX_PATH=${CMAKE_PREFIX_PATH}:/home/berenic/Documents/LPRS2_2026/Robo_Hand_RS485/ROS2/robo_hand_ws/install/uf_ros_lib:/opt/ros/jazzy DEBUGINFOD_URLS=https://debuginfod.ubuntu.com /usr/bin/cmake --install /home/berenic/Documents/LPRS2_2026/Robo_Hand_RS485/ROS2/robo_hand_ws/build/xarm_description
[1.242s] Level 1:colcon.colcon_core.environment:checking '/home/berenic/Documents/LPRS2_2026/Robo_Hand_RS485/ROS2/robo_hand_ws/install/xarm_description' for CMake config files
[1.243s] Level 1:colcon.colcon_core.shell:create_environment_hook('xarm_description', 'cmake_prefix_path')
[1.243s] INFO:colcon.colcon_core.shell:Creating environment hook '/home/berenic/Documents/LPRS2_2026/Robo_Hand_RS485/ROS2/robo_hand_ws/install/xarm_description/share/xarm_description/hook/cmake_prefix_path.ps1'
[1.244s] INFO:colcon.colcon_core.shell:Creating environment descriptor '/home/berenic/Documents/LPRS2_2026/Robo_Hand_RS485/ROS2/robo_hand_ws/install/xarm_description/share/xarm_description/hook/cmake_prefix_path.dsv'
[1.245s] INFO:colcon.colcon_core.shell:Creating environment hook '/home/berenic/Documents/LPRS2_2026/Robo_Hand_RS485/ROS2/robo_hand_ws/install/xarm_description/share/xarm_description/hook/cmake_prefix_path.sh'
[1.246s] Level 1:colcon.colcon_core.environment:checking '/home/berenic/Documents/LPRS2_2026/Robo_Hand_RS485/ROS2/robo_hand_ws/install/xarm_description/bin'
[1.246s] Level 1:colcon.colcon_core.environment:checking '/home/berenic/Documents/LPRS2_2026/Robo_Hand_RS485/ROS2/robo_hand_ws/install/xarm_description/lib/pkgconfig/xarm_description.pc'
[1.247s] Level 1:colcon.colcon_core.environment:checking '/home/berenic/Documents/LPRS2_2026/Robo_Hand_RS485/ROS2/robo_hand_ws/install/xarm_description/lib/python3.12/site-packages'
[1.248s] Level 1:colcon.colcon_core.environment:checking '/home/berenic/Documents/LPRS2_2026/Robo_Hand_RS485/ROS2/robo_hand_ws/install/xarm_description/bin'
[1.248s] INFO:colcon.colcon_core.shell:Creating package script '/home/berenic/Documents/LPRS2_2026/Robo_Hand_RS485/ROS2/robo_hand_ws/install/xarm_description/share/xarm_description/package.ps1'
[1.249s] INFO:colcon.colcon_core.shell:Creating package descriptor '/home/berenic/Documents/LPRS2_2026/Robo_Hand_RS485/ROS2/robo_hand_ws/install/xarm_description/share/xarm_description/package.dsv'
[1.250s] INFO:colcon.colcon_core.shell:Creating package script '/home/berenic/Documents/LPRS2_2026/Robo_Hand_RS485/ROS2/robo_hand_ws/install/xarm_description/share/xarm_description/package.sh'
[1.251s] INFO:colcon.colcon_core.shell:Creating package script '/home/berenic/Documents/LPRS2_2026/Robo_Hand_RS485/ROS2/robo_hand_ws/install/xarm_description/share/xarm_description/package.bash'
[1.251s] INFO:colcon.colcon_core.shell:Creating package script '/home/berenic/Documents/LPRS2_2026/Robo_Hand_RS485/ROS2/robo_hand_ws/install/xarm_description/share/xarm_description/package.zsh'
[1.252s] Level 1:colcon.colcon_core.environment:create_file_with_runtime_dependencies(/home/berenic/Documents/LPRS2_2026/Robo_Hand_RS485/ROS2/robo_hand_ws/install/xarm_description/share/colcon-core/packages/xarm_description)
[1.253s] Level 1:colcon.colcon_core.environment:create_environment_scripts_only(xarm_description)
[1.253s] Level 1:colcon.colcon_core.environment:checking '/home/berenic/Documents/LPRS2_2026/Robo_Hand_RS485/ROS2/robo_hand_ws/install/xarm_description' for CMake module files
[1.256s] Level 1:colcon.colcon_core.environment:checking '/home/berenic/Documents/LPRS2_2026/Robo_Hand_RS485/ROS2/robo_hand_ws/install/xarm_description' for CMake config files
[1.256s] Level 1:colcon.colcon_core.shell:create_environment_hook('xarm_description', 'cmake_prefix_path')
[1.257s] INFO:colcon.colcon_core.shell:Creating environment hook '/home/berenic/Documents/LPRS2_2026/Robo_Hand_RS485/ROS2/robo_hand_ws/install/xarm_description/share/xarm_description/hook/cmake_prefix_path.ps1'
[1.258s] INFO:colcon.colcon_core.shell:Creating environment descriptor '/home/berenic/Documents/LPRS2_2026/Robo_Hand_RS485/ROS2/robo_hand_ws/install/xarm_description/share/xarm_description/hook/cmake_prefix_path.dsv'
[1.260s] INFO:colcon.colcon_core.shell:Creating environment hook '/home/berenic/Documents/LPRS2_2026/Robo_Hand_RS485/ROS2/robo_hand_ws/install/xarm_description/share/xarm_description/hook/cmake_prefix_path.sh'
[1.261s] Level 1:colcon.colcon_core.environment:checking '/home/berenic/Documents/LPRS2_2026/Robo_Hand_RS485/ROS2/robo_hand_ws/install/xarm_description/bin'
[1.261s] Level 1:colcon.colcon_core.environment:checking '/home/berenic/Documents/LPRS2_2026/Robo_Hand_RS485/ROS2/robo_hand_ws/install/xarm_description/lib/pkgconfig/xarm_description.pc'
[1.262s] Level 1:colcon.colcon_core.environment:checking '/home/berenic/Documents/LPRS2_2026/Robo_Hand_RS485/ROS2/robo_hand_ws/install/xarm_description/lib/python3.12/site-packages'
[1.263s] Level 1:colcon.colcon_core.environment:checking '/home/berenic/Documents/LPRS2_2026/Robo_Hand_RS485/ROS2/robo_hand_ws/install/xarm_description/bin'
[1.263s] INFO:colcon.colcon_core.shell:Creating package script '/home/berenic/Documents/LPRS2_2026/Robo_Hand_RS485/ROS2/robo_hand_ws/install/xarm_description/share/xarm_description/package.ps1'
[1.264s] INFO:colcon.colcon_core.shell:Creating package descriptor '/home/berenic/Documents/LPRS2_2026/Robo_Hand_RS485/ROS2/robo_hand_ws/install/xarm_description/share/xarm_description/package.dsv'
[1.266s] INFO:colcon.colcon_core.shell:Creating package script '/home/berenic/Documents/LPRS2_2026/Robo_Hand_RS485/ROS2/robo_hand_ws/install/xarm_description/share/xarm_description/package.sh'
[1.267s] INFO:colcon.colcon_core.shell:Creating package script '/home/berenic/Documents/LPRS2_2026/Robo_Hand_RS485/ROS2/robo_hand_ws/install/xarm_description/share/xarm_description/package.bash'
[1.267s] INFO:colcon.colcon_core.shell:Creating package script '/home/berenic/Documents/LPRS2_2026/Robo_Hand_RS485/ROS2/robo_hand_ws/install/xarm_description/share/xarm_description/package.zsh'
[1.268s] Level 1:colcon.colcon_core.environment:create_file_with_runtime_dependencies(/home/berenic/Documents/LPRS2_2026/Robo_Hand_RS485/ROS2/robo_hand_ws/install/xarm_description/share/colcon-core/packages/xarm_description)
[1.273s] DEBUG:colcon.colcon_core.event_handler.log_command:Invoked command in '/home/berenic/Documents/LPRS2_2026/Robo_Hand_RS485/ROS2/robo_hand_ws/build/realsense_gazebo_plugin' returned '0': CMAKE_PREFIX_PATH=${CMAKE_PREFIX_PATH}:/home/berenic/Documents/LPRS2_2026/Robo_Hand_RS485/ROS2/robo_hand_ws/install/uf_ros_lib:/opt/ros/jazzy DEBUGINFOD_URLS=https://debuginfod.ubuntu.com /usr/bin/cmake --build /home/berenic/Documents/LPRS2_2026/Robo_Hand_RS485/ROS2/robo_hand_ws/build/realsense_gazebo_plugin -- -j12 -l12
[1.274s] DEBUG:colcon.colcon_core.event_handler.log_command:Invoking command in '/home/berenic/Documents/LPRS2_2026/Robo_Hand_RS485/ROS2/robo_hand_ws/build/realsense_gazebo_plugin': CMAKE_PREFIX_PATH=${CMAKE_PREFIX_PATH}:/home/berenic/Documents/LPRS2_2026/Robo_Hand_RS485/ROS2/robo_hand_ws/install/uf_ros_lib:/opt/ros/jazzy DEBUGINFOD_URLS=https://debuginfod.ubuntu.com /usr/bin/cmake --install /home/berenic/Documents/LPRS2_2026/Robo_Hand_RS485/ROS2/robo_hand_ws/build/realsense_gazebo_plugin
[1.323s] Level 1:colcon.colcon_core.environment:create_environment_scripts_only(realsense_gazebo_plugin)
[1.323s] Level 1:colcon.colcon_core.environment:checking '/home/berenic/Documents/LPRS2_2026/Robo_Hand_RS485/ROS2/robo_hand_ws/install/realsense_gazebo_plugin' for CMake module files
[1.324s] DEBUG:colcon.colcon_core.event_handler.log_command:Invoked command in '/home/berenic/Documents/LPRS2_2026/Robo_Hand_RS485/ROS2/robo_hand_ws/build/realsense_gazebo_plugin' returned '0': CMAKE_PREFIX_PATH=${CMAKE_PREFIX_PATH}:/home/berenic/Documents/LPRS2_2026/Robo_Hand_RS485/ROS2/robo_hand_ws/install/uf_ros_lib:/opt/ros/jazzy DEBUGINFOD_URLS=https://debuginfod.ubuntu.com /usr/bin/cmake --install /home/berenic/Documents/LPRS2_2026/Robo_Hand_RS485/ROS2/robo_hand_ws/build/realsense_gazebo_plugin
[1.325s] Level 1:colcon.colcon_core.environment:checking '/home/berenic/Documents/LPRS2_2026/Robo_Hand_RS485/ROS2/robo_hand_ws/install/realsense_gazebo_plugin' for CMake config files
[1.326s] Level 1:colcon.colcon_core.shell:create_environment_hook('realsense_gazebo_plugin', 'cmake_prefix_path')
[1.326s] INFO:colcon.colcon_core.shell:Creating environment hook '/home/berenic/Documents/LPRS2_2026/Robo_Hand_RS485/ROS2/robo_hand_ws/install/realsense_gazebo_plugin/share/realsense_gazebo_plugin/hook/cmake_prefix_path.ps1'
[1.327s] INFO:colcon.colcon_core.shell:Creating environment descriptor '/home/berenic/Documents/LPRS2_2026/Robo_Hand_RS485/ROS2/robo_hand_ws/install/realsense_gazebo_plugin/share/realsense_gazebo_plugin/hook/cmake_prefix_path.dsv'
[1.328s] INFO:colcon.colcon_core.shell:Creating environment hook '/home/berenic/Documents/LPRS2_2026/Robo_Hand_RS485/ROS2/robo_hand_ws/install/realsense_gazebo_plugin/share/realsense_gazebo_plugin/hook/cmake_prefix_path.sh'
[1.329s] Level 1:colcon.colcon_core.environment:checking '/home/berenic/Documents/LPRS2_2026/Robo_Hand_RS485/ROS2/robo_hand_ws/install/realsense_gazebo_plugin/bin'
[1.329s] Level 1:colcon.colcon_core.environment:checking '/home/berenic/Documents/LPRS2_2026/Robo_Hand_RS485/ROS2/robo_hand_ws/install/realsense_gazebo_plugin/lib/pkgconfig/realsense_gazebo_plugin.pc'
[1.329s] Level 1:colcon.colcon_core.environment:checking '/home/berenic/Documents/LPRS2_2026/Robo_Hand_RS485/ROS2/robo_hand_ws/install/realsense_gazebo_plugin/lib/python3.12/site-packages'
[1.330s] Level 1:colcon.colcon_core.environment:checking '/home/berenic/Documents/LPRS2_2026/Robo_Hand_RS485/ROS2/robo_hand_ws/install/realsense_gazebo_plugin/bin'
[1.330s] INFO:colcon.colcon_core.shell:Creating package script '/home/berenic/Documents/LPRS2_2026/Robo_Hand_RS485/ROS2/robo_hand_ws/install/realsense_gazebo_plugin/share/realsense_gazebo_plugin/package.ps1'
[1.331s] INFO:colcon.colcon_core.shell:Creating package descriptor '/home/berenic/Documents/LPRS2_2026/Robo_Hand_RS485/ROS2/robo_hand_ws/install/realsense_gazebo_plugin/share/realsense_gazebo_plugin/package.dsv'
[1.331s] INFO:colcon.colcon_core.shell:Creating package script '/home/berenic/Documents/LPRS2_2026/Robo_Hand_RS485/ROS2/robo_hand_ws/install/realsense_gazebo_plugin/share/realsense_gazebo_plugin/package.sh'
[1.332s] INFO:colcon.colcon_core.shell:Creating package script '/home/berenic/Documents/LPRS2_2026/Robo_Hand_RS485/ROS2/robo_hand_ws/install/realsense_gazebo_plugin/share/realsense_gazebo_plugin/package.bash'
[1.333s] INFO:colcon.colcon_core.shell:Creating package script '/home/berenic/Documents/LPRS2_2026/Robo_Hand_RS485/ROS2/robo_hand_ws/install/realsense_gazebo_plugin/share/realsense_gazebo_plugin/package.zsh'
[1.333s] Level 1:colcon.colcon_core.environment:create_file_with_runtime_dependencies(/home/berenic/Documents/LPRS2_2026/Robo_Hand_RS485/ROS2/robo_hand_ws/install/realsense_gazebo_plugin/share/colcon-core/packages/realsense_gazebo_plugin)
[1.334s] Level 1:colcon.colcon_core.environment:create_environment_scripts_only(realsense_gazebo_plugin)
[1.334s] Level 1:colcon.colcon_core.environment:checking '/home/berenic/Documents/LPRS2_2026/Robo_Hand_RS485/ROS2/robo_hand_ws/install/realsense_gazebo_plugin' for CMake module files
[1.335s] Level 1:colcon.colcon_core.environment:checking '/home/berenic/Documents/LPRS2_2026/Robo_Hand_RS485/ROS2/robo_hand_ws/install/realsense_gazebo_plugin' for CMake config files
[1.336s] Level 1:colcon.colcon_core.shell:create_environment_hook('realsense_gazebo_plugin', 'cmake_prefix_path')
[1.336s] INFO:colcon.colcon_core.shell:Creating environment hook '/home/berenic/Documents/LPRS2_2026/Robo_Hand_RS485/ROS2/robo_hand_ws/install/realsense_gazebo_plugin/share/realsense_gazebo_plugin/hook/cmake_prefix_path.ps1'
[1.337s] INFO:colcon.colcon_core.shell:Creating environment descriptor '/home/berenic/Documents/LPRS2_2026/Robo_Hand_RS485/ROS2/robo_hand_ws/install/realsense_gazebo_plugin/share/realsense_gazebo_plugin/hook/cmake_prefix_path.dsv'
[1.338s] INFO:colcon.colcon_core.shell:Creating environment hook '/home/berenic/Documents/LPRS2_2026/Robo_Hand_RS485/ROS2/robo_hand_ws/install/realsense_gazebo_plugin/share/realsense_gazebo_plugin/hook/cmake_prefix_path.sh'
[1.339s] Level 1:colcon.colcon_core.environment:checking '/home/berenic/Documents/LPRS2_2026/Robo_Hand_RS485/ROS2/robo_hand_ws/install/realsense_gazebo_plugin/bin'
[1.339s] Level 1:colcon.colcon_core.environment:checking '/home/berenic/Documents/LPRS2_2026/Robo_Hand_RS485/ROS2/robo_hand_ws/install/realsense_gazebo_plugin/lib/pkgconfig/realsense_gazebo_plugin.pc'
[1.339s] Level 1:colcon.colcon_core.environment:checking '/home/berenic/Documents/LPRS2_2026/Robo_Hand_RS485/ROS2/robo_hand_ws/install/realsense_gazebo_plugin/lib/python3.12/site-packages'
[1.340s] Level 1:colcon.colcon_core.environment:checking '/home/berenic/Documents/LPRS2_2026/Robo_Hand_RS485/ROS2/robo_hand_ws/install/realsense_gazebo_plugin/bin'
[1.340s] INFO:colcon.colcon_core.shell:Creating package script '/home/berenic/Documents/LPRS2_2026/Robo_Hand_RS485/ROS2/robo_hand_ws/install/realsense_gazebo_plugin/share/realsense_gazebo_plugin/package.ps1'
[1.341s] INFO:colcon.colcon_core.shell:Creating package descriptor '/home/berenic/Documents/LPRS2_2026/Robo_Hand_RS485/ROS2/robo_hand_ws/install/realsense_gazebo_plugin/share/realsense_gazebo_plugin/package.dsv'
[1.342s] INFO:colcon.colcon_core.shell:Creating package script '/home/berenic/Documents/LPRS2_2026/Robo_Hand_RS485/ROS2/robo_hand_ws/install/realsense_gazebo_plugin/share/realsense_gazebo_plugin/package.sh'
[1.343s] INFO:colcon.colcon_core.shell:Creating package script '/home/berenic/Documents/LPRS2_2026/Robo_Hand_RS485/ROS2/robo_hand_ws/install/realsense_gazebo_plugin/share/realsense_gazebo_plugin/package.bash'
[1.343s] INFO:colcon.colcon_core.shell:Creating package script '/home/berenic/Documents/LPRS2_2026/Robo_Hand_RS485/ROS2/robo_hand_ws/install/realsense_gazebo_plugin/share/realsense_gazebo_plugin/package.zsh'
[1.344s] Level 1:colcon.colcon_core.environment:create_file_with_runtime_dependencies(/home/berenic/Documents/LPRS2_2026/Robo_Hand_RS485/ROS2/robo_hand_ws/install/realsense_gazebo_plugin/share/colcon-core/packages/realsense_gazebo_plugin)
[1.547s] DEBUG:colcon.colcon_core.event_handler.log_command:Invoked command in '/home/berenic/Documents/LPRS2_2026/Robo_Hand_RS485/ROS2/robo_hand_ws/build/xarm_msgs' returned '0': CMAKE_PREFIX_PATH=${CMAKE_PREFIX_PATH}:/home/berenic/Documents/LPRS2_2026/Robo_Hand_RS485/ROS2/robo_hand_ws/install/uf_ros_lib:/opt/ros/jazzy DEBUGINFOD_URLS=https://debuginfod.ubuntu.com /usr/bin/cmake --build /home/berenic/Documents/LPRS2_2026/Robo_Hand_RS485/ROS2/robo_hand_ws/build/xarm_msgs -- -j12 -l12
[1.549s] DEBUG:colcon.colcon_core.event_handler.log_command:Invoking command in '/home/berenic/Documents/LPRS2_2026/Robo_Hand_RS485/ROS2/robo_hand_ws/build/xarm_msgs': CMAKE_PREFIX_PATH=${CMAKE_PREFIX_PATH}:/home/berenic/Documents/LPRS2_2026/Robo_Hand_RS485/ROS2/robo_hand_ws/install/uf_ros_lib:/opt/ros/jazzy DEBUGINFOD_URLS=https://debuginfod.ubuntu.com /usr/bin/cmake --install /home/berenic/Documents/LPRS2_2026/Robo_Hand_RS485/ROS2/robo_hand_ws/build/xarm_msgs
[2.036s] Level 1:colcon.colcon_core.environment:create_environment_scripts_only(xarm_msgs)
[2.036s] DEBUG:colcon.colcon_core.event_handler.log_command:Invoked command in '/home/berenic/Documents/LPRS2_2026/Robo_Hand_RS485/ROS2/robo_hand_ws/build/xarm_msgs' returned '0': CMAKE_PREFIX_PATH=${CMAKE_PREFIX_PATH}:/home/berenic/Documents/LPRS2_2026/Robo_Hand_RS485/ROS2/robo_hand_ws/install/uf_ros_lib:/opt/ros/jazzy DEBUGINFOD_URLS=https://debuginfod.ubuntu.com /usr/bin/cmake --install /home/berenic/Documents/LPRS2_2026/Robo_Hand_RS485/ROS2/robo_hand_ws/build/xarm_msgs
[2.037s] Level 1:colcon.colcon_core.environment:checking '/home/berenic/Documents/LPRS2_2026/Robo_Hand_RS485/ROS2/robo_hand_ws/install/xarm_msgs' for CMake module files
[2.039s] Level 1:colcon.colcon_core.environment:checking '/home/berenic/Documents/LPRS2_2026/Robo_Hand_RS485/ROS2/robo_hand_ws/install/xarm_msgs' for CMake config files
[2.040s] Level 1:colcon.colcon_core.shell:create_environment_hook('xarm_msgs', 'cmake_prefix_path')
[2.040s] INFO:colcon.colcon_core.shell:Creating environment hook '/home/berenic/Documents/LPRS2_2026/Robo_Hand_RS485/ROS2/robo_hand_ws/install/xarm_msgs/share/xarm_msgs/hook/cmake_prefix_path.ps1'
[2.041s] INFO:colcon.colcon_core.shell:Creating environment descriptor '/home/berenic/Documents/LPRS2_2026/Robo_Hand_RS485/ROS2/robo_hand_ws/install/xarm_msgs/share/xarm_msgs/hook/cmake_prefix_path.dsv'
[2.041s] INFO:colcon.colcon_core.shell:Creating environment hook '/home/berenic/Documents/LPRS2_2026/Robo_Hand_RS485/ROS2/robo_hand_ws/install/xarm_msgs/share/xarm_msgs/hook/cmake_prefix_path.sh'
[2.043s] Level 1:colcon.colcon_core.environment:checking '/home/berenic/Documents/LPRS2_2026/Robo_Hand_RS485/ROS2/robo_hand_ws/install/xarm_msgs/lib'
[2.043s] Level 1:colcon.colcon_core.shell:create_environment_hook('xarm_msgs', 'ld_library_path_lib')
[2.043s] INFO:colcon.colcon_core.shell:Creating environment hook '/home/berenic/Documents/LPRS2_2026/Robo_Hand_RS485/ROS2/robo_hand_ws/install/xarm_msgs/share/xarm_msgs/hook/ld_library_path_lib.ps1'
[2.044s] INFO:colcon.colcon_core.shell:Creating environment descriptor '/home/berenic/Documents/LPRS2_2026/Robo_Hand_RS485/ROS2/robo_hand_ws/install/xarm_msgs/share/xarm_msgs/hook/ld_library_path_lib.dsv'
[2.045s] INFO:colcon.colcon_core.shell:Creating environment hook '/home/berenic/Documents/LPRS2_2026/Robo_Hand_RS485/ROS2/robo_hand_ws/install/xarm_msgs/share/xarm_msgs/hook/ld_library_path_lib.sh'
[2.046s] Level 1:colcon.colcon_core.environment:checking '/home/berenic/Documents/LPRS2_2026/Robo_Hand_RS485/ROS2/robo_hand_ws/install/xarm_msgs/bin'
[2.046s] Level 1:colcon.colcon_core.environment:checking '/home/berenic/Documents/LPRS2_2026/Robo_Hand_RS485/ROS2/robo_hand_ws/install/xarm_msgs/lib/pkgconfig/xarm_msgs.pc'
[2.046s] Level 1:colcon.colcon_core.environment:checking '/home/berenic/Documents/LPRS2_2026/Robo_Hand_RS485/ROS2/robo_hand_ws/install/xarm_msgs/lib/python3.12/site-packages'
[2.047s] Level 1:colcon.colcon_core.shell:create_environment_hook('xarm_msgs', 'pythonpath')
[2.047s] INFO:colcon.colcon_core.shell:Creating environment hook '/home/berenic/Documents/LPRS2_2026/Robo_Hand_RS485/ROS2/robo_hand_ws/install/xarm_msgs/share/xarm_msgs/hook/pythonpath.ps1'
[2.048s] INFO:colcon.colcon_core.shell:Creating environment descriptor '/home/berenic/Documents/LPRS2_2026/Robo_Hand_RS485/ROS2/robo_hand_ws/install/xarm_msgs/share/xarm_msgs/hook/pythonpath.dsv'
[2.048s] INFO:colcon.colcon_core.shell:Creating environment hook '/home/berenic/Documents/LPRS2_2026/Robo_Hand_RS485/ROS2/robo_hand_ws/install/xarm_msgs/share/xarm_msgs/hook/pythonpath.sh'
[2.050s] Level 1:colcon.colcon_core.environment:checking '/home/berenic/Documents/LPRS2_2026/Robo_Hand_RS485/ROS2/robo_hand_ws/install/xarm_msgs/bin'
[2.050s] INFO:colcon.colcon_core.shell:Creating package script '/home/berenic/Documents/LPRS2_2026/Robo_Hand_RS485/ROS2/robo_hand_ws/install/xarm_msgs/share/xarm_msgs/package.ps1'
[2.051s] INFO:colcon.colcon_core.shell:Creating package descriptor '/home/berenic/Documents/LPRS2_2026/Robo_Hand_RS485/ROS2/robo_hand_ws/install/xarm_msgs/share/xarm_msgs/package.dsv'
[2.052s] INFO:colcon.colcon_core.shell:Creating package script '/home/berenic/Documents/LPRS2_2026/Robo_Hand_RS485/ROS2/robo_hand_ws/install/xarm_msgs/share/xarm_msgs/package.sh'
[2.053s] INFO:colcon.colcon_core.shell:Creating package script '/home/berenic/Documents/LPRS2_2026/Robo_Hand_RS485/ROS2/robo_hand_ws/install/xarm_msgs/share/xarm_msgs/package.bash'
[2.054s] INFO:colcon.colcon_core.shell:Creating package script '/home/berenic/Documents/LPRS2_2026/Robo_Hand_RS485/ROS2/robo_hand_ws/install/xarm_msgs/share/xarm_msgs/package.zsh'
[2.054s] Level 1:colcon.colcon_core.environment:create_file_with_runtime_dependencies(/home/berenic/Documents/LPRS2_2026/Robo_Hand_RS485/ROS2/robo_hand_ws/install/xarm_msgs/share/colcon-core/packages/xarm_msgs)
[2.055s] Level 1:colcon.colcon_core.environment:create_environment_scripts_only(xarm_msgs)
[2.055s] Level 1:colcon.colcon_core.environment:checking '/home/berenic/Documents/LPRS2_2026/Robo_Hand_RS485/ROS2/robo_hand_ws/install/xarm_msgs' for CMake module files
[2.057s] Level 1:colcon.colcon_core.environment:checking '/home/berenic/Documents/LPRS2_2026/Robo_Hand_RS485/ROS2/robo_hand_ws/install/xarm_msgs' for CMake config files
[2.057s] Level 1:colcon.colcon_core.shell:create_environment_hook('xarm_msgs', 'cmake_prefix_path')
[2.058s] INFO:colcon.colcon_core.shell:Creating environment hook '/home/berenic/Documents/LPRS2_2026/Robo_Hand_RS485/ROS2/robo_hand_ws/install/xarm_msgs/share/xarm_msgs/hook/cmake_prefix_path.ps1'
[2.058s] INFO:colcon.colcon_core.shell:Creating environment descriptor '/home/berenic/Documents/LPRS2_2026/Robo_Hand_RS485/ROS2/robo_hand_ws/install/xarm_msgs/share/xarm_msgs/hook/cmake_prefix_path.dsv'
[2.059s] INFO:colcon.colcon_core.shell:Creating environment hook '/home/berenic/Documents/LPRS2_2026/Robo_Hand_RS485/ROS2/robo_hand_ws/install/xarm_msgs/share/xarm_msgs/hook/cmake_prefix_path.sh'
[2.060s] Level 1:colcon.colcon_core.environment:checking '/home/berenic/Documents/LPRS2_2026/Robo_Hand_RS485/ROS2/robo_hand_ws/install/xarm_msgs/lib'
[2.060s] Level 1:colcon.colcon_core.shell:create_environment_hook('xarm_msgs', 'ld_library_path_lib')
[2.060s] INFO:colcon.colcon_core.shell:Creating environment hook '/home/berenic/Documents/LPRS2_2026/Robo_Hand_RS485/ROS2/robo_hand_ws/install/xarm_msgs/share/xarm_msgs/hook/ld_library_path_lib.ps1'
[2.061s] INFO:colcon.colcon_core.shell:Creating environment descriptor '/home/berenic/Documents/LPRS2_2026/Robo_Hand_RS485/ROS2/robo_hand_ws/install/xarm_msgs/share/xarm_msgs/hook/ld_library_path_lib.dsv'
[2.062s] INFO:colcon.colcon_core.shell:Creating environment hook '/home/berenic/Documents/LPRS2_2026/Robo_Hand_RS485/ROS2/robo_hand_ws/install/xarm_msgs/share/xarm_msgs/hook/ld_library_path_lib.sh'
[2.063s] Level 1:colcon.colcon_core.environment:checking '/home/berenic/Documents/LPRS2_2026/Robo_Hand_RS485/ROS2/robo_hand_ws/install/xarm_msgs/bin'
[2.063s] Level 1:colcon.colcon_core.environment:checking '/home/berenic/Documents/LPRS2_2026/Robo_Hand_RS485/ROS2/robo_hand_ws/install/xarm_msgs/lib/pkgconfig/xarm_msgs.pc'
[2.063s] Level 1:colcon.colcon_core.environment:checking '/home/berenic/Documents/LPRS2_2026/Robo_Hand_RS485/ROS2/robo_hand_ws/install/xarm_msgs/lib/python3.12/site-packages'
[2.063s] Level 1:colcon.colcon_core.shell:create_environment_hook('xarm_msgs', 'pythonpath')
[2.063s] INFO:colcon.colcon_core.shell:Creating environment hook '/home/berenic/Documents/LPRS2_2026/Robo_Hand_RS485/ROS2/robo_hand_ws/install/xarm_msgs/share/xarm_msgs/hook/pythonpath.ps1'
[2.064s] INFO:colcon.colcon_core.shell:Creating environment descriptor '/home/berenic/Documents/LPRS2_2026/Robo_Hand_RS485/ROS2/robo_hand_ws/install/xarm_msgs/share/xarm_msgs/hook/pythonpath.dsv'
[2.065s] INFO:colcon.colcon_core.shell:Creating environment hook '/home/berenic/Documents/LPRS2_2026/Robo_Hand_RS485/ROS2/robo_hand_ws/install/xarm_msgs/share/xarm_msgs/hook/pythonpath.sh'
[2.066s] Level 1:colcon.colcon_core.environment:checking '/home/berenic/Documents/LPRS2_2026/Robo_Hand_RS485/ROS2/robo_hand_ws/install/xarm_msgs/bin'
[2.066s] INFO:colcon.colcon_core.shell:Creating package script '/home/berenic/Documents/LPRS2_2026/Robo_Hand_RS485/ROS2/robo_hand_ws/install/xarm_msgs/share/xarm_msgs/package.ps1'
[2.067s] INFO:colcon.colcon_core.shell:Creating package descriptor '/home/berenic/Documents/LPRS2_2026/Robo_Hand_RS485/ROS2/robo_hand_ws/install/xarm_msgs/share/xarm_msgs/package.dsv'
[2.068s] INFO:colcon.colcon_core.shell:Creating package script '/home/berenic/Documents/LPRS2_2026/Robo_Hand_RS485/ROS2/robo_hand_ws/install/xarm_msgs/share/xarm_msgs/package.sh'
[2.069s] INFO:colcon.colcon_core.shell:Creating package script '/home/berenic/Documents/LPRS2_2026/Robo_Hand_RS485/ROS2/robo_hand_ws/install/xarm_msgs/share/xarm_msgs/package.bash'
[2.070s] INFO:colcon.colcon_core.shell:Creating package script '/home/berenic/Documents/LPRS2_2026/Robo_Hand_RS485/ROS2/robo_hand_ws/install/xarm_msgs/share/xarm_msgs/package.zsh'
[2.071s] Level 1:colcon.colcon_core.environment:create_file_with_runtime_dependencies(/home/berenic/Documents/LPRS2_2026/Robo_Hand_RS485/ROS2/robo_hand_ws/install/xarm_msgs/share/colcon-core/packages/xarm_msgs)
[2.071s] INFO:colcon.colcon_ros.task.ament_cmake.build:Building ROS package in '/home/berenic/Documents/LPRS2_2026/Robo_Hand_RS485/ROS2/robo_hand_ws/src/xarm_ros2/xarm_api' with build type 'ament_cmake'
[2.072s] INFO:colcon.colcon_cmake.task.cmake.build:Building CMake package in '/home/berenic/Documents/LPRS2_2026/Robo_Hand_RS485/ROS2/robo_hand_ws/src/xarm_ros2/xarm_api'
[2.072s] INFO:colcon.colcon_core.shell:Skip shell extension 'powershell' for command environment: Not usable outside of PowerShell
[2.072s] DEBUG:colcon.colcon_core.shell:Skip shell extension 'dsv' for command environment
[2.101s] DEBUG:colcon.colcon_core.event_handler.log_command:Invoking command in '/home/berenic/Documents/LPRS2_2026/Robo_Hand_RS485/ROS2/robo_hand_ws/build/xarm_api': CMAKE_PREFIX_PATH=/home/berenic/Documents/LPRS2_2026/Robo_Hand_RS485/ROS2/robo_hand_ws/install/xarm_sdk:/home/berenic/Documents/LPRS2_2026/Robo_Hand_RS485/ROS2/robo_hand_ws/install/xarm_msgs:/home/berenic/Documents/LPRS2_2026/Robo_Hand_RS485/ROS2/robo_hand_ws/install/xarm_description:/home/berenic/Documents/LPRS2_2026/Robo_Hand_RS485/ROS2/robo_hand_ws/install/glue_events_routines:/home/berenic/Documents/LPRS2_2026/Robo_Hand_RS485/ROS2/robo_hand_ws/install/xarm_planner:/home/berenic/Documents/LPRS2_2026/Robo_Hand_RS485/ROS2/robo_hand_ws/install/xarm_moveit_servo:/home/berenic/Documents/LPRS2_2026/Robo_Hand_RS485/ROS2/robo_hand_ws/install/xarm_moveit_config:/home/berenic/Documents/LPRS2_2026/Robo_Hand_RS485/ROS2/robo_hand_ws/install/xarm_gazebo:/home/berenic/Documents/LPRS2_2026/Robo_Hand_RS485/ROS2/robo_hand_ws/install/xarm_controller:/home/berenic/Documents/LPRS2_2026/Robo_Hand_RS485/ROS2/robo_hand_ws/install/xarm_api:/home/berenic/Documents/LPRS2_2026/Robo_Hand_RS485/ROS2/robo_hand_ws/install/mbot_demo:/home/berenic/Documents/LPRS2_2026/Robo_Hand_RS485/ROS2/robo_hand_ws/install/realsense_gazebo_plugin:/opt/ros/jazzy/opt/gz_sim_vendor:/opt/ros/jazzy/opt/gz_sensors_vendor:/opt/ros/jazzy/opt/gz_physics_vendor:/opt/ros/jazzy/opt/sdformat_vendor:/opt/ros/jazzy/opt/gz_gui_vendor:/opt/ros/jazzy/opt/gz_transport_vendor:/opt/ros/jazzy/opt/gz_rendering_vendor:/opt/ros/jazzy/opt/gz_plugin_vendor:/opt/ros/jazzy/opt/gz_fuel_tools_vendor:/opt/ros/jazzy/opt/gz_msgs_vendor:/opt/ros/jazzy/opt/gz_common_vendor:/opt/ros/jazzy/opt/gz_math_vendor:/opt/ros/jazzy/opt/gz_utils_vendor:/opt/ros/jazzy/opt/gz_tools_vendor:/opt/ros/jazzy/opt/gz_ogre_next_vendor:/opt/ros/jazzy/opt/gz_dartsim_vendor:/opt/ros/jazzy/opt/gz_cmake_vendor:/home/berenic/Documents/LPRS2_2026/Robo_Hand_RS485/ROS2/robo_hand_ws/install/uf_ros_lib:/opt/ros/jazzy DEBUGINFOD_URLS=https://debuginfod.ubuntu.com LD_LIBRARY_PATH=/home/berenic/Documents/LPRS2_2026/Robo_Hand_RS485/ROS2/robo_hand_ws/install/xarm_sdk/lib:/home/berenic/Documents/LPRS2_2026/Robo_Hand_RS485/ROS2/robo_hand_ws/install/xarm_msgs/lib:/home/berenic/Documents/LPRS2_2026/Robo_Hand_RS485/ROS2/robo_hand_ws/install/xarm_planner/lib:/home/berenic/Documents/LPRS2_2026/Robo_Hand_RS485/ROS2/robo_hand_ws/install/xarm_moveit_servo/lib:/home/berenic/Documents/LPRS2_2026/Robo_Hand_RS485/ROS2/robo_hand_ws/install/xarm_gazebo/lib:/home/berenic/Documents/LPRS2_2026/Robo_Hand_RS485/ROS2/robo_hand_ws/install/xarm_controller/lib:/home/berenic/Documents/LPRS2_2026/Robo_Hand_RS485/ROS2/robo_hand_ws/install/xarm_api/lib:/home/berenic/Documents/LPRS2_2026/Robo_Hand_RS485/ROS2/robo_hand_ws/install/realsense_gazebo_plugin/lib:/opt/ros/jazzy/opt/gz_sim_vendor/lib:/opt/ros/jazzy/opt/gz_sensors_vendor/lib:/opt/ros/jazzy/opt/gz_physics_vendor/lib:/opt/ros/jazzy/opt/sdformat_vendor/lib:/opt/ros/jazzy/opt/rviz_ogre_vendor/lib:/opt/ros/jazzy/lib/x86_64-linux-gnu:/opt/ros/jazzy/opt/gz_gui_vendor/lib:/opt/ros/jazzy/opt/gz_transport_vendor/lib:/opt/ros/jazzy/opt/gz_rendering_vendor/lib:/opt/ros/jazzy/opt/gz_plugin_vendor/lib:/opt/ros/jazzy/opt/gz_fuel_tools_vendor/lib:/opt/ros/jazzy/opt/gz_msgs_vendor/lib:/opt/ros/jazzy/opt/gz_common_vendor/lib:/opt/ros/jazzy/opt/gz_math_vendor/lib:/opt/ros/jazzy/opt/gz_utils_vendor/lib:/opt/ros/jazzy/opt/gz_tools_vendor/lib:/opt/ros/jazzy/opt/gz_ogre_next_vendor/lib:/opt/ros/jazzy/opt/gz_dartsim_vendor/lib:/opt/ros/jazzy/opt/gz_cmake_vendor/lib:/opt/ros/jazzy/lib /usr/bin/cmake --build /home/berenic/Documents/LPRS2_2026/Robo_Hand_RS485/ROS2/robo_hand_ws/build/xarm_api -- -j12 -l12
[2.326s] DEBUG:colcon.colcon_core.event_handler.log_command:Invoked command in '/home/berenic/Documents/LPRS2_2026/Robo_Hand_RS485/ROS2/robo_hand_ws/build/xarm_api' returned '0': CMAKE_PREFIX_PATH=/home/berenic/Documents/LPRS2_2026/Robo_Hand_RS485/ROS2/robo_hand_ws/install/xarm_sdk:/home/berenic/Documents/LPRS2_2026/Robo_Hand_RS485/ROS2/robo_hand_ws/install/xarm_msgs:/home/berenic/Documents/LPRS2_2026/Robo_Hand_RS485/ROS2/robo_hand_ws/install/xarm_description:/home/berenic/Documents/LPRS2_2026/Robo_Hand_RS485/ROS2/robo_hand_ws/install/glue_events_routines:/home/berenic/Documents/LPRS2_2026/Robo_Hand_RS485/ROS2/robo_hand_ws/install/xarm_planner:/home/berenic/Documents/LPRS2_2026/Robo_Hand_RS485/ROS2/robo_hand_ws/install/xarm_moveit_servo:/home/berenic/Documents/LPRS2_2026/Robo_Hand_RS485/ROS2/robo_hand_ws/install/xarm_moveit_config:/home/berenic/Documents/LPRS2_2026/Robo_Hand_RS485/ROS2/robo_hand_ws/install/xarm_gazebo:/home/berenic/Documents/LPRS2_2026/Robo_Hand_RS485/ROS2/robo_hand_ws/install/xarm_controller:/home/berenic/Documents/LPRS2_2026/Robo_Hand_RS485/ROS2/robo_hand_ws/install/xarm_api:/home/berenic/Documents/LPRS2_2026/Robo_Hand_RS485/ROS2/robo_hand_ws/install/mbot_demo:/home/berenic/Documents/LPRS2_2026/Robo_Hand_RS485/ROS2/robo_hand_ws/install/realsense_gazebo_plugin:/opt/ros/jazzy/opt/gz_sim_vendor:/opt/ros/jazzy/opt/gz_sensors_vendor:/opt/ros/jazzy/opt/gz_physics_vendor:/opt/ros/jazzy/opt/sdformat_vendor:/opt/ros/jazzy/opt/gz_gui_vendor:/opt/ros/jazzy/opt/gz_transport_vendor:/opt/ros/jazzy/opt/gz_rendering_vendor:/opt/ros/jazzy/opt/gz_plugin_vendor:/opt/ros/jazzy/opt/gz_fuel_tools_vendor:/opt/ros/jazzy/opt/gz_msgs_vendor:/opt/ros/jazzy/opt/gz_common_vendor:/opt/ros/jazzy/opt/gz_math_vendor:/opt/ros/jazzy/opt/gz_utils_vendor:/opt/ros/jazzy/opt/gz_tools_vendor:/opt/ros/jazzy/opt/gz_ogre_next_vendor:/opt/ros/jazzy/opt/gz_dartsim_vendor:/opt/ros/jazzy/opt/gz_cmake_vendor:/home/berenic/Documents/LPRS2_2026/Robo_Hand_RS485/ROS2/robo_hand_ws/install/uf_ros_lib:/opt/ros/jazzy DEBUGINFOD_URLS=https://debuginfod.ubuntu.com LD_LIBRARY_PATH=/home/berenic/Documents/LPRS2_2026/Robo_Hand_RS485/ROS2/robo_hand_ws/install/xarm_sdk/lib:/home/berenic/Documents/LPRS2_2026/Robo_Hand_RS485/ROS2/robo_hand_ws/install/xarm_msgs/lib:/home/berenic/Documents/LPRS2_2026/Robo_Hand_RS485/ROS2/robo_hand_ws/install/xarm_planner/lib:/home/berenic/Documents/LPRS2_2026/Robo_Hand_RS485/ROS2/robo_hand_ws/install/xarm_moveit_servo/lib:/home/berenic/Documents/LPRS2_2026/Robo_Hand_RS485/ROS2/robo_hand_ws/install/xarm_gazebo/lib:/home/berenic/Documents/LPRS2_2026/Robo_Hand_RS485/ROS2/robo_hand_ws/install/xarm_controller/lib:/home/berenic/Documents/LPRS2_2026/Robo_Hand_RS485/ROS2/robo_hand_ws/install/xarm_api/lib:/home/berenic/Documents/LPRS2_2026/Robo_Hand_RS485/ROS2/robo_hand_ws/install/realsense_gazebo_plugin/lib:/opt/ros/jazzy/opt/gz_sim_vendor/lib:/opt/ros/jazzy/opt/gz_sensors_vendor/lib:/opt/ros/jazzy/opt/gz_physics_vendor/lib:/opt/ros/jazzy/opt/sdformat_vendor/lib:/opt/ros/jazzy/opt/rviz_ogre_vendor/lib:/opt/ros/jazzy/lib/x86_64-linux-gnu:/opt/ros/jazzy/opt/gz_gui_vendor/lib:/opt/ros/jazzy/opt/gz_transport_vendor/lib:/opt/ros/jazzy/opt/gz_rendering_vendor/lib:/opt/ros/jazzy/opt/gz_plugin_vendor/lib:/opt/ros/jazzy/opt/gz_fuel_tools_vendor/lib:/opt/ros/jazzy/opt/gz_msgs_vendor/lib:/opt/ros/jazzy/opt/gz_common_vendor/lib:/opt/ros/jazzy/opt/gz_math_vendor/lib:/opt/ros/jazzy/opt/gz_utils_vendor/lib:/opt/ros/jazzy/opt/gz_tools_vendor/lib:/opt/ros/jazzy/opt/gz_ogre_next_vendor/lib:/opt/ros/jazzy/opt/gz_dartsim_vendor/lib:/opt/ros/jazzy/opt/gz_cmake_vendor/lib:/opt/ros/jazzy/lib /usr/bin/cmake --build /home/berenic/Documents/LPRS2_2026/Robo_Hand_RS485/ROS2/robo_hand_ws/build/xarm_api -- -j12 -l12
[2.328s] DEBUG:colcon.colcon_core.event_handler.log_command:Invoking command in '/home/berenic/Documents/LPRS2_2026/Robo_Hand_RS485/ROS2/robo_hand_ws/build/xarm_api': CMAKE_PREFIX_PATH=/home/berenic/Documents/LPRS2_2026/Robo_Hand_RS485/ROS2/robo_hand_ws/install/xarm_sdk:/home/berenic/Documents/LPRS2_2026/Robo_Hand_RS485/ROS2/robo_hand_ws/install/xarm_msgs:/home/berenic/Documents/LPRS2_2026/Robo_Hand_RS485/ROS2/robo_hand_ws/install/xarm_description:/home/berenic/Documents/LPRS2_2026/Robo_Hand_RS485/ROS2/robo_hand_ws/install/glue_events_routines:/home/berenic/Documents/LPRS2_2026/Robo_Hand_RS485/ROS2/robo_hand_ws/install/xarm_planner:/home/berenic/Documents/LPRS2_2026/Robo_Hand_RS485/ROS2/robo_hand_ws/install/xarm_moveit_servo:/home/berenic/Documents/LPRS2_2026/Robo_Hand_RS485/ROS2/robo_hand_ws/install/xarm_moveit_config:/home/berenic/Documents/LPRS2_2026/Robo_Hand_RS485/ROS2/robo_hand_ws/install/xarm_gazebo:/home/berenic/Documents/LPRS2_2026/Robo_Hand_RS485/ROS2/robo_hand_ws/install/xarm_controller:/home/berenic/Documents/LPRS2_2026/Robo_Hand_RS485/ROS2/robo_hand_ws/install/xarm_api:/home/berenic/Documents/LPRS2_2026/Robo_Hand_RS485/ROS2/robo_hand_ws/install/mbot_demo:/home/berenic/Documents/LPRS2_2026/Robo_Hand_RS485/ROS2/robo_hand_ws/install/realsense_gazebo_plugin:/opt/ros/jazzy/opt/gz_sim_vendor:/opt/ros/jazzy/opt/gz_sensors_vendor:/opt/ros/jazzy/opt/gz_physics_vendor:/opt/ros/jazzy/opt/sdformat_vendor:/opt/ros/jazzy/opt/gz_gui_vendor:/opt/ros/jazzy/opt/gz_transport_vendor:/opt/ros/jazzy/opt/gz_rendering_vendor:/opt/ros/jazzy/opt/gz_plugin_vendor:/opt/ros/jazzy/opt/gz_fuel_tools_vendor:/opt/ros/jazzy/opt/gz_msgs_vendor:/opt/ros/jazzy/opt/gz_common_vendor:/opt/ros/jazzy/opt/gz_math_vendor:/opt/ros/jazzy/opt/gz_utils_vendor:/opt/ros/jazzy/opt/gz_tools_vendor:/opt/ros/jazzy/opt/gz_ogre_next_vendor:/opt/ros/jazzy/opt/gz_dartsim_vendor:/opt/ros/jazzy/opt/gz_cmake_vendor:/home/berenic/Documents/LPRS2_2026/Robo_Hand_RS485/ROS2/robo_hand_ws/install/uf_ros_lib:/opt/ros/jazzy DEBUGINFOD_URLS=https://debuginfod.ubuntu.com LD_LIBRARY_PATH=/home/berenic/Documents/LPRS2_2026/Robo_Hand_RS485/ROS2/robo_hand_ws/install/xarm_sdk/lib:/home/berenic/Documents/LPRS2_2026/Robo_Hand_RS485/ROS2/robo_hand_ws/install/xarm_msgs/lib:/home/berenic/Documents/LPRS2_2026/Robo_Hand_RS485/ROS2/robo_hand_ws/install/xarm_planner/lib:/home/berenic/Documents/LPRS2_2026/Robo_Hand_RS485/ROS2/robo_hand_ws/install/xarm_moveit_servo/lib:/home/berenic/Documents/LPRS2_2026/Robo_Hand_RS485/ROS2/robo_hand_ws/install/xarm_gazebo/lib:/home/berenic/Documents/LPRS2_2026/Robo_Hand_RS485/ROS2/robo_hand_ws/install/xarm_controller/lib:/home/berenic/Documents/LPRS2_2026/Robo_Hand_RS485/ROS2/robo_hand_ws/install/xarm_api/lib:/home/berenic/Documents/LPRS2_2026/Robo_Hand_RS485/ROS2/robo_hand_ws/install/realsense_gazebo_plugin/lib:/opt/ros/jazzy/opt/gz_sim_vendor/lib:/opt/ros/jazzy/opt/gz_sensors_vendor/lib:/opt/ros/jazzy/opt/gz_physics_vendor/lib:/opt/ros/jazzy/opt/sdformat_vendor/lib:/opt/ros/jazzy/opt/rviz_ogre_vendor/lib:/opt/ros/jazzy/lib/x86_64-linux-gnu:/opt/ros/jazzy/opt/gz_gui_vendor/lib:/opt/ros/jazzy/opt/gz_transport_vendor/lib:/opt/ros/jazzy/opt/gz_rendering_vendor/lib:/opt/ros/jazzy/opt/gz_plugin_vendor/lib:/opt/ros/jazzy/opt/gz_fuel_tools_vendor/lib:/opt/ros/jazzy/opt/gz_msgs_vendor/lib:/opt/ros/jazzy/opt/gz_common_vendor/lib:/opt/ros/jazzy/opt/gz_math_vendor/lib:/opt/ros/jazzy/opt/gz_utils_vendor/lib:/opt/ros/jazzy/opt/gz_tools_vendor/lib:/opt/ros/jazzy/opt/gz_ogre_next_vendor/lib:/opt/ros/jazzy/opt/gz_dartsim_vendor/lib:/opt/ros/jazzy/opt/gz_cmake_vendor/lib:/opt/ros/jazzy/lib /usr/bin/cmake --install /home/berenic/Documents/LPRS2_2026/Robo_Hand_RS485/ROS2/robo_hand_ws/build/xarm_api
[2.361s] DEBUG:colcon.colcon_core.event_handler.log_command:Invoking command in '/home/berenic/Documents/LPRS2_2026/Robo_Hand_RS485/ROS2/robo_hand_ws/build/uf_ros_lib': DEBUGINFOD_URLS=https://debuginfod.ubuntu.com PYTHONPATH=/home/berenic/Documents/LPRS2_2026/Robo_Hand_RS485/ROS2/robo_hand_ws/build/uf_ros_lib/prefix_override:/usr/lib/python3/dist-packages/colcon_core/task/python/colcon_distutils_commands:/home/berenic/Documents/LPRS2_2026/Robo_Hand_RS485/ROS2/robo_hand_ws/install/uf_ros_lib/lib/python3.12/site-packages:${PYTHONPATH} /usr/bin/python3 -W ignore:setup.py install is deprecated -W ignore:easy_install command is deprecated setup.py develop --editable --build-directory /home/berenic/Documents/LPRS2_2026/Robo_Hand_RS485/ROS2/robo_hand_ws/build/uf_ros_lib/build --no-deps symlink_data
[2.384s] Level 1:colcon.colcon_core.environment:create_environment_scripts_only(xarm_api)
[2.384s] Level 1:colcon.colcon_core.environment:checking '/home/berenic/Documents/LPRS2_2026/Robo_Hand_RS485/ROS2/robo_hand_ws/install/xarm_api' for CMake module files
[2.385s] DEBUG:colcon.colcon_core.event_handler.log_command:Invoked command in '/home/berenic/Documents/LPRS2_2026/Robo_Hand_RS485/ROS2/robo_hand_ws/build/xarm_api' returned '0': CMAKE_PREFIX_PATH=/home/berenic/Documents/LPRS2_2026/Robo_Hand_RS485/ROS2/robo_hand_ws/install/xarm_sdk:/home/berenic/Documents/LPRS2_2026/Robo_Hand_RS485/ROS2/robo_hand_ws/install/xarm_msgs:/home/berenic/Documents/LPRS2_2026/Robo_Hand_RS485/ROS2/robo_hand_ws/install/xarm_description:/home/berenic/Documents/LPRS2_2026/Robo_Hand_RS485/ROS2/robo_hand_ws/install/glue_events_routines:/home/berenic/Documents/LPRS2_2026/Robo_Hand_RS485/ROS2/robo_hand_ws/install/xarm_planner:/home/berenic/Documents/LPRS2_2026/Robo_Hand_RS485/ROS2/robo_hand_ws/install/xarm_moveit_servo:/home/berenic/Documents/LPRS2_2026/Robo_Hand_RS485/ROS2/robo_hand_ws/install/xarm_moveit_config:/home/berenic/Documents/LPRS2_2026/Robo_Hand_RS485/ROS2/robo_hand_ws/install/xarm_gazebo:/home/berenic/Documents/LPRS2_2026/Robo_Hand_RS485/ROS2/robo_hand_ws/install/xarm_controller:/home/berenic/Documents/LPRS2_2026/Robo_Hand_RS485/ROS2/robo_hand_ws/install/xarm_api:/home/berenic/Documents/LPRS2_2026/Robo_Hand_RS485/ROS2/robo_hand_ws/install/mbot_demo:/home/berenic/Documents/LPRS2_2026/Robo_Hand_RS485/ROS2/robo_hand_ws/install/realsense_gazebo_plugin:/opt/ros/jazzy/opt/gz_sim_vendor:/opt/ros/jazzy/opt/gz_sensors_vendor:/opt/ros/jazzy/opt/gz_physics_vendor:/opt/ros/jazzy/opt/sdformat_vendor:/opt/ros/jazzy/opt/gz_gui_vendor:/opt/ros/jazzy/opt/gz_transport_vendor:/opt/ros/jazzy/opt/gz_rendering_vendor:/opt/ros/jazzy/opt/gz_plugin_vendor:/opt/ros/jazzy/opt/gz_fuel_tools_vendor:/opt/ros/jazzy/opt/gz_msgs_vendor:/opt/ros/jazzy/opt/gz_common_vendor:/opt/ros/jazzy/opt/gz_math_vendor:/opt/ros/jazzy/opt/gz_utils_vendor:/opt/ros/jazzy/opt/gz_tools_vendor:/opt/ros/jazzy/opt/gz_ogre_next_vendor:/opt/ros/jazzy/opt/gz_dartsim_vendor:/opt/ros/jazzy/opt/gz_cmake_vendor:/home/berenic/Documents/LPRS2_2026/Robo_Hand_RS485/ROS2/robo_hand_ws/install/uf_ros_lib:/opt/ros/jazzy DEBUGINFOD_URLS=https://debuginfod.ubuntu.com LD_LIBRARY_PATH=/home/berenic/Documents/LPRS2_2026/Robo_Hand_RS485/ROS2/robo_hand_ws/install/xarm_sdk/lib:/home/berenic/Documents/LPRS2_2026/Robo_Hand_RS485/ROS2/robo_hand_ws/install/xarm_msgs/lib:/home/berenic/Documents/LPRS2_2026/Robo_Hand_RS485/ROS2/robo_hand_ws/install/xarm_planner/lib:/home/berenic/Documents/LPRS2_2026/Robo_Hand_RS485/ROS2/robo_hand_ws/install/xarm_moveit_servo/lib:/home/berenic/Documents/LPRS2_2026/Robo_Hand_RS485/ROS2/robo_hand_ws/install/xarm_gazebo/lib:/home/berenic/Documents/LPRS2_2026/Robo_Hand_RS485/ROS2/robo_hand_ws/install/xarm_controller/lib:/home/berenic/Documents/LPRS2_2026/Robo_Hand_RS485/ROS2/robo_hand_ws/install/xarm_api/lib:/home/berenic/Documents/LPRS2_2026/Robo_Hand_RS485/ROS2/robo_hand_ws/install/realsense_gazebo_plugin/lib:/opt/ros/jazzy/opt/gz_sim_vendor/lib:/opt/ros/jazzy/opt/gz_sensors_vendor/lib:/opt/ros/jazzy/opt/gz_physics_vendor/lib:/opt/ros/jazzy/opt/sdformat_vendor/lib:/opt/ros/jazzy/opt/rviz_ogre_vendor/lib:/opt/ros/jazzy/lib/x86_64-linux-gnu:/opt/ros/jazzy/opt/gz_gui_vendor/lib:/opt/ros/jazzy/opt/gz_transport_vendor/lib:/opt/ros/jazzy/opt/gz_rendering_vendor/lib:/opt/ros/jazzy/opt/gz_plugin_vendor/lib:/opt/ros/jazzy/opt/gz_fuel_tools_vendor/lib:/opt/ros/jazzy/opt/gz_msgs_vendor/lib:/opt/ros/jazzy/opt/gz_common_vendor/lib:/opt/ros/jazzy/opt/gz_math_vendor/lib:/opt/ros/jazzy/opt/gz_utils_vendor/lib:/opt/ros/jazzy/opt/gz_tools_vendor/lib:/opt/ros/jazzy/opt/gz_ogre_next_vendor/lib:/opt/ros/jazzy/opt/gz_dartsim_vendor/lib:/opt/ros/jazzy/opt/gz_cmake_vendor/lib:/opt/ros/jazzy/lib /usr/bin/cmake --install /home/berenic/Documents/LPRS2_2026/Robo_Hand_RS485/ROS2/robo_hand_ws/build/xarm_api
[2.386s] Level 1:colcon.colcon_core.environment:checking '/home/berenic/Documents/LPRS2_2026/Robo_Hand_RS485/ROS2/robo_hand_ws/install/xarm_api' for CMake config files
[2.387s] Level 1:colcon.colcon_core.shell:create_environment_hook('xarm_api', 'cmake_prefix_path')
[2.387s] INFO:colcon.colcon_core.shell:Creating environment hook '/home/berenic/Documents/LPRS2_2026/Robo_Hand_RS485/ROS2/robo_hand_ws/install/xarm_api/share/xarm_api/hook/cmake_prefix_path.ps1'
[2.388s] INFO:colcon.colcon_core.shell:Creating environment descriptor '/home/berenic/Documents/LPRS2_2026/Robo_Hand_RS485/ROS2/robo_hand_ws/install/xarm_api/share/xarm_api/hook/cmake_prefix_path.dsv'
[2.389s] INFO:colcon.colcon_core.shell:Creating environment hook '/home/berenic/Documents/LPRS2_2026/Robo_Hand_RS485/ROS2/robo_hand_ws/install/xarm_api/share/xarm_api/hook/cmake_prefix_path.sh'
[2.390s] Level 1:colcon.colcon_core.environment:checking '/home/berenic/Documents/LPRS2_2026/Robo_Hand_RS485/ROS2/robo_hand_ws/install/xarm_api/lib'
[2.390s] Level 1:colcon.colcon_core.shell:create_environment_hook('xarm_api', 'ld_library_path_lib')
[2.390s] INFO:colcon.colcon_core.shell:Creating environment hook '/home/berenic/Documents/LPRS2_2026/Robo_Hand_RS485/ROS2/robo_hand_ws/install/xarm_api/share/xarm_api/hook/ld_library_path_lib.ps1'
[2.391s] INFO:colcon.colcon_core.shell:Creating environment descriptor '/home/berenic/Documents/LPRS2_2026/Robo_Hand_RS485/ROS2/robo_hand_ws/install/xarm_api/share/xarm_api/hook/ld_library_path_lib.dsv'
[2.391s] INFO:colcon.colcon_core.shell:Creating environment hook '/home/berenic/Documents/LPRS2_2026/Robo_Hand_RS485/ROS2/robo_hand_ws/install/xarm_api/share/xarm_api/hook/ld_library_path_lib.sh'
[2.392s] Level 1:colcon.colcon_core.environment:checking '/home/berenic/Documents/LPRS2_2026/Robo_Hand_RS485/ROS2/robo_hand_ws/install/xarm_api/bin'
[2.392s] Level 1:colcon.colcon_core.environment:checking '/home/berenic/Documents/LPRS2_2026/Robo_Hand_RS485/ROS2/robo_hand_ws/install/xarm_api/lib/pkgconfig/xarm_api.pc'
[2.393s] Level 1:colcon.colcon_core.environment:checking '/home/berenic/Documents/LPRS2_2026/Robo_Hand_RS485/ROS2/robo_hand_ws/install/xarm_api/lib/python3.12/site-packages'
[2.393s] Level 1:colcon.colcon_core.environment:checking '/home/berenic/Documents/LPRS2_2026/Robo_Hand_RS485/ROS2/robo_hand_ws/install/xarm_api/bin'
[2.394s] INFO:colcon.colcon_core.shell:Creating package script '/home/berenic/Documents/LPRS2_2026/Robo_Hand_RS485/ROS2/robo_hand_ws/install/xarm_api/share/xarm_api/package.ps1'
[2.395s] INFO:colcon.colcon_core.shell:Creating package descriptor '/home/berenic/Documents/LPRS2_2026/Robo_Hand_RS485/ROS2/robo_hand_ws/install/xarm_api/share/xarm_api/package.dsv'
[2.396s] INFO:colcon.colcon_core.shell:Creating package script '/home/berenic/Documents/LPRS2_2026/Robo_Hand_RS485/ROS2/robo_hand_ws/install/xarm_api/share/xarm_api/package.sh'
[2.396s] INFO:colcon.colcon_core.shell:Creating package script '/home/berenic/Documents/LPRS2_2026/Robo_Hand_RS485/ROS2/robo_hand_ws/install/xarm_api/share/xarm_api/package.bash'
[2.397s] INFO:colcon.colcon_core.shell:Creating package script '/home/berenic/Documents/LPRS2_2026/Robo_Hand_RS485/ROS2/robo_hand_ws/install/xarm_api/share/xarm_api/package.zsh'
[2.398s] Level 1:colcon.colcon_core.environment:create_file_with_runtime_dependencies(/home/berenic/Documents/LPRS2_2026/Robo_Hand_RS485/ROS2/robo_hand_ws/install/xarm_api/share/colcon-core/packages/xarm_api)
[2.399s] Level 1:colcon.colcon_core.environment:create_environment_scripts_only(xarm_api)
[2.399s] Level 1:colcon.colcon_core.environment:checking '/home/berenic/Documents/LPRS2_2026/Robo_Hand_RS485/ROS2/robo_hand_ws/install/xarm_api' for CMake module files
[2.400s] Level 1:colcon.colcon_core.environment:checking '/home/berenic/Documents/LPRS2_2026/Robo_Hand_RS485/ROS2/robo_hand_ws/install/xarm_api' for CMake config files
[2.401s] Level 1:colcon.colcon_core.shell:create_environment_hook('xarm_api', 'cmake_prefix_path')
[2.401s] INFO:colcon.colcon_core.shell:Creating environment hook '/home/berenic/Documents/LPRS2_2026/Robo_Hand_RS485/ROS2/robo_hand_ws/install/xarm_api/share/xarm_api/hook/cmake_prefix_path.ps1'
[2.402s] INFO:colcon.colcon_core.shell:Creating environment descriptor '/home/berenic/Documents/LPRS2_2026/Robo_Hand_RS485/ROS2/robo_hand_ws/install/xarm_api/share/xarm_api/hook/cmake_prefix_path.dsv'
[2.402s] INFO:colcon.colcon_core.shell:Creating environment hook '/home/berenic/Documents/LPRS2_2026/Robo_Hand_RS485/ROS2/robo_hand_ws/install/xarm_api/share/xarm_api/hook/cmake_prefix_path.sh'
[2.403s] Level 1:colcon.colcon_core.environment:checking '/home/berenic/Documents/LPRS2_2026/Robo_Hand_RS485/ROS2/robo_hand_ws/install/xarm_api/lib'
[2.403s] Level 1:colcon.colcon_core.shell:create_environment_hook('xarm_api', 'ld_library_path_lib')
[2.404s] INFO:colcon.colcon_core.shell:Creating environment hook '/home/berenic/Documents/LPRS2_2026/Robo_Hand_RS485/ROS2/robo_hand_ws/install/xarm_api/share/xarm_api/hook/ld_library_path_lib.ps1'
[2.404s] INFO:colcon.colcon_core.shell:Creating environment descriptor '/home/berenic/Documents/LPRS2_2026/Robo_Hand_RS485/ROS2/robo_hand_ws/install/xarm_api/share/xarm_api/hook/ld_library_path_lib.dsv'
[2.405s] INFO:colcon.colcon_core.shell:Creating environment hook '/home/berenic/Documents/LPRS2_2026/Robo_Hand_RS485/ROS2/robo_hand_ws/install/xarm_api/share/xarm_api/hook/ld_library_path_lib.sh'
[2.406s] Level 1:colcon.colcon_core.environment:checking '/home/berenic/Documents/LPRS2_2026/Robo_Hand_RS485/ROS2/robo_hand_ws/install/xarm_api/bin'
[2.406s] Level 1:colcon.colcon_core.environment:checking '/home/berenic/Documents/LPRS2_2026/Robo_Hand_RS485/ROS2/robo_hand_ws/install/xarm_api/lib/pkgconfig/xarm_api.pc'
[2.406s] Level 1:colcon.colcon_core.environment:checking '/home/berenic/Documents/LPRS2_2026/Robo_Hand_RS485/ROS2/robo_hand_ws/install/xarm_api/lib/python3.12/site-packages'
[2.407s] Level 1:colcon.colcon_core.environment:checking '/home/berenic/Documents/LPRS2_2026/Robo_Hand_RS485/ROS2/robo_hand_ws/install/xarm_api/bin'
[2.407s] INFO:colcon.colcon_core.shell:Creating package script '/home/berenic/Documents/LPRS2_2026/Robo_Hand_RS485/ROS2/robo_hand_ws/install/xarm_api/share/xarm_api/package.ps1'
[2.408s] INFO:colcon.colcon_core.shell:Creating package descriptor '/home/berenic/Documents/LPRS2_2026/Robo_Hand_RS485/ROS2/robo_hand_ws/install/xarm_api/share/xarm_api/package.dsv'
[2.409s] INFO:colcon.colcon_core.shell:Creating package script '/home/berenic/Documents/LPRS2_2026/Robo_Hand_RS485/ROS2/robo_hand_ws/install/xarm_api/share/xarm_api/package.sh'
[2.410s] INFO:colcon.colcon_core.shell:Creating package script '/home/berenic/Documents/LPRS2_2026/Robo_Hand_RS485/ROS2/robo_hand_ws/install/xarm_api/share/xarm_api/package.bash'
[2.410s] INFO:colcon.colcon_core.shell:Creating package script '/home/berenic/Documents/LPRS2_2026/Robo_Hand_RS485/ROS2/robo_hand_ws/install/xarm_api/share/xarm_api/package.zsh'
[2.411s] Level 1:colcon.colcon_core.environment:create_file_with_runtime_dependencies(/home/berenic/Documents/LPRS2_2026/Robo_Hand_RS485/ROS2/robo_hand_ws/install/xarm_api/share/colcon-core/packages/xarm_api)
[2.412s] INFO:colcon.colcon_ros.task.ament_cmake.build:Building ROS package in '/home/berenic/Documents/LPRS2_2026/Robo_Hand_RS485/ROS2/robo_hand_ws/src/xarm_ros2/xarm_controller' with build type 'ament_cmake'
[2.412s] INFO:colcon.colcon_cmake.task.cmake.build:Building CMake package in '/home/berenic/Documents/LPRS2_2026/Robo_Hand_RS485/ROS2/robo_hand_ws/src/xarm_ros2/xarm_controller'
[2.413s] INFO:colcon.colcon_core.shell:Skip shell extension 'powershell' for command environment: Not usable outside of PowerShell
[2.413s] DEBUG:colcon.colcon_core.shell:Skip shell extension 'dsv' for command environment
[2.448s] DEBUG:colcon.colcon_core.event_handler.log_command:Invoking command in '/home/berenic/Documents/LPRS2_2026/Robo_Hand_RS485/ROS2/robo_hand_ws/build/xarm_controller': CMAKE_PREFIX_PATH=/home/berenic/Documents/LPRS2_2026/Robo_Hand_RS485/ROS2/robo_hand_ws/install/xarm_api:/home/berenic/Documents/LPRS2_2026/Robo_Hand_RS485/ROS2/robo_hand_ws/install/xarm_sdk:/home/berenic/Documents/LPRS2_2026/Robo_Hand_RS485/ROS2/robo_hand_ws/install/xarm_msgs:/home/berenic/Documents/LPRS2_2026/Robo_Hand_RS485/ROS2/robo_hand_ws/install/xarm_description:/home/berenic/Documents/LPRS2_2026/Robo_Hand_RS485/ROS2/robo_hand_ws/install/glue_events_routines:/home/berenic/Documents/LPRS2_2026/Robo_Hand_RS485/ROS2/robo_hand_ws/install/xarm_planner:/home/berenic/Documents/LPRS2_2026/Robo_Hand_RS485/ROS2/robo_hand_ws/install/xarm_moveit_servo:/home/berenic/Documents/LPRS2_2026/Robo_Hand_RS485/ROS2/robo_hand_ws/install/xarm_moveit_config:/home/berenic/Documents/LPRS2_2026/Robo_Hand_RS485/ROS2/robo_hand_ws/install/xarm_gazebo:/home/berenic/Documents/LPRS2_2026/Robo_Hand_RS485/ROS2/robo_hand_ws/install/xarm_controller:/home/berenic/Documents/LPRS2_2026/Robo_Hand_RS485/ROS2/robo_hand_ws/install/mbot_demo:/home/berenic/Documents/LPRS2_2026/Robo_Hand_RS485/ROS2/robo_hand_ws/install/realsense_gazebo_plugin:/opt/ros/jazzy/opt/gz_sim_vendor:/opt/ros/jazzy/opt/gz_sensors_vendor:/opt/ros/jazzy/opt/gz_physics_vendor:/opt/ros/jazzy/opt/sdformat_vendor:/opt/ros/jazzy/opt/gz_gui_vendor:/opt/ros/jazzy/opt/gz_transport_vendor:/opt/ros/jazzy/opt/gz_rendering_vendor:/opt/ros/jazzy/opt/gz_plugin_vendor:/opt/ros/jazzy/opt/gz_fuel_tools_vendor:/opt/ros/jazzy/opt/gz_msgs_vendor:/opt/ros/jazzy/opt/gz_common_vendor:/opt/ros/jazzy/opt/gz_math_vendor:/opt/ros/jazzy/opt/gz_utils_vendor:/opt/ros/jazzy/opt/gz_tools_vendor:/opt/ros/jazzy/opt/gz_ogre_next_vendor:/opt/ros/jazzy/opt/gz_dartsim_vendor:/opt/ros/jazzy/opt/gz_cmake_vendor:/home/berenic/Documents/LPRS2_2026/Robo_Hand_RS485/ROS2/robo_hand_ws/install/uf_ros_lib:/opt/ros/jazzy DEBUGINFOD_URLS=https://debuginfod.ubuntu.com LD_LIBRARY_PATH=/home/berenic/Documents/LPRS2_2026/Robo_Hand_RS485/ROS2/robo_hand_ws/install/xarm_api/lib:/home/berenic/Documents/LPRS2_2026/Robo_Hand_RS485/ROS2/robo_hand_ws/install/xarm_sdk/lib:/home/berenic/Documents/LPRS2_2026/Robo_Hand_RS485/ROS2/robo_hand_ws/install/xarm_msgs/lib:/home/berenic/Documents/LPRS2_2026/Robo_Hand_RS485/ROS2/robo_hand_ws/install/xarm_planner/lib:/home/berenic/Documents/LPRS2_2026/Robo_Hand_RS485/ROS2/robo_hand_ws/install/xarm_moveit_servo/lib:/home/berenic/Documents/LPRS2_2026/Robo_Hand_RS485/ROS2/robo_hand_ws/install/xarm_gazebo/lib:/home/berenic/Documents/LPRS2_2026/Robo_Hand_RS485/ROS2/robo_hand_ws/install/xarm_controller/lib:/home/berenic/Documents/LPRS2_2026/Robo_Hand_RS485/ROS2/robo_hand_ws/install/realsense_gazebo_plugin/lib:/opt/ros/jazzy/opt/gz_sim_vendor/lib:/opt/ros/jazzy/opt/gz_sensors_vendor/lib:/opt/ros/jazzy/opt/gz_physics_vendor/lib:/opt/ros/jazzy/opt/sdformat_vendor/lib:/opt/ros/jazzy/opt/rviz_ogre_vendor/lib:/opt/ros/jazzy/lib/x86_64-linux-gnu:/opt/ros/jazzy/opt/gz_gui_vendor/lib:/opt/ros/jazzy/opt/gz_transport_vendor/lib:/opt/ros/jazzy/opt/gz_rendering_vendor/lib:/opt/ros/jazzy/opt/gz_plugin_vendor/lib:/opt/ros/jazzy/opt/gz_fuel_tools_vendor/lib:/opt/ros/jazzy/opt/gz_msgs_vendor/lib:/opt/ros/jazzy/opt/gz_common_vendor/lib:/opt/ros/jazzy/opt/gz_math_vendor/lib:/opt/ros/jazzy/opt/gz_utils_vendor/lib:/opt/ros/jazzy/opt/gz_tools_vendor/lib:/opt/ros/jazzy/opt/gz_ogre_next_vendor/lib:/opt/ros/jazzy/opt/gz_dartsim_vendor/lib:/opt/ros/jazzy/opt/gz_cmake_vendor/lib:/opt/ros/jazzy/lib /usr/bin/cmake --build /home/berenic/Documents/LPRS2_2026/Robo_Hand_RS485/ROS2/robo_hand_ws/build/xarm_controller -- -j12 -l12
[2.622s] DEBUG:colcon.colcon_core.event_handler.log_command:Invoked command in '/home/berenic/Documents/LPRS2_2026/Robo_Hand_RS485/ROS2/robo_hand_ws/build/xarm_controller' returned '0': CMAKE_PREFIX_PATH=/home/berenic/Documents/LPRS2_2026/Robo_Hand_RS485/ROS2/robo_hand_ws/install/xarm_api:/home/berenic/Documents/LPRS2_2026/Robo_Hand_RS485/ROS2/robo_hand_ws/install/xarm_sdk:/home/berenic/Documents/LPRS2_2026/Robo_Hand_RS485/ROS2/robo_hand_ws/install/xarm_msgs:/home/berenic/Documents/LPRS2_2026/Robo_Hand_RS485/ROS2/robo_hand_ws/install/xarm_description:/home/berenic/Documents/LPRS2_2026/Robo_Hand_RS485/ROS2/robo_hand_ws/install/glue_events_routines:/home/berenic/Documents/LPRS2_2026/Robo_Hand_RS485/ROS2/robo_hand_ws/install/xarm_planner:/home/berenic/Documents/LPRS2_2026/Robo_Hand_RS485/ROS2/robo_hand_ws/install/xarm_moveit_servo:/home/berenic/Documents/LPRS2_2026/Robo_Hand_RS485/ROS2/robo_hand_ws/install/xarm_moveit_config:/home/berenic/Documents/LPRS2_2026/Robo_Hand_RS485/ROS2/robo_hand_ws/install/xarm_gazebo:/home/berenic/Documents/LPRS2_2026/Robo_Hand_RS485/ROS2/robo_hand_ws/install/xarm_controller:/home/berenic/Documents/LPRS2_2026/Robo_Hand_RS485/ROS2/robo_hand_ws/install/mbot_demo:/home/berenic/Documents/LPRS2_2026/Robo_Hand_RS485/ROS2/robo_hand_ws/install/realsense_gazebo_plugin:/opt/ros/jazzy/opt/gz_sim_vendor:/opt/ros/jazzy/opt/gz_sensors_vendor:/opt/ros/jazzy/opt/gz_physics_vendor:/opt/ros/jazzy/opt/sdformat_vendor:/opt/ros/jazzy/opt/gz_gui_vendor:/opt/ros/jazzy/opt/gz_transport_vendor:/opt/ros/jazzy/opt/gz_rendering_vendor:/opt/ros/jazzy/opt/gz_plugin_vendor:/opt/ros/jazzy/opt/gz_fuel_tools_vendor:/opt/ros/jazzy/opt/gz_msgs_vendor:/opt/ros/jazzy/opt/gz_common_vendor:/opt/ros/jazzy/opt/gz_math_vendor:/opt/ros/jazzy/opt/gz_utils_vendor:/opt/ros/jazzy/opt/gz_tools_vendor:/opt/ros/jazzy/opt/gz_ogre_next_vendor:/opt/ros/jazzy/opt/gz_dartsim_vendor:/opt/ros/jazzy/opt/gz_cmake_vendor:/home/berenic/Documents/LPRS2_2026/Robo_Hand_RS485/ROS2/robo_hand_ws/install/uf_ros_lib:/opt/ros/jazzy DEBUGINFOD_URLS=https://debuginfod.ubuntu.com LD_LIBRARY_PATH=/home/berenic/Documents/LPRS2_2026/Robo_Hand_RS485/ROS2/robo_hand_ws/install/xarm_api/lib:/home/berenic/Documents/LPRS2_2026/Robo_Hand_RS485/ROS2/robo_hand_ws/install/xarm_sdk/lib:/home/berenic/Documents/LPRS2_2026/Robo_Hand_RS485/ROS2/robo_hand_ws/install/xarm_msgs/lib:/home/berenic/Documents/LPRS2_2026/Robo_Hand_RS485/ROS2/robo_hand_ws/install/xarm_planner/lib:/home/berenic/Documents/LPRS2_2026/Robo_Hand_RS485/ROS2/robo_hand_ws/install/xarm_moveit_servo/lib:/home/berenic/Documents/LPRS2_2026/Robo_Hand_RS485/ROS2/robo_hand_ws/install/xarm_gazebo/lib:/home/berenic/Documents/LPRS2_2026/Robo_Hand_RS485/ROS2/robo_hand_ws/install/xarm_controller/lib:/home/berenic/Documents/LPRS2_2026/Robo_Hand_RS485/ROS2/robo_hand_ws/install/realsense_gazebo_plugin/lib:/opt/ros/jazzy/opt/gz_sim_vendor/lib:/opt/ros/jazzy/opt/gz_sensors_vendor/lib:/opt/ros/jazzy/opt/gz_physics_vendor/lib:/opt/ros/jazzy/opt/sdformat_vendor/lib:/opt/ros/jazzy/opt/rviz_ogre_vendor/lib:/opt/ros/jazzy/lib/x86_64-linux-gnu:/opt/ros/jazzy/opt/gz_gui_vendor/lib:/opt/ros/jazzy/opt/gz_transport_vendor/lib:/opt/ros/jazzy/opt/gz_rendering_vendor/lib:/opt/ros/jazzy/opt/gz_plugin_vendor/lib:/opt/ros/jazzy/opt/gz_fuel_tools_vendor/lib:/opt/ros/jazzy/opt/gz_msgs_vendor/lib:/opt/ros/jazzy/opt/gz_common_vendor/lib:/opt/ros/jazzy/opt/gz_math_vendor/lib:/opt/ros/jazzy/opt/gz_utils_vendor/lib:/opt/ros/jazzy/opt/gz_tools_vendor/lib:/opt/ros/jazzy/opt/gz_ogre_next_vendor/lib:/opt/ros/jazzy/opt/gz_dartsim_vendor/lib:/opt/ros/jazzy/opt/gz_cmake_vendor/lib:/opt/ros/jazzy/lib /usr/bin/cmake --build /home/berenic/Documents/LPRS2_2026/Robo_Hand_RS485/ROS2/robo_hand_ws/build/xarm_controller -- -j12 -l12
[2.624s] DEBUG:colcon.colcon_core.event_handler.log_command:Invoking command in '/home/berenic/Documents/LPRS2_2026/Robo_Hand_RS485/ROS2/robo_hand_ws/build/xarm_controller': CMAKE_PREFIX_PATH=/home/berenic/Documents/LPRS2_2026/Robo_Hand_RS485/ROS2/robo_hand_ws/install/xarm_api:/home/berenic/Documents/LPRS2_2026/Robo_Hand_RS485/ROS2/robo_hand_ws/install/xarm_sdk:/home/berenic/Documents/LPRS2_2026/Robo_Hand_RS485/ROS2/robo_hand_ws/install/xarm_msgs:/home/berenic/Documents/LPRS2_2026/Robo_Hand_RS485/ROS2/robo_hand_ws/install/xarm_description:/home/berenic/Documents/LPRS2_2026/Robo_Hand_RS485/ROS2/robo_hand_ws/install/glue_events_routines:/home/berenic/Documents/LPRS2_2026/Robo_Hand_RS485/ROS2/robo_hand_ws/install/xarm_planner:/home/berenic/Documents/LPRS2_2026/Robo_Hand_RS485/ROS2/robo_hand_ws/install/xarm_moveit_servo:/home/berenic/Documents/LPRS2_2026/Robo_Hand_RS485/ROS2/robo_hand_ws/install/xarm_moveit_config:/home/berenic/Documents/LPRS2_2026/Robo_Hand_RS485/ROS2/robo_hand_ws/install/xarm_gazebo:/home/berenic/Documents/LPRS2_2026/Robo_Hand_RS485/ROS2/robo_hand_ws/install/xarm_controller:/home/berenic/Documents/LPRS2_2026/Robo_Hand_RS485/ROS2/robo_hand_ws/install/mbot_demo:/home/berenic/Documents/LPRS2_2026/Robo_Hand_RS485/ROS2/robo_hand_ws/install/realsense_gazebo_plugin:/opt/ros/jazzy/opt/gz_sim_vendor:/opt/ros/jazzy/opt/gz_sensors_vendor:/opt/ros/jazzy/opt/gz_physics_vendor:/opt/ros/jazzy/opt/sdformat_vendor:/opt/ros/jazzy/opt/gz_gui_vendor:/opt/ros/jazzy/opt/gz_transport_vendor:/opt/ros/jazzy/opt/gz_rendering_vendor:/opt/ros/jazzy/opt/gz_plugin_vendor:/opt/ros/jazzy/opt/gz_fuel_tools_vendor:/opt/ros/jazzy/opt/gz_msgs_vendor:/opt/ros/jazzy/opt/gz_common_vendor:/opt/ros/jazzy/opt/gz_math_vendor:/opt/ros/jazzy/opt/gz_utils_vendor:/opt/ros/jazzy/opt/gz_tools_vendor:/opt/ros/jazzy/opt/gz_ogre_next_vendor:/opt/ros/jazzy/opt/gz_dartsim_vendor:/opt/ros/jazzy/opt/gz_cmake_vendor:/home/berenic/Documents/LPRS2_2026/Robo_Hand_RS485/ROS2/robo_hand_ws/install/uf_ros_lib:/opt/ros/jazzy DEBUGINFOD_URLS=https://debuginfod.ubuntu.com LD_LIBRARY_PATH=/home/berenic/Documents/LPRS2_2026/Robo_Hand_RS485/ROS2/robo_hand_ws/install/xarm_api/lib:/home/berenic/Documents/LPRS2_2026/Robo_Hand_RS485/ROS2/robo_hand_ws/install/xarm_sdk/lib:/home/berenic/Documents/LPRS2_2026/Robo_Hand_RS485/ROS2/robo_hand_ws/install/xarm_msgs/lib:/home/berenic/Documents/LPRS2_2026/Robo_Hand_RS485/ROS2/robo_hand_ws/install/xarm_planner/lib:/home/berenic/Documents/LPRS2_2026/Robo_Hand_RS485/ROS2/robo_hand_ws/install/xarm_moveit_servo/lib:/home/berenic/Documents/LPRS2_2026/Robo_Hand_RS485/ROS2/robo_hand_ws/install/xarm_gazebo/lib:/home/berenic/Documents/LPRS2_2026/Robo_Hand_RS485/ROS2/robo_hand_ws/install/xarm_controller/lib:/home/berenic/Documents/LPRS2_2026/Robo_Hand_RS485/ROS2/robo_hand_ws/install/realsense_gazebo_plugin/lib:/opt/ros/jazzy/opt/gz_sim_vendor/lib:/opt/ros/jazzy/opt/gz_sensors_vendor/lib:/opt/ros/jazzy/opt/gz_physics_vendor/lib:/opt/ros/jazzy/opt/sdformat_vendor/lib:/opt/ros/jazzy/opt/rviz_ogre_vendor/lib:/opt/ros/jazzy/lib/x86_64-linux-gnu:/opt/ros/jazzy/opt/gz_gui_vendor/lib:/opt/ros/jazzy/opt/gz_transport_vendor/lib:/opt/ros/jazzy/opt/gz_rendering_vendor/lib:/opt/ros/jazzy/opt/gz_plugin_vendor/lib:/opt/ros/jazzy/opt/gz_fuel_tools_vendor/lib:/opt/ros/jazzy/opt/gz_msgs_vendor/lib:/opt/ros/jazzy/opt/gz_common_vendor/lib:/opt/ros/jazzy/opt/gz_math_vendor/lib:/opt/ros/jazzy/opt/gz_utils_vendor/lib:/opt/ros/jazzy/opt/gz_tools_vendor/lib:/opt/ros/jazzy/opt/gz_ogre_next_vendor/lib:/opt/ros/jazzy/opt/gz_dartsim_vendor/lib:/opt/ros/jazzy/opt/gz_cmake_vendor/lib:/opt/ros/jazzy/lib /usr/bin/cmake --install /home/berenic/Documents/LPRS2_2026/Robo_Hand_RS485/ROS2/robo_hand_ws/build/xarm_controller
[2.685s] Level 1:colcon.colcon_core.environment:create_environment_scripts_only(xarm_controller)
[2.686s] DEBUG:colcon.colcon_core.event_handler.log_command:Invoked command in '/home/berenic/Documents/LPRS2_2026/Robo_Hand_RS485/ROS2/robo_hand_ws/build/xarm_controller' returned '0': CMAKE_PREFIX_PATH=/home/berenic/Documents/LPRS2_2026/Robo_Hand_RS485/ROS2/robo_hand_ws/install/xarm_api:/home/berenic/Documents/LPRS2_2026/Robo_Hand_RS485/ROS2/robo_hand_ws/install/xarm_sdk:/home/berenic/Documents/LPRS2_2026/Robo_Hand_RS485/ROS2/robo_hand_ws/install/xarm_msgs:/home/berenic/Documents/LPRS2_2026/Robo_Hand_RS485/ROS2/robo_hand_ws/install/xarm_description:/home/berenic/Documents/LPRS2_2026/Robo_Hand_RS485/ROS2/robo_hand_ws/install/glue_events_routines:/home/berenic/Documents/LPRS2_2026/Robo_Hand_RS485/ROS2/robo_hand_ws/install/xarm_planner:/home/berenic/Documents/LPRS2_2026/Robo_Hand_RS485/ROS2/robo_hand_ws/install/xarm_moveit_servo:/home/berenic/Documents/LPRS2_2026/Robo_Hand_RS485/ROS2/robo_hand_ws/install/xarm_moveit_config:/home/berenic/Documents/LPRS2_2026/Robo_Hand_RS485/ROS2/robo_hand_ws/install/xarm_gazebo:/home/berenic/Documents/LPRS2_2026/Robo_Hand_RS485/ROS2/robo_hand_ws/install/xarm_controller:/home/berenic/Documents/LPRS2_2026/Robo_Hand_RS485/ROS2/robo_hand_ws/install/mbot_demo:/home/berenic/Documents/LPRS2_2026/Robo_Hand_RS485/ROS2/robo_hand_ws/install/realsense_gazebo_plugin:/opt/ros/jazzy/opt/gz_sim_vendor:/opt/ros/jazzy/opt/gz_sensors_vendor:/opt/ros/jazzy/opt/gz_physics_vendor:/opt/ros/jazzy/opt/sdformat_vendor:/opt/ros/jazzy/opt/gz_gui_vendor:/opt/ros/jazzy/opt/gz_transport_vendor:/opt/ros/jazzy/opt/gz_rendering_vendor:/opt/ros/jazzy/opt/gz_plugin_vendor:/opt/ros/jazzy/opt/gz_fuel_tools_vendor:/opt/ros/jazzy/opt/gz_msgs_vendor:/opt/ros/jazzy/opt/gz_common_vendor:/opt/ros/jazzy/opt/gz_math_vendor:/opt/ros/jazzy/opt/gz_utils_vendor:/opt/ros/jazzy/opt/gz_tools_vendor:/opt/ros/jazzy/opt/gz_ogre_next_vendor:/opt/ros/jazzy/opt/gz_dartsim_vendor:/opt/ros/jazzy/opt/gz_cmake_vendor:/home/berenic/Documents/LPRS2_2026/Robo_Hand_RS485/ROS2/robo_hand_ws/install/uf_ros_lib:/opt/ros/jazzy DEBUGINFOD_URLS=https://debuginfod.ubuntu.com LD_LIBRARY_PATH=/home/berenic/Documents/LPRS2_2026/Robo_Hand_RS485/ROS2/robo_hand_ws/install/xarm_api/lib:/home/berenic/Documents/LPRS2_2026/Robo_Hand_RS485/ROS2/robo_hand_ws/install/xarm_sdk/lib:/home/berenic/Documents/LPRS2_2026/Robo_Hand_RS485/ROS2/robo_hand_ws/install/xarm_msgs/lib:/home/berenic/Documents/LPRS2_2026/Robo_Hand_RS485/ROS2/robo_hand_ws/install/xarm_planner/lib:/home/berenic/Documents/LPRS2_2026/Robo_Hand_RS485/ROS2/robo_hand_ws/install/xarm_moveit_servo/lib:/home/berenic/Documents/LPRS2_2026/Robo_Hand_RS485/ROS2/robo_hand_ws/install/xarm_gazebo/lib:/home/berenic/Documents/LPRS2_2026/Robo_Hand_RS485/ROS2/robo_hand_ws/install/xarm_controller/lib:/home/berenic/Documents/LPRS2_2026/Robo_Hand_RS485/ROS2/robo_hand_ws/install/realsense_gazebo_plugin/lib:/opt/ros/jazzy/opt/gz_sim_vendor/lib:/opt/ros/jazzy/opt/gz_sensors_vendor/lib:/opt/ros/jazzy/opt/gz_physics_vendor/lib:/opt/ros/jazzy/opt/sdformat_vendor/lib:/opt/ros/jazzy/opt/rviz_ogre_vendor/lib:/opt/ros/jazzy/lib/x86_64-linux-gnu:/opt/ros/jazzy/opt/gz_gui_vendor/lib:/opt/ros/jazzy/opt/gz_transport_vendor/lib:/opt/ros/jazzy/opt/gz_rendering_vendor/lib:/opt/ros/jazzy/opt/gz_plugin_vendor/lib:/opt/ros/jazzy/opt/gz_fuel_tools_vendor/lib:/opt/ros/jazzy/opt/gz_msgs_vendor/lib:/opt/ros/jazzy/opt/gz_common_vendor/lib:/opt/ros/jazzy/opt/gz_math_vendor/lib:/opt/ros/jazzy/opt/gz_utils_vendor/lib:/opt/ros/jazzy/opt/gz_tools_vendor/lib:/opt/ros/jazzy/opt/gz_ogre_next_vendor/lib:/opt/ros/jazzy/opt/gz_dartsim_vendor/lib:/opt/ros/jazzy/opt/gz_cmake_vendor/lib:/opt/ros/jazzy/lib /usr/bin/cmake --install /home/berenic/Documents/LPRS2_2026/Robo_Hand_RS485/ROS2/robo_hand_ws/build/xarm_controller
[2.687s] Level 1:colcon.colcon_core.environment:checking '/home/berenic/Documents/LPRS2_2026/Robo_Hand_RS485/ROS2/robo_hand_ws/install/xarm_controller' for CMake module files
[2.688s] Level 1:colcon.colcon_core.environment:checking '/home/berenic/Documents/LPRS2_2026/Robo_Hand_RS485/ROS2/robo_hand_ws/install/xarm_controller' for CMake config files
[2.689s] Level 1:colcon.colcon_core.shell:create_environment_hook('xarm_controller', 'cmake_prefix_path')
[2.689s] INFO:colcon.colcon_core.shell:Creating environment hook '/home/berenic/Documents/LPRS2_2026/Robo_Hand_RS485/ROS2/robo_hand_ws/install/xarm_controller/share/xarm_controller/hook/cmake_prefix_path.ps1'
[2.690s] INFO:colcon.colcon_core.shell:Creating environment descriptor '/home/berenic/Documents/LPRS2_2026/Robo_Hand_RS485/ROS2/robo_hand_ws/install/xarm_controller/share/xarm_controller/hook/cmake_prefix_path.dsv'
[2.690s] INFO:colcon.colcon_core.shell:Creating environment hook '/home/berenic/Documents/LPRS2_2026/Robo_Hand_RS485/ROS2/robo_hand_ws/install/xarm_controller/share/xarm_controller/hook/cmake_prefix_path.sh'
[2.691s] Level 1:colcon.colcon_core.environment:checking '/home/berenic/Documents/LPRS2_2026/Robo_Hand_RS485/ROS2/robo_hand_ws/install/xarm_controller/lib'
[2.691s] Level 1:colcon.colcon_core.shell:create_environment_hook('xarm_controller', 'ld_library_path_lib')
[2.692s] INFO:colcon.colcon_core.shell:Creating environment hook '/home/berenic/Documents/LPRS2_2026/Robo_Hand_RS485/ROS2/robo_hand_ws/install/xarm_controller/share/xarm_controller/hook/ld_library_path_lib.ps1'
[2.692s] INFO:colcon.colcon_core.shell:Creating environment descriptor '/home/berenic/Documents/LPRS2_2026/Robo_Hand_RS485/ROS2/robo_hand_ws/install/xarm_controller/share/xarm_controller/hook/ld_library_path_lib.dsv'
[2.693s] INFO:colcon.colcon_core.shell:Creating environment hook '/home/berenic/Documents/LPRS2_2026/Robo_Hand_RS485/ROS2/robo_hand_ws/install/xarm_controller/share/xarm_controller/hook/ld_library_path_lib.sh'
[2.694s] Level 1:colcon.colcon_core.environment:checking '/home/berenic/Documents/LPRS2_2026/Robo_Hand_RS485/ROS2/robo_hand_ws/install/xarm_controller/bin'
[2.694s] Level 1:colcon.colcon_core.environment:checking '/home/berenic/Documents/LPRS2_2026/Robo_Hand_RS485/ROS2/robo_hand_ws/install/xarm_controller/lib/pkgconfig/xarm_controller.pc'
[2.694s] Level 1:colcon.colcon_core.environment:checking '/home/berenic/Documents/LPRS2_2026/Robo_Hand_RS485/ROS2/robo_hand_ws/install/xarm_controller/lib/python3.12/site-packages'
[2.695s] Level 1:colcon.colcon_core.environment:checking '/home/berenic/Documents/LPRS2_2026/Robo_Hand_RS485/ROS2/robo_hand_ws/install/xarm_controller/bin'
[2.695s] INFO:colcon.colcon_core.shell:Creating package script '/home/berenic/Documents/LPRS2_2026/Robo_Hand_RS485/ROS2/robo_hand_ws/install/xarm_controller/share/xarm_controller/package.ps1'
[2.696s] INFO:colcon.colcon_core.shell:Creating package descriptor '/home/berenic/Documents/LPRS2_2026/Robo_Hand_RS485/ROS2/robo_hand_ws/install/xarm_controller/share/xarm_controller/package.dsv'
[2.697s] INFO:colcon.colcon_core.shell:Creating package script '/home/berenic/Documents/LPRS2_2026/Robo_Hand_RS485/ROS2/robo_hand_ws/install/xarm_controller/share/xarm_controller/package.sh'
[2.698s] INFO:colcon.colcon_core.shell:Creating package script '/home/berenic/Documents/LPRS2_2026/Robo_Hand_RS485/ROS2/robo_hand_ws/install/xarm_controller/share/xarm_controller/package.bash'
[2.699s] INFO:colcon.colcon_core.shell:Creating package script '/home/berenic/Documents/LPRS2_2026/Robo_Hand_RS485/ROS2/robo_hand_ws/install/xarm_controller/share/xarm_controller/package.zsh'
[2.699s] Level 1:colcon.colcon_core.environment:create_file_with_runtime_dependencies(/home/berenic/Documents/LPRS2_2026/Robo_Hand_RS485/ROS2/robo_hand_ws/install/xarm_controller/share/colcon-core/packages/xarm_controller)
[2.701s] Level 1:colcon.colcon_core.environment:create_environment_scripts_only(xarm_controller)
[2.701s] Level 1:colcon.colcon_core.environment:checking '/home/berenic/Documents/LPRS2_2026/Robo_Hand_RS485/ROS2/robo_hand_ws/install/xarm_controller' for CMake module files
[2.702s] Level 1:colcon.colcon_core.environment:checking '/home/berenic/Documents/LPRS2_2026/Robo_Hand_RS485/ROS2/robo_hand_ws/install/xarm_controller' for CMake config files
[2.702s] Level 1:colcon.colcon_core.shell:create_environment_hook('xarm_controller', 'cmake_prefix_path')
[2.703s] INFO:colcon.colcon_core.shell:Creating environment hook '/home/berenic/Documents/LPRS2_2026/Robo_Hand_RS485/ROS2/robo_hand_ws/install/xarm_controller/share/xarm_controller/hook/cmake_prefix_path.ps1'
[2.703s] INFO:colcon.colcon_core.shell:Creating environment descriptor '/home/berenic/Documents/LPRS2_2026/Robo_Hand_RS485/ROS2/robo_hand_ws/install/xarm_controller/share/xarm_controller/hook/cmake_prefix_path.dsv'
[2.704s] INFO:colcon.colcon_core.shell:Creating environment hook '/home/berenic/Documents/LPRS2_2026/Robo_Hand_RS485/ROS2/robo_hand_ws/install/xarm_controller/share/xarm_controller/hook/cmake_prefix_path.sh'
[2.705s] Level 1:colcon.colcon_core.environment:checking '/home/berenic/Documents/LPRS2_2026/Robo_Hand_RS485/ROS2/robo_hand_ws/install/xarm_controller/lib'
[2.705s] Level 1:colcon.colcon_core.shell:create_environment_hook('xarm_controller', 'ld_library_path_lib')
[2.706s] INFO:colcon.colcon_core.shell:Creating environment hook '/home/berenic/Documents/LPRS2_2026/Robo_Hand_RS485/ROS2/robo_hand_ws/install/xarm_controller/share/xarm_controller/hook/ld_library_path_lib.ps1'
[2.706s] INFO:colcon.colcon_core.shell:Creating environment descriptor '/home/berenic/Documents/LPRS2_2026/Robo_Hand_RS485/ROS2/robo_hand_ws/install/xarm_controller/share/xarm_controller/hook/ld_library_path_lib.dsv'
[2.707s] INFO:colcon.colcon_core.shell:Creating environment hook '/home/berenic/Documents/LPRS2_2026/Robo_Hand_RS485/ROS2/robo_hand_ws/install/xarm_controller/share/xarm_controller/hook/ld_library_path_lib.sh'
[2.707s] Level 1:colcon.colcon_core.environment:checking '/home/berenic/Documents/LPRS2_2026/Robo_Hand_RS485/ROS2/robo_hand_ws/install/xarm_controller/bin'
[2.708s] Level 1:colcon.colcon_core.environment:checking '/home/berenic/Documents/LPRS2_2026/Robo_Hand_RS485/ROS2/robo_hand_ws/install/xarm_controller/lib/pkgconfig/xarm_controller.pc'
[2.708s] Level 1:colcon.colcon_core.environment:checking '/home/berenic/Documents/LPRS2_2026/Robo_Hand_RS485/ROS2/robo_hand_ws/install/xarm_controller/lib/python3.12/site-packages'
[2.709s] Level 1:colcon.colcon_core.environment:checking '/home/berenic/Documents/LPRS2_2026/Robo_Hand_RS485/ROS2/robo_hand_ws/install/xarm_controller/bin'
[2.709s] INFO:colcon.colcon_core.shell:Creating package script '/home/berenic/Documents/LPRS2_2026/Robo_Hand_RS485/ROS2/robo_hand_ws/install/xarm_controller/share/xarm_controller/package.ps1'
[2.710s] INFO:colcon.colcon_core.shell:Creating package descriptor '/home/berenic/Documents/LPRS2_2026/Robo_Hand_RS485/ROS2/robo_hand_ws/install/xarm_controller/share/xarm_controller/package.dsv'
[2.711s] INFO:colcon.colcon_core.shell:Creating package script '/home/berenic/Documents/LPRS2_2026/Robo_Hand_RS485/ROS2/robo_hand_ws/install/xarm_controller/share/xarm_controller/package.sh'
[2.712s] INFO:colcon.colcon_core.shell:Creating package script '/home/berenic/Documents/LPRS2_2026/Robo_Hand_RS485/ROS2/robo_hand_ws/install/xarm_controller/share/xarm_controller/package.bash'
[2.713s] INFO:colcon.colcon_core.shell:Creating package script '/home/berenic/Documents/LPRS2_2026/Robo_Hand_RS485/ROS2/robo_hand_ws/install/xarm_controller/share/xarm_controller/package.zsh'
[2.713s] Level 1:colcon.colcon_core.environment:create_file_with_runtime_dependencies(/home/berenic/Documents/LPRS2_2026/Robo_Hand_RS485/ROS2/robo_hand_ws/install/xarm_controller/share/colcon-core/packages/xarm_controller)
[3.759s] Level 1:colcon.colcon_core.shell:create_environment_hook('uf_ros_lib', 'pythonpath_develop')
[3.760s] INFO:colcon.colcon_core.shell:Creating environment hook '/home/berenic/Documents/LPRS2_2026/Robo_Hand_RS485/ROS2/robo_hand_ws/build/uf_ros_lib/share/uf_ros_lib/hook/pythonpath_develop.ps1'
[3.761s] DEBUG:colcon.colcon_core.event_handler.log_command:Invoked command in '/home/berenic/Documents/LPRS2_2026/Robo_Hand_RS485/ROS2/robo_hand_ws/build/uf_ros_lib' returned '0': DEBUGINFOD_URLS=https://debuginfod.ubuntu.com PYTHONPATH=/home/berenic/Documents/LPRS2_2026/Robo_Hand_RS485/ROS2/robo_hand_ws/build/uf_ros_lib/prefix_override:/usr/lib/python3/dist-packages/colcon_core/task/python/colcon_distutils_commands:/home/berenic/Documents/LPRS2_2026/Robo_Hand_RS485/ROS2/robo_hand_ws/install/uf_ros_lib/lib/python3.12/site-packages:${PYTHONPATH} /usr/bin/python3 -W ignore:setup.py install is deprecated -W ignore:easy_install command is deprecated setup.py develop --editable --build-directory /home/berenic/Documents/LPRS2_2026/Robo_Hand_RS485/ROS2/robo_hand_ws/build/uf_ros_lib/build --no-deps symlink_data
[3.761s] INFO:colcon.colcon_core.shell:Creating environment descriptor '/home/berenic/Documents/LPRS2_2026/Robo_Hand_RS485/ROS2/robo_hand_ws/build/uf_ros_lib/share/uf_ros_lib/hook/pythonpath_develop.dsv'
[3.762s] INFO:colcon.colcon_core.shell:Creating environment hook '/home/berenic/Documents/LPRS2_2026/Robo_Hand_RS485/ROS2/robo_hand_ws/build/uf_ros_lib/share/uf_ros_lib/hook/pythonpath_develop.sh'
[3.763s] Level 1:colcon.colcon_core.environment:checking '/home/berenic/Documents/LPRS2_2026/Robo_Hand_RS485/ROS2/robo_hand_ws/install/uf_ros_lib' for CMake module files
[3.764s] Level 1:colcon.colcon_core.environment:checking '/home/berenic/Documents/LPRS2_2026/Robo_Hand_RS485/ROS2/robo_hand_ws/install/uf_ros_lib' for CMake config files
[3.765s] Level 1:colcon.colcon_core.environment:checking '/home/berenic/Documents/LPRS2_2026/Robo_Hand_RS485/ROS2/robo_hand_ws/install/uf_ros_lib/lib'
[3.765s] Level 1:colcon.colcon_core.environment:checking '/home/berenic/Documents/LPRS2_2026/Robo_Hand_RS485/ROS2/robo_hand_ws/install/uf_ros_lib/bin'
[3.765s] Level 1:colcon.colcon_core.environment:checking '/home/berenic/Documents/LPRS2_2026/Robo_Hand_RS485/ROS2/robo_hand_ws/install/uf_ros_lib/lib/pkgconfig/uf_ros_lib.pc'
[3.766s] Level 1:colcon.colcon_core.environment:checking '/home/berenic/Documents/LPRS2_2026/Robo_Hand_RS485/ROS2/robo_hand_ws/install/uf_ros_lib/lib/python3.12/site-packages'
[3.766s] Level 1:colcon.colcon_core.shell:create_environment_hook('uf_ros_lib', 'pythonpath')
[3.766s] INFO:colcon.colcon_core.shell:Creating environment hook '/home/berenic/Documents/LPRS2_2026/Robo_Hand_RS485/ROS2/robo_hand_ws/install/uf_ros_lib/share/uf_ros_lib/hook/pythonpath.ps1'
[3.767s] INFO:colcon.colcon_core.shell:Creating environment descriptor '/home/berenic/Documents/LPRS2_2026/Robo_Hand_RS485/ROS2/robo_hand_ws/install/uf_ros_lib/share/uf_ros_lib/hook/pythonpath.dsv'
[3.768s] INFO:colcon.colcon_core.shell:Creating environment hook '/home/berenic/Documents/LPRS2_2026/Robo_Hand_RS485/ROS2/robo_hand_ws/install/uf_ros_lib/share/uf_ros_lib/hook/pythonpath.sh'
[3.769s] Level 1:colcon.colcon_core.environment:checking '/home/berenic/Documents/LPRS2_2026/Robo_Hand_RS485/ROS2/robo_hand_ws/install/uf_ros_lib/bin'
[3.769s] Level 1:colcon.colcon_core.environment:create_environment_scripts_only(uf_ros_lib)
[3.769s] INFO:colcon.colcon_core.shell:Creating package script '/home/berenic/Documents/LPRS2_2026/Robo_Hand_RS485/ROS2/robo_hand_ws/install/uf_ros_lib/share/uf_ros_lib/package.ps1'
[3.770s] INFO:colcon.colcon_core.shell:Creating package descriptor '/home/berenic/Documents/LPRS2_2026/Robo_Hand_RS485/ROS2/robo_hand_ws/install/uf_ros_lib/share/uf_ros_lib/package.dsv'
[3.771s] INFO:colcon.colcon_core.shell:Creating package script '/home/berenic/Documents/LPRS2_2026/Robo_Hand_RS485/ROS2/robo_hand_ws/install/uf_ros_lib/share/uf_ros_lib/package.sh'
[3.772s] INFO:colcon.colcon_core.shell:Creating package script '/home/berenic/Documents/LPRS2_2026/Robo_Hand_RS485/ROS2/robo_hand_ws/install/uf_ros_lib/share/uf_ros_lib/package.bash'
[3.773s] INFO:colcon.colcon_core.shell:Creating package script '/home/berenic/Documents/LPRS2_2026/Robo_Hand_RS485/ROS2/robo_hand_ws/install/uf_ros_lib/share/uf_ros_lib/package.zsh'
[3.773s] Level 1:colcon.colcon_core.environment:create_file_with_runtime_dependencies(/home/berenic/Documents/LPRS2_2026/Robo_Hand_RS485/ROS2/robo_hand_ws/install/uf_ros_lib/share/colcon-core/packages/uf_ros_lib)
[3.774s] INFO:colcon.colcon_ros.task.ament_cmake.build:Building ROS package in '/home/berenic/Documents/LPRS2_2026/Robo_Hand_RS485/ROS2/robo_hand_ws/src/xarm_ros2/xarm_gazebo' with build type 'ament_cmake'
[3.775s] INFO:colcon.colcon_cmake.task.cmake.build:Building CMake package in '/home/berenic/Documents/LPRS2_2026/Robo_Hand_RS485/ROS2/robo_hand_ws/src/xarm_ros2/xarm_gazebo'
[3.775s] INFO:colcon.colcon_core.shell:Skip shell extension 'powershell' for command environment: Not usable outside of PowerShell
[3.776s] DEBUG:colcon.colcon_core.shell:Skip shell extension 'dsv' for command environment
[3.784s] INFO:colcon.colcon_ros.task.ament_cmake.build:Building ROS package in '/home/berenic/Documents/LPRS2_2026/Robo_Hand_RS485/ROS2/robo_hand_ws/src/xarm_ros2/demo/mbot_demo' with build type 'ament_cmake'
[3.785s] INFO:colcon.colcon_cmake.task.cmake.build:Building CMake package in '/home/berenic/Documents/LPRS2_2026/Robo_Hand_RS485/ROS2/robo_hand_ws/src/xarm_ros2/demo/mbot_demo'
[3.785s] INFO:colcon.colcon_core.shell:Skip shell extension 'powershell' for command environment: Not usable outside of PowerShell
[3.785s] DEBUG:colcon.colcon_core.shell:Skip shell extension 'dsv' for command environment
[3.805s] DEBUG:colcon.colcon_core.event_handler.log_command:Invoking command in '/home/berenic/Documents/LPRS2_2026/Robo_Hand_RS485/ROS2/robo_hand_ws/build/mbot_demo': AMENT_PREFIX_PATH=/home/berenic/Documents/LPRS2_2026/Robo_Hand_RS485/ROS2/robo_hand_ws/install/uf_ros_lib:/home/berenic/Documents/LPRS2_2026/Robo_Hand_RS485/ROS2/robo_hand_ws/install/glue_events_routines:/home/berenic/Documents/LPRS2_2026/Robo_Hand_RS485/ROS2/robo_hand_ws/install/xarm_planner:/home/berenic/Documents/LPRS2_2026/Robo_Hand_RS485/ROS2/robo_hand_ws/install/xarm_moveit_servo:/home/berenic/Documents/LPRS2_2026/Robo_Hand_RS485/ROS2/robo_hand_ws/install/xarm_moveit_config:/home/berenic/Documents/LPRS2_2026/Robo_Hand_RS485/ROS2/robo_hand_ws/install/xarm_gazebo:/home/berenic/Documents/LPRS2_2026/Robo_Hand_RS485/ROS2/robo_hand_ws/install/xarm_controller:/home/berenic/Documents/LPRS2_2026/Robo_Hand_RS485/ROS2/robo_hand_ws/install/xarm_api:/home/berenic/Documents/LPRS2_2026/Robo_Hand_RS485/ROS2/robo_hand_ws/install/xarm_sdk:/home/berenic/Documents/LPRS2_2026/Robo_Hand_RS485/ROS2/robo_hand_ws/install/xarm_msgs:/home/berenic/Documents/LPRS2_2026/Robo_Hand_RS485/ROS2/robo_hand_ws/install/xarm_description:/home/berenic/Documents/LPRS2_2026/Robo_Hand_RS485/ROS2/robo_hand_ws/install/mbot_demo:/home/berenic/Documents/LPRS2_2026/Robo_Hand_RS485/ROS2/robo_hand_ws/install/realsense_gazebo_plugin:/opt/ros/jazzy CMAKE_PREFIX_PATH=${CMAKE_PREFIX_PATH}:/home/berenic/Documents/LPRS2_2026/Robo_Hand_RS485/ROS2/robo_hand_ws/install/uf_ros_lib:/opt/ros/jazzy DEBUGINFOD_URLS=https://debuginfod.ubuntu.com PYTHONPATH=/home/berenic/Documents/LPRS2_2026/Robo_Hand_RS485/ROS2/robo_hand_ws/build/uf_ros_lib:/home/berenic/Documents/LPRS2_2026/Robo_Hand_RS485/ROS2/robo_hand_ws/install/uf_ros_lib/lib/python3.12/site-packages:/home/berenic/Documents/LPRS2_2026/Robo_Hand_RS485/ROS2/robo_hand_ws/install/xarm_msgs/lib/python3.12/site-packages:/opt/ros/jazzy/lib/python3.12/site-packages /usr/bin/cmake --build /home/berenic/Documents/LPRS2_2026/Robo_Hand_RS485/ROS2/robo_hand_ws/build/mbot_demo -- -j12 -l12
[3.817s] DEBUG:colcon.colcon_core.event_handler.log_command:Invoking command in '/home/berenic/Documents/LPRS2_2026/Robo_Hand_RS485/ROS2/robo_hand_ws/build/xarm_gazebo': AMENT_PREFIX_PATH=/home/berenic/Documents/LPRS2_2026/Robo_Hand_RS485/ROS2/robo_hand_ws/install/uf_ros_lib:/home/berenic/Documents/LPRS2_2026/Robo_Hand_RS485/ROS2/robo_hand_ws/install/glue_events_routines:/home/berenic/Documents/LPRS2_2026/Robo_Hand_RS485/ROS2/robo_hand_ws/install/xarm_planner:/home/berenic/Documents/LPRS2_2026/Robo_Hand_RS485/ROS2/robo_hand_ws/install/xarm_moveit_servo:/home/berenic/Documents/LPRS2_2026/Robo_Hand_RS485/ROS2/robo_hand_ws/install/xarm_moveit_config:/home/berenic/Documents/LPRS2_2026/Robo_Hand_RS485/ROS2/robo_hand_ws/install/xarm_gazebo:/home/berenic/Documents/LPRS2_2026/Robo_Hand_RS485/ROS2/robo_hand_ws/install/xarm_controller:/home/berenic/Documents/LPRS2_2026/Robo_Hand_RS485/ROS2/robo_hand_ws/install/xarm_api:/home/berenic/Documents/LPRS2_2026/Robo_Hand_RS485/ROS2/robo_hand_ws/install/xarm_sdk:/home/berenic/Documents/LPRS2_2026/Robo_Hand_RS485/ROS2/robo_hand_ws/install/xarm_msgs:/home/berenic/Documents/LPRS2_2026/Robo_Hand_RS485/ROS2/robo_hand_ws/install/xarm_description:/home/berenic/Documents/LPRS2_2026/Robo_Hand_RS485/ROS2/robo_hand_ws/install/mbot_demo:/home/berenic/Documents/LPRS2_2026/Robo_Hand_RS485/ROS2/robo_hand_ws/install/realsense_gazebo_plugin:/opt/ros/jazzy CMAKE_PREFIX_PATH=/home/berenic/Documents/LPRS2_2026/Robo_Hand_RS485/ROS2/robo_hand_ws/install/xarm_controller:/home/berenic/Documents/LPRS2_2026/Robo_Hand_RS485/ROS2/robo_hand_ws/install/xarm_api:/home/berenic/Documents/LPRS2_2026/Robo_Hand_RS485/ROS2/robo_hand_ws/install/xarm_sdk:/home/berenic/Documents/LPRS2_2026/Robo_Hand_RS485/ROS2/robo_hand_ws/install/xarm_msgs:/home/berenic/Documents/LPRS2_2026/Robo_Hand_RS485/ROS2/robo_hand_ws/install/xarm_description:/home/berenic/Documents/LPRS2_2026/Robo_Hand_RS485/ROS2/robo_hand_ws/install/glue_events_routines:/home/berenic/Documents/LPRS2_2026/Robo_Hand_RS485/ROS2/robo_hand_ws/install/xarm_planner:/home/berenic/Documents/LPRS2_2026/Robo_Hand_RS485/ROS2/robo_hand_ws/install/xarm_moveit_servo:/home/berenic/Documents/LPRS2_2026/Robo_Hand_RS485/ROS2/robo_hand_ws/install/xarm_moveit_config:/home/berenic/Documents/LPRS2_2026/Robo_Hand_RS485/ROS2/robo_hand_ws/install/xarm_gazebo:/home/berenic/Documents/LPRS2_2026/Robo_Hand_RS485/ROS2/robo_hand_ws/install/mbot_demo:/home/berenic/Documents/LPRS2_2026/Robo_Hand_RS485/ROS2/robo_hand_ws/install/realsense_gazebo_plugin:/opt/ros/jazzy/opt/gz_sim_vendor:/opt/ros/jazzy/opt/gz_sensors_vendor:/opt/ros/jazzy/opt/gz_physics_vendor:/opt/ros/jazzy/opt/sdformat_vendor:/opt/ros/jazzy/opt/gz_gui_vendor:/opt/ros/jazzy/opt/gz_transport_vendor:/opt/ros/jazzy/opt/gz_rendering_vendor:/opt/ros/jazzy/opt/gz_plugin_vendor:/opt/ros/jazzy/opt/gz_fuel_tools_vendor:/opt/ros/jazzy/opt/gz_msgs_vendor:/opt/ros/jazzy/opt/gz_common_vendor:/opt/ros/jazzy/opt/gz_math_vendor:/opt/ros/jazzy/opt/gz_utils_vendor:/opt/ros/jazzy/opt/gz_tools_vendor:/opt/ros/jazzy/opt/gz_ogre_next_vendor:/opt/ros/jazzy/opt/gz_dartsim_vendor:/opt/ros/jazzy/opt/gz_cmake_vendor:/home/berenic/Documents/LPRS2_2026/Robo_Hand_RS485/ROS2/robo_hand_ws/install/uf_ros_lib:/opt/ros/jazzy DEBUGINFOD_URLS=https://debuginfod.ubuntu.com LD_LIBRARY_PATH=/home/berenic/Documents/LPRS2_2026/Robo_Hand_RS485/ROS2/robo_hand_ws/install/xarm_controller/lib:/home/berenic/Documents/LPRS2_2026/Robo_Hand_RS485/ROS2/robo_hand_ws/install/xarm_api/lib:/home/berenic/Documents/LPRS2_2026/Robo_Hand_RS485/ROS2/robo_hand_ws/install/xarm_sdk/lib:/home/berenic/Documents/LPRS2_2026/Robo_Hand_RS485/ROS2/robo_hand_ws/install/xarm_msgs/lib:/home/berenic/Documents/LPRS2_2026/Robo_Hand_RS485/ROS2/robo_hand_ws/install/xarm_planner/lib:/home/berenic/Documents/LPRS2_2026/Robo_Hand_RS485/ROS2/robo_hand_ws/install/xarm_moveit_servo/lib:/home/berenic/Documents/LPRS2_2026/Robo_Hand_RS485/ROS2/robo_hand_ws/install/xarm_gazebo/lib:/home/berenic/Documents/LPRS2_2026/Robo_Hand_RS485/ROS2/robo_hand_ws/install/realsense_gazebo_plugin/lib:/opt/ros/jazzy/opt/gz_sim_vendor/lib:/opt/ros/jazzy/opt/gz_sensors_vendor/lib:/opt/ros/jazzy/opt/gz_physics_vendor/lib:/opt/ros/jazzy/opt/sdformat_vendor/lib:/opt/ros/jazzy/opt/rviz_ogre_vendor/lib:/opt/ros/jazzy/lib/x86_64-linux-gnu:/opt/ros/jazzy/opt/gz_gui_vendor/lib:/opt/ros/jazzy/opt/gz_transport_vendor/lib:/opt/ros/jazzy/opt/gz_rendering_vendor/lib:/opt/ros/jazzy/opt/gz_plugin_vendor/lib:/opt/ros/jazzy/opt/gz_fuel_tools_vendor/lib:/opt/ros/jazzy/opt/gz_msgs_vendor/lib:/opt/ros/jazzy/opt/gz_common_vendor/lib:/opt/ros/jazzy/opt/gz_math_vendor/lib:/opt/ros/jazzy/opt/gz_utils_vendor/lib:/opt/ros/jazzy/opt/gz_tools_vendor/lib:/opt/ros/jazzy/opt/gz_ogre_next_vendor/lib:/opt/ros/jazzy/opt/gz_dartsim_vendor/lib:/opt/ros/jazzy/opt/gz_cmake_vendor/lib:/opt/ros/jazzy/lib /usr/bin/cmake --build /home/berenic/Documents/LPRS2_2026/Robo_Hand_RS485/ROS2/robo_hand_ws/build/xarm_gazebo -- -j12 -l12
[3.888s] DEBUG:colcon.colcon_core.event_handler.log_command:Invoked command in '/home/berenic/Documents/LPRS2_2026/Robo_Hand_RS485/ROS2/robo_hand_ws/build/mbot_demo' returned '0': AMENT_PREFIX_PATH=/home/berenic/Documents/LPRS2_2026/Robo_Hand_RS485/ROS2/robo_hand_ws/install/uf_ros_lib:/home/berenic/Documents/LPRS2_2026/Robo_Hand_RS485/ROS2/robo_hand_ws/install/glue_events_routines:/home/berenic/Documents/LPRS2_2026/Robo_Hand_RS485/ROS2/robo_hand_ws/install/xarm_planner:/home/berenic/Documents/LPRS2_2026/Robo_Hand_RS485/ROS2/robo_hand_ws/install/xarm_moveit_servo:/home/berenic/Documents/LPRS2_2026/Robo_Hand_RS485/ROS2/robo_hand_ws/install/xarm_moveit_config:/home/berenic/Documents/LPRS2_2026/Robo_Hand_RS485/ROS2/robo_hand_ws/install/xarm_gazebo:/home/berenic/Documents/LPRS2_2026/Robo_Hand_RS485/ROS2/robo_hand_ws/install/xarm_controller:/home/berenic/Documents/LPRS2_2026/Robo_Hand_RS485/ROS2/robo_hand_ws/install/xarm_api:/home/berenic/Documents/LPRS2_2026/Robo_Hand_RS485/ROS2/robo_hand_ws/install/xarm_sdk:/home/berenic/Documents/LPRS2_2026/Robo_Hand_RS485/ROS2/robo_hand_ws/install/xarm_msgs:/home/berenic/Documents/LPRS2_2026/Robo_Hand_RS485/ROS2/robo_hand_ws/install/xarm_description:/home/berenic/Documents/LPRS2_2026/Robo_Hand_RS485/ROS2/robo_hand_ws/install/mbot_demo:/home/berenic/Documents/LPRS2_2026/Robo_Hand_RS485/ROS2/robo_hand_ws/install/realsense_gazebo_plugin:/opt/ros/jazzy CMAKE_PREFIX_PATH=${CMAKE_PREFIX_PATH}:/home/berenic/Documents/LPRS2_2026/Robo_Hand_RS485/ROS2/robo_hand_ws/install/uf_ros_lib:/opt/ros/jazzy DEBUGINFOD_URLS=https://debuginfod.ubuntu.com PYTHONPATH=/home/berenic/Documents/LPRS2_2026/Robo_Hand_RS485/ROS2/robo_hand_ws/build/uf_ros_lib:/home/berenic/Documents/LPRS2_2026/Robo_Hand_RS485/ROS2/robo_hand_ws/install/uf_ros_lib/lib/python3.12/site-packages:/home/berenic/Documents/LPRS2_2026/Robo_Hand_RS485/ROS2/robo_hand_ws/install/xarm_msgs/lib/python3.12/site-packages:/opt/ros/jazzy/lib/python3.12/site-packages /usr/bin/cmake --build /home/berenic/Documents/LPRS2_2026/Robo_Hand_RS485/ROS2/robo_hand_ws/build/mbot_demo -- -j12 -l12
[3.890s] DEBUG:colcon.colcon_core.event_handler.log_command:Invoking command in '/home/berenic/Documents/LPRS2_2026/Robo_Hand_RS485/ROS2/robo_hand_ws/build/mbot_demo': AMENT_PREFIX_PATH=/home/berenic/Documents/LPRS2_2026/Robo_Hand_RS485/ROS2/robo_hand_ws/install/uf_ros_lib:/home/berenic/Documents/LPRS2_2026/Robo_Hand_RS485/ROS2/robo_hand_ws/install/glue_events_routines:/home/berenic/Documents/LPRS2_2026/Robo_Hand_RS485/ROS2/robo_hand_ws/install/xarm_planner:/home/berenic/Documents/LPRS2_2026/Robo_Hand_RS485/ROS2/robo_hand_ws/install/xarm_moveit_servo:/home/berenic/Documents/LPRS2_2026/Robo_Hand_RS485/ROS2/robo_hand_ws/install/xarm_moveit_config:/home/berenic/Documents/LPRS2_2026/Robo_Hand_RS485/ROS2/robo_hand_ws/install/xarm_gazebo:/home/berenic/Documents/LPRS2_2026/Robo_Hand_RS485/ROS2/robo_hand_ws/install/xarm_controller:/home/berenic/Documents/LPRS2_2026/Robo_Hand_RS485/ROS2/robo_hand_ws/install/xarm_api:/home/berenic/Documents/LPRS2_2026/Robo_Hand_RS485/ROS2/robo_hand_ws/install/xarm_sdk:/home/berenic/Documents/LPRS2_2026/Robo_Hand_RS485/ROS2/robo_hand_ws/install/xarm_msgs:/home/berenic/Documents/LPRS2_2026/Robo_Hand_RS485/ROS2/robo_hand_ws/install/xarm_description:/home/berenic/Documents/LPRS2_2026/Robo_Hand_RS485/ROS2/robo_hand_ws/install/mbot_demo:/home/berenic/Documents/LPRS2_2026/Robo_Hand_RS485/ROS2/robo_hand_ws/install/realsense_gazebo_plugin:/opt/ros/jazzy CMAKE_PREFIX_PATH=${CMAKE_PREFIX_PATH}:/home/berenic/Documents/LPRS2_2026/Robo_Hand_RS485/ROS2/robo_hand_ws/install/uf_ros_lib:/opt/ros/jazzy DEBUGINFOD_URLS=https://debuginfod.ubuntu.com PYTHONPATH=/home/berenic/Documents/LPRS2_2026/Robo_Hand_RS485/ROS2/robo_hand_ws/build/uf_ros_lib:/home/berenic/Documents/LPRS2_2026/Robo_Hand_RS485/ROS2/robo_hand_ws/install/uf_ros_lib/lib/python3.12/site-packages:/home/berenic/Documents/LPRS2_2026/Robo_Hand_RS485/ROS2/robo_hand_ws/install/xarm_msgs/lib/python3.12/site-packages:/opt/ros/jazzy/lib/python3.12/site-packages /usr/bin/cmake --install /home/berenic/Documents/LPRS2_2026/Robo_Hand_RS485/ROS2/robo_hand_ws/build/mbot_demo
[3.945s] Level 1:colcon.colcon_core.environment:create_environment_scripts_only(mbot_demo)
[3.945s] Level 1:colcon.colcon_core.environment:checking '/home/berenic/Documents/LPRS2_2026/Robo_Hand_RS485/ROS2/robo_hand_ws/install/mbot_demo' for CMake module files
[3.946s] DEBUG:colcon.colcon_core.event_handler.log_command:Invoked command in '/home/berenic/Documents/LPRS2_2026/Robo_Hand_RS485/ROS2/robo_hand_ws/build/mbot_demo' returned '0': AMENT_PREFIX_PATH=/home/berenic/Documents/LPRS2_2026/Robo_Hand_RS485/ROS2/robo_hand_ws/install/uf_ros_lib:/home/berenic/Documents/LPRS2_2026/Robo_Hand_RS485/ROS2/robo_hand_ws/install/glue_events_routines:/home/berenic/Documents/LPRS2_2026/Robo_Hand_RS485/ROS2/robo_hand_ws/install/xarm_planner:/home/berenic/Documents/LPRS2_2026/Robo_Hand_RS485/ROS2/robo_hand_ws/install/xarm_moveit_servo:/home/berenic/Documents/LPRS2_2026/Robo_Hand_RS485/ROS2/robo_hand_ws/install/xarm_moveit_config:/home/berenic/Documents/LPRS2_2026/Robo_Hand_RS485/ROS2/robo_hand_ws/install/xarm_gazebo:/home/berenic/Documents/LPRS2_2026/Robo_Hand_RS485/ROS2/robo_hand_ws/install/xarm_controller:/home/berenic/Documents/LPRS2_2026/Robo_Hand_RS485/ROS2/robo_hand_ws/install/xarm_api:/home/berenic/Documents/LPRS2_2026/Robo_Hand_RS485/ROS2/robo_hand_ws/install/xarm_sdk:/home/berenic/Documents/LPRS2_2026/Robo_Hand_RS485/ROS2/robo_hand_ws/install/xarm_msgs:/home/berenic/Documents/LPRS2_2026/Robo_Hand_RS485/ROS2/robo_hand_ws/install/xarm_description:/home/berenic/Documents/LPRS2_2026/Robo_Hand_RS485/ROS2/robo_hand_ws/install/mbot_demo:/home/berenic/Documents/LPRS2_2026/Robo_Hand_RS485/ROS2/robo_hand_ws/install/realsense_gazebo_plugin:/opt/ros/jazzy CMAKE_PREFIX_PATH=${CMAKE_PREFIX_PATH}:/home/berenic/Documents/LPRS2_2026/Robo_Hand_RS485/ROS2/robo_hand_ws/install/uf_ros_lib:/opt/ros/jazzy DEBUGINFOD_URLS=https://debuginfod.ubuntu.com PYTHONPATH=/home/berenic/Documents/LPRS2_2026/Robo_Hand_RS485/ROS2/robo_hand_ws/build/uf_ros_lib:/home/berenic/Documents/LPRS2_2026/Robo_Hand_RS485/ROS2/robo_hand_ws/install/uf_ros_lib/lib/python3.12/site-packages:/home/berenic/Documents/LPRS2_2026/Robo_Hand_RS485/ROS2/robo_hand_ws/install/xarm_msgs/lib/python3.12/site-packages:/opt/ros/jazzy/lib/python3.12/site-packages /usr/bin/cmake --install /home/berenic/Documents/LPRS2_2026/Robo_Hand_RS485/ROS2/robo_hand_ws/build/mbot_demo
[3.947s] Level 1:colcon.colcon_core.environment:checking '/home/berenic/Documents/LPRS2_2026/Robo_Hand_RS485/ROS2/robo_hand_ws/install/mbot_demo' for CMake config files
[3.948s] Level 1:colcon.colcon_core.shell:create_environment_hook('mbot_demo', 'cmake_prefix_path')
[3.948s] INFO:colcon.colcon_core.shell:Creating environment hook '/home/berenic/Documents/LPRS2_2026/Robo_Hand_RS485/ROS2/robo_hand_ws/install/mbot_demo/share/mbot_demo/hook/cmake_prefix_path.ps1'
[3.949s] INFO:colcon.colcon_core.shell:Creating environment descriptor '/home/berenic/Documents/LPRS2_2026/Robo_Hand_RS485/ROS2/robo_hand_ws/install/mbot_demo/share/mbot_demo/hook/cmake_prefix_path.dsv'
[3.950s] INFO:colcon.colcon_core.shell:Creating environment hook '/home/berenic/Documents/LPRS2_2026/Robo_Hand_RS485/ROS2/robo_hand_ws/install/mbot_demo/share/mbot_demo/hook/cmake_prefix_path.sh'
[3.951s] Level 1:colcon.colcon_core.environment:checking '/home/berenic/Documents/LPRS2_2026/Robo_Hand_RS485/ROS2/robo_hand_ws/install/mbot_demo/bin'
[3.951s] Level 1:colcon.colcon_core.environment:checking '/home/berenic/Documents/LPRS2_2026/Robo_Hand_RS485/ROS2/robo_hand_ws/install/mbot_demo/lib/pkgconfig/mbot_demo.pc'
[3.951s] Level 1:colcon.colcon_core.environment:checking '/home/berenic/Documents/LPRS2_2026/Robo_Hand_RS485/ROS2/robo_hand_ws/install/mbot_demo/lib/python3.12/site-packages'
[3.952s] Level 1:colcon.colcon_core.environment:checking '/home/berenic/Documents/LPRS2_2026/Robo_Hand_RS485/ROS2/robo_hand_ws/install/mbot_demo/bin'
[3.952s] INFO:colcon.colcon_core.shell:Creating package script '/home/berenic/Documents/LPRS2_2026/Robo_Hand_RS485/ROS2/robo_hand_ws/install/mbot_demo/share/mbot_demo/package.ps1'
[3.953s] INFO:colcon.colcon_core.shell:Creating package descriptor '/home/berenic/Documents/LPRS2_2026/Robo_Hand_RS485/ROS2/robo_hand_ws/install/mbot_demo/share/mbot_demo/package.dsv'
[3.954s] INFO:colcon.colcon_core.shell:Creating package script '/home/berenic/Documents/LPRS2_2026/Robo_Hand_RS485/ROS2/robo_hand_ws/install/mbot_demo/share/mbot_demo/package.sh'
[3.955s] INFO:colcon.colcon_core.shell:Creating package script '/home/berenic/Documents/LPRS2_2026/Robo_Hand_RS485/ROS2/robo_hand_ws/install/mbot_demo/share/mbot_demo/package.bash'
[3.955s] INFO:colcon.colcon_core.shell:Creating package script '/home/berenic/Documents/LPRS2_2026/Robo_Hand_RS485/ROS2/robo_hand_ws/install/mbot_demo/share/mbot_demo/package.zsh'
[3.956s] Level 1:colcon.colcon_core.environment:create_file_with_runtime_dependencies(/home/berenic/Documents/LPRS2_2026/Robo_Hand_RS485/ROS2/robo_hand_ws/install/mbot_demo/share/colcon-core/packages/mbot_demo)
[3.957s] Level 1:colcon.colcon_core.environment:create_environment_scripts_only(mbot_demo)
[3.957s] Level 1:colcon.colcon_core.environment:checking '/home/berenic/Documents/LPRS2_2026/Robo_Hand_RS485/ROS2/robo_hand_ws/install/mbot_demo' for CMake module files
[3.958s] Level 1:colcon.colcon_core.environment:checking '/home/berenic/Documents/LPRS2_2026/Robo_Hand_RS485/ROS2/robo_hand_ws/install/mbot_demo' for CMake config files
[3.959s] Level 1:colcon.colcon_core.shell:create_environment_hook('mbot_demo', 'cmake_prefix_path')
[3.959s] INFO:colcon.colcon_core.shell:Creating environment hook '/home/berenic/Documents/LPRS2_2026/Robo_Hand_RS485/ROS2/robo_hand_ws/install/mbot_demo/share/mbot_demo/hook/cmake_prefix_path.ps1'
[3.960s] INFO:colcon.colcon_core.shell:Creating environment descriptor '/home/berenic/Documents/LPRS2_2026/Robo_Hand_RS485/ROS2/robo_hand_ws/install/mbot_demo/share/mbot_demo/hook/cmake_prefix_path.dsv'
[3.961s] INFO:colcon.colcon_core.shell:Creating environment hook '/home/berenic/Documents/LPRS2_2026/Robo_Hand_RS485/ROS2/robo_hand_ws/install/mbot_demo/share/mbot_demo/hook/cmake_prefix_path.sh'
[3.962s] Level 1:colcon.colcon_core.environment:checking '/home/berenic/Documents/LPRS2_2026/Robo_Hand_RS485/ROS2/robo_hand_ws/install/mbot_demo/bin'
[3.962s] Level 1:colcon.colcon_core.environment:checking '/home/berenic/Documents/LPRS2_2026/Robo_Hand_RS485/ROS2/robo_hand_ws/install/mbot_demo/lib/pkgconfig/mbot_demo.pc'
[3.962s] Level 1:colcon.colcon_core.environment:checking '/home/berenic/Documents/LPRS2_2026/Robo_Hand_RS485/ROS2/robo_hand_ws/install/mbot_demo/lib/python3.12/site-packages'
[3.963s] Level 1:colcon.colcon_core.environment:checking '/home/berenic/Documents/LPRS2_2026/Robo_Hand_RS485/ROS2/robo_hand_ws/install/mbot_demo/bin'
[3.963s] INFO:colcon.colcon_core.shell:Creating package script '/home/berenic/Documents/LPRS2_2026/Robo_Hand_RS485/ROS2/robo_hand_ws/install/mbot_demo/share/mbot_demo/package.ps1'
[3.964s] INFO:colcon.colcon_core.shell:Creating package descriptor '/home/berenic/Documents/LPRS2_2026/Robo_Hand_RS485/ROS2/robo_hand_ws/install/mbot_demo/share/mbot_demo/package.dsv'
[3.965s] INFO:colcon.colcon_core.shell:Creating package script '/home/berenic/Documents/LPRS2_2026/Robo_Hand_RS485/ROS2/robo_hand_ws/install/mbot_demo/share/mbot_demo/package.sh'
[3.966s] INFO:colcon.colcon_core.shell:Creating package script '/home/berenic/Documents/LPRS2_2026/Robo_Hand_RS485/ROS2/robo_hand_ws/install/mbot_demo/share/mbot_demo/package.bash'
[3.966s] INFO:colcon.colcon_core.shell:Creating package script '/home/berenic/Documents/LPRS2_2026/Robo_Hand_RS485/ROS2/robo_hand_ws/install/mbot_demo/share/mbot_demo/package.zsh'
[3.967s] Level 1:colcon.colcon_core.environment:create_file_with_runtime_dependencies(/home/berenic/Documents/LPRS2_2026/Robo_Hand_RS485/ROS2/robo_hand_ws/install/mbot_demo/share/colcon-core/packages/mbot_demo)
[3.971s] DEBUG:colcon.colcon_core.event_handler.log_command:Invoked command in '/home/berenic/Documents/LPRS2_2026/Robo_Hand_RS485/ROS2/robo_hand_ws/build/xarm_gazebo' returned '0': AMENT_PREFIX_PATH=/home/berenic/Documents/LPRS2_2026/Robo_Hand_RS485/ROS2/robo_hand_ws/install/uf_ros_lib:/home/berenic/Documents/LPRS2_2026/Robo_Hand_RS485/ROS2/robo_hand_ws/install/glue_events_routines:/home/berenic/Documents/LPRS2_2026/Robo_Hand_RS485/ROS2/robo_hand_ws/install/xarm_planner:/home/berenic/Documents/LPRS2_2026/Robo_Hand_RS485/ROS2/robo_hand_ws/install/xarm_moveit_servo:/home/berenic/Documents/LPRS2_2026/Robo_Hand_RS485/ROS2/robo_hand_ws/install/xarm_moveit_config:/home/berenic/Documents/LPRS2_2026/Robo_Hand_RS485/ROS2/robo_hand_ws/install/xarm_gazebo:/home/berenic/Documents/LPRS2_2026/Robo_Hand_RS485/ROS2/robo_hand_ws/install/xarm_controller:/home/berenic/Documents/LPRS2_2026/Robo_Hand_RS485/ROS2/robo_hand_ws/install/xarm_api:/home/berenic/Documents/LPRS2_2026/Robo_Hand_RS485/ROS2/robo_hand_ws/install/xarm_sdk:/home/berenic/Documents/LPRS2_2026/Robo_Hand_RS485/ROS2/robo_hand_ws/install/xarm_msgs:/home/berenic/Documents/LPRS2_2026/Robo_Hand_RS485/ROS2/robo_hand_ws/install/xarm_description:/home/berenic/Documents/LPRS2_2026/Robo_Hand_RS485/ROS2/robo_hand_ws/install/mbot_demo:/home/berenic/Documents/LPRS2_2026/Robo_Hand_RS485/ROS2/robo_hand_ws/install/realsense_gazebo_plugin:/opt/ros/jazzy CMAKE_PREFIX_PATH=/home/berenic/Documents/LPRS2_2026/Robo_Hand_RS485/ROS2/robo_hand_ws/install/xarm_controller:/home/berenic/Documents/LPRS2_2026/Robo_Hand_RS485/ROS2/robo_hand_ws/install/xarm_api:/home/berenic/Documents/LPRS2_2026/Robo_Hand_RS485/ROS2/robo_hand_ws/install/xarm_sdk:/home/berenic/Documents/LPRS2_2026/Robo_Hand_RS485/ROS2/robo_hand_ws/install/xarm_msgs:/home/berenic/Documents/LPRS2_2026/Robo_Hand_RS485/ROS2/robo_hand_ws/install/xarm_description:/home/berenic/Documents/LPRS2_2026/Robo_Hand_RS485/ROS2/robo_hand_ws/install/glue_events_routines:/home/berenic/Documents/LPRS2_2026/Robo_Hand_RS485/ROS2/robo_hand_ws/install/xarm_planner:/home/berenic/Documents/LPRS2_2026/Robo_Hand_RS485/ROS2/robo_hand_ws/install/xarm_moveit_servo:/home/berenic/Documents/LPRS2_2026/Robo_Hand_RS485/ROS2/robo_hand_ws/install/xarm_moveit_config:/home/berenic/Documents/LPRS2_2026/Robo_Hand_RS485/ROS2/robo_hand_ws/install/xarm_gazebo:/home/berenic/Documents/LPRS2_2026/Robo_Hand_RS485/ROS2/robo_hand_ws/install/mbot_demo:/home/berenic/Documents/LPRS2_2026/Robo_Hand_RS485/ROS2/robo_hand_ws/install/realsense_gazebo_plugin:/opt/ros/jazzy/opt/gz_sim_vendor:/opt/ros/jazzy/opt/gz_sensors_vendor:/opt/ros/jazzy/opt/gz_physics_vendor:/opt/ros/jazzy/opt/sdformat_vendor:/opt/ros/jazzy/opt/gz_gui_vendor:/opt/ros/jazzy/opt/gz_transport_vendor:/opt/ros/jazzy/opt/gz_rendering_vendor:/opt/ros/jazzy/opt/gz_plugin_vendor:/opt/ros/jazzy/opt/gz_fuel_tools_vendor:/opt/ros/jazzy/opt/gz_msgs_vendor:/opt/ros/jazzy/opt/gz_common_vendor:/opt/ros/jazzy/opt/gz_math_vendor:/opt/ros/jazzy/opt/gz_utils_vendor:/opt/ros/jazzy/opt/gz_tools_vendor:/opt/ros/jazzy/opt/gz_ogre_next_vendor:/opt/ros/jazzy/opt/gz_dartsim_vendor:/opt/ros/jazzy/opt/gz_cmake_vendor:/home/berenic/Documents/LPRS2_2026/Robo_Hand_RS485/ROS2/robo_hand_ws/install/uf_ros_lib:/opt/ros/jazzy DEBUGINFOD_URLS=https://debuginfod.ubuntu.com LD_LIBRARY_PATH=/home/berenic/Documents/LPRS2_2026/Robo_Hand_RS485/ROS2/robo_hand_ws/install/xarm_controller/lib:/home/berenic/Documents/LPRS2_2026/Robo_Hand_RS485/ROS2/robo_hand_ws/install/xarm_api/lib:/home/berenic/Documents/LPRS2_2026/Robo_Hand_RS485/ROS2/robo_hand_ws/install/xarm_sdk/lib:/home/berenic/Documents/LPRS2_2026/Robo_Hand_RS485/ROS2/robo_hand_ws/install/xarm_msgs/lib:/home/berenic/Documents/LPRS2_2026/Robo_Hand_RS485/ROS2/robo_hand_ws/install/xarm_planner/lib:/home/berenic/Documents/LPRS2_2026/Robo_Hand_RS485/ROS2/robo_hand_ws/install/xarm_moveit_servo/lib:/home/berenic/Documents/LPRS2_2026/Robo_Hand_RS485/ROS2/robo_hand_ws/install/xarm_gazebo/lib:/home/berenic/Documents/LPRS2_2026/Robo_Hand_RS485/ROS2/robo_hand_ws/install/realsense_gazebo_plugin/lib:/opt/ros/jazzy/opt/gz_sim_vendor/lib:/opt/ros/jazzy/opt/gz_sensors_vendor/lib:/opt/ros/jazzy/opt/gz_physics_vendor/lib:/opt/ros/jazzy/opt/sdformat_vendor/lib:/opt/ros/jazzy/opt/rviz_ogre_vendor/lib:/opt/ros/jazzy/lib/x86_64-linux-gnu:/opt/ros/jazzy/opt/gz_gui_vendor/lib:/opt/ros/jazzy/opt/gz_transport_vendor/lib:/opt/ros/jazzy/opt/gz_rendering_vendor/lib:/opt/ros/jazzy/opt/gz_plugin_vendor/lib:/opt/ros/jazzy/opt/gz_fuel_tools_vendor/lib:/opt/ros/jazzy/opt/gz_msgs_vendor/lib:/opt/ros/jazzy/opt/gz_common_vendor/lib:/opt/ros/jazzy/opt/gz_math_vendor/lib:/opt/ros/jazzy/opt/gz_utils_vendor/lib:/opt/ros/jazzy/opt/gz_tools_vendor/lib:/opt/ros/jazzy/opt/gz_ogre_next_vendor/lib:/opt/ros/jazzy/opt/gz_dartsim_vendor/lib:/opt/ros/jazzy/opt/gz_cmake_vendor/lib:/opt/ros/jazzy/lib /usr/bin/cmake --build /home/berenic/Documents/LPRS2_2026/Robo_Hand_RS485/ROS2/robo_hand_ws/build/xarm_gazebo -- -j12 -l12
[3.973s] DEBUG:colcon.colcon_core.event_handler.log_command:Invoking command in '/home/berenic/Documents/LPRS2_2026/Robo_Hand_RS485/ROS2/robo_hand_ws/build/xarm_gazebo': AMENT_PREFIX_PATH=/home/berenic/Documents/LPRS2_2026/Robo_Hand_RS485/ROS2/robo_hand_ws/install/uf_ros_lib:/home/berenic/Documents/LPRS2_2026/Robo_Hand_RS485/ROS2/robo_hand_ws/install/glue_events_routines:/home/berenic/Documents/LPRS2_2026/Robo_Hand_RS485/ROS2/robo_hand_ws/install/xarm_planner:/home/berenic/Documents/LPRS2_2026/Robo_Hand_RS485/ROS2/robo_hand_ws/install/xarm_moveit_servo:/home/berenic/Documents/LPRS2_2026/Robo_Hand_RS485/ROS2/robo_hand_ws/install/xarm_moveit_config:/home/berenic/Documents/LPRS2_2026/Robo_Hand_RS485/ROS2/robo_hand_ws/install/xarm_gazebo:/home/berenic/Documents/LPRS2_2026/Robo_Hand_RS485/ROS2/robo_hand_ws/install/xarm_controller:/home/berenic/Documents/LPRS2_2026/Robo_Hand_RS485/ROS2/robo_hand_ws/install/xarm_api:/home/berenic/Documents/LPRS2_2026/Robo_Hand_RS485/ROS2/robo_hand_ws/install/xarm_sdk:/home/berenic/Documents/LPRS2_2026/Robo_Hand_RS485/ROS2/robo_hand_ws/install/xarm_msgs:/home/berenic/Documents/LPRS2_2026/Robo_Hand_RS485/ROS2/robo_hand_ws/install/xarm_description:/home/berenic/Documents/LPRS2_2026/Robo_Hand_RS485/ROS2/robo_hand_ws/install/mbot_demo:/home/berenic/Documents/LPRS2_2026/Robo_Hand_RS485/ROS2/robo_hand_ws/install/realsense_gazebo_plugin:/opt/ros/jazzy CMAKE_PREFIX_PATH=/home/berenic/Documents/LPRS2_2026/Robo_Hand_RS485/ROS2/robo_hand_ws/install/xarm_controller:/home/berenic/Documents/LPRS2_2026/Robo_Hand_RS485/ROS2/robo_hand_ws/install/xarm_api:/home/berenic/Documents/LPRS2_2026/Robo_Hand_RS485/ROS2/robo_hand_ws/install/xarm_sdk:/home/berenic/Documents/LPRS2_2026/Robo_Hand_RS485/ROS2/robo_hand_ws/install/xarm_msgs:/home/berenic/Documents/LPRS2_2026/Robo_Hand_RS485/ROS2/robo_hand_ws/install/xarm_description:/home/berenic/Documents/LPRS2_2026/Robo_Hand_RS485/ROS2/robo_hand_ws/install/glue_events_routines:/home/berenic/Documents/LPRS2_2026/Robo_Hand_RS485/ROS2/robo_hand_ws/install/xarm_planner:/home/berenic/Documents/LPRS2_2026/Robo_Hand_RS485/ROS2/robo_hand_ws/install/xarm_moveit_servo:/home/berenic/Documents/LPRS2_2026/Robo_Hand_RS485/ROS2/robo_hand_ws/install/xarm_moveit_config:/home/berenic/Documents/LPRS2_2026/Robo_Hand_RS485/ROS2/robo_hand_ws/install/xarm_gazebo:/home/berenic/Documents/LPRS2_2026/Robo_Hand_RS485/ROS2/robo_hand_ws/install/mbot_demo:/home/berenic/Documents/LPRS2_2026/Robo_Hand_RS485/ROS2/robo_hand_ws/install/realsense_gazebo_plugin:/opt/ros/jazzy/opt/gz_sim_vendor:/opt/ros/jazzy/opt/gz_sensors_vendor:/opt/ros/jazzy/opt/gz_physics_vendor:/opt/ros/jazzy/opt/sdformat_vendor:/opt/ros/jazzy/opt/gz_gui_vendor:/opt/ros/jazzy/opt/gz_transport_vendor:/opt/ros/jazzy/opt/gz_rendering_vendor:/opt/ros/jazzy/opt/gz_plugin_vendor:/opt/ros/jazzy/opt/gz_fuel_tools_vendor:/opt/ros/jazzy/opt/gz_msgs_vendor:/opt/ros/jazzy/opt/gz_common_vendor:/opt/ros/jazzy/opt/gz_math_vendor:/opt/ros/jazzy/opt/gz_utils_vendor:/opt/ros/jazzy/opt/gz_tools_vendor:/opt/ros/jazzy/opt/gz_ogre_next_vendor:/opt/ros/jazzy/opt/gz_dartsim_vendor:/opt/ros/jazzy/opt/gz_cmake_vendor:/home/berenic/Documents/LPRS2_2026/Robo_Hand_RS485/ROS2/robo_hand_ws/install/uf_ros_lib:/opt/ros/jazzy DEBUGINFOD_URLS=https://debuginfod.ubuntu.com LD_LIBRARY_PATH=/home/berenic/Documents/LPRS2_2026/Robo_Hand_RS485/ROS2/robo_hand_ws/install/xarm_controller/lib:/home/berenic/Documents/LPRS2_2026/Robo_Hand_RS485/ROS2/robo_hand_ws/install/xarm_api/lib:/home/berenic/Documents/LPRS2_2026/Robo_Hand_RS485/ROS2/robo_hand_ws/install/xarm_sdk/lib:/home/berenic/Documents/LPRS2_2026/Robo_Hand_RS485/ROS2/robo_hand_ws/install/xarm_msgs/lib:/home/berenic/Documents/LPRS2_2026/Robo_Hand_RS485/ROS2/robo_hand_ws/install/xarm_planner/lib:/home/berenic/Documents/LPRS2_2026/Robo_Hand_RS485/ROS2/robo_hand_ws/install/xarm_moveit_servo/lib:/home/berenic/Documents/LPRS2_2026/Robo_Hand_RS485/ROS2/robo_hand_ws/install/xarm_gazebo/lib:/home/berenic/Documents/LPRS2_2026/Robo_Hand_RS485/ROS2/robo_hand_ws/install/realsense_gazebo_plugin/lib:/opt/ros/jazzy/opt/gz_sim_vendor/lib:/opt/ros/jazzy/opt/gz_sensors_vendor/lib:/opt/ros/jazzy/opt/gz_physics_vendor/lib:/opt/ros/jazzy/opt/sdformat_vendor/lib:/opt/ros/jazzy/opt/rviz_ogre_vendor/lib:/opt/ros/jazzy/lib/x86_64-linux-gnu:/opt/ros/jazzy/opt/gz_gui_vendor/lib:/opt/ros/jazzy/opt/gz_transport_vendor/lib:/opt/ros/jazzy/opt/gz_rendering_vendor/lib:/opt/ros/jazzy/opt/gz_plugin_vendor/lib:/opt/ros/jazzy/opt/gz_fuel_tools_vendor/lib:/opt/ros/jazzy/opt/gz_msgs_vendor/lib:/opt/ros/jazzy/opt/gz_common_vendor/lib:/opt/ros/jazzy/opt/gz_math_vendor/lib:/opt/ros/jazzy/opt/gz_utils_vendor/lib:/opt/ros/jazzy/opt/gz_tools_vendor/lib:/opt/ros/jazzy/opt/gz_ogre_next_vendor/lib:/opt/ros/jazzy/opt/gz_dartsim_vendor/lib:/opt/ros/jazzy/opt/gz_cmake_vendor/lib:/opt/ros/jazzy/lib /usr/bin/cmake --install /home/berenic/Documents/LPRS2_2026/Robo_Hand_RS485/ROS2/robo_hand_ws/build/xarm_gazebo
[4.024s] Level 1:colcon.colcon_core.environment:create_environment_scripts_only(xarm_gazebo)
[4.024s] Level 1:colcon.colcon_core.environment:checking '/home/berenic/Documents/LPRS2_2026/Robo_Hand_RS485/ROS2/robo_hand_ws/install/xarm_gazebo' for CMake module files
[4.025s] DEBUG:colcon.colcon_core.event_handler.log_command:Invoked command in '/home/berenic/Documents/LPRS2_2026/Robo_Hand_RS485/ROS2/robo_hand_ws/build/xarm_gazebo' returned '0': AMENT_PREFIX_PATH=/home/berenic/Documents/LPRS2_2026/Robo_Hand_RS485/ROS2/robo_hand_ws/install/uf_ros_lib:/home/berenic/Documents/LPRS2_2026/Robo_Hand_RS485/ROS2/robo_hand_ws/install/glue_events_routines:/home/berenic/Documents/LPRS2_2026/Robo_Hand_RS485/ROS2/robo_hand_ws/install/xarm_planner:/home/berenic/Documents/LPRS2_2026/Robo_Hand_RS485/ROS2/robo_hand_ws/install/xarm_moveit_servo:/home/berenic/Documents/LPRS2_2026/Robo_Hand_RS485/ROS2/robo_hand_ws/install/xarm_moveit_config:/home/berenic/Documents/LPRS2_2026/Robo_Hand_RS485/ROS2/robo_hand_ws/install/xarm_gazebo:/home/berenic/Documents/LPRS2_2026/Robo_Hand_RS485/ROS2/robo_hand_ws/install/xarm_controller:/home/berenic/Documents/LPRS2_2026/Robo_Hand_RS485/ROS2/robo_hand_ws/install/xarm_api:/home/berenic/Documents/LPRS2_2026/Robo_Hand_RS485/ROS2/robo_hand_ws/install/xarm_sdk:/home/berenic/Documents/LPRS2_2026/Robo_Hand_RS485/ROS2/robo_hand_ws/install/xarm_msgs:/home/berenic/Documents/LPRS2_2026/Robo_Hand_RS485/ROS2/robo_hand_ws/install/xarm_description:/home/berenic/Documents/LPRS2_2026/Robo_Hand_RS485/ROS2/robo_hand_ws/install/mbot_demo:/home/berenic/Documents/LPRS2_2026/Robo_Hand_RS485/ROS2/robo_hand_ws/install/realsense_gazebo_plugin:/opt/ros/jazzy CMAKE_PREFIX_PATH=/home/berenic/Documents/LPRS2_2026/Robo_Hand_RS485/ROS2/robo_hand_ws/install/xarm_controller:/home/berenic/Documents/LPRS2_2026/Robo_Hand_RS485/ROS2/robo_hand_ws/install/xarm_api:/home/berenic/Documents/LPRS2_2026/Robo_Hand_RS485/ROS2/robo_hand_ws/install/xarm_sdk:/home/berenic/Documents/LPRS2_2026/Robo_Hand_RS485/ROS2/robo_hand_ws/install/xarm_msgs:/home/berenic/Documents/LPRS2_2026/Robo_Hand_RS485/ROS2/robo_hand_ws/install/xarm_description:/home/berenic/Documents/LPRS2_2026/Robo_Hand_RS485/ROS2/robo_hand_ws/install/glue_events_routines:/home/berenic/Documents/LPRS2_2026/Robo_Hand_RS485/ROS2/robo_hand_ws/install/xarm_planner:/home/berenic/Documents/LPRS2_2026/Robo_Hand_RS485/ROS2/robo_hand_ws/install/xarm_moveit_servo:/home/berenic/Documents/LPRS2_2026/Robo_Hand_RS485/ROS2/robo_hand_ws/install/xarm_moveit_config:/home/berenic/Documents/LPRS2_2026/Robo_Hand_RS485/ROS2/robo_hand_ws/install/xarm_gazebo:/home/berenic/Documents/LPRS2_2026/Robo_Hand_RS485/ROS2/robo_hand_ws/install/mbot_demo:/home/berenic/Documents/LPRS2_2026/Robo_Hand_RS485/ROS2/robo_hand_ws/install/realsense_gazebo_plugin:/opt/ros/jazzy/opt/gz_sim_vendor:/opt/ros/jazzy/opt/gz_sensors_vendor:/opt/ros/jazzy/opt/gz_physics_vendor:/opt/ros/jazzy/opt/sdformat_vendor:/opt/ros/jazzy/opt/gz_gui_vendor:/opt/ros/jazzy/opt/gz_transport_vendor:/opt/ros/jazzy/opt/gz_rendering_vendor:/opt/ros/jazzy/opt/gz_plugin_vendor:/opt/ros/jazzy/opt/gz_fuel_tools_vendor:/opt/ros/jazzy/opt/gz_msgs_vendor:/opt/ros/jazzy/opt/gz_common_vendor:/opt/ros/jazzy/opt/gz_math_vendor:/opt/ros/jazzy/opt/gz_utils_vendor:/opt/ros/jazzy/opt/gz_tools_vendor:/opt/ros/jazzy/opt/gz_ogre_next_vendor:/opt/ros/jazzy/opt/gz_dartsim_vendor:/opt/ros/jazzy/opt/gz_cmake_vendor:/home/berenic/Documents/LPRS2_2026/Robo_Hand_RS485/ROS2/robo_hand_ws/install/uf_ros_lib:/opt/ros/jazzy DEBUGINFOD_URLS=https://debuginfod.ubuntu.com LD_LIBRARY_PATH=/home/berenic/Documents/LPRS2_2026/Robo_Hand_RS485/ROS2/robo_hand_ws/install/xarm_controller/lib:/home/berenic/Documents/LPRS2_2026/Robo_Hand_RS485/ROS2/robo_hand_ws/install/xarm_api/lib:/home/berenic/Documents/LPRS2_2026/Robo_Hand_RS485/ROS2/robo_hand_ws/install/xarm_sdk/lib:/home/berenic/Documents/LPRS2_2026/Robo_Hand_RS485/ROS2/robo_hand_ws/install/xarm_msgs/lib:/home/berenic/Documents/LPRS2_2026/Robo_Hand_RS485/ROS2/robo_hand_ws/install/xarm_planner/lib:/home/berenic/Documents/LPRS2_2026/Robo_Hand_RS485/ROS2/robo_hand_ws/install/xarm_moveit_servo/lib:/home/berenic/Documents/LPRS2_2026/Robo_Hand_RS485/ROS2/robo_hand_ws/install/xarm_gazebo/lib:/home/berenic/Documents/LPRS2_2026/Robo_Hand_RS485/ROS2/robo_hand_ws/install/realsense_gazebo_plugin/lib:/opt/ros/jazzy/opt/gz_sim_vendor/lib:/opt/ros/jazzy/opt/gz_sensors_vendor/lib:/opt/ros/jazzy/opt/gz_physics_vendor/lib:/opt/ros/jazzy/opt/sdformat_vendor/lib:/opt/ros/jazzy/opt/rviz_ogre_vendor/lib:/opt/ros/jazzy/lib/x86_64-linux-gnu:/opt/ros/jazzy/opt/gz_gui_vendor/lib:/opt/ros/jazzy/opt/gz_transport_vendor/lib:/opt/ros/jazzy/opt/gz_rendering_vendor/lib:/opt/ros/jazzy/opt/gz_plugin_vendor/lib:/opt/ros/jazzy/opt/gz_fuel_tools_vendor/lib:/opt/ros/jazzy/opt/gz_msgs_vendor/lib:/opt/ros/jazzy/opt/gz_common_vendor/lib:/opt/ros/jazzy/opt/gz_math_vendor/lib:/opt/ros/jazzy/opt/gz_utils_vendor/lib:/opt/ros/jazzy/opt/gz_tools_vendor/lib:/opt/ros/jazzy/opt/gz_ogre_next_vendor/lib:/opt/ros/jazzy/opt/gz_dartsim_vendor/lib:/opt/ros/jazzy/opt/gz_cmake_vendor/lib:/opt/ros/jazzy/lib /usr/bin/cmake --install /home/berenic/Documents/LPRS2_2026/Robo_Hand_RS485/ROS2/robo_hand_ws/build/xarm_gazebo
[4.026s] Level 1:colcon.colcon_core.environment:checking '/home/berenic/Documents/LPRS2_2026/Robo_Hand_RS485/ROS2/robo_hand_ws/install/xarm_gazebo' for CMake config files
[4.026s] Level 1:colcon.colcon_core.shell:create_environment_hook('xarm_gazebo', 'cmake_prefix_path')
[4.027s] INFO:colcon.colcon_core.shell:Creating environment hook '/home/berenic/Documents/LPRS2_2026/Robo_Hand_RS485/ROS2/robo_hand_ws/install/xarm_gazebo/share/xarm_gazebo/hook/cmake_prefix_path.ps1'
[4.027s] INFO:colcon.colcon_core.shell:Creating environment descriptor '/home/berenic/Documents/LPRS2_2026/Robo_Hand_RS485/ROS2/robo_hand_ws/install/xarm_gazebo/share/xarm_gazebo/hook/cmake_prefix_path.dsv'
[4.028s] INFO:colcon.colcon_core.shell:Creating environment hook '/home/berenic/Documents/LPRS2_2026/Robo_Hand_RS485/ROS2/robo_hand_ws/install/xarm_gazebo/share/xarm_gazebo/hook/cmake_prefix_path.sh'
[4.029s] Level 1:colcon.colcon_core.environment:checking '/home/berenic/Documents/LPRS2_2026/Robo_Hand_RS485/ROS2/robo_hand_ws/install/xarm_gazebo/lib'
[4.029s] Level 1:colcon.colcon_core.shell:create_environment_hook('xarm_gazebo', 'ld_library_path_lib')
[4.030s] INFO:colcon.colcon_core.shell:Creating environment hook '/home/berenic/Documents/LPRS2_2026/Robo_Hand_RS485/ROS2/robo_hand_ws/install/xarm_gazebo/share/xarm_gazebo/hook/ld_library_path_lib.ps1'
[4.030s] INFO:colcon.colcon_core.shell:Creating environment descriptor '/home/berenic/Documents/LPRS2_2026/Robo_Hand_RS485/ROS2/robo_hand_ws/install/xarm_gazebo/share/xarm_gazebo/hook/ld_library_path_lib.dsv'
[4.031s] INFO:colcon.colcon_core.shell:Creating environment hook '/home/berenic/Documents/LPRS2_2026/Robo_Hand_RS485/ROS2/robo_hand_ws/install/xarm_gazebo/share/xarm_gazebo/hook/ld_library_path_lib.sh'
[4.032s] Level 1:colcon.colcon_core.environment:checking '/home/berenic/Documents/LPRS2_2026/Robo_Hand_RS485/ROS2/robo_hand_ws/install/xarm_gazebo/bin'
[4.032s] Level 1:colcon.colcon_core.environment:checking '/home/berenic/Documents/LPRS2_2026/Robo_Hand_RS485/ROS2/robo_hand_ws/install/xarm_gazebo/lib/pkgconfig/xarm_gazebo.pc'
[4.032s] Level 1:colcon.colcon_core.environment:checking '/home/berenic/Documents/LPRS2_2026/Robo_Hand_RS485/ROS2/robo_hand_ws/install/xarm_gazebo/lib/python3.12/site-packages'
[4.033s] Level 1:colcon.colcon_core.environment:checking '/home/berenic/Documents/LPRS2_2026/Robo_Hand_RS485/ROS2/robo_hand_ws/install/xarm_gazebo/bin'
[4.033s] INFO:colcon.colcon_core.shell:Creating package script '/home/berenic/Documents/LPRS2_2026/Robo_Hand_RS485/ROS2/robo_hand_ws/install/xarm_gazebo/share/xarm_gazebo/package.ps1'
[4.034s] INFO:colcon.colcon_core.shell:Creating package descriptor '/home/berenic/Documents/LPRS2_2026/Robo_Hand_RS485/ROS2/robo_hand_ws/install/xarm_gazebo/share/xarm_gazebo/package.dsv'
[4.035s] INFO:colcon.colcon_core.shell:Creating package script '/home/berenic/Documents/LPRS2_2026/Robo_Hand_RS485/ROS2/robo_hand_ws/install/xarm_gazebo/share/xarm_gazebo/package.sh'
[4.036s] INFO:colcon.colcon_core.shell:Creating package script '/home/berenic/Documents/LPRS2_2026/Robo_Hand_RS485/ROS2/robo_hand_ws/install/xarm_gazebo/share/xarm_gazebo/package.bash'
[4.037s] INFO:colcon.colcon_core.shell:Creating package script '/home/berenic/Documents/LPRS2_2026/Robo_Hand_RS485/ROS2/robo_hand_ws/install/xarm_gazebo/share/xarm_gazebo/package.zsh'
[4.037s] Level 1:colcon.colcon_core.environment:create_file_with_runtime_dependencies(/home/berenic/Documents/LPRS2_2026/Robo_Hand_RS485/ROS2/robo_hand_ws/install/xarm_gazebo/share/colcon-core/packages/xarm_gazebo)
[4.038s] Level 1:colcon.colcon_core.environment:create_environment_scripts_only(xarm_gazebo)
[4.038s] Level 1:colcon.colcon_core.environment:checking '/home/berenic/Documents/LPRS2_2026/Robo_Hand_RS485/ROS2/robo_hand_ws/install/xarm_gazebo' for CMake module files
[4.039s] Level 1:colcon.colcon_core.environment:checking '/home/berenic/Documents/LPRS2_2026/Robo_Hand_RS485/ROS2/robo_hand_ws/install/xarm_gazebo' for CMake config files
[4.040s] Level 1:colcon.colcon_core.shell:create_environment_hook('xarm_gazebo', 'cmake_prefix_path')
[4.040s] INFO:colcon.colcon_core.shell:Creating environment hook '/home/berenic/Documents/LPRS2_2026/Robo_Hand_RS485/ROS2/robo_hand_ws/install/xarm_gazebo/share/xarm_gazebo/hook/cmake_prefix_path.ps1'
[4.041s] INFO:colcon.colcon_core.shell:Creating environment descriptor '/home/berenic/Documents/LPRS2_2026/Robo_Hand_RS485/ROS2/robo_hand_ws/install/xarm_gazebo/share/xarm_gazebo/hook/cmake_prefix_path.dsv'
[4.041s] INFO:colcon.colcon_core.shell:Creating environment hook '/home/berenic/Documents/LPRS2_2026/Robo_Hand_RS485/ROS2/robo_hand_ws/install/xarm_gazebo/share/xarm_gazebo/hook/cmake_prefix_path.sh'
[4.042s] Level 1:colcon.colcon_core.environment:checking '/home/berenic/Documents/LPRS2_2026/Robo_Hand_RS485/ROS2/robo_hand_ws/install/xarm_gazebo/lib'
[4.043s] Level 1:colcon.colcon_core.shell:create_environment_hook('xarm_gazebo', 'ld_library_path_lib')
[4.043s] INFO:colcon.colcon_core.shell:Creating environment hook '/home/berenic/Documents/LPRS2_2026/Robo_Hand_RS485/ROS2/robo_hand_ws/install/xarm_gazebo/share/xarm_gazebo/hook/ld_library_path_lib.ps1'
[4.044s] INFO:colcon.colcon_core.shell:Creating environment descriptor '/home/berenic/Documents/LPRS2_2026/Robo_Hand_RS485/ROS2/robo_hand_ws/install/xarm_gazebo/share/xarm_gazebo/hook/ld_library_path_lib.dsv'
[4.044s] INFO:colcon.colcon_core.shell:Creating environment hook '/home/berenic/Documents/LPRS2_2026/Robo_Hand_RS485/ROS2/robo_hand_ws/install/xarm_gazebo/share/xarm_gazebo/hook/ld_library_path_lib.sh'
[4.045s] Level 1:colcon.colcon_core.environment:checking '/home/berenic/Documents/LPRS2_2026/Robo_Hand_RS485/ROS2/robo_hand_ws/install/xarm_gazebo/bin'
[4.045s] Level 1:colcon.colcon_core.environment:checking '/home/berenic/Documents/LPRS2_2026/Robo_Hand_RS485/ROS2/robo_hand_ws/install/xarm_gazebo/lib/pkgconfig/xarm_gazebo.pc'
[4.045s] Level 1:colcon.colcon_core.environment:checking '/home/berenic/Documents/LPRS2_2026/Robo_Hand_RS485/ROS2/robo_hand_ws/install/xarm_gazebo/lib/python3.12/site-packages'
[4.046s] Level 1:colcon.colcon_core.environment:checking '/home/berenic/Documents/LPRS2_2026/Robo_Hand_RS485/ROS2/robo_hand_ws/install/xarm_gazebo/bin'
[4.046s] INFO:colcon.colcon_core.shell:Creating package script '/home/berenic/Documents/LPRS2_2026/Robo_Hand_RS485/ROS2/robo_hand_ws/install/xarm_gazebo/share/xarm_gazebo/package.ps1'
[4.048s] INFO:colcon.colcon_core.shell:Creating package descriptor '/home/berenic/Documents/LPRS2_2026/Robo_Hand_RS485/ROS2/robo_hand_ws/install/xarm_gazebo/share/xarm_gazebo/package.dsv'
[4.048s] INFO:colcon.colcon_core.shell:Creating package script '/home/berenic/Documents/LPRS2_2026/Robo_Hand_RS485/ROS2/robo_hand_ws/install/xarm_gazebo/share/xarm_gazebo/package.sh'
[4.049s] INFO:colcon.colcon_core.shell:Creating package script '/home/berenic/Documents/LPRS2_2026/Robo_Hand_RS485/ROS2/robo_hand_ws/install/xarm_gazebo/share/xarm_gazebo/package.bash'
[4.050s] INFO:colcon.colcon_core.shell:Creating package script '/home/berenic/Documents/LPRS2_2026/Robo_Hand_RS485/ROS2/robo_hand_ws/install/xarm_gazebo/share/xarm_gazebo/package.zsh'
[4.051s] Level 1:colcon.colcon_core.environment:create_file_with_runtime_dependencies(/home/berenic/Documents/LPRS2_2026/Robo_Hand_RS485/ROS2/robo_hand_ws/install/xarm_gazebo/share/colcon-core/packages/xarm_gazebo)
[4.051s] INFO:colcon.colcon_ros.task.ament_cmake.build:Building ROS package in '/home/berenic/Documents/LPRS2_2026/Robo_Hand_RS485/ROS2/robo_hand_ws/src/xarm_ros2/xarm_moveit_config' with build type 'ament_cmake'
[4.052s] INFO:colcon.colcon_cmake.task.cmake.build:Building CMake package in '/home/berenic/Documents/LPRS2_2026/Robo_Hand_RS485/ROS2/robo_hand_ws/src/xarm_ros2/xarm_moveit_config'
[4.052s] INFO:colcon.colcon_core.shell:Skip shell extension 'powershell' for command environment: Not usable outside of PowerShell
[4.052s] DEBUG:colcon.colcon_core.shell:Skip shell extension 'dsv' for command environment
[4.098s] DEBUG:colcon.colcon_core.event_handler.log_command:Invoking command in '/home/berenic/Documents/LPRS2_2026/Robo_Hand_RS485/ROS2/robo_hand_ws/build/xarm_moveit_config': AMENT_PREFIX_PATH=/home/berenic/Documents/LPRS2_2026/Robo_Hand_RS485/ROS2/robo_hand_ws/install/uf_ros_lib:/home/berenic/Documents/LPRS2_2026/Robo_Hand_RS485/ROS2/robo_hand_ws/install/glue_events_routines:/home/berenic/Documents/LPRS2_2026/Robo_Hand_RS485/ROS2/robo_hand_ws/install/xarm_planner:/home/berenic/Documents/LPRS2_2026/Robo_Hand_RS485/ROS2/robo_hand_ws/install/xarm_moveit_servo:/home/berenic/Documents/LPRS2_2026/Robo_Hand_RS485/ROS2/robo_hand_ws/install/xarm_moveit_config:/home/berenic/Documents/LPRS2_2026/Robo_Hand_RS485/ROS2/robo_hand_ws/install/xarm_gazebo:/home/berenic/Documents/LPRS2_2026/Robo_Hand_RS485/ROS2/robo_hand_ws/install/xarm_controller:/home/berenic/Documents/LPRS2_2026/Robo_Hand_RS485/ROS2/robo_hand_ws/install/xarm_api:/home/berenic/Documents/LPRS2_2026/Robo_Hand_RS485/ROS2/robo_hand_ws/install/xarm_sdk:/home/berenic/Documents/LPRS2_2026/Robo_Hand_RS485/ROS2/robo_hand_ws/install/xarm_msgs:/home/berenic/Documents/LPRS2_2026/Robo_Hand_RS485/ROS2/robo_hand_ws/install/xarm_description:/home/berenic/Documents/LPRS2_2026/Robo_Hand_RS485/ROS2/robo_hand_ws/install/mbot_demo:/home/berenic/Documents/LPRS2_2026/Robo_Hand_RS485/ROS2/robo_hand_ws/install/realsense_gazebo_plugin:/opt/ros/jazzy CMAKE_PREFIX_PATH=/home/berenic/Documents/LPRS2_2026/Robo_Hand_RS485/ROS2/robo_hand_ws/install/xarm_gazebo:/home/berenic/Documents/LPRS2_2026/Robo_Hand_RS485/ROS2/robo_hand_ws/install/xarm_controller:/home/berenic/Documents/LPRS2_2026/Robo_Hand_RS485/ROS2/robo_hand_ws/install/xarm_api:/home/berenic/Documents/LPRS2_2026/Robo_Hand_RS485/ROS2/robo_hand_ws/install/xarm_sdk:/home/berenic/Documents/LPRS2_2026/Robo_Hand_RS485/ROS2/robo_hand_ws/install/xarm_msgs:/home/berenic/Documents/LPRS2_2026/Robo_Hand_RS485/ROS2/robo_hand_ws/install/xarm_description:/home/berenic/Documents/LPRS2_2026/Robo_Hand_RS485/ROS2/robo_hand_ws/install/glue_events_routines:/home/berenic/Documents/LPRS2_2026/Robo_Hand_RS485/ROS2/robo_hand_ws/install/xarm_planner:/home/berenic/Documents/LPRS2_2026/Robo_Hand_RS485/ROS2/robo_hand_ws/install/xarm_moveit_servo:/home/berenic/Documents/LPRS2_2026/Robo_Hand_RS485/ROS2/robo_hand_ws/install/xarm_moveit_config:/home/berenic/Documents/LPRS2_2026/Robo_Hand_RS485/ROS2/robo_hand_ws/install/mbot_demo:/home/berenic/Documents/LPRS2_2026/Robo_Hand_RS485/ROS2/robo_hand_ws/install/realsense_gazebo_plugin:/opt/ros/jazzy/opt/gz_sim_vendor:/opt/ros/jazzy/opt/gz_sensors_vendor:/opt/ros/jazzy/opt/gz_physics_vendor:/opt/ros/jazzy/opt/sdformat_vendor:/opt/ros/jazzy/opt/gz_gui_vendor:/opt/ros/jazzy/opt/gz_transport_vendor:/opt/ros/jazzy/opt/gz_rendering_vendor:/opt/ros/jazzy/opt/gz_plugin_vendor:/opt/ros/jazzy/opt/gz_fuel_tools_vendor:/opt/ros/jazzy/opt/gz_msgs_vendor:/opt/ros/jazzy/opt/gz_common_vendor:/opt/ros/jazzy/opt/gz_math_vendor:/opt/ros/jazzy/opt/gz_utils_vendor:/opt/ros/jazzy/opt/gz_tools_vendor:/opt/ros/jazzy/opt/gz_ogre_next_vendor:/opt/ros/jazzy/opt/gz_dartsim_vendor:/opt/ros/jazzy/opt/gz_cmake_vendor:/home/berenic/Documents/LPRS2_2026/Robo_Hand_RS485/ROS2/robo_hand_ws/install/uf_ros_lib:/opt/ros/jazzy DEBUGINFOD_URLS=https://debuginfod.ubuntu.com LD_LIBRARY_PATH=/home/berenic/Documents/LPRS2_2026/Robo_Hand_RS485/ROS2/robo_hand_ws/install/xarm_gazebo/lib:/home/berenic/Documents/LPRS2_2026/Robo_Hand_RS485/ROS2/robo_hand_ws/install/xarm_controller/lib:/home/berenic/Documents/LPRS2_2026/Robo_Hand_RS485/ROS2/robo_hand_ws/install/xarm_api/lib:/home/berenic/Documents/LPRS2_2026/Robo_Hand_RS485/ROS2/robo_hand_ws/install/xarm_sdk/lib:/home/berenic/Documents/LPRS2_2026/Robo_Hand_RS485/ROS2/robo_hand_ws/install/xarm_msgs/lib:/home/berenic/Documents/LPRS2_2026/Robo_Hand_RS485/ROS2/robo_hand_ws/install/xarm_planner/lib:/home/berenic/Documents/LPRS2_2026/Robo_Hand_RS485/ROS2/robo_hand_ws/install/xarm_moveit_servo/lib:/home/berenic/Documents/LPRS2_2026/Robo_Hand_RS485/ROS2/robo_hand_ws/install/realsense_gazebo_plugin/lib:/opt/ros/jazzy/opt/gz_sim_vendor/lib:/opt/ros/jazzy/opt/gz_sensors_vendor/lib:/opt/ros/jazzy/opt/gz_physics_vendor/lib:/opt/ros/jazzy/opt/sdformat_vendor/lib:/opt/ros/jazzy/opt/rviz_ogre_vendor/lib:/opt/ros/jazzy/lib/x86_64-linux-gnu:/opt/ros/jazzy/opt/gz_gui_vendor/lib:/opt/ros/jazzy/opt/gz_transport_vendor/lib:/opt/ros/jazzy/opt/gz_rendering_vendor/lib:/opt/ros/jazzy/opt/gz_plugin_vendor/lib:/opt/ros/jazzy/opt/gz_fuel_tools_vendor/lib:/opt/ros/jazzy/opt/gz_msgs_vendor/lib:/opt/ros/jazzy/opt/gz_common_vendor/lib:/opt/ros/jazzy/opt/gz_math_vendor/lib:/opt/ros/jazzy/opt/gz_utils_vendor/lib:/opt/ros/jazzy/opt/gz_tools_vendor/lib:/opt/ros/jazzy/opt/gz_ogre_next_vendor/lib:/opt/ros/jazzy/opt/gz_dartsim_vendor/lib:/opt/ros/jazzy/opt/gz_cmake_vendor/lib:/opt/ros/jazzy/lib /usr/bin/cmake --build /home/berenic/Documents/LPRS2_2026/Robo_Hand_RS485/ROS2/robo_hand_ws/build/xarm_moveit_config -- -j12 -l12
[4.186s] DEBUG:colcon.colcon_core.event_handler.log_command:Invoked command in '/home/berenic/Documents/LPRS2_2026/Robo_Hand_RS485/ROS2/robo_hand_ws/build/xarm_moveit_config' returned '0': AMENT_PREFIX_PATH=/home/berenic/Documents/LPRS2_2026/Robo_Hand_RS485/ROS2/robo_hand_ws/install/uf_ros_lib:/home/berenic/Documents/LPRS2_2026/Robo_Hand_RS485/ROS2/robo_hand_ws/install/glue_events_routines:/home/berenic/Documents/LPRS2_2026/Robo_Hand_RS485/ROS2/robo_hand_ws/install/xarm_planner:/home/berenic/Documents/LPRS2_2026/Robo_Hand_RS485/ROS2/robo_hand_ws/install/xarm_moveit_servo:/home/berenic/Documents/LPRS2_2026/Robo_Hand_RS485/ROS2/robo_hand_ws/install/xarm_moveit_config:/home/berenic/Documents/LPRS2_2026/Robo_Hand_RS485/ROS2/robo_hand_ws/install/xarm_gazebo:/home/berenic/Documents/LPRS2_2026/Robo_Hand_RS485/ROS2/robo_hand_ws/install/xarm_controller:/home/berenic/Documents/LPRS2_2026/Robo_Hand_RS485/ROS2/robo_hand_ws/install/xarm_api:/home/berenic/Documents/LPRS2_2026/Robo_Hand_RS485/ROS2/robo_hand_ws/install/xarm_sdk:/home/berenic/Documents/LPRS2_2026/Robo_Hand_RS485/ROS2/robo_hand_ws/install/xarm_msgs:/home/berenic/Documents/LPRS2_2026/Robo_Hand_RS485/ROS2/robo_hand_ws/install/xarm_description:/home/berenic/Documents/LPRS2_2026/Robo_Hand_RS485/ROS2/robo_hand_ws/install/mbot_demo:/home/berenic/Documents/LPRS2_2026/Robo_Hand_RS485/ROS2/robo_hand_ws/install/realsense_gazebo_plugin:/opt/ros/jazzy CMAKE_PREFIX_PATH=/home/berenic/Documents/LPRS2_2026/Robo_Hand_RS485/ROS2/robo_hand_ws/install/xarm_gazebo:/home/berenic/Documents/LPRS2_2026/Robo_Hand_RS485/ROS2/robo_hand_ws/install/xarm_controller:/home/berenic/Documents/LPRS2_2026/Robo_Hand_RS485/ROS2/robo_hand_ws/install/xarm_api:/home/berenic/Documents/LPRS2_2026/Robo_Hand_RS485/ROS2/robo_hand_ws/install/xarm_sdk:/home/berenic/Documents/LPRS2_2026/Robo_Hand_RS485/ROS2/robo_hand_ws/install/xarm_msgs:/home/berenic/Documents/LPRS2_2026/Robo_Hand_RS485/ROS2/robo_hand_ws/install/xarm_description:/home/berenic/Documents/LPRS2_2026/Robo_Hand_RS485/ROS2/robo_hand_ws/install/glue_events_routines:/home/berenic/Documents/LPRS2_2026/Robo_Hand_RS485/ROS2/robo_hand_ws/install/xarm_planner:/home/berenic/Documents/LPRS2_2026/Robo_Hand_RS485/ROS2/robo_hand_ws/install/xarm_moveit_servo:/home/berenic/Documents/LPRS2_2026/Robo_Hand_RS485/ROS2/robo_hand_ws/install/xarm_moveit_config:/home/berenic/Documents/LPRS2_2026/Robo_Hand_RS485/ROS2/robo_hand_ws/install/mbot_demo:/home/berenic/Documents/LPRS2_2026/Robo_Hand_RS485/ROS2/robo_hand_ws/install/realsense_gazebo_plugin:/opt/ros/jazzy/opt/gz_sim_vendor:/opt/ros/jazzy/opt/gz_sensors_vendor:/opt/ros/jazzy/opt/gz_physics_vendor:/opt/ros/jazzy/opt/sdformat_vendor:/opt/ros/jazzy/opt/gz_gui_vendor:/opt/ros/jazzy/opt/gz_transport_vendor:/opt/ros/jazzy/opt/gz_rendering_vendor:/opt/ros/jazzy/opt/gz_plugin_vendor:/opt/ros/jazzy/opt/gz_fuel_tools_vendor:/opt/ros/jazzy/opt/gz_msgs_vendor:/opt/ros/jazzy/opt/gz_common_vendor:/opt/ros/jazzy/opt/gz_math_vendor:/opt/ros/jazzy/opt/gz_utils_vendor:/opt/ros/jazzy/opt/gz_tools_vendor:/opt/ros/jazzy/opt/gz_ogre_next_vendor:/opt/ros/jazzy/opt/gz_dartsim_vendor:/opt/ros/jazzy/opt/gz_cmake_vendor:/home/berenic/Documents/LPRS2_2026/Robo_Hand_RS485/ROS2/robo_hand_ws/install/uf_ros_lib:/opt/ros/jazzy DEBUGINFOD_URLS=https://debuginfod.ubuntu.com LD_LIBRARY_PATH=/home/berenic/Documents/LPRS2_2026/Robo_Hand_RS485/ROS2/robo_hand_ws/install/xarm_gazebo/lib:/home/berenic/Documents/LPRS2_2026/Robo_Hand_RS485/ROS2/robo_hand_ws/install/xarm_controller/lib:/home/berenic/Documents/LPRS2_2026/Robo_Hand_RS485/ROS2/robo_hand_ws/install/xarm_api/lib:/home/berenic/Documents/LPRS2_2026/Robo_Hand_RS485/ROS2/robo_hand_ws/install/xarm_sdk/lib:/home/berenic/Documents/LPRS2_2026/Robo_Hand_RS485/ROS2/robo_hand_ws/install/xarm_msgs/lib:/home/berenic/Documents/LPRS2_2026/Robo_Hand_RS485/ROS2/robo_hand_ws/install/xarm_planner/lib:/home/berenic/Documents/LPRS2_2026/Robo_Hand_RS485/ROS2/robo_hand_ws/install/xarm_moveit_servo/lib:/home/berenic/Documents/LPRS2_2026/Robo_Hand_RS485/ROS2/robo_hand_ws/install/realsense_gazebo_plugin/lib:/opt/ros/jazzy/opt/gz_sim_vendor/lib:/opt/ros/jazzy/opt/gz_sensors_vendor/lib:/opt/ros/jazzy/opt/gz_physics_vendor/lib:/opt/ros/jazzy/opt/sdformat_vendor/lib:/opt/ros/jazzy/opt/rviz_ogre_vendor/lib:/opt/ros/jazzy/lib/x86_64-linux-gnu:/opt/ros/jazzy/opt/gz_gui_vendor/lib:/opt/ros/jazzy/opt/gz_transport_vendor/lib:/opt/ros/jazzy/opt/gz_rendering_vendor/lib:/opt/ros/jazzy/opt/gz_plugin_vendor/lib:/opt/ros/jazzy/opt/gz_fuel_tools_vendor/lib:/opt/ros/jazzy/opt/gz_msgs_vendor/lib:/opt/ros/jazzy/opt/gz_common_vendor/lib:/opt/ros/jazzy/opt/gz_math_vendor/lib:/opt/ros/jazzy/opt/gz_utils_vendor/lib:/opt/ros/jazzy/opt/gz_tools_vendor/lib:/opt/ros/jazzy/opt/gz_ogre_next_vendor/lib:/opt/ros/jazzy/opt/gz_dartsim_vendor/lib:/opt/ros/jazzy/opt/gz_cmake_vendor/lib:/opt/ros/jazzy/lib /usr/bin/cmake --build /home/berenic/Documents/LPRS2_2026/Robo_Hand_RS485/ROS2/robo_hand_ws/build/xarm_moveit_config -- -j12 -l12
[4.188s] DEBUG:colcon.colcon_core.event_handler.log_command:Invoking command in '/home/berenic/Documents/LPRS2_2026/Robo_Hand_RS485/ROS2/robo_hand_ws/build/xarm_moveit_config': AMENT_PREFIX_PATH=/home/berenic/Documents/LPRS2_2026/Robo_Hand_RS485/ROS2/robo_hand_ws/install/uf_ros_lib:/home/berenic/Documents/LPRS2_2026/Robo_Hand_RS485/ROS2/robo_hand_ws/install/glue_events_routines:/home/berenic/Documents/LPRS2_2026/Robo_Hand_RS485/ROS2/robo_hand_ws/install/xarm_planner:/home/berenic/Documents/LPRS2_2026/Robo_Hand_RS485/ROS2/robo_hand_ws/install/xarm_moveit_servo:/home/berenic/Documents/LPRS2_2026/Robo_Hand_RS485/ROS2/robo_hand_ws/install/xarm_moveit_config:/home/berenic/Documents/LPRS2_2026/Robo_Hand_RS485/ROS2/robo_hand_ws/install/xarm_gazebo:/home/berenic/Documents/LPRS2_2026/Robo_Hand_RS485/ROS2/robo_hand_ws/install/xarm_controller:/home/berenic/Documents/LPRS2_2026/Robo_Hand_RS485/ROS2/robo_hand_ws/install/xarm_api:/home/berenic/Documents/LPRS2_2026/Robo_Hand_RS485/ROS2/robo_hand_ws/install/xarm_sdk:/home/berenic/Documents/LPRS2_2026/Robo_Hand_RS485/ROS2/robo_hand_ws/install/xarm_msgs:/home/berenic/Documents/LPRS2_2026/Robo_Hand_RS485/ROS2/robo_hand_ws/install/xarm_description:/home/berenic/Documents/LPRS2_2026/Robo_Hand_RS485/ROS2/robo_hand_ws/install/mbot_demo:/home/berenic/Documents/LPRS2_2026/Robo_Hand_RS485/ROS2/robo_hand_ws/install/realsense_gazebo_plugin:/opt/ros/jazzy CMAKE_PREFIX_PATH=/home/berenic/Documents/LPRS2_2026/Robo_Hand_RS485/ROS2/robo_hand_ws/install/xarm_gazebo:/home/berenic/Documents/LPRS2_2026/Robo_Hand_RS485/ROS2/robo_hand_ws/install/xarm_controller:/home/berenic/Documents/LPRS2_2026/Robo_Hand_RS485/ROS2/robo_hand_ws/install/xarm_api:/home/berenic/Documents/LPRS2_2026/Robo_Hand_RS485/ROS2/robo_hand_ws/install/xarm_sdk:/home/berenic/Documents/LPRS2_2026/Robo_Hand_RS485/ROS2/robo_hand_ws/install/xarm_msgs:/home/berenic/Documents/LPRS2_2026/Robo_Hand_RS485/ROS2/robo_hand_ws/install/xarm_description:/home/berenic/Documents/LPRS2_2026/Robo_Hand_RS485/ROS2/robo_hand_ws/install/glue_events_routines:/home/berenic/Documents/LPRS2_2026/Robo_Hand_RS485/ROS2/robo_hand_ws/install/xarm_planner:/home/berenic/Documents/LPRS2_2026/Robo_Hand_RS485/ROS2/robo_hand_ws/install/xarm_moveit_servo:/home/berenic/Documents/LPRS2_2026/Robo_Hand_RS485/ROS2/robo_hand_ws/install/xarm_moveit_config:/home/berenic/Documents/LPRS2_2026/Robo_Hand_RS485/ROS2/robo_hand_ws/install/mbot_demo:/home/berenic/Documents/LPRS2_2026/Robo_Hand_RS485/ROS2/robo_hand_ws/install/realsense_gazebo_plugin:/opt/ros/jazzy/opt/gz_sim_vendor:/opt/ros/jazzy/opt/gz_sensors_vendor:/opt/ros/jazzy/opt/gz_physics_vendor:/opt/ros/jazzy/opt/sdformat_vendor:/opt/ros/jazzy/opt/gz_gui_vendor:/opt/ros/jazzy/opt/gz_transport_vendor:/opt/ros/jazzy/opt/gz_rendering_vendor:/opt/ros/jazzy/opt/gz_plugin_vendor:/opt/ros/jazzy/opt/gz_fuel_tools_vendor:/opt/ros/jazzy/opt/gz_msgs_vendor:/opt/ros/jazzy/opt/gz_common_vendor:/opt/ros/jazzy/opt/gz_math_vendor:/opt/ros/jazzy/opt/gz_utils_vendor:/opt/ros/jazzy/opt/gz_tools_vendor:/opt/ros/jazzy/opt/gz_ogre_next_vendor:/opt/ros/jazzy/opt/gz_dartsim_vendor:/opt/ros/jazzy/opt/gz_cmake_vendor:/home/berenic/Documents/LPRS2_2026/Robo_Hand_RS485/ROS2/robo_hand_ws/install/uf_ros_lib:/opt/ros/jazzy DEBUGINFOD_URLS=https://debuginfod.ubuntu.com LD_LIBRARY_PATH=/home/berenic/Documents/LPRS2_2026/Robo_Hand_RS485/ROS2/robo_hand_ws/install/xarm_gazebo/lib:/home/berenic/Documents/LPRS2_2026/Robo_Hand_RS485/ROS2/robo_hand_ws/install/xarm_controller/lib:/home/berenic/Documents/LPRS2_2026/Robo_Hand_RS485/ROS2/robo_hand_ws/install/xarm_api/lib:/home/berenic/Documents/LPRS2_2026/Robo_Hand_RS485/ROS2/robo_hand_ws/install/xarm_sdk/lib:/home/berenic/Documents/LPRS2_2026/Robo_Hand_RS485/ROS2/robo_hand_ws/install/xarm_msgs/lib:/home/berenic/Documents/LPRS2_2026/Robo_Hand_RS485/ROS2/robo_hand_ws/install/xarm_planner/lib:/home/berenic/Documents/LPRS2_2026/Robo_Hand_RS485/ROS2/robo_hand_ws/install/xarm_moveit_servo/lib:/home/berenic/Documents/LPRS2_2026/Robo_Hand_RS485/ROS2/robo_hand_ws/install/realsense_gazebo_plugin/lib:/opt/ros/jazzy/opt/gz_sim_vendor/lib:/opt/ros/jazzy/opt/gz_sensors_vendor/lib:/opt/ros/jazzy/opt/gz_physics_vendor/lib:/opt/ros/jazzy/opt/sdformat_vendor/lib:/opt/ros/jazzy/opt/rviz_ogre_vendor/lib:/opt/ros/jazzy/lib/x86_64-linux-gnu:/opt/ros/jazzy/opt/gz_gui_vendor/lib:/opt/ros/jazzy/opt/gz_transport_vendor/lib:/opt/ros/jazzy/opt/gz_rendering_vendor/lib:/opt/ros/jazzy/opt/gz_plugin_vendor/lib:/opt/ros/jazzy/opt/gz_fuel_tools_vendor/lib:/opt/ros/jazzy/opt/gz_msgs_vendor/lib:/opt/ros/jazzy/opt/gz_common_vendor/lib:/opt/ros/jazzy/opt/gz_math_vendor/lib:/opt/ros/jazzy/opt/gz_utils_vendor/lib:/opt/ros/jazzy/opt/gz_tools_vendor/lib:/opt/ros/jazzy/opt/gz_ogre_next_vendor/lib:/opt/ros/jazzy/opt/gz_dartsim_vendor/lib:/opt/ros/jazzy/opt/gz_cmake_vendor/lib:/opt/ros/jazzy/lib /usr/bin/cmake --install /home/berenic/Documents/LPRS2_2026/Robo_Hand_RS485/ROS2/robo_hand_ws/build/xarm_moveit_config
[4.268s] Level 1:colcon.colcon_core.environment:create_environment_scripts_only(xarm_moveit_config)
[4.268s] Level 1:colcon.colcon_core.environment:checking '/home/berenic/Documents/LPRS2_2026/Robo_Hand_RS485/ROS2/robo_hand_ws/install/xarm_moveit_config' for CMake module files
[4.269s] DEBUG:colcon.colcon_core.event_handler.log_command:Invoked command in '/home/berenic/Documents/LPRS2_2026/Robo_Hand_RS485/ROS2/robo_hand_ws/build/xarm_moveit_config' returned '0': AMENT_PREFIX_PATH=/home/berenic/Documents/LPRS2_2026/Robo_Hand_RS485/ROS2/robo_hand_ws/install/uf_ros_lib:/home/berenic/Documents/LPRS2_2026/Robo_Hand_RS485/ROS2/robo_hand_ws/install/glue_events_routines:/home/berenic/Documents/LPRS2_2026/Robo_Hand_RS485/ROS2/robo_hand_ws/install/xarm_planner:/home/berenic/Documents/LPRS2_2026/Robo_Hand_RS485/ROS2/robo_hand_ws/install/xarm_moveit_servo:/home/berenic/Documents/LPRS2_2026/Robo_Hand_RS485/ROS2/robo_hand_ws/install/xarm_moveit_config:/home/berenic/Documents/LPRS2_2026/Robo_Hand_RS485/ROS2/robo_hand_ws/install/xarm_gazebo:/home/berenic/Documents/LPRS2_2026/Robo_Hand_RS485/ROS2/robo_hand_ws/install/xarm_controller:/home/berenic/Documents/LPRS2_2026/Robo_Hand_RS485/ROS2/robo_hand_ws/install/xarm_api:/home/berenic/Documents/LPRS2_2026/Robo_Hand_RS485/ROS2/robo_hand_ws/install/xarm_sdk:/home/berenic/Documents/LPRS2_2026/Robo_Hand_RS485/ROS2/robo_hand_ws/install/xarm_msgs:/home/berenic/Documents/LPRS2_2026/Robo_Hand_RS485/ROS2/robo_hand_ws/install/xarm_description:/home/berenic/Documents/LPRS2_2026/Robo_Hand_RS485/ROS2/robo_hand_ws/install/mbot_demo:/home/berenic/Documents/LPRS2_2026/Robo_Hand_RS485/ROS2/robo_hand_ws/install/realsense_gazebo_plugin:/opt/ros/jazzy CMAKE_PREFIX_PATH=/home/berenic/Documents/LPRS2_2026/Robo_Hand_RS485/ROS2/robo_hand_ws/install/xarm_gazebo:/home/berenic/Documents/LPRS2_2026/Robo_Hand_RS485/ROS2/robo_hand_ws/install/xarm_controller:/home/berenic/Documents/LPRS2_2026/Robo_Hand_RS485/ROS2/robo_hand_ws/install/xarm_api:/home/berenic/Documents/LPRS2_2026/Robo_Hand_RS485/ROS2/robo_hand_ws/install/xarm_sdk:/home/berenic/Documents/LPRS2_2026/Robo_Hand_RS485/ROS2/robo_hand_ws/install/xarm_msgs:/home/berenic/Documents/LPRS2_2026/Robo_Hand_RS485/ROS2/robo_hand_ws/install/xarm_description:/home/berenic/Documents/LPRS2_2026/Robo_Hand_RS485/ROS2/robo_hand_ws/install/glue_events_routines:/home/berenic/Documents/LPRS2_2026/Robo_Hand_RS485/ROS2/robo_hand_ws/install/xarm_planner:/home/berenic/Documents/LPRS2_2026/Robo_Hand_RS485/ROS2/robo_hand_ws/install/xarm_moveit_servo:/home/berenic/Documents/LPRS2_2026/Robo_Hand_RS485/ROS2/robo_hand_ws/install/xarm_moveit_config:/home/berenic/Documents/LPRS2_2026/Robo_Hand_RS485/ROS2/robo_hand_ws/install/mbot_demo:/home/berenic/Documents/LPRS2_2026/Robo_Hand_RS485/ROS2/robo_hand_ws/install/realsense_gazebo_plugin:/opt/ros/jazzy/opt/gz_sim_vendor:/opt/ros/jazzy/opt/gz_sensors_vendor:/opt/ros/jazzy/opt/gz_physics_vendor:/opt/ros/jazzy/opt/sdformat_vendor:/opt/ros/jazzy/opt/gz_gui_vendor:/opt/ros/jazzy/opt/gz_transport_vendor:/opt/ros/jazzy/opt/gz_rendering_vendor:/opt/ros/jazzy/opt/gz_plugin_vendor:/opt/ros/jazzy/opt/gz_fuel_tools_vendor:/opt/ros/jazzy/opt/gz_msgs_vendor:/opt/ros/jazzy/opt/gz_common_vendor:/opt/ros/jazzy/opt/gz_math_vendor:/opt/ros/jazzy/opt/gz_utils_vendor:/opt/ros/jazzy/opt/gz_tools_vendor:/opt/ros/jazzy/opt/gz_ogre_next_vendor:/opt/ros/jazzy/opt/gz_dartsim_vendor:/opt/ros/jazzy/opt/gz_cmake_vendor:/home/berenic/Documents/LPRS2_2026/Robo_Hand_RS485/ROS2/robo_hand_ws/install/uf_ros_lib:/opt/ros/jazzy DEBUGINFOD_URLS=https://debuginfod.ubuntu.com LD_LIBRARY_PATH=/home/berenic/Documents/LPRS2_2026/Robo_Hand_RS485/ROS2/robo_hand_ws/install/xarm_gazebo/lib:/home/berenic/Documents/LPRS2_2026/Robo_Hand_RS485/ROS2/robo_hand_ws/install/xarm_controller/lib:/home/berenic/Documents/LPRS2_2026/Robo_Hand_RS485/ROS2/robo_hand_ws/install/xarm_api/lib:/home/berenic/Documents/LPRS2_2026/Robo_Hand_RS485/ROS2/robo_hand_ws/install/xarm_sdk/lib:/home/berenic/Documents/LPRS2_2026/Robo_Hand_RS485/ROS2/robo_hand_ws/install/xarm_msgs/lib:/home/berenic/Documents/LPRS2_2026/Robo_Hand_RS485/ROS2/robo_hand_ws/install/xarm_planner/lib:/home/berenic/Documents/LPRS2_2026/Robo_Hand_RS485/ROS2/robo_hand_ws/install/xarm_moveit_servo/lib:/home/berenic/Documents/LPRS2_2026/Robo_Hand_RS485/ROS2/robo_hand_ws/install/realsense_gazebo_plugin/lib:/opt/ros/jazzy/opt/gz_sim_vendor/lib:/opt/ros/jazzy/opt/gz_sensors_vendor/lib:/opt/ros/jazzy/opt/gz_physics_vendor/lib:/opt/ros/jazzy/opt/sdformat_vendor/lib:/opt/ros/jazzy/opt/rviz_ogre_vendor/lib:/opt/ros/jazzy/lib/x86_64-linux-gnu:/opt/ros/jazzy/opt/gz_gui_vendor/lib:/opt/ros/jazzy/opt/gz_transport_vendor/lib:/opt/ros/jazzy/opt/gz_rendering_vendor/lib:/opt/ros/jazzy/opt/gz_plugin_vendor/lib:/opt/ros/jazzy/opt/gz_fuel_tools_vendor/lib:/opt/ros/jazzy/opt/gz_msgs_vendor/lib:/opt/ros/jazzy/opt/gz_common_vendor/lib:/opt/ros/jazzy/opt/gz_math_vendor/lib:/opt/ros/jazzy/opt/gz_utils_vendor/lib:/opt/ros/jazzy/opt/gz_tools_vendor/lib:/opt/ros/jazzy/opt/gz_ogre_next_vendor/lib:/opt/ros/jazzy/opt/gz_dartsim_vendor/lib:/opt/ros/jazzy/opt/gz_cmake_vendor/lib:/opt/ros/jazzy/lib /usr/bin/cmake --install /home/berenic/Documents/LPRS2_2026/Robo_Hand_RS485/ROS2/robo_hand_ws/build/xarm_moveit_config
[4.270s] Level 1:colcon.colcon_core.environment:checking '/home/berenic/Documents/LPRS2_2026/Robo_Hand_RS485/ROS2/robo_hand_ws/install/xarm_moveit_config' for CMake config files
[4.270s] Level 1:colcon.colcon_core.shell:create_environment_hook('xarm_moveit_config', 'cmake_prefix_path')
[4.271s] INFO:colcon.colcon_core.shell:Creating environment hook '/home/berenic/Documents/LPRS2_2026/Robo_Hand_RS485/ROS2/robo_hand_ws/install/xarm_moveit_config/share/xarm_moveit_config/hook/cmake_prefix_path.ps1'
[4.272s] INFO:colcon.colcon_core.shell:Creating environment descriptor '/home/berenic/Documents/LPRS2_2026/Robo_Hand_RS485/ROS2/robo_hand_ws/install/xarm_moveit_config/share/xarm_moveit_config/hook/cmake_prefix_path.dsv'
[4.273s] INFO:colcon.colcon_core.shell:Creating environment hook '/home/berenic/Documents/LPRS2_2026/Robo_Hand_RS485/ROS2/robo_hand_ws/install/xarm_moveit_config/share/xarm_moveit_config/hook/cmake_prefix_path.sh'
[4.274s] Level 1:colcon.colcon_core.environment:checking '/home/berenic/Documents/LPRS2_2026/Robo_Hand_RS485/ROS2/robo_hand_ws/install/xarm_moveit_config/bin'
[4.274s] Level 1:colcon.colcon_core.environment:checking '/home/berenic/Documents/LPRS2_2026/Robo_Hand_RS485/ROS2/robo_hand_ws/install/xarm_moveit_config/lib/pkgconfig/xarm_moveit_config.pc'
[4.274s] Level 1:colcon.colcon_core.environment:checking '/home/berenic/Documents/LPRS2_2026/Robo_Hand_RS485/ROS2/robo_hand_ws/install/xarm_moveit_config/lib/python3.12/site-packages'
[4.275s] Level 1:colcon.colcon_core.environment:checking '/home/berenic/Documents/LPRS2_2026/Robo_Hand_RS485/ROS2/robo_hand_ws/install/xarm_moveit_config/bin'
[4.275s] INFO:colcon.colcon_core.shell:Creating package script '/home/berenic/Documents/LPRS2_2026/Robo_Hand_RS485/ROS2/robo_hand_ws/install/xarm_moveit_config/share/xarm_moveit_config/package.ps1'
[4.276s] INFO:colcon.colcon_core.shell:Creating package descriptor '/home/berenic/Documents/LPRS2_2026/Robo_Hand_RS485/ROS2/robo_hand_ws/install/xarm_moveit_config/share/xarm_moveit_config/package.dsv'
[4.277s] INFO:colcon.colcon_core.shell:Creating package script '/home/berenic/Documents/LPRS2_2026/Robo_Hand_RS485/ROS2/robo_hand_ws/install/xarm_moveit_config/share/xarm_moveit_config/package.sh'
[4.277s] INFO:colcon.colcon_core.shell:Creating package script '/home/berenic/Documents/LPRS2_2026/Robo_Hand_RS485/ROS2/robo_hand_ws/install/xarm_moveit_config/share/xarm_moveit_config/package.bash'
[4.278s] INFO:colcon.colcon_core.shell:Creating package script '/home/berenic/Documents/LPRS2_2026/Robo_Hand_RS485/ROS2/robo_hand_ws/install/xarm_moveit_config/share/xarm_moveit_config/package.zsh'
[4.279s] Level 1:colcon.colcon_core.environment:create_file_with_runtime_dependencies(/home/berenic/Documents/LPRS2_2026/Robo_Hand_RS485/ROS2/robo_hand_ws/install/xarm_moveit_config/share/colcon-core/packages/xarm_moveit_config)
[4.279s] Level 1:colcon.colcon_core.environment:create_environment_scripts_only(xarm_moveit_config)
[4.280s] Level 1:colcon.colcon_core.environment:checking '/home/berenic/Documents/LPRS2_2026/Robo_Hand_RS485/ROS2/robo_hand_ws/install/xarm_moveit_config' for CMake module files
[4.281s] Level 1:colcon.colcon_core.environment:checking '/home/berenic/Documents/LPRS2_2026/Robo_Hand_RS485/ROS2/robo_hand_ws/install/xarm_moveit_config' for CMake config files
[4.281s] Level 1:colcon.colcon_core.shell:create_environment_hook('xarm_moveit_config', 'cmake_prefix_path')
[4.282s] INFO:colcon.colcon_core.shell:Creating environment hook '/home/berenic/Documents/LPRS2_2026/Robo_Hand_RS485/ROS2/robo_hand_ws/install/xarm_moveit_config/share/xarm_moveit_config/hook/cmake_prefix_path.ps1'
[4.282s] INFO:colcon.colcon_core.shell:Creating environment descriptor '/home/berenic/Documents/LPRS2_2026/Robo_Hand_RS485/ROS2/robo_hand_ws/install/xarm_moveit_config/share/xarm_moveit_config/hook/cmake_prefix_path.dsv'
[4.283s] INFO:colcon.colcon_core.shell:Creating environment hook '/home/berenic/Documents/LPRS2_2026/Robo_Hand_RS485/ROS2/robo_hand_ws/install/xarm_moveit_config/share/xarm_moveit_config/hook/cmake_prefix_path.sh'
[4.284s] Level 1:colcon.colcon_core.environment:checking '/home/berenic/Documents/LPRS2_2026/Robo_Hand_RS485/ROS2/robo_hand_ws/install/xarm_moveit_config/bin'
[4.284s] Level 1:colcon.colcon_core.environment:checking '/home/berenic/Documents/LPRS2_2026/Robo_Hand_RS485/ROS2/robo_hand_ws/install/xarm_moveit_config/lib/pkgconfig/xarm_moveit_config.pc'
[4.284s] Level 1:colcon.colcon_core.environment:checking '/home/berenic/Documents/LPRS2_2026/Robo_Hand_RS485/ROS2/robo_hand_ws/install/xarm_moveit_config/lib/python3.12/site-packages'
[4.285s] Level 1:colcon.colcon_core.environment:checking '/home/berenic/Documents/LPRS2_2026/Robo_Hand_RS485/ROS2/robo_hand_ws/install/xarm_moveit_config/bin'
[4.285s] INFO:colcon.colcon_core.shell:Creating package script '/home/berenic/Documents/LPRS2_2026/Robo_Hand_RS485/ROS2/robo_hand_ws/install/xarm_moveit_config/share/xarm_moveit_config/package.ps1'
[4.286s] INFO:colcon.colcon_core.shell:Creating package descriptor '/home/berenic/Documents/LPRS2_2026/Robo_Hand_RS485/ROS2/robo_hand_ws/install/xarm_moveit_config/share/xarm_moveit_config/package.dsv'
[4.287s] INFO:colcon.colcon_core.shell:Creating package script '/home/berenic/Documents/LPRS2_2026/Robo_Hand_RS485/ROS2/robo_hand_ws/install/xarm_moveit_config/share/xarm_moveit_config/package.sh'
[4.289s] INFO:colcon.colcon_core.shell:Creating package script '/home/berenic/Documents/LPRS2_2026/Robo_Hand_RS485/ROS2/robo_hand_ws/install/xarm_moveit_config/share/xarm_moveit_config/package.bash'
[4.289s] INFO:colcon.colcon_core.shell:Creating package script '/home/berenic/Documents/LPRS2_2026/Robo_Hand_RS485/ROS2/robo_hand_ws/install/xarm_moveit_config/share/xarm_moveit_config/package.zsh'
[4.290s] Level 1:colcon.colcon_core.environment:create_file_with_runtime_dependencies(/home/berenic/Documents/LPRS2_2026/Robo_Hand_RS485/ROS2/robo_hand_ws/install/xarm_moveit_config/share/colcon-core/packages/xarm_moveit_config)
[4.291s] INFO:colcon.colcon_ros.task.ament_cmake.build:Building ROS package in '/home/berenic/Documents/LPRS2_2026/Robo_Hand_RS485/ROS2/robo_hand_ws/src/xarm_ros2/xarm_moveit_servo' with build type 'ament_cmake'
[4.291s] INFO:colcon.colcon_cmake.task.cmake.build:Building CMake package in '/home/berenic/Documents/LPRS2_2026/Robo_Hand_RS485/ROS2/robo_hand_ws/src/xarm_ros2/xarm_moveit_servo'
[4.292s] INFO:colcon.colcon_core.shell:Skip shell extension 'powershell' for command environment: Not usable outside of PowerShell
[4.292s] DEBUG:colcon.colcon_core.shell:Skip shell extension 'dsv' for command environment
[4.302s] INFO:colcon.colcon_ros.task.ament_cmake.build:Building ROS package in '/home/berenic/Documents/LPRS2_2026/Robo_Hand_RS485/ROS2/robo_hand_ws/src/xarm_ros2/xarm_planner' with build type 'ament_cmake'
[4.302s] INFO:colcon.colcon_cmake.task.cmake.build:Building CMake package in '/home/berenic/Documents/LPRS2_2026/Robo_Hand_RS485/ROS2/robo_hand_ws/src/xarm_ros2/xarm_planner'
[4.302s] INFO:colcon.colcon_core.shell:Skip shell extension 'powershell' for command environment: Not usable outside of PowerShell
[4.303s] DEBUG:colcon.colcon_core.shell:Skip shell extension 'dsv' for command environment
[4.339s] DEBUG:colcon.colcon_core.event_handler.log_command:Invoking command in '/home/berenic/Documents/LPRS2_2026/Robo_Hand_RS485/ROS2/robo_hand_ws/build/xarm_moveit_servo': AMENT_PREFIX_PATH=/home/berenic/Documents/LPRS2_2026/Robo_Hand_RS485/ROS2/robo_hand_ws/install/uf_ros_lib:/home/berenic/Documents/LPRS2_2026/Robo_Hand_RS485/ROS2/robo_hand_ws/install/glue_events_routines:/home/berenic/Documents/LPRS2_2026/Robo_Hand_RS485/ROS2/robo_hand_ws/install/xarm_planner:/home/berenic/Documents/LPRS2_2026/Robo_Hand_RS485/ROS2/robo_hand_ws/install/xarm_moveit_servo:/home/berenic/Documents/LPRS2_2026/Robo_Hand_RS485/ROS2/robo_hand_ws/install/xarm_moveit_config:/home/berenic/Documents/LPRS2_2026/Robo_Hand_RS485/ROS2/robo_hand_ws/install/xarm_gazebo:/home/berenic/Documents/LPRS2_2026/Robo_Hand_RS485/ROS2/robo_hand_ws/install/xarm_controller:/home/berenic/Documents/LPRS2_2026/Robo_Hand_RS485/ROS2/robo_hand_ws/install/xarm_api:/home/berenic/Documents/LPRS2_2026/Robo_Hand_RS485/ROS2/robo_hand_ws/install/xarm_sdk:/home/berenic/Documents/LPRS2_2026/Robo_Hand_RS485/ROS2/robo_hand_ws/install/xarm_msgs:/home/berenic/Documents/LPRS2_2026/Robo_Hand_RS485/ROS2/robo_hand_ws/install/xarm_description:/home/berenic/Documents/LPRS2_2026/Robo_Hand_RS485/ROS2/robo_hand_ws/install/mbot_demo:/home/berenic/Documents/LPRS2_2026/Robo_Hand_RS485/ROS2/robo_hand_ws/install/realsense_gazebo_plugin:/opt/ros/jazzy CMAKE_PREFIX_PATH=/home/berenic/Documents/LPRS2_2026/Robo_Hand_RS485/ROS2/robo_hand_ws/install/xarm_moveit_config:/home/berenic/Documents/LPRS2_2026/Robo_Hand_RS485/ROS2/robo_hand_ws/install/xarm_gazebo:/home/berenic/Documents/LPRS2_2026/Robo_Hand_RS485/ROS2/robo_hand_ws/install/xarm_controller:/home/berenic/Documents/LPRS2_2026/Robo_Hand_RS485/ROS2/robo_hand_ws/install/xarm_api:/home/berenic/Documents/LPRS2_2026/Robo_Hand_RS485/ROS2/robo_hand_ws/install/xarm_sdk:/home/berenic/Documents/LPRS2_2026/Robo_Hand_RS485/ROS2/robo_hand_ws/install/xarm_msgs:/home/berenic/Documents/LPRS2_2026/Robo_Hand_RS485/ROS2/robo_hand_ws/install/xarm_description:/home/berenic/Documents/LPRS2_2026/Robo_Hand_RS485/ROS2/robo_hand_ws/install/glue_events_routines:/home/berenic/Documents/LPRS2_2026/Robo_Hand_RS485/ROS2/robo_hand_ws/install/xarm_planner:/home/berenic/Documents/LPRS2_2026/Robo_Hand_RS485/ROS2/robo_hand_ws/install/xarm_moveit_servo:/home/berenic/Documents/LPRS2_2026/Robo_Hand_RS485/ROS2/robo_hand_ws/install/mbot_demo:/home/berenic/Documents/LPRS2_2026/Robo_Hand_RS485/ROS2/robo_hand_ws/install/realsense_gazebo_plugin:/opt/ros/jazzy/opt/gz_sim_vendor:/opt/ros/jazzy/opt/gz_sensors_vendor:/opt/ros/jazzy/opt/gz_physics_vendor:/opt/ros/jazzy/opt/sdformat_vendor:/opt/ros/jazzy/opt/gz_gui_vendor:/opt/ros/jazzy/opt/gz_transport_vendor:/opt/ros/jazzy/opt/gz_rendering_vendor:/opt/ros/jazzy/opt/gz_plugin_vendor:/opt/ros/jazzy/opt/gz_fuel_tools_vendor:/opt/ros/jazzy/opt/gz_msgs_vendor:/opt/ros/jazzy/opt/gz_common_vendor:/opt/ros/jazzy/opt/gz_math_vendor:/opt/ros/jazzy/opt/gz_utils_vendor:/opt/ros/jazzy/opt/gz_tools_vendor:/opt/ros/jazzy/opt/gz_ogre_next_vendor:/opt/ros/jazzy/opt/gz_dartsim_vendor:/opt/ros/jazzy/opt/gz_cmake_vendor:/home/berenic/Documents/LPRS2_2026/Robo_Hand_RS485/ROS2/robo_hand_ws/install/uf_ros_lib:/opt/ros/jazzy DEBUGINFOD_URLS=https://debuginfod.ubuntu.com LD_LIBRARY_PATH=/home/berenic/Documents/LPRS2_2026/Robo_Hand_RS485/ROS2/robo_hand_ws/install/xarm_gazebo/lib:/home/berenic/Documents/LPRS2_2026/Robo_Hand_RS485/ROS2/robo_hand_ws/install/xarm_controller/lib:/home/berenic/Documents/LPRS2_2026/Robo_Hand_RS485/ROS2/robo_hand_ws/install/xarm_api/lib:/home/berenic/Documents/LPRS2_2026/Robo_Hand_RS485/ROS2/robo_hand_ws/install/xarm_sdk/lib:/home/berenic/Documents/LPRS2_2026/Robo_Hand_RS485/ROS2/robo_hand_ws/install/xarm_msgs/lib:/home/berenic/Documents/LPRS2_2026/Robo_Hand_RS485/ROS2/robo_hand_ws/install/xarm_planner/lib:/home/berenic/Documents/LPRS2_2026/Robo_Hand_RS485/ROS2/robo_hand_ws/install/xarm_moveit_servo/lib:/home/berenic/Documents/LPRS2_2026/Robo_Hand_RS485/ROS2/robo_hand_ws/install/realsense_gazebo_plugin/lib:/opt/ros/jazzy/opt/gz_sim_vendor/lib:/opt/ros/jazzy/opt/gz_sensors_vendor/lib:/opt/ros/jazzy/opt/gz_physics_vendor/lib:/opt/ros/jazzy/opt/sdformat_vendor/lib:/opt/ros/jazzy/opt/rviz_ogre_vendor/lib:/opt/ros/jazzy/lib/x86_64-linux-gnu:/opt/ros/jazzy/opt/gz_gui_vendor/lib:/opt/ros/jazzy/opt/gz_transport_vendor/lib:/opt/ros/jazzy/opt/gz_rendering_vendor/lib:/opt/ros/jazzy/opt/gz_plugin_vendor/lib:/opt/ros/jazzy/opt/gz_fuel_tools_vendor/lib:/opt/ros/jazzy/opt/gz_msgs_vendor/lib:/opt/ros/jazzy/opt/gz_common_vendor/lib:/opt/ros/jazzy/opt/gz_math_vendor/lib:/opt/ros/jazzy/opt/gz_utils_vendor/lib:/opt/ros/jazzy/opt/gz_tools_vendor/lib:/opt/ros/jazzy/opt/gz_ogre_next_vendor/lib:/opt/ros/jazzy/opt/gz_dartsim_vendor/lib:/opt/ros/jazzy/opt/gz_cmake_vendor/lib:/opt/ros/jazzy/lib /usr/bin/cmake --build /home/berenic/Documents/LPRS2_2026/Robo_Hand_RS485/ROS2/robo_hand_ws/build/xarm_moveit_servo -- -j12 -l12
[4.348s] DEBUG:colcon.colcon_core.event_handler.log_command:Invoking command in '/home/berenic/Documents/LPRS2_2026/Robo_Hand_RS485/ROS2/robo_hand_ws/build/xarm_planner': AMENT_PREFIX_PATH=/home/berenic/Documents/LPRS2_2026/Robo_Hand_RS485/ROS2/robo_hand_ws/install/uf_ros_lib:/home/berenic/Documents/LPRS2_2026/Robo_Hand_RS485/ROS2/robo_hand_ws/install/glue_events_routines:/home/berenic/Documents/LPRS2_2026/Robo_Hand_RS485/ROS2/robo_hand_ws/install/xarm_planner:/home/berenic/Documents/LPRS2_2026/Robo_Hand_RS485/ROS2/robo_hand_ws/install/xarm_moveit_servo:/home/berenic/Documents/LPRS2_2026/Robo_Hand_RS485/ROS2/robo_hand_ws/install/xarm_moveit_config:/home/berenic/Documents/LPRS2_2026/Robo_Hand_RS485/ROS2/robo_hand_ws/install/xarm_gazebo:/home/berenic/Documents/LPRS2_2026/Robo_Hand_RS485/ROS2/robo_hand_ws/install/xarm_controller:/home/berenic/Documents/LPRS2_2026/Robo_Hand_RS485/ROS2/robo_hand_ws/install/xarm_api:/home/berenic/Documents/LPRS2_2026/Robo_Hand_RS485/ROS2/robo_hand_ws/install/xarm_sdk:/home/berenic/Documents/LPRS2_2026/Robo_Hand_RS485/ROS2/robo_hand_ws/install/xarm_msgs:/home/berenic/Documents/LPRS2_2026/Robo_Hand_RS485/ROS2/robo_hand_ws/install/xarm_description:/home/berenic/Documents/LPRS2_2026/Robo_Hand_RS485/ROS2/robo_hand_ws/install/mbot_demo:/home/berenic/Documents/LPRS2_2026/Robo_Hand_RS485/ROS2/robo_hand_ws/install/realsense_gazebo_plugin:/opt/ros/jazzy CMAKE_PREFIX_PATH=/home/berenic/Documents/LPRS2_2026/Robo_Hand_RS485/ROS2/robo_hand_ws/install/xarm_moveit_config:/home/berenic/Documents/LPRS2_2026/Robo_Hand_RS485/ROS2/robo_hand_ws/install/xarm_gazebo:/home/berenic/Documents/LPRS2_2026/Robo_Hand_RS485/ROS2/robo_hand_ws/install/xarm_controller:/home/berenic/Documents/LPRS2_2026/Robo_Hand_RS485/ROS2/robo_hand_ws/install/xarm_api:/home/berenic/Documents/LPRS2_2026/Robo_Hand_RS485/ROS2/robo_hand_ws/install/xarm_sdk:/home/berenic/Documents/LPRS2_2026/Robo_Hand_RS485/ROS2/robo_hand_ws/install/xarm_msgs:/home/berenic/Documents/LPRS2_2026/Robo_Hand_RS485/ROS2/robo_hand_ws/install/xarm_description:/home/berenic/Documents/LPRS2_2026/Robo_Hand_RS485/ROS2/robo_hand_ws/install/glue_events_routines:/home/berenic/Documents/LPRS2_2026/Robo_Hand_RS485/ROS2/robo_hand_ws/install/xarm_planner:/home/berenic/Documents/LPRS2_2026/Robo_Hand_RS485/ROS2/robo_hand_ws/install/xarm_moveit_servo:/home/berenic/Documents/LPRS2_2026/Robo_Hand_RS485/ROS2/robo_hand_ws/install/mbot_demo:/home/berenic/Documents/LPRS2_2026/Robo_Hand_RS485/ROS2/robo_hand_ws/install/realsense_gazebo_plugin:/opt/ros/jazzy/opt/gz_sim_vendor:/opt/ros/jazzy/opt/gz_sensors_vendor:/opt/ros/jazzy/opt/gz_physics_vendor:/opt/ros/jazzy/opt/sdformat_vendor:/opt/ros/jazzy/opt/gz_gui_vendor:/opt/ros/jazzy/opt/gz_transport_vendor:/opt/ros/jazzy/opt/gz_rendering_vendor:/opt/ros/jazzy/opt/gz_plugin_vendor:/opt/ros/jazzy/opt/gz_fuel_tools_vendor:/opt/ros/jazzy/opt/gz_msgs_vendor:/opt/ros/jazzy/opt/gz_common_vendor:/opt/ros/jazzy/opt/gz_math_vendor:/opt/ros/jazzy/opt/gz_utils_vendor:/opt/ros/jazzy/opt/gz_tools_vendor:/opt/ros/jazzy/opt/gz_ogre_next_vendor:/opt/ros/jazzy/opt/gz_dartsim_vendor:/opt/ros/jazzy/opt/gz_cmake_vendor:/home/berenic/Documents/LPRS2_2026/Robo_Hand_RS485/ROS2/robo_hand_ws/install/uf_ros_lib:/opt/ros/jazzy DEBUGINFOD_URLS=https://debuginfod.ubuntu.com LD_LIBRARY_PATH=/home/berenic/Documents/LPRS2_2026/Robo_Hand_RS485/ROS2/robo_hand_ws/install/xarm_gazebo/lib:/home/berenic/Documents/LPRS2_2026/Robo_Hand_RS485/ROS2/robo_hand_ws/install/xarm_controller/lib:/home/berenic/Documents/LPRS2_2026/Robo_Hand_RS485/ROS2/robo_hand_ws/install/xarm_api/lib:/home/berenic/Documents/LPRS2_2026/Robo_Hand_RS485/ROS2/robo_hand_ws/install/xarm_sdk/lib:/home/berenic/Documents/LPRS2_2026/Robo_Hand_RS485/ROS2/robo_hand_ws/install/xarm_msgs/lib:/home/berenic/Documents/LPRS2_2026/Robo_Hand_RS485/ROS2/robo_hand_ws/install/xarm_planner/lib:/home/berenic/Documents/LPRS2_2026/Robo_Hand_RS485/ROS2/robo_hand_ws/install/xarm_moveit_servo/lib:/home/berenic/Documents/LPRS2_2026/Robo_Hand_RS485/ROS2/robo_hand_ws/install/realsense_gazebo_plugin/lib:/opt/ros/jazzy/opt/gz_sim_vendor/lib:/opt/ros/jazzy/opt/gz_sensors_vendor/lib:/opt/ros/jazzy/opt/gz_physics_vendor/lib:/opt/ros/jazzy/opt/sdformat_vendor/lib:/opt/ros/jazzy/opt/rviz_ogre_vendor/lib:/opt/ros/jazzy/lib/x86_64-linux-gnu:/opt/ros/jazzy/opt/gz_gui_vendor/lib:/opt/ros/jazzy/opt/gz_transport_vendor/lib:/opt/ros/jazzy/opt/gz_rendering_vendor/lib:/opt/ros/jazzy/opt/gz_plugin_vendor/lib:/opt/ros/jazzy/opt/gz_fuel_tools_vendor/lib:/opt/ros/jazzy/opt/gz_msgs_vendor/lib:/opt/ros/jazzy/opt/gz_common_vendor/lib:/opt/ros/jazzy/opt/gz_math_vendor/lib:/opt/ros/jazzy/opt/gz_utils_vendor/lib:/opt/ros/jazzy/opt/gz_tools_vendor/lib:/opt/ros/jazzy/opt/gz_ogre_next_vendor/lib:/opt/ros/jazzy/opt/gz_dartsim_vendor/lib:/opt/ros/jazzy/opt/gz_cmake_vendor/lib:/opt/ros/jazzy/lib /usr/bin/cmake --build /home/berenic/Documents/LPRS2_2026/Robo_Hand_RS485/ROS2/robo_hand_ws/build/xarm_planner -- -j12 -l12
[4.513s] DEBUG:colcon.colcon_core.event_handler.log_command:Invoked command in '/home/berenic/Documents/LPRS2_2026/Robo_Hand_RS485/ROS2/robo_hand_ws/build/xarm_moveit_servo' returned '0': AMENT_PREFIX_PATH=/home/berenic/Documents/LPRS2_2026/Robo_Hand_RS485/ROS2/robo_hand_ws/install/uf_ros_lib:/home/berenic/Documents/LPRS2_2026/Robo_Hand_RS485/ROS2/robo_hand_ws/install/glue_events_routines:/home/berenic/Documents/LPRS2_2026/Robo_Hand_RS485/ROS2/robo_hand_ws/install/xarm_planner:/home/berenic/Documents/LPRS2_2026/Robo_Hand_RS485/ROS2/robo_hand_ws/install/xarm_moveit_servo:/home/berenic/Documents/LPRS2_2026/Robo_Hand_RS485/ROS2/robo_hand_ws/install/xarm_moveit_config:/home/berenic/Documents/LPRS2_2026/Robo_Hand_RS485/ROS2/robo_hand_ws/install/xarm_gazebo:/home/berenic/Documents/LPRS2_2026/Robo_Hand_RS485/ROS2/robo_hand_ws/install/xarm_controller:/home/berenic/Documents/LPRS2_2026/Robo_Hand_RS485/ROS2/robo_hand_ws/install/xarm_api:/home/berenic/Documents/LPRS2_2026/Robo_Hand_RS485/ROS2/robo_hand_ws/install/xarm_sdk:/home/berenic/Documents/LPRS2_2026/Robo_Hand_RS485/ROS2/robo_hand_ws/install/xarm_msgs:/home/berenic/Documents/LPRS2_2026/Robo_Hand_RS485/ROS2/robo_hand_ws/install/xarm_description:/home/berenic/Documents/LPRS2_2026/Robo_Hand_RS485/ROS2/robo_hand_ws/install/mbot_demo:/home/berenic/Documents/LPRS2_2026/Robo_Hand_RS485/ROS2/robo_hand_ws/install/realsense_gazebo_plugin:/opt/ros/jazzy CMAKE_PREFIX_PATH=/home/berenic/Documents/LPRS2_2026/Robo_Hand_RS485/ROS2/robo_hand_ws/install/xarm_moveit_config:/home/berenic/Documents/LPRS2_2026/Robo_Hand_RS485/ROS2/robo_hand_ws/install/xarm_gazebo:/home/berenic/Documents/LPRS2_2026/Robo_Hand_RS485/ROS2/robo_hand_ws/install/xarm_controller:/home/berenic/Documents/LPRS2_2026/Robo_Hand_RS485/ROS2/robo_hand_ws/install/xarm_api:/home/berenic/Documents/LPRS2_2026/Robo_Hand_RS485/ROS2/robo_hand_ws/install/xarm_sdk:/home/berenic/Documents/LPRS2_2026/Robo_Hand_RS485/ROS2/robo_hand_ws/install/xarm_msgs:/home/berenic/Documents/LPRS2_2026/Robo_Hand_RS485/ROS2/robo_hand_ws/install/xarm_description:/home/berenic/Documents/LPRS2_2026/Robo_Hand_RS485/ROS2/robo_hand_ws/install/glue_events_routines:/home/berenic/Documents/LPRS2_2026/Robo_Hand_RS485/ROS2/robo_hand_ws/install/xarm_planner:/home/berenic/Documents/LPRS2_2026/Robo_Hand_RS485/ROS2/robo_hand_ws/install/xarm_moveit_servo:/home/berenic/Documents/LPRS2_2026/Robo_Hand_RS485/ROS2/robo_hand_ws/install/mbot_demo:/home/berenic/Documents/LPRS2_2026/Robo_Hand_RS485/ROS2/robo_hand_ws/install/realsense_gazebo_plugin:/opt/ros/jazzy/opt/gz_sim_vendor:/opt/ros/jazzy/opt/gz_sensors_vendor:/opt/ros/jazzy/opt/gz_physics_vendor:/opt/ros/jazzy/opt/sdformat_vendor:/opt/ros/jazzy/opt/gz_gui_vendor:/opt/ros/jazzy/opt/gz_transport_vendor:/opt/ros/jazzy/opt/gz_rendering_vendor:/opt/ros/jazzy/opt/gz_plugin_vendor:/opt/ros/jazzy/opt/gz_fuel_tools_vendor:/opt/ros/jazzy/opt/gz_msgs_vendor:/opt/ros/jazzy/opt/gz_common_vendor:/opt/ros/jazzy/opt/gz_math_vendor:/opt/ros/jazzy/opt/gz_utils_vendor:/opt/ros/jazzy/opt/gz_tools_vendor:/opt/ros/jazzy/opt/gz_ogre_next_vendor:/opt/ros/jazzy/opt/gz_dartsim_vendor:/opt/ros/jazzy/opt/gz_cmake_vendor:/home/berenic/Documents/LPRS2_2026/Robo_Hand_RS485/ROS2/robo_hand_ws/install/uf_ros_lib:/opt/ros/jazzy DEBUGINFOD_URLS=https://debuginfod.ubuntu.com LD_LIBRARY_PATH=/home/berenic/Documents/LPRS2_2026/Robo_Hand_RS485/ROS2/robo_hand_ws/install/xarm_gazebo/lib:/home/berenic/Documents/LPRS2_2026/Robo_Hand_RS485/ROS2/robo_hand_ws/install/xarm_controller/lib:/home/berenic/Documents/LPRS2_2026/Robo_Hand_RS485/ROS2/robo_hand_ws/install/xarm_api/lib:/home/berenic/Documents/LPRS2_2026/Robo_Hand_RS485/ROS2/robo_hand_ws/install/xarm_sdk/lib:/home/berenic/Documents/LPRS2_2026/Robo_Hand_RS485/ROS2/robo_hand_ws/install/xarm_msgs/lib:/home/berenic/Documents/LPRS2_2026/Robo_Hand_RS485/ROS2/robo_hand_ws/install/xarm_planner/lib:/home/berenic/Documents/LPRS2_2026/Robo_Hand_RS485/ROS2/robo_hand_ws/install/xarm_moveit_servo/lib:/home/berenic/Documents/LPRS2_2026/Robo_Hand_RS485/ROS2/robo_hand_ws/install/realsense_gazebo_plugin/lib:/opt/ros/jazzy/opt/gz_sim_vendor/lib:/opt/ros/jazzy/opt/gz_sensors_vendor/lib:/opt/ros/jazzy/opt/gz_physics_vendor/lib:/opt/ros/jazzy/opt/sdformat_vendor/lib:/opt/ros/jazzy/opt/rviz_ogre_vendor/lib:/opt/ros/jazzy/lib/x86_64-linux-gnu:/opt/ros/jazzy/opt/gz_gui_vendor/lib:/opt/ros/jazzy/opt/gz_transport_vendor/lib:/opt/ros/jazzy/opt/gz_rendering_vendor/lib:/opt/ros/jazzy/opt/gz_plugin_vendor/lib:/opt/ros/jazzy/opt/gz_fuel_tools_vendor/lib:/opt/ros/jazzy/opt/gz_msgs_vendor/lib:/opt/ros/jazzy/opt/gz_common_vendor/lib:/opt/ros/jazzy/opt/gz_math_vendor/lib:/opt/ros/jazzy/opt/gz_utils_vendor/lib:/opt/ros/jazzy/opt/gz_tools_vendor/lib:/opt/ros/jazzy/opt/gz_ogre_next_vendor/lib:/opt/ros/jazzy/opt/gz_dartsim_vendor/lib:/opt/ros/jazzy/opt/gz_cmake_vendor/lib:/opt/ros/jazzy/lib /usr/bin/cmake --build /home/berenic/Documents/LPRS2_2026/Robo_Hand_RS485/ROS2/robo_hand_ws/build/xarm_moveit_servo -- -j12 -l12
[4.514s] DEBUG:colcon.colcon_core.event_handler.log_command:Invoking command in '/home/berenic/Documents/LPRS2_2026/Robo_Hand_RS485/ROS2/robo_hand_ws/build/xarm_moveit_servo': AMENT_PREFIX_PATH=/home/berenic/Documents/LPRS2_2026/Robo_Hand_RS485/ROS2/robo_hand_ws/install/uf_ros_lib:/home/berenic/Documents/LPRS2_2026/Robo_Hand_RS485/ROS2/robo_hand_ws/install/glue_events_routines:/home/berenic/Documents/LPRS2_2026/Robo_Hand_RS485/ROS2/robo_hand_ws/install/xarm_planner:/home/berenic/Documents/LPRS2_2026/Robo_Hand_RS485/ROS2/robo_hand_ws/install/xarm_moveit_servo:/home/berenic/Documents/LPRS2_2026/Robo_Hand_RS485/ROS2/robo_hand_ws/install/xarm_moveit_config:/home/berenic/Documents/LPRS2_2026/Robo_Hand_RS485/ROS2/robo_hand_ws/install/xarm_gazebo:/home/berenic/Documents/LPRS2_2026/Robo_Hand_RS485/ROS2/robo_hand_ws/install/xarm_controller:/home/berenic/Documents/LPRS2_2026/Robo_Hand_RS485/ROS2/robo_hand_ws/install/xarm_api:/home/berenic/Documents/LPRS2_2026/Robo_Hand_RS485/ROS2/robo_hand_ws/install/xarm_sdk:/home/berenic/Documents/LPRS2_2026/Robo_Hand_RS485/ROS2/robo_hand_ws/install/xarm_msgs:/home/berenic/Documents/LPRS2_2026/Robo_Hand_RS485/ROS2/robo_hand_ws/install/xarm_description:/home/berenic/Documents/LPRS2_2026/Robo_Hand_RS485/ROS2/robo_hand_ws/install/mbot_demo:/home/berenic/Documents/LPRS2_2026/Robo_Hand_RS485/ROS2/robo_hand_ws/install/realsense_gazebo_plugin:/opt/ros/jazzy CMAKE_PREFIX_PATH=/home/berenic/Documents/LPRS2_2026/Robo_Hand_RS485/ROS2/robo_hand_ws/install/xarm_moveit_config:/home/berenic/Documents/LPRS2_2026/Robo_Hand_RS485/ROS2/robo_hand_ws/install/xarm_gazebo:/home/berenic/Documents/LPRS2_2026/Robo_Hand_RS485/ROS2/robo_hand_ws/install/xarm_controller:/home/berenic/Documents/LPRS2_2026/Robo_Hand_RS485/ROS2/robo_hand_ws/install/xarm_api:/home/berenic/Documents/LPRS2_2026/Robo_Hand_RS485/ROS2/robo_hand_ws/install/xarm_sdk:/home/berenic/Documents/LPRS2_2026/Robo_Hand_RS485/ROS2/robo_hand_ws/install/xarm_msgs:/home/berenic/Documents/LPRS2_2026/Robo_Hand_RS485/ROS2/robo_hand_ws/install/xarm_description:/home/berenic/Documents/LPRS2_2026/Robo_Hand_RS485/ROS2/robo_hand_ws/install/glue_events_routines:/home/berenic/Documents/LPRS2_2026/Robo_Hand_RS485/ROS2/robo_hand_ws/install/xarm_planner:/home/berenic/Documents/LPRS2_2026/Robo_Hand_RS485/ROS2/robo_hand_ws/install/xarm_moveit_servo:/home/berenic/Documents/LPRS2_2026/Robo_Hand_RS485/ROS2/robo_hand_ws/install/mbot_demo:/home/berenic/Documents/LPRS2_2026/Robo_Hand_RS485/ROS2/robo_hand_ws/install/realsense_gazebo_plugin:/opt/ros/jazzy/opt/gz_sim_vendor:/opt/ros/jazzy/opt/gz_sensors_vendor:/opt/ros/jazzy/opt/gz_physics_vendor:/opt/ros/jazzy/opt/sdformat_vendor:/opt/ros/jazzy/opt/gz_gui_vendor:/opt/ros/jazzy/opt/gz_transport_vendor:/opt/ros/jazzy/opt/gz_rendering_vendor:/opt/ros/jazzy/opt/gz_plugin_vendor:/opt/ros/jazzy/opt/gz_fuel_tools_vendor:/opt/ros/jazzy/opt/gz_msgs_vendor:/opt/ros/jazzy/opt/gz_common_vendor:/opt/ros/jazzy/opt/gz_math_vendor:/opt/ros/jazzy/opt/gz_utils_vendor:/opt/ros/jazzy/opt/gz_tools_vendor:/opt/ros/jazzy/opt/gz_ogre_next_vendor:/opt/ros/jazzy/opt/gz_dartsim_vendor:/opt/ros/jazzy/opt/gz_cmake_vendor:/home/berenic/Documents/LPRS2_2026/Robo_Hand_RS485/ROS2/robo_hand_ws/install/uf_ros_lib:/opt/ros/jazzy DEBUGINFOD_URLS=https://debuginfod.ubuntu.com LD_LIBRARY_PATH=/home/berenic/Documents/LPRS2_2026/Robo_Hand_RS485/ROS2/robo_hand_ws/install/xarm_gazebo/lib:/home/berenic/Documents/LPRS2_2026/Robo_Hand_RS485/ROS2/robo_hand_ws/install/xarm_controller/lib:/home/berenic/Documents/LPRS2_2026/Robo_Hand_RS485/ROS2/robo_hand_ws/install/xarm_api/lib:/home/berenic/Documents/LPRS2_2026/Robo_Hand_RS485/ROS2/robo_hand_ws/install/xarm_sdk/lib:/home/berenic/Documents/LPRS2_2026/Robo_Hand_RS485/ROS2/robo_hand_ws/install/xarm_msgs/lib:/home/berenic/Documents/LPRS2_2026/Robo_Hand_RS485/ROS2/robo_hand_ws/install/xarm_planner/lib:/home/berenic/Documents/LPRS2_2026/Robo_Hand_RS485/ROS2/robo_hand_ws/install/xarm_moveit_servo/lib:/home/berenic/Documents/LPRS2_2026/Robo_Hand_RS485/ROS2/robo_hand_ws/install/realsense_gazebo_plugin/lib:/opt/ros/jazzy/opt/gz_sim_vendor/lib:/opt/ros/jazzy/opt/gz_sensors_vendor/lib:/opt/ros/jazzy/opt/gz_physics_vendor/lib:/opt/ros/jazzy/opt/sdformat_vendor/lib:/opt/ros/jazzy/opt/rviz_ogre_vendor/lib:/opt/ros/jazzy/lib/x86_64-linux-gnu:/opt/ros/jazzy/opt/gz_gui_vendor/lib:/opt/ros/jazzy/opt/gz_transport_vendor/lib:/opt/ros/jazzy/opt/gz_rendering_vendor/lib:/opt/ros/jazzy/opt/gz_plugin_vendor/lib:/opt/ros/jazzy/opt/gz_fuel_tools_vendor/lib:/opt/ros/jazzy/opt/gz_msgs_vendor/lib:/opt/ros/jazzy/opt/gz_common_vendor/lib:/opt/ros/jazzy/opt/gz_math_vendor/lib:/opt/ros/jazzy/opt/gz_utils_vendor/lib:/opt/ros/jazzy/opt/gz_tools_vendor/lib:/opt/ros/jazzy/opt/gz_ogre_next_vendor/lib:/opt/ros/jazzy/opt/gz_dartsim_vendor/lib:/opt/ros/jazzy/opt/gz_cmake_vendor/lib:/opt/ros/jazzy/lib /usr/bin/cmake --install /home/berenic/Documents/LPRS2_2026/Robo_Hand_RS485/ROS2/robo_hand_ws/build/xarm_moveit_servo
[4.578s] Level 1:colcon.colcon_core.environment:create_environment_scripts_only(xarm_moveit_servo)
[4.579s] Level 1:colcon.colcon_core.environment:checking '/home/berenic/Documents/LPRS2_2026/Robo_Hand_RS485/ROS2/robo_hand_ws/install/xarm_moveit_servo' for CMake module files
[4.580s] DEBUG:colcon.colcon_core.event_handler.log_command:Invoked command in '/home/berenic/Documents/LPRS2_2026/Robo_Hand_RS485/ROS2/robo_hand_ws/build/xarm_moveit_servo' returned '0': AMENT_PREFIX_PATH=/home/berenic/Documents/LPRS2_2026/Robo_Hand_RS485/ROS2/robo_hand_ws/install/uf_ros_lib:/home/berenic/Documents/LPRS2_2026/Robo_Hand_RS485/ROS2/robo_hand_ws/install/glue_events_routines:/home/berenic/Documents/LPRS2_2026/Robo_Hand_RS485/ROS2/robo_hand_ws/install/xarm_planner:/home/berenic/Documents/LPRS2_2026/Robo_Hand_RS485/ROS2/robo_hand_ws/install/xarm_moveit_servo:/home/berenic/Documents/LPRS2_2026/Robo_Hand_RS485/ROS2/robo_hand_ws/install/xarm_moveit_config:/home/berenic/Documents/LPRS2_2026/Robo_Hand_RS485/ROS2/robo_hand_ws/install/xarm_gazebo:/home/berenic/Documents/LPRS2_2026/Robo_Hand_RS485/ROS2/robo_hand_ws/install/xarm_controller:/home/berenic/Documents/LPRS2_2026/Robo_Hand_RS485/ROS2/robo_hand_ws/install/xarm_api:/home/berenic/Documents/LPRS2_2026/Robo_Hand_RS485/ROS2/robo_hand_ws/install/xarm_sdk:/home/berenic/Documents/LPRS2_2026/Robo_Hand_RS485/ROS2/robo_hand_ws/install/xarm_msgs:/home/berenic/Documents/LPRS2_2026/Robo_Hand_RS485/ROS2/robo_hand_ws/install/xarm_description:/home/berenic/Documents/LPRS2_2026/Robo_Hand_RS485/ROS2/robo_hand_ws/install/mbot_demo:/home/berenic/Documents/LPRS2_2026/Robo_Hand_RS485/ROS2/robo_hand_ws/install/realsense_gazebo_plugin:/opt/ros/jazzy CMAKE_PREFIX_PATH=/home/berenic/Documents/LPRS2_2026/Robo_Hand_RS485/ROS2/robo_hand_ws/install/xarm_moveit_config:/home/berenic/Documents/LPRS2_2026/Robo_Hand_RS485/ROS2/robo_hand_ws/install/xarm_gazebo:/home/berenic/Documents/LPRS2_2026/Robo_Hand_RS485/ROS2/robo_hand_ws/install/xarm_controller:/home/berenic/Documents/LPRS2_2026/Robo_Hand_RS485/ROS2/robo_hand_ws/install/xarm_api:/home/berenic/Documents/LPRS2_2026/Robo_Hand_RS485/ROS2/robo_hand_ws/install/xarm_sdk:/home/berenic/Documents/LPRS2_2026/Robo_Hand_RS485/ROS2/robo_hand_ws/install/xarm_msgs:/home/berenic/Documents/LPRS2_2026/Robo_Hand_RS485/ROS2/robo_hand_ws/install/xarm_description:/home/berenic/Documents/LPRS2_2026/Robo_Hand_RS485/ROS2/robo_hand_ws/install/glue_events_routines:/home/berenic/Documents/LPRS2_2026/Robo_Hand_RS485/ROS2/robo_hand_ws/install/xarm_planner:/home/berenic/Documents/LPRS2_2026/Robo_Hand_RS485/ROS2/robo_hand_ws/install/xarm_moveit_servo:/home/berenic/Documents/LPRS2_2026/Robo_Hand_RS485/ROS2/robo_hand_ws/install/mbot_demo:/home/berenic/Documents/LPRS2_2026/Robo_Hand_RS485/ROS2/robo_hand_ws/install/realsense_gazebo_plugin:/opt/ros/jazzy/opt/gz_sim_vendor:/opt/ros/jazzy/opt/gz_sensors_vendor:/opt/ros/jazzy/opt/gz_physics_vendor:/opt/ros/jazzy/opt/sdformat_vendor:/opt/ros/jazzy/opt/gz_gui_vendor:/opt/ros/jazzy/opt/gz_transport_vendor:/opt/ros/jazzy/opt/gz_rendering_vendor:/opt/ros/jazzy/opt/gz_plugin_vendor:/opt/ros/jazzy/opt/gz_fuel_tools_vendor:/opt/ros/jazzy/opt/gz_msgs_vendor:/opt/ros/jazzy/opt/gz_common_vendor:/opt/ros/jazzy/opt/gz_math_vendor:/opt/ros/jazzy/opt/gz_utils_vendor:/opt/ros/jazzy/opt/gz_tools_vendor:/opt/ros/jazzy/opt/gz_ogre_next_vendor:/opt/ros/jazzy/opt/gz_dartsim_vendor:/opt/ros/jazzy/opt/gz_cmake_vendor:/home/berenic/Documents/LPRS2_2026/Robo_Hand_RS485/ROS2/robo_hand_ws/install/uf_ros_lib:/opt/ros/jazzy DEBUGINFOD_URLS=https://debuginfod.ubuntu.com LD_LIBRARY_PATH=/home/berenic/Documents/LPRS2_2026/Robo_Hand_RS485/ROS2/robo_hand_ws/install/xarm_gazebo/lib:/home/berenic/Documents/LPRS2_2026/Robo_Hand_RS485/ROS2/robo_hand_ws/install/xarm_controller/lib:/home/berenic/Documents/LPRS2_2026/Robo_Hand_RS485/ROS2/robo_hand_ws/install/xarm_api/lib:/home/berenic/Documents/LPRS2_2026/Robo_Hand_RS485/ROS2/robo_hand_ws/install/xarm_sdk/lib:/home/berenic/Documents/LPRS2_2026/Robo_Hand_RS485/ROS2/robo_hand_ws/install/xarm_msgs/lib:/home/berenic/Documents/LPRS2_2026/Robo_Hand_RS485/ROS2/robo_hand_ws/install/xarm_planner/lib:/home/berenic/Documents/LPRS2_2026/Robo_Hand_RS485/ROS2/robo_hand_ws/install/xarm_moveit_servo/lib:/home/berenic/Documents/LPRS2_2026/Robo_Hand_RS485/ROS2/robo_hand_ws/install/realsense_gazebo_plugin/lib:/opt/ros/jazzy/opt/gz_sim_vendor/lib:/opt/ros/jazzy/opt/gz_sensors_vendor/lib:/opt/ros/jazzy/opt/gz_physics_vendor/lib:/opt/ros/jazzy/opt/sdformat_vendor/lib:/opt/ros/jazzy/opt/rviz_ogre_vendor/lib:/opt/ros/jazzy/lib/x86_64-linux-gnu:/opt/ros/jazzy/opt/gz_gui_vendor/lib:/opt/ros/jazzy/opt/gz_transport_vendor/lib:/opt/ros/jazzy/opt/gz_rendering_vendor/lib:/opt/ros/jazzy/opt/gz_plugin_vendor/lib:/opt/ros/jazzy/opt/gz_fuel_tools_vendor/lib:/opt/ros/jazzy/opt/gz_msgs_vendor/lib:/opt/ros/jazzy/opt/gz_common_vendor/lib:/opt/ros/jazzy/opt/gz_math_vendor/lib:/opt/ros/jazzy/opt/gz_utils_vendor/lib:/opt/ros/jazzy/opt/gz_tools_vendor/lib:/opt/ros/jazzy/opt/gz_ogre_next_vendor/lib:/opt/ros/jazzy/opt/gz_dartsim_vendor/lib:/opt/ros/jazzy/opt/gz_cmake_vendor/lib:/opt/ros/jazzy/lib /usr/bin/cmake --install /home/berenic/Documents/LPRS2_2026/Robo_Hand_RS485/ROS2/robo_hand_ws/build/xarm_moveit_servo
[4.581s] Level 1:colcon.colcon_core.environment:checking '/home/berenic/Documents/LPRS2_2026/Robo_Hand_RS485/ROS2/robo_hand_ws/install/xarm_moveit_servo' for CMake config files
[4.582s] Level 1:colcon.colcon_core.shell:create_environment_hook('xarm_moveit_servo', 'cmake_prefix_path')
[4.582s] INFO:colcon.colcon_core.shell:Creating environment hook '/home/berenic/Documents/LPRS2_2026/Robo_Hand_RS485/ROS2/robo_hand_ws/install/xarm_moveit_servo/share/xarm_moveit_servo/hook/cmake_prefix_path.ps1'
[4.583s] INFO:colcon.colcon_core.shell:Creating environment descriptor '/home/berenic/Documents/LPRS2_2026/Robo_Hand_RS485/ROS2/robo_hand_ws/install/xarm_moveit_servo/share/xarm_moveit_servo/hook/cmake_prefix_path.dsv'
[4.584s] INFO:colcon.colcon_core.shell:Creating environment hook '/home/berenic/Documents/LPRS2_2026/Robo_Hand_RS485/ROS2/robo_hand_ws/install/xarm_moveit_servo/share/xarm_moveit_servo/hook/cmake_prefix_path.sh'
[4.585s] Level 1:colcon.colcon_core.environment:checking '/home/berenic/Documents/LPRS2_2026/Robo_Hand_RS485/ROS2/robo_hand_ws/install/xarm_moveit_servo/lib'
[4.585s] Level 1:colcon.colcon_core.shell:create_environment_hook('xarm_moveit_servo', 'ld_library_path_lib')
[4.586s] INFO:colcon.colcon_core.shell:Creating environment hook '/home/berenic/Documents/LPRS2_2026/Robo_Hand_RS485/ROS2/robo_hand_ws/install/xarm_moveit_servo/share/xarm_moveit_servo/hook/ld_library_path_lib.ps1'
[4.586s] INFO:colcon.colcon_core.shell:Creating environment descriptor '/home/berenic/Documents/LPRS2_2026/Robo_Hand_RS485/ROS2/robo_hand_ws/install/xarm_moveit_servo/share/xarm_moveit_servo/hook/ld_library_path_lib.dsv'
[4.587s] INFO:colcon.colcon_core.shell:Creating environment hook '/home/berenic/Documents/LPRS2_2026/Robo_Hand_RS485/ROS2/robo_hand_ws/install/xarm_moveit_servo/share/xarm_moveit_servo/hook/ld_library_path_lib.sh'
[4.588s] Level 1:colcon.colcon_core.environment:checking '/home/berenic/Documents/LPRS2_2026/Robo_Hand_RS485/ROS2/robo_hand_ws/install/xarm_moveit_servo/bin'
[4.588s] Level 1:colcon.colcon_core.environment:checking '/home/berenic/Documents/LPRS2_2026/Robo_Hand_RS485/ROS2/robo_hand_ws/install/xarm_moveit_servo/lib/pkgconfig/xarm_moveit_servo.pc'
[4.588s] Level 1:colcon.colcon_core.environment:checking '/home/berenic/Documents/LPRS2_2026/Robo_Hand_RS485/ROS2/robo_hand_ws/install/xarm_moveit_servo/lib/python3.12/site-packages'
[4.589s] Level 1:colcon.colcon_core.environment:checking '/home/berenic/Documents/LPRS2_2026/Robo_Hand_RS485/ROS2/robo_hand_ws/install/xarm_moveit_servo/bin'
[4.589s] INFO:colcon.colcon_core.shell:Creating package script '/home/berenic/Documents/LPRS2_2026/Robo_Hand_RS485/ROS2/robo_hand_ws/install/xarm_moveit_servo/share/xarm_moveit_servo/package.ps1'
[4.590s] INFO:colcon.colcon_core.shell:Creating package descriptor '/home/berenic/Documents/LPRS2_2026/Robo_Hand_RS485/ROS2/robo_hand_ws/install/xarm_moveit_servo/share/xarm_moveit_servo/package.dsv'
[4.591s] INFO:colcon.colcon_core.shell:Creating package script '/home/berenic/Documents/LPRS2_2026/Robo_Hand_RS485/ROS2/robo_hand_ws/install/xarm_moveit_servo/share/xarm_moveit_servo/package.sh'
[4.592s] INFO:colcon.colcon_core.shell:Creating package script '/home/berenic/Documents/LPRS2_2026/Robo_Hand_RS485/ROS2/robo_hand_ws/install/xarm_moveit_servo/share/xarm_moveit_servo/package.bash'
[4.592s] INFO:colcon.colcon_core.shell:Creating package script '/home/berenic/Documents/LPRS2_2026/Robo_Hand_RS485/ROS2/robo_hand_ws/install/xarm_moveit_servo/share/xarm_moveit_servo/package.zsh'
[4.593s] Level 1:colcon.colcon_core.environment:create_file_with_runtime_dependencies(/home/berenic/Documents/LPRS2_2026/Robo_Hand_RS485/ROS2/robo_hand_ws/install/xarm_moveit_servo/share/colcon-core/packages/xarm_moveit_servo)
[4.594s] Level 1:colcon.colcon_core.environment:create_environment_scripts_only(xarm_moveit_servo)
[4.594s] Level 1:colcon.colcon_core.environment:checking '/home/berenic/Documents/LPRS2_2026/Robo_Hand_RS485/ROS2/robo_hand_ws/install/xarm_moveit_servo' for CMake module files
[4.595s] Level 1:colcon.colcon_core.environment:checking '/home/berenic/Documents/LPRS2_2026/Robo_Hand_RS485/ROS2/robo_hand_ws/install/xarm_moveit_servo' for CMake config files
[4.596s] Level 1:colcon.colcon_core.shell:create_environment_hook('xarm_moveit_servo', 'cmake_prefix_path')
[4.596s] INFO:colcon.colcon_core.shell:Creating environment hook '/home/berenic/Documents/LPRS2_2026/Robo_Hand_RS485/ROS2/robo_hand_ws/install/xarm_moveit_servo/share/xarm_moveit_servo/hook/cmake_prefix_path.ps1'
[4.597s] INFO:colcon.colcon_core.shell:Creating environment descriptor '/home/berenic/Documents/LPRS2_2026/Robo_Hand_RS485/ROS2/robo_hand_ws/install/xarm_moveit_servo/share/xarm_moveit_servo/hook/cmake_prefix_path.dsv'
[4.597s] INFO:colcon.colcon_core.shell:Creating environment hook '/home/berenic/Documents/LPRS2_2026/Robo_Hand_RS485/ROS2/robo_hand_ws/install/xarm_moveit_servo/share/xarm_moveit_servo/hook/cmake_prefix_path.sh'
[4.598s] Level 1:colcon.colcon_core.environment:checking '/home/berenic/Documents/LPRS2_2026/Robo_Hand_RS485/ROS2/robo_hand_ws/install/xarm_moveit_servo/lib'
[4.598s] Level 1:colcon.colcon_core.shell:create_environment_hook('xarm_moveit_servo', 'ld_library_path_lib')
[4.599s] INFO:colcon.colcon_core.shell:Creating environment hook '/home/berenic/Documents/LPRS2_2026/Robo_Hand_RS485/ROS2/robo_hand_ws/install/xarm_moveit_servo/share/xarm_moveit_servo/hook/ld_library_path_lib.ps1'
[4.599s] INFO:colcon.colcon_core.shell:Creating environment descriptor '/home/berenic/Documents/LPRS2_2026/Robo_Hand_RS485/ROS2/robo_hand_ws/install/xarm_moveit_servo/share/xarm_moveit_servo/hook/ld_library_path_lib.dsv'
[4.600s] INFO:colcon.colcon_core.shell:Creating environment hook '/home/berenic/Documents/LPRS2_2026/Robo_Hand_RS485/ROS2/robo_hand_ws/install/xarm_moveit_servo/share/xarm_moveit_servo/hook/ld_library_path_lib.sh'
[4.601s] Level 1:colcon.colcon_core.environment:checking '/home/berenic/Documents/LPRS2_2026/Robo_Hand_RS485/ROS2/robo_hand_ws/install/xarm_moveit_servo/bin'
[4.601s] Level 1:colcon.colcon_core.environment:checking '/home/berenic/Documents/LPRS2_2026/Robo_Hand_RS485/ROS2/robo_hand_ws/install/xarm_moveit_servo/lib/pkgconfig/xarm_moveit_servo.pc'
[4.601s] Level 1:colcon.colcon_core.environment:checking '/home/berenic/Documents/LPRS2_2026/Robo_Hand_RS485/ROS2/robo_hand_ws/install/xarm_moveit_servo/lib/python3.12/site-packages'
[4.602s] Level 1:colcon.colcon_core.environment:checking '/home/berenic/Documents/LPRS2_2026/Robo_Hand_RS485/ROS2/robo_hand_ws/install/xarm_moveit_servo/bin'
[4.602s] INFO:colcon.colcon_core.shell:Creating package script '/home/berenic/Documents/LPRS2_2026/Robo_Hand_RS485/ROS2/robo_hand_ws/install/xarm_moveit_servo/share/xarm_moveit_servo/package.ps1'
[4.603s] INFO:colcon.colcon_core.shell:Creating package descriptor '/home/berenic/Documents/LPRS2_2026/Robo_Hand_RS485/ROS2/robo_hand_ws/install/xarm_moveit_servo/share/xarm_moveit_servo/package.dsv'
[4.604s] INFO:colcon.colcon_core.shell:Creating package script '/home/berenic/Documents/LPRS2_2026/Robo_Hand_RS485/ROS2/robo_hand_ws/install/xarm_moveit_servo/share/xarm_moveit_servo/package.sh'
[4.605s] INFO:colcon.colcon_core.shell:Creating package script '/home/berenic/Documents/LPRS2_2026/Robo_Hand_RS485/ROS2/robo_hand_ws/install/xarm_moveit_servo/share/xarm_moveit_servo/package.bash'
[4.606s] INFO:colcon.colcon_core.shell:Creating package script '/home/berenic/Documents/LPRS2_2026/Robo_Hand_RS485/ROS2/robo_hand_ws/install/xarm_moveit_servo/share/xarm_moveit_servo/package.zsh'
[4.606s] Level 1:colcon.colcon_core.environment:create_file_with_runtime_dependencies(/home/berenic/Documents/LPRS2_2026/Robo_Hand_RS485/ROS2/robo_hand_ws/install/xarm_moveit_servo/share/colcon-core/packages/xarm_moveit_servo)
[4.609s] DEBUG:colcon.colcon_core.event_handler.log_command:Invoked command in '/home/berenic/Documents/LPRS2_2026/Robo_Hand_RS485/ROS2/robo_hand_ws/build/xarm_planner' returned '0': AMENT_PREFIX_PATH=/home/berenic/Documents/LPRS2_2026/Robo_Hand_RS485/ROS2/robo_hand_ws/install/uf_ros_lib:/home/berenic/Documents/LPRS2_2026/Robo_Hand_RS485/ROS2/robo_hand_ws/install/glue_events_routines:/home/berenic/Documents/LPRS2_2026/Robo_Hand_RS485/ROS2/robo_hand_ws/install/xarm_planner:/home/berenic/Documents/LPRS2_2026/Robo_Hand_RS485/ROS2/robo_hand_ws/install/xarm_moveit_servo:/home/berenic/Documents/LPRS2_2026/Robo_Hand_RS485/ROS2/robo_hand_ws/install/xarm_moveit_config:/home/berenic/Documents/LPRS2_2026/Robo_Hand_RS485/ROS2/robo_hand_ws/install/xarm_gazebo:/home/berenic/Documents/LPRS2_2026/Robo_Hand_RS485/ROS2/robo_hand_ws/install/xarm_controller:/home/berenic/Documents/LPRS2_2026/Robo_Hand_RS485/ROS2/robo_hand_ws/install/xarm_api:/home/berenic/Documents/LPRS2_2026/Robo_Hand_RS485/ROS2/robo_hand_ws/install/xarm_sdk:/home/berenic/Documents/LPRS2_2026/Robo_Hand_RS485/ROS2/robo_hand_ws/install/xarm_msgs:/home/berenic/Documents/LPRS2_2026/Robo_Hand_RS485/ROS2/robo_hand_ws/install/xarm_description:/home/berenic/Documents/LPRS2_2026/Robo_Hand_RS485/ROS2/robo_hand_ws/install/mbot_demo:/home/berenic/Documents/LPRS2_2026/Robo_Hand_RS485/ROS2/robo_hand_ws/install/realsense_gazebo_plugin:/opt/ros/jazzy CMAKE_PREFIX_PATH=/home/berenic/Documents/LPRS2_2026/Robo_Hand_RS485/ROS2/robo_hand_ws/install/xarm_moveit_config:/home/berenic/Documents/LPRS2_2026/Robo_Hand_RS485/ROS2/robo_hand_ws/install/xarm_gazebo:/home/berenic/Documents/LPRS2_2026/Robo_Hand_RS485/ROS2/robo_hand_ws/install/xarm_controller:/home/berenic/Documents/LPRS2_2026/Robo_Hand_RS485/ROS2/robo_hand_ws/install/xarm_api:/home/berenic/Documents/LPRS2_2026/Robo_Hand_RS485/ROS2/robo_hand_ws/install/xarm_sdk:/home/berenic/Documents/LPRS2_2026/Robo_Hand_RS485/ROS2/robo_hand_ws/install/xarm_msgs:/home/berenic/Documents/LPRS2_2026/Robo_Hand_RS485/ROS2/robo_hand_ws/install/xarm_description:/home/berenic/Documents/LPRS2_2026/Robo_Hand_RS485/ROS2/robo_hand_ws/install/glue_events_routines:/home/berenic/Documents/LPRS2_2026/Robo_Hand_RS485/ROS2/robo_hand_ws/install/xarm_planner:/home/berenic/Documents/LPRS2_2026/Robo_Hand_RS485/ROS2/robo_hand_ws/install/xarm_moveit_servo:/home/berenic/Documents/LPRS2_2026/Robo_Hand_RS485/ROS2/robo_hand_ws/install/mbot_demo:/home/berenic/Documents/LPRS2_2026/Robo_Hand_RS485/ROS2/robo_hand_ws/install/realsense_gazebo_plugin:/opt/ros/jazzy/opt/gz_sim_vendor:/opt/ros/jazzy/opt/gz_sensors_vendor:/opt/ros/jazzy/opt/gz_physics_vendor:/opt/ros/jazzy/opt/sdformat_vendor:/opt/ros/jazzy/opt/gz_gui_vendor:/opt/ros/jazzy/opt/gz_transport_vendor:/opt/ros/jazzy/opt/gz_rendering_vendor:/opt/ros/jazzy/opt/gz_plugin_vendor:/opt/ros/jazzy/opt/gz_fuel_tools_vendor:/opt/ros/jazzy/opt/gz_msgs_vendor:/opt/ros/jazzy/opt/gz_common_vendor:/opt/ros/jazzy/opt/gz_math_vendor:/opt/ros/jazzy/opt/gz_utils_vendor:/opt/ros/jazzy/opt/gz_tools_vendor:/opt/ros/jazzy/opt/gz_ogre_next_vendor:/opt/ros/jazzy/opt/gz_dartsim_vendor:/opt/ros/jazzy/opt/gz_cmake_vendor:/home/berenic/Documents/LPRS2_2026/Robo_Hand_RS485/ROS2/robo_hand_ws/install/uf_ros_lib:/opt/ros/jazzy DEBUGINFOD_URLS=https://debuginfod.ubuntu.com LD_LIBRARY_PATH=/home/berenic/Documents/LPRS2_2026/Robo_Hand_RS485/ROS2/robo_hand_ws/install/xarm_gazebo/lib:/home/berenic/Documents/LPRS2_2026/Robo_Hand_RS485/ROS2/robo_hand_ws/install/xarm_controller/lib:/home/berenic/Documents/LPRS2_2026/Robo_Hand_RS485/ROS2/robo_hand_ws/install/xarm_api/lib:/home/berenic/Documents/LPRS2_2026/Robo_Hand_RS485/ROS2/robo_hand_ws/install/xarm_sdk/lib:/home/berenic/Documents/LPRS2_2026/Robo_Hand_RS485/ROS2/robo_hand_ws/install/xarm_msgs/lib:/home/berenic/Documents/LPRS2_2026/Robo_Hand_RS485/ROS2/robo_hand_ws/install/xarm_planner/lib:/home/berenic/Documents/LPRS2_2026/Robo_Hand_RS485/ROS2/robo_hand_ws/install/xarm_moveit_servo/lib:/home/berenic/Documents/LPRS2_2026/Robo_Hand_RS485/ROS2/robo_hand_ws/install/realsense_gazebo_plugin/lib:/opt/ros/jazzy/opt/gz_sim_vendor/lib:/opt/ros/jazzy/opt/gz_sensors_vendor/lib:/opt/ros/jazzy/opt/gz_physics_vendor/lib:/opt/ros/jazzy/opt/sdformat_vendor/lib:/opt/ros/jazzy/opt/rviz_ogre_vendor/lib:/opt/ros/jazzy/lib/x86_64-linux-gnu:/opt/ros/jazzy/opt/gz_gui_vendor/lib:/opt/ros/jazzy/opt/gz_transport_vendor/lib:/opt/ros/jazzy/opt/gz_rendering_vendor/lib:/opt/ros/jazzy/opt/gz_plugin_vendor/lib:/opt/ros/jazzy/opt/gz_fuel_tools_vendor/lib:/opt/ros/jazzy/opt/gz_msgs_vendor/lib:/opt/ros/jazzy/opt/gz_common_vendor/lib:/opt/ros/jazzy/opt/gz_math_vendor/lib:/opt/ros/jazzy/opt/gz_utils_vendor/lib:/opt/ros/jazzy/opt/gz_tools_vendor/lib:/opt/ros/jazzy/opt/gz_ogre_next_vendor/lib:/opt/ros/jazzy/opt/gz_dartsim_vendor/lib:/opt/ros/jazzy/opt/gz_cmake_vendor/lib:/opt/ros/jazzy/lib /usr/bin/cmake --build /home/berenic/Documents/LPRS2_2026/Robo_Hand_RS485/ROS2/robo_hand_ws/build/xarm_planner -- -j12 -l12
[4.612s] DEBUG:colcon.colcon_core.event_handler.log_command:Invoking command in '/home/berenic/Documents/LPRS2_2026/Robo_Hand_RS485/ROS2/robo_hand_ws/build/xarm_planner': AMENT_PREFIX_PATH=/home/berenic/Documents/LPRS2_2026/Robo_Hand_RS485/ROS2/robo_hand_ws/install/uf_ros_lib:/home/berenic/Documents/LPRS2_2026/Robo_Hand_RS485/ROS2/robo_hand_ws/install/glue_events_routines:/home/berenic/Documents/LPRS2_2026/Robo_Hand_RS485/ROS2/robo_hand_ws/install/xarm_planner:/home/berenic/Documents/LPRS2_2026/Robo_Hand_RS485/ROS2/robo_hand_ws/install/xarm_moveit_servo:/home/berenic/Documents/LPRS2_2026/Robo_Hand_RS485/ROS2/robo_hand_ws/install/xarm_moveit_config:/home/berenic/Documents/LPRS2_2026/Robo_Hand_RS485/ROS2/robo_hand_ws/install/xarm_gazebo:/home/berenic/Documents/LPRS2_2026/Robo_Hand_RS485/ROS2/robo_hand_ws/install/xarm_controller:/home/berenic/Documents/LPRS2_2026/Robo_Hand_RS485/ROS2/robo_hand_ws/install/xarm_api:/home/berenic/Documents/LPRS2_2026/Robo_Hand_RS485/ROS2/robo_hand_ws/install/xarm_sdk:/home/berenic/Documents/LPRS2_2026/Robo_Hand_RS485/ROS2/robo_hand_ws/install/xarm_msgs:/home/berenic/Documents/LPRS2_2026/Robo_Hand_RS485/ROS2/robo_hand_ws/install/xarm_description:/home/berenic/Documents/LPRS2_2026/Robo_Hand_RS485/ROS2/robo_hand_ws/install/mbot_demo:/home/berenic/Documents/LPRS2_2026/Robo_Hand_RS485/ROS2/robo_hand_ws/install/realsense_gazebo_plugin:/opt/ros/jazzy CMAKE_PREFIX_PATH=/home/berenic/Documents/LPRS2_2026/Robo_Hand_RS485/ROS2/robo_hand_ws/install/xarm_moveit_config:/home/berenic/Documents/LPRS2_2026/Robo_Hand_RS485/ROS2/robo_hand_ws/install/xarm_gazebo:/home/berenic/Documents/LPRS2_2026/Robo_Hand_RS485/ROS2/robo_hand_ws/install/xarm_controller:/home/berenic/Documents/LPRS2_2026/Robo_Hand_RS485/ROS2/robo_hand_ws/install/xarm_api:/home/berenic/Documents/LPRS2_2026/Robo_Hand_RS485/ROS2/robo_hand_ws/install/xarm_sdk:/home/berenic/Documents/LPRS2_2026/Robo_Hand_RS485/ROS2/robo_hand_ws/install/xarm_msgs:/home/berenic/Documents/LPRS2_2026/Robo_Hand_RS485/ROS2/robo_hand_ws/install/xarm_description:/home/berenic/Documents/LPRS2_2026/Robo_Hand_RS485/ROS2/robo_hand_ws/install/glue_events_routines:/home/berenic/Documents/LPRS2_2026/Robo_Hand_RS485/ROS2/robo_hand_ws/install/xarm_planner:/home/berenic/Documents/LPRS2_2026/Robo_Hand_RS485/ROS2/robo_hand_ws/install/xarm_moveit_servo:/home/berenic/Documents/LPRS2_2026/Robo_Hand_RS485/ROS2/robo_hand_ws/install/mbot_demo:/home/berenic/Documents/LPRS2_2026/Robo_Hand_RS485/ROS2/robo_hand_ws/install/realsense_gazebo_plugin:/opt/ros/jazzy/opt/gz_sim_vendor:/opt/ros/jazzy/opt/gz_sensors_vendor:/opt/ros/jazzy/opt/gz_physics_vendor:/opt/ros/jazzy/opt/sdformat_vendor:/opt/ros/jazzy/opt/gz_gui_vendor:/opt/ros/jazzy/opt/gz_transport_vendor:/opt/ros/jazzy/opt/gz_rendering_vendor:/opt/ros/jazzy/opt/gz_plugin_vendor:/opt/ros/jazzy/opt/gz_fuel_tools_vendor:/opt/ros/jazzy/opt/gz_msgs_vendor:/opt/ros/jazzy/opt/gz_common_vendor:/opt/ros/jazzy/opt/gz_math_vendor:/opt/ros/jazzy/opt/gz_utils_vendor:/opt/ros/jazzy/opt/gz_tools_vendor:/opt/ros/jazzy/opt/gz_ogre_next_vendor:/opt/ros/jazzy/opt/gz_dartsim_vendor:/opt/ros/jazzy/opt/gz_cmake_vendor:/home/berenic/Documents/LPRS2_2026/Robo_Hand_RS485/ROS2/robo_hand_ws/install/uf_ros_lib:/opt/ros/jazzy DEBUGINFOD_URLS=https://debuginfod.ubuntu.com LD_LIBRARY_PATH=/home/berenic/Documents/LPRS2_2026/Robo_Hand_RS485/ROS2/robo_hand_ws/install/xarm_gazebo/lib:/home/berenic/Documents/LPRS2_2026/Robo_Hand_RS485/ROS2/robo_hand_ws/install/xarm_controller/lib:/home/berenic/Documents/LPRS2_2026/Robo_Hand_RS485/ROS2/robo_hand_ws/install/xarm_api/lib:/home/berenic/Documents/LPRS2_2026/Robo_Hand_RS485/ROS2/robo_hand_ws/install/xarm_sdk/lib:/home/berenic/Documents/LPRS2_2026/Robo_Hand_RS485/ROS2/robo_hand_ws/install/xarm_msgs/lib:/home/berenic/Documents/LPRS2_2026/Robo_Hand_RS485/ROS2/robo_hand_ws/install/xarm_planner/lib:/home/berenic/Documents/LPRS2_2026/Robo_Hand_RS485/ROS2/robo_hand_ws/install/xarm_moveit_servo/lib:/home/berenic/Documents/LPRS2_2026/Robo_Hand_RS485/ROS2/robo_hand_ws/install/realsense_gazebo_plugin/lib:/opt/ros/jazzy/opt/gz_sim_vendor/lib:/opt/ros/jazzy/opt/gz_sensors_vendor/lib:/opt/ros/jazzy/opt/gz_physics_vendor/lib:/opt/ros/jazzy/opt/sdformat_vendor/lib:/opt/ros/jazzy/opt/rviz_ogre_vendor/lib:/opt/ros/jazzy/lib/x86_64-linux-gnu:/opt/ros/jazzy/opt/gz_gui_vendor/lib:/opt/ros/jazzy/opt/gz_transport_vendor/lib:/opt/ros/jazzy/opt/gz_rendering_vendor/lib:/opt/ros/jazzy/opt/gz_plugin_vendor/lib:/opt/ros/jazzy/opt/gz_fuel_tools_vendor/lib:/opt/ros/jazzy/opt/gz_msgs_vendor/lib:/opt/ros/jazzy/opt/gz_common_vendor/lib:/opt/ros/jazzy/opt/gz_math_vendor/lib:/opt/ros/jazzy/opt/gz_utils_vendor/lib:/opt/ros/jazzy/opt/gz_tools_vendor/lib:/opt/ros/jazzy/opt/gz_ogre_next_vendor/lib:/opt/ros/jazzy/opt/gz_dartsim_vendor/lib:/opt/ros/jazzy/opt/gz_cmake_vendor/lib:/opt/ros/jazzy/lib /usr/bin/cmake --install /home/berenic/Documents/LPRS2_2026/Robo_Hand_RS485/ROS2/robo_hand_ws/build/xarm_planner
[4.672s] Level 1:colcon.colcon_core.environment:create_environment_scripts_only(xarm_planner)
[4.672s] Level 1:colcon.colcon_core.environment:checking '/home/berenic/Documents/LPRS2_2026/Robo_Hand_RS485/ROS2/robo_hand_ws/install/xarm_planner' for CMake module files
[4.673s] DEBUG:colcon.colcon_core.event_handler.log_command:Invoked command in '/home/berenic/Documents/LPRS2_2026/Robo_Hand_RS485/ROS2/robo_hand_ws/build/xarm_planner' returned '0': AMENT_PREFIX_PATH=/home/berenic/Documents/LPRS2_2026/Robo_Hand_RS485/ROS2/robo_hand_ws/install/uf_ros_lib:/home/berenic/Documents/LPRS2_2026/Robo_Hand_RS485/ROS2/robo_hand_ws/install/glue_events_routines:/home/berenic/Documents/LPRS2_2026/Robo_Hand_RS485/ROS2/robo_hand_ws/install/xarm_planner:/home/berenic/Documents/LPRS2_2026/Robo_Hand_RS485/ROS2/robo_hand_ws/install/xarm_moveit_servo:/home/berenic/Documents/LPRS2_2026/Robo_Hand_RS485/ROS2/robo_hand_ws/install/xarm_moveit_config:/home/berenic/Documents/LPRS2_2026/Robo_Hand_RS485/ROS2/robo_hand_ws/install/xarm_gazebo:/home/berenic/Documents/LPRS2_2026/Robo_Hand_RS485/ROS2/robo_hand_ws/install/xarm_controller:/home/berenic/Documents/LPRS2_2026/Robo_Hand_RS485/ROS2/robo_hand_ws/install/xarm_api:/home/berenic/Documents/LPRS2_2026/Robo_Hand_RS485/ROS2/robo_hand_ws/install/xarm_sdk:/home/berenic/Documents/LPRS2_2026/Robo_Hand_RS485/ROS2/robo_hand_ws/install/xarm_msgs:/home/berenic/Documents/LPRS2_2026/Robo_Hand_RS485/ROS2/robo_hand_ws/install/xarm_description:/home/berenic/Documents/LPRS2_2026/Robo_Hand_RS485/ROS2/robo_hand_ws/install/mbot_demo:/home/berenic/Documents/LPRS2_2026/Robo_Hand_RS485/ROS2/robo_hand_ws/install/realsense_gazebo_plugin:/opt/ros/jazzy CMAKE_PREFIX_PATH=/home/berenic/Documents/LPRS2_2026/Robo_Hand_RS485/ROS2/robo_hand_ws/install/xarm_moveit_config:/home/berenic/Documents/LPRS2_2026/Robo_Hand_RS485/ROS2/robo_hand_ws/install/xarm_gazebo:/home/berenic/Documents/LPRS2_2026/Robo_Hand_RS485/ROS2/robo_hand_ws/install/xarm_controller:/home/berenic/Documents/LPRS2_2026/Robo_Hand_RS485/ROS2/robo_hand_ws/install/xarm_api:/home/berenic/Documents/LPRS2_2026/Robo_Hand_RS485/ROS2/robo_hand_ws/install/xarm_sdk:/home/berenic/Documents/LPRS2_2026/Robo_Hand_RS485/ROS2/robo_hand_ws/install/xarm_msgs:/home/berenic/Documents/LPRS2_2026/Robo_Hand_RS485/ROS2/robo_hand_ws/install/xarm_description:/home/berenic/Documents/LPRS2_2026/Robo_Hand_RS485/ROS2/robo_hand_ws/install/glue_events_routines:/home/berenic/Documents/LPRS2_2026/Robo_Hand_RS485/ROS2/robo_hand_ws/install/xarm_planner:/home/berenic/Documents/LPRS2_2026/Robo_Hand_RS485/ROS2/robo_hand_ws/install/xarm_moveit_servo:/home/berenic/Documents/LPRS2_2026/Robo_Hand_RS485/ROS2/robo_hand_ws/install/mbot_demo:/home/berenic/Documents/LPRS2_2026/Robo_Hand_RS485/ROS2/robo_hand_ws/install/realsense_gazebo_plugin:/opt/ros/jazzy/opt/gz_sim_vendor:/opt/ros/jazzy/opt/gz_sensors_vendor:/opt/ros/jazzy/opt/gz_physics_vendor:/opt/ros/jazzy/opt/sdformat_vendor:/opt/ros/jazzy/opt/gz_gui_vendor:/opt/ros/jazzy/opt/gz_transport_vendor:/opt/ros/jazzy/opt/gz_rendering_vendor:/opt/ros/jazzy/opt/gz_plugin_vendor:/opt/ros/jazzy/opt/gz_fuel_tools_vendor:/opt/ros/jazzy/opt/gz_msgs_vendor:/opt/ros/jazzy/opt/gz_common_vendor:/opt/ros/jazzy/opt/gz_math_vendor:/opt/ros/jazzy/opt/gz_utils_vendor:/opt/ros/jazzy/opt/gz_tools_vendor:/opt/ros/jazzy/opt/gz_ogre_next_vendor:/opt/ros/jazzy/opt/gz_dartsim_vendor:/opt/ros/jazzy/opt/gz_cmake_vendor:/home/berenic/Documents/LPRS2_2026/Robo_Hand_RS485/ROS2/robo_hand_ws/install/uf_ros_lib:/opt/ros/jazzy DEBUGINFOD_URLS=https://debuginfod.ubuntu.com LD_LIBRARY_PATH=/home/berenic/Documents/LPRS2_2026/Robo_Hand_RS485/ROS2/robo_hand_ws/install/xarm_gazebo/lib:/home/berenic/Documents/LPRS2_2026/Robo_Hand_RS485/ROS2/robo_hand_ws/install/xarm_controller/lib:/home/berenic/Documents/LPRS2_2026/Robo_Hand_RS485/ROS2/robo_hand_ws/install/xarm_api/lib:/home/berenic/Documents/LPRS2_2026/Robo_Hand_RS485/ROS2/robo_hand_ws/install/xarm_sdk/lib:/home/berenic/Documents/LPRS2_2026/Robo_Hand_RS485/ROS2/robo_hand_ws/install/xarm_msgs/lib:/home/berenic/Documents/LPRS2_2026/Robo_Hand_RS485/ROS2/robo_hand_ws/install/xarm_planner/lib:/home/berenic/Documents/LPRS2_2026/Robo_Hand_RS485/ROS2/robo_hand_ws/install/xarm_moveit_servo/lib:/home/berenic/Documents/LPRS2_2026/Robo_Hand_RS485/ROS2/robo_hand_ws/install/realsense_gazebo_plugin/lib:/opt/ros/jazzy/opt/gz_sim_vendor/lib:/opt/ros/jazzy/opt/gz_sensors_vendor/lib:/opt/ros/jazzy/opt/gz_physics_vendor/lib:/opt/ros/jazzy/opt/sdformat_vendor/lib:/opt/ros/jazzy/opt/rviz_ogre_vendor/lib:/opt/ros/jazzy/lib/x86_64-linux-gnu:/opt/ros/jazzy/opt/gz_gui_vendor/lib:/opt/ros/jazzy/opt/gz_transport_vendor/lib:/opt/ros/jazzy/opt/gz_rendering_vendor/lib:/opt/ros/jazzy/opt/gz_plugin_vendor/lib:/opt/ros/jazzy/opt/gz_fuel_tools_vendor/lib:/opt/ros/jazzy/opt/gz_msgs_vendor/lib:/opt/ros/jazzy/opt/gz_common_vendor/lib:/opt/ros/jazzy/opt/gz_math_vendor/lib:/opt/ros/jazzy/opt/gz_utils_vendor/lib:/opt/ros/jazzy/opt/gz_tools_vendor/lib:/opt/ros/jazzy/opt/gz_ogre_next_vendor/lib:/opt/ros/jazzy/opt/gz_dartsim_vendor/lib:/opt/ros/jazzy/opt/gz_cmake_vendor/lib:/opt/ros/jazzy/lib /usr/bin/cmake --install /home/berenic/Documents/LPRS2_2026/Robo_Hand_RS485/ROS2/robo_hand_ws/build/xarm_planner
[4.674s] Level 1:colcon.colcon_core.environment:checking '/home/berenic/Documents/LPRS2_2026/Robo_Hand_RS485/ROS2/robo_hand_ws/install/xarm_planner' for CMake config files
[4.675s] Level 1:colcon.colcon_core.shell:create_environment_hook('xarm_planner', 'cmake_prefix_path')
[4.675s] INFO:colcon.colcon_core.shell:Creating environment hook '/home/berenic/Documents/LPRS2_2026/Robo_Hand_RS485/ROS2/robo_hand_ws/install/xarm_planner/share/xarm_planner/hook/cmake_prefix_path.ps1'
[4.676s] INFO:colcon.colcon_core.shell:Creating environment descriptor '/home/berenic/Documents/LPRS2_2026/Robo_Hand_RS485/ROS2/robo_hand_ws/install/xarm_planner/share/xarm_planner/hook/cmake_prefix_path.dsv'
[4.677s] INFO:colcon.colcon_core.shell:Creating environment hook '/home/berenic/Documents/LPRS2_2026/Robo_Hand_RS485/ROS2/robo_hand_ws/install/xarm_planner/share/xarm_planner/hook/cmake_prefix_path.sh'
[4.678s] Level 1:colcon.colcon_core.environment:checking '/home/berenic/Documents/LPRS2_2026/Robo_Hand_RS485/ROS2/robo_hand_ws/install/xarm_planner/lib'
[4.678s] Level 1:colcon.colcon_core.shell:create_environment_hook('xarm_planner', 'ld_library_path_lib')
[4.678s] INFO:colcon.colcon_core.shell:Creating environment hook '/home/berenic/Documents/LPRS2_2026/Robo_Hand_RS485/ROS2/robo_hand_ws/install/xarm_planner/share/xarm_planner/hook/ld_library_path_lib.ps1'
[4.679s] INFO:colcon.colcon_core.shell:Creating environment descriptor '/home/berenic/Documents/LPRS2_2026/Robo_Hand_RS485/ROS2/robo_hand_ws/install/xarm_planner/share/xarm_planner/hook/ld_library_path_lib.dsv'
[4.680s] INFO:colcon.colcon_core.shell:Creating environment hook '/home/berenic/Documents/LPRS2_2026/Robo_Hand_RS485/ROS2/robo_hand_ws/install/xarm_planner/share/xarm_planner/hook/ld_library_path_lib.sh'
[4.680s] Level 1:colcon.colcon_core.environment:checking '/home/berenic/Documents/LPRS2_2026/Robo_Hand_RS485/ROS2/robo_hand_ws/install/xarm_planner/bin'
[4.681s] Level 1:colcon.colcon_core.environment:checking '/home/berenic/Documents/LPRS2_2026/Robo_Hand_RS485/ROS2/robo_hand_ws/install/xarm_planner/lib/pkgconfig/xarm_planner.pc'
[4.681s] Level 1:colcon.colcon_core.environment:checking '/home/berenic/Documents/LPRS2_2026/Robo_Hand_RS485/ROS2/robo_hand_ws/install/xarm_planner/lib/python3.12/site-packages'
[4.681s] Level 1:colcon.colcon_core.environment:checking '/home/berenic/Documents/LPRS2_2026/Robo_Hand_RS485/ROS2/robo_hand_ws/install/xarm_planner/bin'
[4.682s] INFO:colcon.colcon_core.shell:Creating package script '/home/berenic/Documents/LPRS2_2026/Robo_Hand_RS485/ROS2/robo_hand_ws/install/xarm_planner/share/xarm_planner/package.ps1'
[4.683s] INFO:colcon.colcon_core.shell:Creating package descriptor '/home/berenic/Documents/LPRS2_2026/Robo_Hand_RS485/ROS2/robo_hand_ws/install/xarm_planner/share/xarm_planner/package.dsv'
[4.684s] INFO:colcon.colcon_core.shell:Creating package script '/home/berenic/Documents/LPRS2_2026/Robo_Hand_RS485/ROS2/robo_hand_ws/install/xarm_planner/share/xarm_planner/package.sh'
[4.684s] INFO:colcon.colcon_core.shell:Creating package script '/home/berenic/Documents/LPRS2_2026/Robo_Hand_RS485/ROS2/robo_hand_ws/install/xarm_planner/share/xarm_planner/package.bash'
[4.685s] INFO:colcon.colcon_core.shell:Creating package script '/home/berenic/Documents/LPRS2_2026/Robo_Hand_RS485/ROS2/robo_hand_ws/install/xarm_planner/share/xarm_planner/package.zsh'
[4.686s] Level 1:colcon.colcon_core.environment:create_file_with_runtime_dependencies(/home/berenic/Documents/LPRS2_2026/Robo_Hand_RS485/ROS2/robo_hand_ws/install/xarm_planner/share/colcon-core/packages/xarm_planner)
[4.687s] Level 1:colcon.colcon_core.environment:create_environment_scripts_only(xarm_planner)
[4.687s] Level 1:colcon.colcon_core.environment:checking '/home/berenic/Documents/LPRS2_2026/Robo_Hand_RS485/ROS2/robo_hand_ws/install/xarm_planner' for CMake module files
[4.688s] Level 1:colcon.colcon_core.environment:checking '/home/berenic/Documents/LPRS2_2026/Robo_Hand_RS485/ROS2/robo_hand_ws/install/xarm_planner' for CMake config files
[4.689s] Level 1:colcon.colcon_core.shell:create_environment_hook('xarm_planner', 'cmake_prefix_path')
[4.689s] INFO:colcon.colcon_core.shell:Creating environment hook '/home/berenic/Documents/LPRS2_2026/Robo_Hand_RS485/ROS2/robo_hand_ws/install/xarm_planner/share/xarm_planner/hook/cmake_prefix_path.ps1'
[4.690s] INFO:colcon.colcon_core.shell:Creating environment descriptor '/home/berenic/Documents/LPRS2_2026/Robo_Hand_RS485/ROS2/robo_hand_ws/install/xarm_planner/share/xarm_planner/hook/cmake_prefix_path.dsv'
[4.690s] INFO:colcon.colcon_core.shell:Creating environment hook '/home/berenic/Documents/LPRS2_2026/Robo_Hand_RS485/ROS2/robo_hand_ws/install/xarm_planner/share/xarm_planner/hook/cmake_prefix_path.sh'
[4.691s] Level 1:colcon.colcon_core.environment:checking '/home/berenic/Documents/LPRS2_2026/Robo_Hand_RS485/ROS2/robo_hand_ws/install/xarm_planner/lib'
[4.691s] Level 1:colcon.colcon_core.shell:create_environment_hook('xarm_planner', 'ld_library_path_lib')
[4.692s] INFO:colcon.colcon_core.shell:Creating environment hook '/home/berenic/Documents/LPRS2_2026/Robo_Hand_RS485/ROS2/robo_hand_ws/install/xarm_planner/share/xarm_planner/hook/ld_library_path_lib.ps1'
[4.692s] INFO:colcon.colcon_core.shell:Creating environment descriptor '/home/berenic/Documents/LPRS2_2026/Robo_Hand_RS485/ROS2/robo_hand_ws/install/xarm_planner/share/xarm_planner/hook/ld_library_path_lib.dsv'
[4.693s] INFO:colcon.colcon_core.shell:Creating environment hook '/home/berenic/Documents/LPRS2_2026/Robo_Hand_RS485/ROS2/robo_hand_ws/install/xarm_planner/share/xarm_planner/hook/ld_library_path_lib.sh'
[4.694s] Level 1:colcon.colcon_core.environment:checking '/home/berenic/Documents/LPRS2_2026/Robo_Hand_RS485/ROS2/robo_hand_ws/install/xarm_planner/bin'
[4.694s] Level 1:colcon.colcon_core.environment:checking '/home/berenic/Documents/LPRS2_2026/Robo_Hand_RS485/ROS2/robo_hand_ws/install/xarm_planner/lib/pkgconfig/xarm_planner.pc'
[4.694s] Level 1:colcon.colcon_core.environment:checking '/home/berenic/Documents/LPRS2_2026/Robo_Hand_RS485/ROS2/robo_hand_ws/install/xarm_planner/lib/python3.12/site-packages'
[4.695s] Level 1:colcon.colcon_core.environment:checking '/home/berenic/Documents/LPRS2_2026/Robo_Hand_RS485/ROS2/robo_hand_ws/install/xarm_planner/bin'
[4.695s] INFO:colcon.colcon_core.shell:Creating package script '/home/berenic/Documents/LPRS2_2026/Robo_Hand_RS485/ROS2/robo_hand_ws/install/xarm_planner/share/xarm_planner/package.ps1'
[4.696s] INFO:colcon.colcon_core.shell:Creating package descriptor '/home/berenic/Documents/LPRS2_2026/Robo_Hand_RS485/ROS2/robo_hand_ws/install/xarm_planner/share/xarm_planner/package.dsv'
[4.698s] INFO:colcon.colcon_core.shell:Creating package script '/home/berenic/Documents/LPRS2_2026/Robo_Hand_RS485/ROS2/robo_hand_ws/install/xarm_planner/share/xarm_planner/package.sh'
[4.699s] INFO:colcon.colcon_core.shell:Creating package script '/home/berenic/Documents/LPRS2_2026/Robo_Hand_RS485/ROS2/robo_hand_ws/install/xarm_planner/share/xarm_planner/package.bash'
[4.699s] INFO:colcon.colcon_core.shell:Creating package script '/home/berenic/Documents/LPRS2_2026/Robo_Hand_RS485/ROS2/robo_hand_ws/install/xarm_planner/share/xarm_planner/package.zsh'
[4.700s] Level 1:colcon.colcon_core.environment:create_file_with_runtime_dependencies(/home/berenic/Documents/LPRS2_2026/Robo_Hand_RS485/ROS2/robo_hand_ws/install/xarm_planner/share/colcon-core/packages/xarm_planner)
[4.701s] INFO:colcon.colcon_ros.task.ament_cmake.build:Building ROS package in '/home/berenic/Documents/LPRS2_2026/Robo_Hand_RS485/ROS2/robo_hand_ws/src/custom/glue_events_routines' with build type 'ament_cmake'
[4.701s] INFO:colcon.colcon_cmake.task.cmake.build:Building CMake package in '/home/berenic/Documents/LPRS2_2026/Robo_Hand_RS485/ROS2/robo_hand_ws/src/custom/glue_events_routines'
[4.701s] INFO:colcon.colcon_core.shell:Skip shell extension 'powershell' for command environment: Not usable outside of PowerShell
[4.701s] DEBUG:colcon.colcon_core.shell:Skip shell extension 'dsv' for command environment
[4.754s] DEBUG:colcon.colcon_core.event_handler.log_command:Invoking command in '/home/berenic/Documents/LPRS2_2026/Robo_Hand_RS485/ROS2/robo_hand_ws/build/glue_events_routines': AMENT_PREFIX_PATH=/home/berenic/Documents/LPRS2_2026/Robo_Hand_RS485/ROS2/robo_hand_ws/install/uf_ros_lib:/home/berenic/Documents/LPRS2_2026/Robo_Hand_RS485/ROS2/robo_hand_ws/install/glue_events_routines:/home/berenic/Documents/LPRS2_2026/Robo_Hand_RS485/ROS2/robo_hand_ws/install/xarm_planner:/home/berenic/Documents/LPRS2_2026/Robo_Hand_RS485/ROS2/robo_hand_ws/install/xarm_moveit_servo:/home/berenic/Documents/LPRS2_2026/Robo_Hand_RS485/ROS2/robo_hand_ws/install/xarm_moveit_config:/home/berenic/Documents/LPRS2_2026/Robo_Hand_RS485/ROS2/robo_hand_ws/install/xarm_gazebo:/home/berenic/Documents/LPRS2_2026/Robo_Hand_RS485/ROS2/robo_hand_ws/install/xarm_controller:/home/berenic/Documents/LPRS2_2026/Robo_Hand_RS485/ROS2/robo_hand_ws/install/xarm_api:/home/berenic/Documents/LPRS2_2026/Robo_Hand_RS485/ROS2/robo_hand_ws/install/xarm_sdk:/home/berenic/Documents/LPRS2_2026/Robo_Hand_RS485/ROS2/robo_hand_ws/install/xarm_msgs:/home/berenic/Documents/LPRS2_2026/Robo_Hand_RS485/ROS2/robo_hand_ws/install/xarm_description:/home/berenic/Documents/LPRS2_2026/Robo_Hand_RS485/ROS2/robo_hand_ws/install/mbot_demo:/home/berenic/Documents/LPRS2_2026/Robo_Hand_RS485/ROS2/robo_hand_ws/install/realsense_gazebo_plugin:/opt/ros/jazzy CMAKE_PREFIX_PATH=/home/berenic/Documents/LPRS2_2026/Robo_Hand_RS485/ROS2/robo_hand_ws/install/xarm_planner:/home/berenic/Documents/LPRS2_2026/Robo_Hand_RS485/ROS2/robo_hand_ws/install/xarm_moveit_servo:/home/berenic/Documents/LPRS2_2026/Robo_Hand_RS485/ROS2/robo_hand_ws/install/xarm_moveit_config:/home/berenic/Documents/LPRS2_2026/Robo_Hand_RS485/ROS2/robo_hand_ws/install/xarm_gazebo:/home/berenic/Documents/LPRS2_2026/Robo_Hand_RS485/ROS2/robo_hand_ws/install/xarm_controller:/home/berenic/Documents/LPRS2_2026/Robo_Hand_RS485/ROS2/robo_hand_ws/install/xarm_api:/home/berenic/Documents/LPRS2_2026/Robo_Hand_RS485/ROS2/robo_hand_ws/install/xarm_sdk:/home/berenic/Documents/LPRS2_2026/Robo_Hand_RS485/ROS2/robo_hand_ws/install/xarm_msgs:/home/berenic/Documents/LPRS2_2026/Robo_Hand_RS485/ROS2/robo_hand_ws/install/xarm_description:/home/berenic/Documents/LPRS2_2026/Robo_Hand_RS485/ROS2/robo_hand_ws/install/glue_events_routines:/home/berenic/Documents/LPRS2_2026/Robo_Hand_RS485/ROS2/robo_hand_ws/install/mbot_demo:/home/berenic/Documents/LPRS2_2026/Robo_Hand_RS485/ROS2/robo_hand_ws/install/realsense_gazebo_plugin:/opt/ros/jazzy/opt/gz_sim_vendor:/opt/ros/jazzy/opt/gz_sensors_vendor:/opt/ros/jazzy/opt/gz_physics_vendor:/opt/ros/jazzy/opt/sdformat_vendor:/opt/ros/jazzy/opt/gz_gui_vendor:/opt/ros/jazzy/opt/gz_transport_vendor:/opt/ros/jazzy/opt/gz_rendering_vendor:/opt/ros/jazzy/opt/gz_plugin_vendor:/opt/ros/jazzy/opt/gz_fuel_tools_vendor:/opt/ros/jazzy/opt/gz_msgs_vendor:/opt/ros/jazzy/opt/gz_common_vendor:/opt/ros/jazzy/opt/gz_math_vendor:/opt/ros/jazzy/opt/gz_utils_vendor:/opt/ros/jazzy/opt/gz_tools_vendor:/opt/ros/jazzy/opt/gz_ogre_next_vendor:/opt/ros/jazzy/opt/gz_dartsim_vendor:/opt/ros/jazzy/opt/gz_cmake_vendor:/home/berenic/Documents/LPRS2_2026/Robo_Hand_RS485/ROS2/robo_hand_ws/install/uf_ros_lib:/opt/ros/jazzy DEBUGINFOD_URLS=https://debuginfod.ubuntu.com /usr/bin/cmake --build /home/berenic/Documents/LPRS2_2026/Robo_Hand_RS485/ROS2/robo_hand_ws/build/glue_events_routines -- -j12 -l12
[14.693s] DEBUG:colcon.colcon_core.event_handler.log_command:Invoked command in '/home/berenic/Documents/LPRS2_2026/Robo_Hand_RS485/ROS2/robo_hand_ws/build/glue_events_routines' returned '2': AMENT_PREFIX_PATH=/home/berenic/Documents/LPRS2_2026/Robo_Hand_RS485/ROS2/robo_hand_ws/install/uf_ros_lib:/home/berenic/Documents/LPRS2_2026/Robo_Hand_RS485/ROS2/robo_hand_ws/install/glue_events_routines:/home/berenic/Documents/LPRS2_2026/Robo_Hand_RS485/ROS2/robo_hand_ws/install/xarm_planner:/home/berenic/Documents/LPRS2_2026/Robo_Hand_RS485/ROS2/robo_hand_ws/install/xarm_moveit_servo:/home/berenic/Documents/LPRS2_2026/Robo_Hand_RS485/ROS2/robo_hand_ws/install/xarm_moveit_config:/home/berenic/Documents/LPRS2_2026/Robo_Hand_RS485/ROS2/robo_hand_ws/install/xarm_gazebo:/home/berenic/Documents/LPRS2_2026/Robo_Hand_RS485/ROS2/robo_hand_ws/install/xarm_controller:/home/berenic/Documents/LPRS2_2026/Robo_Hand_RS485/ROS2/robo_hand_ws/install/xarm_api:/home/berenic/Documents/LPRS2_2026/Robo_Hand_RS485/ROS2/robo_hand_ws/install/xarm_sdk:/home/berenic/Documents/LPRS2_2026/Robo_Hand_RS485/ROS2/robo_hand_ws/install/xarm_msgs:/home/berenic/Documents/LPRS2_2026/Robo_Hand_RS485/ROS2/robo_hand_ws/install/xarm_description:/home/berenic/Documents/LPRS2_2026/Robo_Hand_RS485/ROS2/robo_hand_ws/install/mbot_demo:/home/berenic/Documents/LPRS2_2026/Robo_Hand_RS485/ROS2/robo_hand_ws/install/realsense_gazebo_plugin:/opt/ros/jazzy CMAKE_PREFIX_PATH=/home/berenic/Documents/LPRS2_2026/Robo_Hand_RS485/ROS2/robo_hand_ws/install/xarm_planner:/home/berenic/Documents/LPRS2_2026/Robo_Hand_RS485/ROS2/robo_hand_ws/install/xarm_moveit_servo:/home/berenic/Documents/LPRS2_2026/Robo_Hand_RS485/ROS2/robo_hand_ws/install/xarm_moveit_config:/home/berenic/Documents/LPRS2_2026/Robo_Hand_RS485/ROS2/robo_hand_ws/install/xarm_gazebo:/home/berenic/Documents/LPRS2_2026/Robo_Hand_RS485/ROS2/robo_hand_ws/install/xarm_controller:/home/berenic/Documents/LPRS2_2026/Robo_Hand_RS485/ROS2/robo_hand_ws/install/xarm_api:/home/berenic/Documents/LPRS2_2026/Robo_Hand_RS485/ROS2/robo_hand_ws/install/xarm_sdk:/home/berenic/Documents/LPRS2_2026/Robo_Hand_RS485/ROS2/robo_hand_ws/install/xarm_msgs:/home/berenic/Documents/LPRS2_2026/Robo_Hand_RS485/ROS2/robo_hand_ws/install/xarm_description:/home/berenic/Documents/LPRS2_2026/Robo_Hand_RS485/ROS2/robo_hand_ws/install/glue_events_routines:/home/berenic/Documents/LPRS2_2026/Robo_Hand_RS485/ROS2/robo_hand_ws/install/mbot_demo:/home/berenic/Documents/LPRS2_2026/Robo_Hand_RS485/ROS2/robo_hand_ws/install/realsense_gazebo_plugin:/opt/ros/jazzy/opt/gz_sim_vendor:/opt/ros/jazzy/opt/gz_sensors_vendor:/opt/ros/jazzy/opt/gz_physics_vendor:/opt/ros/jazzy/opt/sdformat_vendor:/opt/ros/jazzy/opt/gz_gui_vendor:/opt/ros/jazzy/opt/gz_transport_vendor:/opt/ros/jazzy/opt/gz_rendering_vendor:/opt/ros/jazzy/opt/gz_plugin_vendor:/opt/ros/jazzy/opt/gz_fuel_tools_vendor:/opt/ros/jazzy/opt/gz_msgs_vendor:/opt/ros/jazzy/opt/gz_common_vendor:/opt/ros/jazzy/opt/gz_math_vendor:/opt/ros/jazzy/opt/gz_utils_vendor:/opt/ros/jazzy/opt/gz_tools_vendor:/opt/ros/jazzy/opt/gz_ogre_next_vendor:/opt/ros/jazzy/opt/gz_dartsim_vendor:/opt/ros/jazzy/opt/gz_cmake_vendor:/home/berenic/Documents/LPRS2_2026/Robo_Hand_RS485/ROS2/robo_hand_ws/install/uf_ros_lib:/opt/ros/jazzy DEBUGINFOD_URLS=https://debuginfod.ubuntu.com /usr/bin/cmake --build /home/berenic/Documents/LPRS2_2026/Robo_Hand_RS485/ROS2/robo_hand_ws/build/glue_events_routines -- -j12 -l12
[14.693s] Level 1:colcon.colcon_core.environment:create_environment_scripts_only(glue_events_routines)
[14.693s] Level 1:colcon.colcon_core.environment:checking '/home/berenic/Documents/LPRS2_2026/Robo_Hand_RS485/ROS2/robo_hand_ws/install/glue_events_routines' for CMake module files
[14.694s] Level 1:colcon.colcon_core.environment:checking '/home/berenic/Documents/LPRS2_2026/Robo_Hand_RS485/ROS2/robo_hand_ws/install/glue_events_routines' for CMake config files
[14.694s] Level 1:colcon.colcon_core.shell:create_environment_hook('glue_events_routines', 'cmake_prefix_path')
[14.694s] INFO:colcon.colcon_core.shell:Creating environment hook '/home/berenic/Documents/LPRS2_2026/Robo_Hand_RS485/ROS2/robo_hand_ws/install/glue_events_routines/share/glue_events_routines/hook/cmake_prefix_path.ps1'
[14.695s] INFO:colcon.colcon_core.shell:Creating environment descriptor '/home/berenic/Documents/LPRS2_2026/Robo_Hand_RS485/ROS2/robo_hand_ws/install/glue_events_routines/share/glue_events_routines/hook/cmake_prefix_path.dsv'
[14.695s] INFO:colcon.colcon_core.shell:Creating environment hook '/home/berenic/Documents/LPRS2_2026/Robo_Hand_RS485/ROS2/robo_hand_ws/install/glue_events_routines/share/glue_events_routines/hook/cmake_prefix_path.sh'
[14.695s] Level 1:colcon.colcon_core.environment:checking '/home/berenic/Documents/LPRS2_2026/Robo_Hand_RS485/ROS2/robo_hand_ws/install/glue_events_routines/lib'
[14.696s] Level 1:colcon.colcon_core.environment:checking '/home/berenic/Documents/LPRS2_2026/Robo_Hand_RS485/ROS2/robo_hand_ws/install/glue_events_routines/bin'
[14.696s] Level 1:colcon.colcon_core.environment:checking '/home/berenic/Documents/LPRS2_2026/Robo_Hand_RS485/ROS2/robo_hand_ws/install/glue_events_routines/lib/pkgconfig/glue_events_routines.pc'
[14.696s] Level 1:colcon.colcon_core.environment:checking '/home/berenic/Documents/LPRS2_2026/Robo_Hand_RS485/ROS2/robo_hand_ws/install/glue_events_routines/lib/python3.12/site-packages'
[14.696s] Level 1:colcon.colcon_core.environment:checking '/home/berenic/Documents/LPRS2_2026/Robo_Hand_RS485/ROS2/robo_hand_ws/install/glue_events_routines/bin'
[14.696s] INFO:colcon.colcon_core.shell:Creating package script '/home/berenic/Documents/LPRS2_2026/Robo_Hand_RS485/ROS2/robo_hand_ws/install/glue_events_routines/share/glue_events_routines/package.ps1'
[14.697s] INFO:colcon.colcon_core.shell:Creating package descriptor '/home/berenic/Documents/LPRS2_2026/Robo_Hand_RS485/ROS2/robo_hand_ws/install/glue_events_routines/share/glue_events_routines/package.dsv'
[14.697s] INFO:colcon.colcon_core.shell:Creating package script '/home/berenic/Documents/LPRS2_2026/Robo_Hand_RS485/ROS2/robo_hand_ws/install/glue_events_routines/share/glue_events_routines/package.sh'
[14.698s] INFO:colcon.colcon_core.shell:Creating package script '/home/berenic/Documents/LPRS2_2026/Robo_Hand_RS485/ROS2/robo_hand_ws/install/glue_events_routines/share/glue_events_routines/package.bash'
[14.698s] INFO:colcon.colcon_core.shell:Creating package script '/home/berenic/Documents/LPRS2_2026/Robo_Hand_RS485/ROS2/robo_hand_ws/install/glue_events_routines/share/glue_events_routines/package.zsh'
[14.698s] Level 1:colcon.colcon_core.environment:create_file_with_runtime_dependencies(/home/berenic/Documents/LPRS2_2026/Robo_Hand_RS485/ROS2/robo_hand_ws/install/glue_events_routines/share/colcon-core/packages/glue_events_routines)
[14.709s] DEBUG:colcon.colcon_parallel_executor.executor.parallel:closing loop
[14.709s] DEBUG:colcon.colcon_parallel_executor.executor.parallel:loop closed
[14.709s] DEBUG:colcon.colcon_parallel_executor.executor.parallel:run_until_complete finished with '2'
[14.709s] DEBUG:colcon.colcon_core.event_reactor:joining thread
[14.715s] INFO:colcon.colcon_core.plugin_system:Skipping extension 'colcon_notification.desktop_notification.terminal_notifier': Not used on non-Darwin systems
[14.715s] INFO:colcon.colcon_core.plugin_system:Skipping extension 'colcon_notification.desktop_notification.win32': Not used on non-Windows systems
[14.715s] INFO:colcon.colcon_notification.desktop_notification:Sending desktop notification using 'notify2'
[14.731s] DEBUG:colcon.colcon_core.event_reactor:joined thread
[14.731s] INFO:colcon.colcon_core.shell:Creating prefix script '/home/berenic/Documents/LPRS2_2026/Robo_Hand_RS485/ROS2/robo_hand_ws/install/local_setup.ps1'
[14.732s] INFO:colcon.colcon_core.shell:Creating prefix util module '/home/berenic/Documents/LPRS2_2026/Robo_Hand_RS485/ROS2/robo_hand_ws/install/_local_setup_util_ps1.py'
[14.733s] INFO:colcon.colcon_core.shell:Creating prefix chain script '/home/berenic/Documents/LPRS2_2026/Robo_Hand_RS485/ROS2/robo_hand_ws/install/setup.ps1'
[14.734s] INFO:colcon.colcon_core.shell:Creating prefix script '/home/berenic/Documents/LPRS2_2026/Robo_Hand_RS485/ROS2/robo_hand_ws/install/local_setup.sh'
[14.735s] INFO:colcon.colcon_core.shell:Creating prefix util module '/home/berenic/Documents/LPRS2_2026/Robo_Hand_RS485/ROS2/robo_hand_ws/install/_local_setup_util_sh.py'
[14.735s] INFO:colcon.colcon_core.shell:Creating prefix chain script '/home/berenic/Documents/LPRS2_2026/Robo_Hand_RS485/ROS2/robo_hand_ws/install/setup.sh'
[14.737s] INFO:colcon.colcon_core.shell:Creating prefix script '/home/berenic/Documents/LPRS2_2026/Robo_Hand_RS485/ROS2/robo_hand_ws/install/local_setup.bash'
[14.737s] INFO:colcon.colcon_core.shell:Creating prefix chain script '/home/berenic/Documents/LPRS2_2026/Robo_Hand_RS485/ROS2/robo_hand_ws/install/setup.bash'
[14.738s] INFO:colcon.colcon_core.shell:Creating prefix script '/home/berenic/Documents/LPRS2_2026/Robo_Hand_RS485/ROS2/robo_hand_ws/install/local_setup.zsh'
[14.738s] INFO:colcon.colcon_core.shell:Creating prefix chain script '/home/berenic/Documents/LPRS2_2026/Robo_Hand_RS485/ROS2/robo_hand_ws/install/setup.zsh'
