[0.200s] DEBUG:colcon:Command line arguments: ['/usr/bin/colcon', 'build', '--symlink-install']
[0.201s] DEBUG:colcon:Parsed command line arguments: Namespace(log_base=None, log_level=None, verb_name='build', build_base='build', install_base='install', merge_install=False, symlink_install=True, test_result_base=None, continue_on_error=False, executor='parallel', parallel_workers=12, event_handlers=None, ignore_user_meta=False, metas=['./colcon.meta'], base_paths=['.'], packages_ignore=None, packages_ignore_regex=None, paths=None, packages_up_to=None, packages_up_to_regex=None, packages_above=None, packages_above_and_dependencies=None, packages_above_depth=None, packages_select_by_dep=None, packages_skip_by_dep=None, packages_skip_up_to=None, packages_select_build_failed=False, packages_skip_build_finished=False, packages_select_test_failures=False, packages_skip_test_passed=False, packages_select=None, packages_skip=None, packages_select_regex=None, packages_skip_regex=None, packages_start=None, packages_end=None, allow_overriding=[], cmake_args=None, cmake_target=None, cmake_target_skip_unavailable=False, cmake_clean_cache=False, cmake_clean_first=False, cmake_force_configure=False, ament_cmake_args=None, catkin_cmake_args=None, catkin_skip_building_tests=False, mixin_files=None, mixin=None, verb_parser=<colcon_mixin.mixin.mixin_argument.MixinArgumentDecorator object at 0x7396b0891e20>, verb_extension=<colcon_core.verb.build.BuildVerb object at 0x7396b09c5e20>, main=<bound method BuildVerb.main of <colcon_core.verb.build.BuildVerb object at 0x7396b09c5e20>>, mixin_verb=('build',))
[0.273s] Level 1:colcon.colcon_core.package_discovery:discover_packages(colcon_meta) check parameters
[0.274s] Level 1:colcon.colcon_core.package_discovery:discover_packages(recursive) check parameters
[0.274s] Level 1:colcon.colcon_core.package_discovery:discover_packages(ignore) check parameters
[0.274s] Level 1:colcon.colcon_core.package_discovery:discover_packages(path) check parameters
[0.274s] Level 1:colcon.colcon_core.package_discovery:discover_packages(colcon_meta) discover
[0.274s] Level 1:colcon.colcon_core.package_discovery:discover_packages(recursive) discover
[0.274s] INFO:colcon.colcon_core.package_discovery:Crawling recursively for packages in '/home/berenic/Documents/LPRS2_2026/Robo_Hand_RS485/ROS2/robo_hand_ws'
[0.274s] Level 1:colcon.colcon_core.package_identification:_identify(.) by extensions ['ignore', 'ignore_ament_install']
[0.275s] Level 1:colcon.colcon_core.package_identification:_identify(.) by extension 'ignore'
[0.275s] Level 1:colcon.colcon_core.package_identification:_identify(.) by extension 'ignore_ament_install'
[0.275s] Level 1:colcon.colcon_core.package_identification:_identify(.) by extensions ['colcon_pkg']
[0.275s] Level 1:colcon.colcon_core.package_identification:_identify(.) by extension 'colcon_pkg'
[0.275s] Level 1:colcon.colcon_core.package_identification:_identify(.) by extensions ['colcon_meta']
[0.275s] Level 1:colcon.colcon_core.package_identification:_identify(.) by extension 'colcon_meta'
[0.275s] Level 1:colcon.colcon_core.package_identification:_identify(.) by extensions ['ros']
[0.275s] Level 1:colcon.colcon_core.package_identification:_identify(.) by extension 'ros'
[0.321s] Level 1:colcon.colcon_core.package_identification:_identify(.) by extensions ['cmake', 'python']
[0.321s] Level 1:colcon.colcon_core.package_identification:_identify(.) by extension 'cmake'
[0.322s] Level 1:colcon.colcon_core.package_identification:_identify(.) by extension 'python'
[0.322s] Level 1:colcon.colcon_core.package_identification:_identify(.) by extensions ['python_setup_py']
[0.322s] Level 1:colcon.colcon_core.package_identification:_identify(.) by extension 'python_setup_py'
[0.322s] Level 1:colcon.colcon_core.package_identification:_identify(build) by extensions ['ignore', 'ignore_ament_install']
[0.322s] Level 1:colcon.colcon_core.package_identification:_identify(build) by extension 'ignore'
[0.322s] Level 1:colcon.colcon_core.package_identification:_identify(build) ignored
[0.323s] Level 1:colcon.colcon_core.package_identification:_identify(install) by extensions ['ignore', 'ignore_ament_install']
[0.323s] Level 1:colcon.colcon_core.package_identification:_identify(install) by extension 'ignore'
[0.323s] Level 1:colcon.colcon_core.package_identification:_identify(install) ignored
[0.323s] Level 1:colcon.colcon_core.package_identification:_identify(log) by extensions ['ignore', 'ignore_ament_install']
[0.323s] Level 1:colcon.colcon_core.package_identification:_identify(log) by extension 'ignore'
[0.324s] Level 1:colcon.colcon_core.package_identification:_identify(log) ignored
[0.324s] Level 1:colcon.colcon_core.package_identification:_identify(patches) by extensions ['ignore', 'ignore_ament_install']
[0.324s] Level 1:colcon.colcon_core.package_identification:_identify(patches) by extension 'ignore'
[0.324s] Level 1:colcon.colcon_core.package_identification:_identify(patches) by extension 'ignore_ament_install'
[0.324s] Level 1:colcon.colcon_core.package_identification:_identify(patches) by extensions ['colcon_pkg']
[0.324s] Level 1:colcon.colcon_core.package_identification:_identify(patches) by extension 'colcon_pkg'
[0.324s] Level 1:colcon.colcon_core.package_identification:_identify(patches) by extensions ['colcon_meta']
[0.324s] Level 1:colcon.colcon_core.package_identification:_identify(patches) by extension 'colcon_meta'
[0.324s] Level 1:colcon.colcon_core.package_identification:_identify(patches) by extensions ['ros']
[0.325s] Level 1:colcon.colcon_core.package_identification:_identify(patches) by extension 'ros'
[0.325s] Level 1:colcon.colcon_core.package_identification:_identify(patches) by extensions ['cmake', 'python']
[0.325s] Level 1:colcon.colcon_core.package_identification:_identify(patches) by extension 'cmake'
[0.325s] Level 1:colcon.colcon_core.package_identification:_identify(patches) by extension 'python'
[0.325s] Level 1:colcon.colcon_core.package_identification:_identify(patches) by extensions ['python_setup_py']
[0.325s] Level 1:colcon.colcon_core.package_identification:_identify(patches) by extension 'python_setup_py'
[0.325s] Level 1:colcon.colcon_core.package_identification:_identify(src) by extensions ['ignore', 'ignore_ament_install']
[0.325s] Level 1:colcon.colcon_core.package_identification:_identify(src) by extension 'ignore'
[0.325s] Level 1:colcon.colcon_core.package_identification:_identify(src) by extension 'ignore_ament_install'
[0.326s] Level 1:colcon.colcon_core.package_identification:_identify(src) by extensions ['colcon_pkg']
[0.326s] Level 1:colcon.colcon_core.package_identification:_identify(src) by extension 'colcon_pkg'
[0.326s] Level 1:colcon.colcon_core.package_identification:_identify(src) by extensions ['colcon_meta']
[0.326s] Level 1:colcon.colcon_core.package_identification:_identify(src) by extension 'colcon_meta'
[0.326s] Level 1:colcon.colcon_core.package_identification:_identify(src) by extensions ['ros']
[0.326s] Level 1:colcon.colcon_core.package_identification:_identify(src) by extension 'ros'
[0.326s] Level 1:colcon.colcon_core.package_identification:_identify(src) by extensions ['cmake', 'python']
[0.326s] Level 1:colcon.colcon_core.package_identification:_identify(src) by extension 'cmake'
[0.326s] Level 1:colcon.colcon_core.package_identification:_identify(src) by extension 'python'
[0.326s] Level 1:colcon.colcon_core.package_identification:_identify(src) by extensions ['python_setup_py']
[0.326s] Level 1:colcon.colcon_core.package_identification:_identify(src) by extension 'python_setup_py'
[0.327s] Level 1:colcon.colcon_core.package_identification:_identify(src/build) by extensions ['ignore', 'ignore_ament_install']
[0.327s] Level 1:colcon.colcon_core.package_identification:_identify(src/build) by extension 'ignore'
[0.327s] Level 1:colcon.colcon_core.package_identification:_identify(src/build) ignored
[0.327s] Level 1:colcon.colcon_core.package_identification:_identify(src/custom) by extensions ['ignore', 'ignore_ament_install']
[0.327s] Level 1:colcon.colcon_core.package_identification:_identify(src/custom) by extension 'ignore'
[0.327s] Level 1:colcon.colcon_core.package_identification:_identify(src/custom) by extension 'ignore_ament_install'
[0.327s] Level 1:colcon.colcon_core.package_identification:_identify(src/custom) by extensions ['colcon_pkg']
[0.327s] Level 1:colcon.colcon_core.package_identification:_identify(src/custom) by extension 'colcon_pkg'
[0.328s] Level 1:colcon.colcon_core.package_identification:_identify(src/custom) by extensions ['colcon_meta']
[0.328s] Level 1:colcon.colcon_core.package_identification:_identify(src/custom) by extension 'colcon_meta'
[0.328s] Level 1:colcon.colcon_core.package_identification:_identify(src/custom) by extensions ['ros']
[0.328s] Level 1:colcon.colcon_core.package_identification:_identify(src/custom) by extension 'ros'
[0.328s] Level 1:colcon.colcon_core.package_identification:_identify(src/custom) by extensions ['cmake', 'python']
[0.328s] Level 1:colcon.colcon_core.package_identification:_identify(src/custom) by extension 'cmake'
[0.328s] Level 1:colcon.colcon_core.package_identification:_identify(src/custom) by extension 'python'
[0.328s] Level 1:colcon.colcon_core.package_identification:_identify(src/custom) by extensions ['python_setup_py']
[0.328s] Level 1:colcon.colcon_core.package_identification:_identify(src/custom) by extension 'python_setup_py'
[0.329s] Level 1:colcon.colcon_core.package_identification:_identify(src/custom/glue_events_routines) by extensions ['ignore', 'ignore_ament_install']
[0.329s] Level 1:colcon.colcon_core.package_identification:_identify(src/custom/glue_events_routines) by extension 'ignore'
[0.329s] Level 1:colcon.colcon_core.package_identification:_identify(src/custom/glue_events_routines) by extension 'ignore_ament_install'
[0.329s] Level 1:colcon.colcon_core.package_identification:_identify(src/custom/glue_events_routines) by extensions ['colcon_pkg']
[0.329s] Level 1:colcon.colcon_core.package_identification:_identify(src/custom/glue_events_routines) by extension 'colcon_pkg'
[0.329s] Level 1:colcon.colcon_core.package_identification:_identify(src/custom/glue_events_routines) by extensions ['colcon_meta']
[0.329s] Level 1:colcon.colcon_core.package_identification:_identify(src/custom/glue_events_routines) by extension 'colcon_meta'
[0.329s] Level 1:colcon.colcon_core.package_identification:_identify(src/custom/glue_events_routines) by extensions ['ros']
[0.329s] Level 1:colcon.colcon_core.package_identification:_identify(src/custom/glue_events_routines) by extension 'ros'
[0.335s] DEBUG:colcon.colcon_core.package_identification:Package 'src/custom/glue_events_routines' with type 'ros.ament_cmake' and name 'glue_events_routines'
[0.335s] Level 1:colcon.colcon_core.package_identification:_identify(src/install) by extensions ['ignore', 'ignore_ament_install']
[0.335s] Level 1:colcon.colcon_core.package_identification:_identify(src/install) by extension 'ignore'
[0.335s] Level 1:colcon.colcon_core.package_identification:_identify(src/install) ignored
[0.335s] Level 1:colcon.colcon_core.package_identification:_identify(src/log) by extensions ['ignore', 'ignore_ament_install']
[0.336s] Level 1:colcon.colcon_core.package_identification:_identify(src/log) by extension 'ignore'
[0.336s] Level 1:colcon.colcon_core.package_identification:_identify(src/log) ignored
[0.336s] Level 1:colcon.colcon_core.package_identification:_identify(src/xarm_ros2) by extensions ['ignore', 'ignore_ament_install']
[0.336s] Level 1:colcon.colcon_core.package_identification:_identify(src/xarm_ros2) by extension 'ignore'
[0.336s] Level 1:colcon.colcon_core.package_identification:_identify(src/xarm_ros2) by extension 'ignore_ament_install'
[0.336s] Level 1:colcon.colcon_core.package_identification:_identify(src/xarm_ros2) by extensions ['colcon_pkg']
[0.336s] Level 1:colcon.colcon_core.package_identification:_identify(src/xarm_ros2) by extension 'colcon_pkg'
[0.337s] Level 1:colcon.colcon_core.package_identification:_identify(src/xarm_ros2) by extensions ['colcon_meta']
[0.337s] Level 1:colcon.colcon_core.package_identification:_identify(src/xarm_ros2) by extension 'colcon_meta'
[0.337s] Level 1:colcon.colcon_core.package_identification:_identify(src/xarm_ros2) by extensions ['ros']
[0.337s] Level 1:colcon.colcon_core.package_identification:_identify(src/xarm_ros2) by extension 'ros'
[0.337s] Level 1:colcon.colcon_core.package_identification:_identify(src/xarm_ros2) by extensions ['cmake', 'python']
[0.337s] Level 1:colcon.colcon_core.package_identification:_identify(src/xarm_ros2) by extension 'cmake'
[0.337s] Level 1:colcon.colcon_core.package_identification:_identify(src/xarm_ros2) by extension 'python'
[0.337s] Level 1:colcon.colcon_core.package_identification:_identify(src/xarm_ros2) by extensions ['python_setup_py']
[0.337s] Level 1:colcon.colcon_core.package_identification:_identify(src/xarm_ros2) by extension 'python_setup_py'
[0.337s] Level 1:colcon.colcon_core.package_identification:_identify(src/xarm_ros2/demo) by extensions ['ignore', 'ignore_ament_install']
[0.338s] Level 1:colcon.colcon_core.package_identification:_identify(src/xarm_ros2/demo) by extension 'ignore'
[0.338s] Level 1:colcon.colcon_core.package_identification:_identify(src/xarm_ros2/demo) by extension 'ignore_ament_install'
[0.338s] Level 1:colcon.colcon_core.package_identification:_identify(src/xarm_ros2/demo) by extensions ['colcon_pkg']
[0.338s] Level 1:colcon.colcon_core.package_identification:_identify(src/xarm_ros2/demo) by extension 'colcon_pkg'
[0.338s] Level 1:colcon.colcon_core.package_identification:_identify(src/xarm_ros2/demo) by extensions ['colcon_meta']
[0.338s] Level 1:colcon.colcon_core.package_identification:_identify(src/xarm_ros2/demo) by extension 'colcon_meta'
[0.338s] Level 1:colcon.colcon_core.package_identification:_identify(src/xarm_ros2/demo) by extensions ['ros']
[0.338s] Level 1:colcon.colcon_core.package_identification:_identify(src/xarm_ros2/demo) by extension 'ros'
[0.338s] Level 1:colcon.colcon_core.package_identification:_identify(src/xarm_ros2/demo) by extensions ['cmake', 'python']
[0.338s] Level 1:colcon.colcon_core.package_identification:_identify(src/xarm_ros2/demo) by extension 'cmake'
[0.338s] Level 1:colcon.colcon_core.package_identification:_identify(src/xarm_ros2/demo) by extension 'python'
[0.339s] Level 1:colcon.colcon_core.package_identification:_identify(src/xarm_ros2/demo) by extensions ['python_setup_py']
[0.339s] Level 1:colcon.colcon_core.package_identification:_identify(src/xarm_ros2/demo) by extension 'python_setup_py'
[0.339s] Level 1:colcon.colcon_core.package_identification:_identify(src/xarm_ros2/demo/mbot_demo) by extensions ['ignore', 'ignore_ament_install']
[0.339s] Level 1:colcon.colcon_core.package_identification:_identify(src/xarm_ros2/demo/mbot_demo) by extension 'ignore'
[0.339s] Level 1:colcon.colcon_core.package_identification:_identify(src/xarm_ros2/demo/mbot_demo) by extension 'ignore_ament_install'
[0.339s] Level 1:colcon.colcon_core.package_identification:_identify(src/xarm_ros2/demo/mbot_demo) by extensions ['colcon_pkg']
[0.339s] Level 1:colcon.colcon_core.package_identification:_identify(src/xarm_ros2/demo/mbot_demo) by extension 'colcon_pkg'
[0.339s] Level 1:colcon.colcon_core.package_identification:_identify(src/xarm_ros2/demo/mbot_demo) by extensions ['colcon_meta']
[0.339s] Level 1:colcon.colcon_core.package_identification:_identify(src/xarm_ros2/demo/mbot_demo) by extension 'colcon_meta'
[0.340s] Level 1:colcon.colcon_core.package_identification:_identify(src/xarm_ros2/demo/mbot_demo) by extensions ['ros']
[0.340s] Level 1:colcon.colcon_core.package_identification:_identify(src/xarm_ros2/demo/mbot_demo) by extension 'ros'
[0.341s] DEBUG:colcon.colcon_core.package_identification:Package 'src/xarm_ros2/demo/mbot_demo' with type 'ros.ament_cmake' and name 'mbot_demo'
[0.341s] Level 1:colcon.colcon_core.package_identification:_identify(src/xarm_ros2/thirdparty) by extensions ['ignore', 'ignore_ament_install']
[0.341s] Level 1:colcon.colcon_core.package_identification:_identify(src/xarm_ros2/thirdparty) by extension 'ignore'
[0.341s] Level 1:colcon.colcon_core.package_identification:_identify(src/xarm_ros2/thirdparty) by extension 'ignore_ament_install'
[0.342s] Level 1:colcon.colcon_core.package_identification:_identify(src/xarm_ros2/thirdparty) by extensions ['colcon_pkg']
[0.342s] Level 1:colcon.colcon_core.package_identification:_identify(src/xarm_ros2/thirdparty) by extension 'colcon_pkg'
[0.342s] Level 1:colcon.colcon_core.package_identification:_identify(src/xarm_ros2/thirdparty) by extensions ['colcon_meta']
[0.342s] Level 1:colcon.colcon_core.package_identification:_identify(src/xarm_ros2/thirdparty) by extension 'colcon_meta'
[0.342s] Level 1:colcon.colcon_core.package_identification:_identify(src/xarm_ros2/thirdparty) by extensions ['ros']
[0.342s] Level 1:colcon.colcon_core.package_identification:_identify(src/xarm_ros2/thirdparty) by extension 'ros'
[0.342s] Level 1:colcon.colcon_core.package_identification:_identify(src/xarm_ros2/thirdparty) by extensions ['cmake', 'python']
[0.342s] Level 1:colcon.colcon_core.package_identification:_identify(src/xarm_ros2/thirdparty) by extension 'cmake'
[0.342s] Level 1:colcon.colcon_core.package_identification:_identify(src/xarm_ros2/thirdparty) by extension 'python'
[0.342s] Level 1:colcon.colcon_core.package_identification:_identify(src/xarm_ros2/thirdparty) by extensions ['python_setup_py']
[0.342s] Level 1:colcon.colcon_core.package_identification:_identify(src/xarm_ros2/thirdparty) by extension 'python_setup_py'
[0.343s] Level 1:colcon.colcon_core.package_identification:_identify(src/xarm_ros2/thirdparty/realsense_gazebo_plugin) by extensions ['ignore', 'ignore_ament_install']
[0.343s] Level 1:colcon.colcon_core.package_identification:_identify(src/xarm_ros2/thirdparty/realsense_gazebo_plugin) by extension 'ignore'
[0.343s] Level 1:colcon.colcon_core.package_identification:_identify(src/xarm_ros2/thirdparty/realsense_gazebo_plugin) by extension 'ignore_ament_install'
[0.343s] Level 1:colcon.colcon_core.package_identification:_identify(src/xarm_ros2/thirdparty/realsense_gazebo_plugin) by extensions ['colcon_pkg']
[0.343s] Level 1:colcon.colcon_core.package_identification:_identify(src/xarm_ros2/thirdparty/realsense_gazebo_plugin) by extension 'colcon_pkg'
[0.343s] Level 1:colcon.colcon_core.package_identification:_identify(src/xarm_ros2/thirdparty/realsense_gazebo_plugin) by extensions ['colcon_meta']
[0.343s] Level 1:colcon.colcon_core.package_identification:_identify(src/xarm_ros2/thirdparty/realsense_gazebo_plugin) by extension 'colcon_meta'
[0.343s] Level 1:colcon.colcon_core.package_identification:_identify(src/xarm_ros2/thirdparty/realsense_gazebo_plugin) by extensions ['ros']
[0.343s] Level 1:colcon.colcon_core.package_identification:_identify(src/xarm_ros2/thirdparty/realsense_gazebo_plugin) by extension 'ros'
[0.344s] DEBUG:colcon.colcon_core.package_identification:Package 'src/xarm_ros2/thirdparty/realsense_gazebo_plugin' with type 'ros.ament_cmake' and name 'realsense_gazebo_plugin'
[0.345s] Level 1:colcon.colcon_core.package_identification:_identify(src/xarm_ros2/uf_ros_lib) by extensions ['ignore', 'ignore_ament_install']
[0.345s] Level 1:colcon.colcon_core.package_identification:_identify(src/xarm_ros2/uf_ros_lib) by extension 'ignore'
[0.345s] Level 1:colcon.colcon_core.package_identification:_identify(src/xarm_ros2/uf_ros_lib) by extension 'ignore_ament_install'
[0.345s] Level 1:colcon.colcon_core.package_identification:_identify(src/xarm_ros2/uf_ros_lib) by extensions ['colcon_pkg']
[0.345s] Level 1:colcon.colcon_core.package_identification:_identify(src/xarm_ros2/uf_ros_lib) by extension 'colcon_pkg'
[0.345s] Level 1:colcon.colcon_core.package_identification:_identify(src/xarm_ros2/uf_ros_lib) by extensions ['colcon_meta']
[0.345s] Level 1:colcon.colcon_core.package_identification:_identify(src/xarm_ros2/uf_ros_lib) by extension 'colcon_meta'
[0.345s] Level 1:colcon.colcon_core.package_identification:_identify(src/xarm_ros2/uf_ros_lib) by extensions ['ros']
[0.345s] Level 1:colcon.colcon_core.package_identification:_identify(src/xarm_ros2/uf_ros_lib) by extension 'ros'
[0.346s] DEBUG:colcon.colcon_core.package_identification:Package 'src/xarm_ros2/uf_ros_lib' with type 'ros.ament_python' and name 'uf_ros_lib'
[0.346s] Level 1:colcon.colcon_core.package_identification:_identify(src/xarm_ros2/xarm_api) by extensions ['ignore', 'ignore_ament_install']
[0.346s] Level 1:colcon.colcon_core.package_identification:_identify(src/xarm_ros2/xarm_api) by extension 'ignore'
[0.347s] Level 1:colcon.colcon_core.package_identification:_identify(src/xarm_ros2/xarm_api) by extension 'ignore_ament_install'
[0.347s] Level 1:colcon.colcon_core.package_identification:_identify(src/xarm_ros2/xarm_api) by extensions ['colcon_pkg']
[0.347s] Level 1:colcon.colcon_core.package_identification:_identify(src/xarm_ros2/xarm_api) by extension 'colcon_pkg'
[0.347s] Level 1:colcon.colcon_core.package_identification:_identify(src/xarm_ros2/xarm_api) by extensions ['colcon_meta']
[0.347s] Level 1:colcon.colcon_core.package_identification:_identify(src/xarm_ros2/xarm_api) by extension 'colcon_meta'
[0.347s] Level 1:colcon.colcon_core.package_identification:_identify(src/xarm_ros2/xarm_api) by extensions ['ros']
[0.347s] Level 1:colcon.colcon_core.package_identification:_identify(src/xarm_ros2/xarm_api) by extension 'ros'
[0.349s] DEBUG:colcon.colcon_core.package_identification:Package 'src/xarm_ros2/xarm_api' with type 'ros.ament_cmake' and name 'xarm_api'
[0.350s] Level 1:colcon.colcon_core.package_identification:_identify(src/xarm_ros2/xarm_controller) by extensions ['ignore', 'ignore_ament_install']
[0.350s] Level 1:colcon.colcon_core.package_identification:_identify(src/xarm_ros2/xarm_controller) by extension 'ignore'
[0.350s] Level 1:colcon.colcon_core.package_identification:_identify(src/xarm_ros2/xarm_controller) by extension 'ignore_ament_install'
[0.350s] Level 1:colcon.colcon_core.package_identification:_identify(src/xarm_ros2/xarm_controller) by extensions ['colcon_pkg']
[0.350s] Level 1:colcon.colcon_core.package_identification:_identify(src/xarm_ros2/xarm_controller) by extension 'colcon_pkg'
[0.350s] Level 1:colcon.colcon_core.package_identification:_identify(src/xarm_ros2/xarm_controller) by extensions ['colcon_meta']
[0.350s] Level 1:colcon.colcon_core.package_identification:_identify(src/xarm_ros2/xarm_controller) by extension 'colcon_meta'
[0.350s] Level 1:colcon.colcon_core.package_identification:_identify(src/xarm_ros2/xarm_controller) by extensions ['ros']
[0.350s] Level 1:colcon.colcon_core.package_identification:_identify(src/xarm_ros2/xarm_controller) by extension 'ros'
[0.352s] DEBUG:colcon.colcon_core.package_identification:Package 'src/xarm_ros2/xarm_controller' with type 'ros.ament_cmake' and name 'xarm_controller'
[0.352s] Level 1:colcon.colcon_core.package_identification:_identify(src/xarm_ros2/xarm_description) by extensions ['ignore', 'ignore_ament_install']
[0.352s] Level 1:colcon.colcon_core.package_identification:_identify(src/xarm_ros2/xarm_description) by extension 'ignore'
[0.353s] Level 1:colcon.colcon_core.package_identification:_identify(src/xarm_ros2/xarm_description) by extension 'ignore_ament_install'
[0.353s] Level 1:colcon.colcon_core.package_identification:_identify(src/xarm_ros2/xarm_description) by extensions ['colcon_pkg']
[0.353s] Level 1:colcon.colcon_core.package_identification:_identify(src/xarm_ros2/xarm_description) by extension 'colcon_pkg'
[0.353s] Level 1:colcon.colcon_core.package_identification:_identify(src/xarm_ros2/xarm_description) by extensions ['colcon_meta']
[0.353s] Level 1:colcon.colcon_core.package_identification:_identify(src/xarm_ros2/xarm_description) by extension 'colcon_meta'
[0.353s] Level 1:colcon.colcon_core.package_identification:_identify(src/xarm_ros2/xarm_description) by extensions ['ros']
[0.353s] Level 1:colcon.colcon_core.package_identification:_identify(src/xarm_ros2/xarm_description) by extension 'ros'
[0.354s] DEBUG:colcon.colcon_core.package_identification:Package 'src/xarm_ros2/xarm_description' with type 'ros.ament_cmake' and name 'xarm_description'
[0.355s] Level 1:colcon.colcon_core.package_identification:_identify(src/xarm_ros2/xarm_gazebo) by extensions ['ignore', 'ignore_ament_install']
[0.355s] Level 1:colcon.colcon_core.package_identification:_identify(src/xarm_ros2/xarm_gazebo) by extension 'ignore'
[0.355s] Level 1:colcon.colcon_core.package_identification:_identify(src/xarm_ros2/xarm_gazebo) by extension 'ignore_ament_install'
[0.355s] Level 1:colcon.colcon_core.package_identification:_identify(src/xarm_ros2/xarm_gazebo) by extensions ['colcon_pkg']
[0.355s] Level 1:colcon.colcon_core.package_identification:_identify(src/xarm_ros2/xarm_gazebo) by extension 'colcon_pkg'
[0.355s] Level 1:colcon.colcon_core.package_identification:_identify(src/xarm_ros2/xarm_gazebo) by extensions ['colcon_meta']
[0.355s] Level 1:colcon.colcon_core.package_identification:_identify(src/xarm_ros2/xarm_gazebo) by extension 'colcon_meta'
[0.355s] Level 1:colcon.colcon_core.package_identification:_identify(src/xarm_ros2/xarm_gazebo) by extensions ['ros']
[0.355s] Level 1:colcon.colcon_core.package_identification:_identify(src/xarm_ros2/xarm_gazebo) by extension 'ros'
[0.356s] DEBUG:colcon.colcon_core.package_identification:Package 'src/xarm_ros2/xarm_gazebo' with type 'ros.ament_cmake' and name 'xarm_gazebo'
[0.357s] Level 1:colcon.colcon_core.package_identification:_identify(src/xarm_ros2/xarm_moveit_config) by extensions ['ignore', 'ignore_ament_install']
[0.357s] Level 1:colcon.colcon_core.package_identification:_identify(src/xarm_ros2/xarm_moveit_config) by extension 'ignore'
[0.357s] Level 1:colcon.colcon_core.package_identification:_identify(src/xarm_ros2/xarm_moveit_config) by extension 'ignore_ament_install'
[0.357s] Level 1:colcon.colcon_core.package_identification:_identify(src/xarm_ros2/xarm_moveit_config) by extensions ['colcon_pkg']
[0.357s] Level 1:colcon.colcon_core.package_identification:_identify(src/xarm_ros2/xarm_moveit_config) by extension 'colcon_pkg'
[0.357s] Level 1:colcon.colcon_core.package_identification:_identify(src/xarm_ros2/xarm_moveit_config) by extensions ['colcon_meta']
[0.357s] Level 1:colcon.colcon_core.package_identification:_identify(src/xarm_ros2/xarm_moveit_config) by extension 'colcon_meta'
[0.357s] Level 1:colcon.colcon_core.package_identification:_identify(src/xarm_ros2/xarm_moveit_config) by extensions ['ros']
[0.358s] Level 1:colcon.colcon_core.package_identification:_identify(src/xarm_ros2/xarm_moveit_config) by extension 'ros'
[0.359s] DEBUG:colcon.colcon_core.package_identification:Package 'src/xarm_ros2/xarm_moveit_config' with type 'ros.ament_cmake' and name 'xarm_moveit_config'
[0.359s] Level 1:colcon.colcon_core.package_identification:_identify(src/xarm_ros2/xarm_moveit_servo) by extensions ['ignore', 'ignore_ament_install']
[0.359s] Level 1:colcon.colcon_core.package_identification:_identify(src/xarm_ros2/xarm_moveit_servo) by extension 'ignore'
[0.359s] Level 1:colcon.colcon_core.package_identification:_identify(src/xarm_ros2/xarm_moveit_servo) by extension 'ignore_ament_install'
[0.359s] Level 1:colcon.colcon_core.package_identification:_identify(src/xarm_ros2/xarm_moveit_servo) by extensions ['colcon_pkg']
[0.360s] Level 1:colcon.colcon_core.package_identification:_identify(src/xarm_ros2/xarm_moveit_servo) by extension 'colcon_pkg'
[0.360s] Level 1:colcon.colcon_core.package_identification:_identify(src/xarm_ros2/xarm_moveit_servo) by extensions ['colcon_meta']
[0.360s] Level 1:colcon.colcon_core.package_identification:_identify(src/xarm_ros2/xarm_moveit_servo) by extension 'colcon_meta'
[0.360s] Level 1:colcon.colcon_core.package_identification:_identify(src/xarm_ros2/xarm_moveit_servo) by extensions ['ros']
[0.360s] Level 1:colcon.colcon_core.package_identification:_identify(src/xarm_ros2/xarm_moveit_servo) by extension 'ros'
[0.362s] DEBUG:colcon.colcon_core.package_identification:Package 'src/xarm_ros2/xarm_moveit_servo' with type 'ros.ament_cmake' and name 'xarm_moveit_servo'
[0.362s] Level 1:colcon.colcon_core.package_identification:_identify(src/xarm_ros2/xarm_msgs) by extensions ['ignore', 'ignore_ament_install']
[0.363s] Level 1:colcon.colcon_core.package_identification:_identify(src/xarm_ros2/xarm_msgs) by extension 'ignore'
[0.363s] Level 1:colcon.colcon_core.package_identification:_identify(src/xarm_ros2/xarm_msgs) by extension 'ignore_ament_install'
[0.363s] Level 1:colcon.colcon_core.package_identification:_identify(src/xarm_ros2/xarm_msgs) by extensions ['colcon_pkg']
[0.363s] Level 1:colcon.colcon_core.package_identification:_identify(src/xarm_ros2/xarm_msgs) by extension 'colcon_pkg'
[0.363s] Level 1:colcon.colcon_core.package_identification:_identify(src/xarm_ros2/xarm_msgs) by extensions ['colcon_meta']
[0.363s] Level 1:colcon.colcon_core.package_identification:_identify(src/xarm_ros2/xarm_msgs) by extension 'colcon_meta'
[0.363s] Level 1:colcon.colcon_core.package_identification:_identify(src/xarm_ros2/xarm_msgs) by extensions ['ros']
[0.363s] Level 1:colcon.colcon_core.package_identification:_identify(src/xarm_ros2/xarm_msgs) by extension 'ros'
[0.364s] DEBUG:colcon.colcon_core.package_identification:Package 'src/xarm_ros2/xarm_msgs' with type 'ros.ament_cmake' and name 'xarm_msgs'
[0.364s] Level 1:colcon.colcon_core.package_identification:_identify(src/xarm_ros2/xarm_planner) by extensions ['ignore', 'ignore_ament_install']
[0.364s] Level 1:colcon.colcon_core.package_identification:_identify(src/xarm_ros2/xarm_planner) by extension 'ignore'
[0.365s] Level 1:colcon.colcon_core.package_identification:_identify(src/xarm_ros2/xarm_planner) by extension 'ignore_ament_install'
[0.365s] Level 1:colcon.colcon_core.package_identification:_identify(src/xarm_ros2/xarm_planner) by extensions ['colcon_pkg']
[0.365s] Level 1:colcon.colcon_core.package_identification:_identify(src/xarm_ros2/xarm_planner) by extension 'colcon_pkg'
[0.365s] Level 1:colcon.colcon_core.package_identification:_identify(src/xarm_ros2/xarm_planner) by extensions ['colcon_meta']
[0.365s] Level 1:colcon.colcon_core.package_identification:_identify(src/xarm_ros2/xarm_planner) by extension 'colcon_meta'
[0.365s] Level 1:colcon.colcon_core.package_identification:_identify(src/xarm_ros2/xarm_planner) by extensions ['ros']
[0.365s] Level 1:colcon.colcon_core.package_identification:_identify(src/xarm_ros2/xarm_planner) by extension 'ros'
[0.367s] DEBUG:colcon.colcon_core.package_identification:Package 'src/xarm_ros2/xarm_planner' with type 'ros.ament_cmake' and name 'xarm_planner'
[0.367s] Level 1:colcon.colcon_core.package_identification:_identify(src/xarm_ros2/xarm_sdk) by extensions ['ignore', 'ignore_ament_install']
[0.367s] Level 1:colcon.colcon_core.package_identification:_identify(src/xarm_ros2/xarm_sdk) by extension 'ignore'
[0.367s] Level 1:colcon.colcon_core.package_identification:_identify(src/xarm_ros2/xarm_sdk) by extension 'ignore_ament_install'
[0.368s] Level 1:colcon.colcon_core.package_identification:_identify(src/xarm_ros2/xarm_sdk) by extensions ['colcon_pkg']
[0.368s] Level 1:colcon.colcon_core.package_identification:_identify(src/xarm_ros2/xarm_sdk) by extension 'colcon_pkg'
[0.368s] Level 1:colcon.colcon_core.package_identification:_identify(src/xarm_ros2/xarm_sdk) by extensions ['colcon_meta']
[0.368s] Level 1:colcon.colcon_core.package_identification:_identify(src/xarm_ros2/xarm_sdk) by extension 'colcon_meta'
[0.368s] Level 1:colcon.colcon_core.package_identification:_identify(src/xarm_ros2/xarm_sdk) by extensions ['ros']
[0.368s] Level 1:colcon.colcon_core.package_identification:_identify(src/xarm_ros2/xarm_sdk) by extension 'ros'
[0.369s] DEBUG:colcon.colcon_core.package_identification:Package 'src/xarm_ros2/xarm_sdk' with type 'ros.ament_cmake' and name 'xarm_sdk'
[0.369s] Level 1:colcon.colcon_core.package_discovery:discover_packages(recursive) using defaults
[0.369s] Level 1:colcon.colcon_core.package_discovery:discover_packages(ignore) discover
[0.369s] Level 1:colcon.colcon_core.package_discovery:discover_packages(ignore) using defaults
[0.369s] Level 1:colcon.colcon_core.package_discovery:discover_packages(path) discover
[0.369s] Level 1:colcon.colcon_core.package_discovery:discover_packages(path) using defaults
[0.411s] Level 1:colcon.colcon_core.package_discovery:discover_packages(prefix_path) check parameters
[0.411s] Level 1:colcon.colcon_core.package_discovery:discover_packages(prefix_path) discover
[0.416s] DEBUG:colcon.colcon_installed_package_information.package_discovery:Found 13 installed packages in /home/berenic/Documents/LPRS2_2026/Robo_Hand_RS485/ROS2/robo_hand_ws/install
[0.419s] DEBUG:colcon.colcon_installed_package_information.package_discovery:Found 377 installed packages in /opt/ros/jazzy
[0.421s] Level 1:colcon.colcon_core.package_discovery:discover_packages(prefix_path) using defaults
[0.533s] Level 5:colcon.colcon_core.verb:set package 'realsense_gazebo_plugin' build argument 'cmake_args' from command line to 'None'
[0.534s] Level 5:colcon.colcon_core.verb:set package 'realsense_gazebo_plugin' build argument 'cmake_target' from command line to 'None'
[0.534s] Level 5:colcon.colcon_core.verb:set package 'realsense_gazebo_plugin' build argument 'cmake_target_skip_unavailable' from command line to 'False'
[0.534s] Level 5:colcon.colcon_core.verb:set package 'realsense_gazebo_plugin' build argument 'cmake_clean_cache' from command line to 'False'
[0.534s] Level 5:colcon.colcon_core.verb:set package 'realsense_gazebo_plugin' build argument 'cmake_clean_first' from command line to 'False'
[0.534s] Level 5:colcon.colcon_core.verb:set package 'realsense_gazebo_plugin' build argument 'cmake_force_configure' from command line to 'False'
[0.534s] Level 5:colcon.colcon_core.verb:set package 'realsense_gazebo_plugin' build argument 'ament_cmake_args' from command line to 'None'
[0.534s] Level 5:colcon.colcon_core.verb:set package 'realsense_gazebo_plugin' build argument 'catkin_cmake_args' from command line to 'None'
[0.534s] Level 5:colcon.colcon_core.verb:set package 'realsense_gazebo_plugin' build argument 'catkin_skip_building_tests' from command line to 'False'
[0.534s] DEBUG:colcon.colcon_core.verb:Building package 'realsense_gazebo_plugin' with the following arguments: {'ament_cmake_args': None, 'build_base': '/home/berenic/Documents/LPRS2_2026/Robo_Hand_RS485/ROS2/robo_hand_ws/build/realsense_gazebo_plugin', 'catkin_cmake_args': None, 'catkin_skip_building_tests': False, 'cmake_args': None, 'cmake_clean_cache': False, 'cmake_clean_first': False, 'cmake_force_configure': False, 'cmake_target': None, 'cmake_target_skip_unavailable': False, 'install_base': '/home/berenic/Documents/LPRS2_2026/Robo_Hand_RS485/ROS2/robo_hand_ws/install/realsense_gazebo_plugin', 'merge_install': False, 'path': '/home/berenic/Documents/LPRS2_2026/Robo_Hand_RS485/ROS2/robo_hand_ws/src/xarm_ros2/thirdparty/realsense_gazebo_plugin', 'symlink_install': True, 'test_result_base': None}
[0.535s] Level 5:colcon.colcon_core.verb:set package 'uf_ros_lib' build argument 'cmake_args' from command line to 'None'
[0.535s] Level 5:colcon.colcon_core.verb:set package 'uf_ros_lib' build argument 'cmake_target' from command line to 'None'
[0.535s] Level 5:colcon.colcon_core.verb:set package 'uf_ros_lib' build argument 'cmake_target_skip_unavailable' from command line to 'False'
[0.535s] Level 5:colcon.colcon_core.verb:set package 'uf_ros_lib' build argument 'cmake_clean_cache' from command line to 'False'
[0.535s] Level 5:colcon.colcon_core.verb:set package 'uf_ros_lib' build argument 'cmake_clean_first' from command line to 'False'
[0.535s] Level 5:colcon.colcon_core.verb:set package 'uf_ros_lib' build argument 'cmake_force_configure' from command line to 'False'
[0.535s] Level 5:colcon.colcon_core.verb:set package 'uf_ros_lib' build argument 'ament_cmake_args' from command line to 'None'
[0.535s] Level 5:colcon.colcon_core.verb:set package 'uf_ros_lib' build argument 'catkin_cmake_args' from command line to 'None'
[0.535s] Level 5:colcon.colcon_core.verb:set package 'uf_ros_lib' build argument 'catkin_skip_building_tests' from command line to 'False'
[0.535s] DEBUG:colcon.colcon_core.verb:Building package 'uf_ros_lib' with the following arguments: {'ament_cmake_args': None, 'build_base': '/home/berenic/Documents/LPRS2_2026/Robo_Hand_RS485/ROS2/robo_hand_ws/build/uf_ros_lib', 'catkin_cmake_args': None, 'catkin_skip_building_tests': False, 'cmake_args': None, 'cmake_clean_cache': False, 'cmake_clean_first': False, 'cmake_force_configure': False, 'cmake_target': None, 'cmake_target_skip_unavailable': False, 'install_base': '/home/berenic/Documents/LPRS2_2026/Robo_Hand_RS485/ROS2/robo_hand_ws/install/uf_ros_lib', 'merge_install': False, 'path': '/home/berenic/Documents/LPRS2_2026/Robo_Hand_RS485/ROS2/robo_hand_ws/src/xarm_ros2/uf_ros_lib', 'symlink_install': True, 'test_result_base': None}
[0.536s] Level 5:colcon.colcon_core.verb:set package 'xarm_description' build argument 'cmake_args' from command line to 'None'
[0.536s] Level 5:colcon.colcon_core.verb:set package 'xarm_description' build argument 'cmake_target' from command line to 'None'
[0.536s] Level 5:colcon.colcon_core.verb:set package 'xarm_description' build argument 'cmake_target_skip_unavailable' from command line to 'False'
[0.536s] Level 5:colcon.colcon_core.verb:set package 'xarm_description' build argument 'cmake_clean_cache' from command line to 'False'
[0.536s] Level 5:colcon.colcon_core.verb:set package 'xarm_description' build argument 'cmake_clean_first' from command line to 'False'
[0.536s] Level 5:colcon.colcon_core.verb:set package 'xarm_description' build argument 'cmake_force_configure' from command line to 'False'
[0.536s] Level 5:colcon.colcon_core.verb:set package 'xarm_description' build argument 'ament_cmake_args' from command line to 'None'
[0.536s] Level 5:colcon.colcon_core.verb:set package 'xarm_description' build argument 'catkin_cmake_args' from command line to 'None'
[0.536s] Level 5:colcon.colcon_core.verb:set package 'xarm_description' build argument 'catkin_skip_building_tests' from command line to 'False'
[0.536s] DEBUG:colcon.colcon_core.verb:Building package 'xarm_description' with the following arguments: {'ament_cmake_args': None, 'build_base': '/home/berenic/Documents/LPRS2_2026/Robo_Hand_RS485/ROS2/robo_hand_ws/build/xarm_description', 'catkin_cmake_args': None, 'catkin_skip_building_tests': False, 'cmake_args': None, 'cmake_clean_cache': False, 'cmake_clean_first': False, 'cmake_force_configure': False, 'cmake_target': None, 'cmake_target_skip_unavailable': False, 'install_base': '/home/berenic/Documents/LPRS2_2026/Robo_Hand_RS485/ROS2/robo_hand_ws/install/xarm_description', 'merge_install': False, 'path': '/home/berenic/Documents/LPRS2_2026/Robo_Hand_RS485/ROS2/robo_hand_ws/src/xarm_ros2/xarm_description', 'symlink_install': True, 'test_result_base': None}
[0.537s] Level 5:colcon.colcon_core.verb:set package 'xarm_msgs' build argument 'cmake_args' from command line to 'None'
[0.537s] Level 5:colcon.colcon_core.verb:set package 'xarm_msgs' build argument 'cmake_target' from command line to 'None'
[0.537s] Level 5:colcon.colcon_core.verb:set package 'xarm_msgs' build argument 'cmake_target_skip_unavailable' from command line to 'False'
[0.537s] Level 5:colcon.colcon_core.verb:set package 'xarm_msgs' build argument 'cmake_clean_cache' from command line to 'False'
[0.537s] Level 5:colcon.colcon_core.verb:set package 'xarm_msgs' build argument 'cmake_clean_first' from command line to 'False'
[0.537s] Level 5:colcon.colcon_core.verb:set package 'xarm_msgs' build argument 'cmake_force_configure' from command line to 'False'
[0.537s] Level 5:colcon.colcon_core.verb:set package 'xarm_msgs' build argument 'ament_cmake_args' from command line to 'None'
[0.537s] Level 5:colcon.colcon_core.verb:set package 'xarm_msgs' build argument 'catkin_cmake_args' from command line to 'None'
[0.537s] Level 5:colcon.colcon_core.verb:set package 'xarm_msgs' build argument 'catkin_skip_building_tests' from command line to 'False'
[0.537s] DEBUG:colcon.colcon_core.verb:Building package 'xarm_msgs' with the following arguments: {'ament_cmake_args': None, 'build_base': '/home/berenic/Documents/LPRS2_2026/Robo_Hand_RS485/ROS2/robo_hand_ws/build/xarm_msgs', 'catkin_cmake_args': None, 'catkin_skip_building_tests': False, 'cmake_args': None, 'cmake_clean_cache': False, 'cmake_clean_first': False, 'cmake_force_configure': False, 'cmake_target': None, 'cmake_target_skip_unavailable': False, 'install_base': '/home/berenic/Documents/LPRS2_2026/Robo_Hand_RS485/ROS2/robo_hand_ws/install/xarm_msgs', 'merge_install': False, 'path': '/home/berenic/Documents/LPRS2_2026/Robo_Hand_RS485/ROS2/robo_hand_ws/src/xarm_ros2/xarm_msgs', 'symlink_install': True, 'test_result_base': None}
[0.538s] Level 5:colcon.colcon_core.verb:set package 'xarm_sdk' build argument 'cmake_args' from command line to 'None'
[0.538s] Level 5:colcon.colcon_core.verb:set package 'xarm_sdk' build argument 'cmake_target' from command line to 'None'
[0.538s] Level 5:colcon.colcon_core.verb:set package 'xarm_sdk' build argument 'cmake_target_skip_unavailable' from command line to 'False'
[0.538s] Level 5:colcon.colcon_core.verb:set package 'xarm_sdk' build argument 'cmake_clean_cache' from command line to 'False'
[0.538s] Level 5:colcon.colcon_core.verb:set package 'xarm_sdk' build argument 'cmake_clean_first' from command line to 'False'
[0.538s] Level 5:colcon.colcon_core.verb:set package 'xarm_sdk' build argument 'cmake_force_configure' from command line to 'False'
[0.538s] Level 5:colcon.colcon_core.verb:set package 'xarm_sdk' build argument 'ament_cmake_args' from command line to 'None'
[0.538s] Level 5:colcon.colcon_core.verb:set package 'xarm_sdk' build argument 'catkin_cmake_args' from command line to 'None'
[0.538s] Level 5:colcon.colcon_core.verb:set package 'xarm_sdk' build argument 'catkin_skip_building_tests' from command line to 'False'
[0.538s] DEBUG:colcon.colcon_core.verb:Building package 'xarm_sdk' with the following arguments: {'ament_cmake_args': None, 'build_base': '/home/berenic/Documents/LPRS2_2026/Robo_Hand_RS485/ROS2/robo_hand_ws/build/xarm_sdk', 'catkin_cmake_args': None, 'catkin_skip_building_tests': False, 'cmake_args': None, 'cmake_clean_cache': False, 'cmake_clean_first': False, 'cmake_force_configure': False, 'cmake_target': None, 'cmake_target_skip_unavailable': False, 'install_base': '/home/berenic/Documents/LPRS2_2026/Robo_Hand_RS485/ROS2/robo_hand_ws/install/xarm_sdk', 'merge_install': False, 'path': '/home/berenic/Documents/LPRS2_2026/Robo_Hand_RS485/ROS2/robo_hand_ws/src/xarm_ros2/xarm_sdk', 'symlink_install': True, 'test_result_base': None}
[0.539s] Level 5:colcon.colcon_core.verb:set package 'mbot_demo' build argument 'cmake_args' from command line to 'None'
[0.539s] Level 5:colcon.colcon_core.verb:set package 'mbot_demo' build argument 'cmake_target' from command line to 'None'
[0.539s] Level 5:colcon.colcon_core.verb:set package 'mbot_demo' build argument 'cmake_target_skip_unavailable' from command line to 'False'
[0.539s] Level 5:colcon.colcon_core.verb:set package 'mbot_demo' build argument 'cmake_clean_cache' from command line to 'False'
[0.539s] Level 5:colcon.colcon_core.verb:set package 'mbot_demo' build argument 'cmake_clean_first' from command line to 'False'
[0.539s] Level 5:colcon.colcon_core.verb:set package 'mbot_demo' build argument 'cmake_force_configure' from command line to 'False'
[0.539s] Level 5:colcon.colcon_core.verb:set package 'mbot_demo' build argument 'ament_cmake_args' from command line to 'None'
[0.539s] Level 5:colcon.colcon_core.verb:set package 'mbot_demo' build argument 'catkin_cmake_args' from command line to 'None'
[0.539s] Level 5:colcon.colcon_core.verb:set package 'mbot_demo' build argument 'catkin_skip_building_tests' from command line to 'False'
[0.540s] DEBUG:colcon.colcon_core.verb:Building package 'mbot_demo' with the following arguments: {'ament_cmake_args': None, 'build_base': '/home/berenic/Documents/LPRS2_2026/Robo_Hand_RS485/ROS2/robo_hand_ws/build/mbot_demo', 'catkin_cmake_args': None, 'catkin_skip_building_tests': False, 'cmake_args': None, 'cmake_clean_cache': False, 'cmake_clean_first': False, 'cmake_force_configure': False, 'cmake_target': None, 'cmake_target_skip_unavailable': False, 'install_base': '/home/berenic/Documents/LPRS2_2026/Robo_Hand_RS485/ROS2/robo_hand_ws/install/mbot_demo', 'merge_install': False, 'path': '/home/berenic/Documents/LPRS2_2026/Robo_Hand_RS485/ROS2/robo_hand_ws/src/xarm_ros2/demo/mbot_demo', 'symlink_install': True, 'test_result_base': None}
[0.540s] Level 5:colcon.colcon_core.verb:set package 'xarm_api' build argument 'cmake_args' from command line to 'None'
[0.540s] Level 5:colcon.colcon_core.verb:set package 'xarm_api' build argument 'cmake_target' from command line to 'None'
[0.540s] Level 5:colcon.colcon_core.verb:set package 'xarm_api' build argument 'cmake_target_skip_unavailable' from command line to 'False'
[0.540s] Level 5:colcon.colcon_core.verb:set package 'xarm_api' build argument 'cmake_clean_cache' from command line to 'False'
[0.540s] Level 5:colcon.colcon_core.verb:set package 'xarm_api' build argument 'cmake_clean_first' from command line to 'False'
[0.540s] Level 5:colcon.colcon_core.verb:set package 'xarm_api' build argument 'cmake_force_configure' from command line to 'False'
[0.540s] Level 5:colcon.colcon_core.verb:set package 'xarm_api' build argument 'ament_cmake_args' from command line to 'None'
[0.540s] Level 5:colcon.colcon_core.verb:set package 'xarm_api' build argument 'catkin_cmake_args' from command line to 'None'
[0.540s] Level 5:colcon.colcon_core.verb:set package 'xarm_api' build argument 'catkin_skip_building_tests' from command line to 'False'
[0.540s] DEBUG:colcon.colcon_core.verb:Building package 'xarm_api' with the following arguments: {'ament_cmake_args': None, 'build_base': '/home/berenic/Documents/LPRS2_2026/Robo_Hand_RS485/ROS2/robo_hand_ws/build/xarm_api', 'catkin_cmake_args': None, 'catkin_skip_building_tests': False, 'cmake_args': None, 'cmake_clean_cache': False, 'cmake_clean_first': False, 'cmake_force_configure': False, 'cmake_target': None, 'cmake_target_skip_unavailable': False, 'install_base': '/home/berenic/Documents/LPRS2_2026/Robo_Hand_RS485/ROS2/robo_hand_ws/install/xarm_api', 'merge_install': False, 'path': '/home/berenic/Documents/LPRS2_2026/Robo_Hand_RS485/ROS2/robo_hand_ws/src/xarm_ros2/xarm_api', 'symlink_install': True, 'test_result_base': None}
[0.541s] Level 5:colcon.colcon_core.verb:set package 'xarm_controller' build argument 'cmake_args' from command line to 'None'
[0.541s] Level 5:colcon.colcon_core.verb:set package 'xarm_controller' build argument 'cmake_target' from command line to 'None'
[0.541s] Level 5:colcon.colcon_core.verb:set package 'xarm_controller' build argument 'cmake_target_skip_unavailable' from command line to 'False'
[0.541s] Level 5:colcon.colcon_core.verb:set package 'xarm_controller' build argument 'cmake_clean_cache' from command line to 'False'
[0.541s] Level 5:colcon.colcon_core.verb:set package 'xarm_controller' build argument 'cmake_clean_first' from command line to 'False'
[0.541s] Level 5:colcon.colcon_core.verb:set package 'xarm_controller' build argument 'cmake_force_configure' from command line to 'False'
[0.541s] Level 5:colcon.colcon_core.verb:set package 'xarm_controller' build argument 'ament_cmake_args' from command line to 'None'
[0.541s] Level 5:colcon.colcon_core.verb:set package 'xarm_controller' build argument 'catkin_cmake_args' from command line to 'None'
[0.541s] Level 5:colcon.colcon_core.verb:set package 'xarm_controller' build argument 'catkin_skip_building_tests' from command line to 'False'
[0.541s] DEBUG:colcon.colcon_core.verb:Building package 'xarm_controller' with the following arguments: {'ament_cmake_args': None, 'build_base': '/home/berenic/Documents/LPRS2_2026/Robo_Hand_RS485/ROS2/robo_hand_ws/build/xarm_controller', 'catkin_cmake_args': None, 'catkin_skip_building_tests': False, 'cmake_args': None, 'cmake_clean_cache': False, 'cmake_clean_first': False, 'cmake_force_configure': False, 'cmake_target': None, 'cmake_target_skip_unavailable': False, 'install_base': '/home/berenic/Documents/LPRS2_2026/Robo_Hand_RS485/ROS2/robo_hand_ws/install/xarm_controller', 'merge_install': False, 'path': '/home/berenic/Documents/LPRS2_2026/Robo_Hand_RS485/ROS2/robo_hand_ws/src/xarm_ros2/xarm_controller', 'symlink_install': True, 'test_result_base': None}
[0.542s] Level 5:colcon.colcon_core.verb:set package 'xarm_gazebo' build argument 'cmake_args' from command line to 'None'
[0.542s] Level 5:colcon.colcon_core.verb:set package 'xarm_gazebo' build argument 'cmake_target' from command line to 'None'
[0.542s] Level 5:colcon.colcon_core.verb:set package 'xarm_gazebo' build argument 'cmake_target_skip_unavailable' from command line to 'False'
[0.542s] Level 5:colcon.colcon_core.verb:set package 'xarm_gazebo' build argument 'cmake_clean_cache' from command line to 'False'
[0.542s] Level 5:colcon.colcon_core.verb:set package 'xarm_gazebo' build argument 'cmake_clean_first' from command line to 'False'
[0.542s] Level 5:colcon.colcon_core.verb:set package 'xarm_gazebo' build argument 'cmake_force_configure' from command line to 'False'
[0.542s] Level 5:colcon.colcon_core.verb:set package 'xarm_gazebo' build argument 'ament_cmake_args' from command line to 'None'
[0.542s] Level 5:colcon.colcon_core.verb:set package 'xarm_gazebo' build argument 'catkin_cmake_args' from command line to 'None'
[0.542s] Level 5:colcon.colcon_core.verb:set package 'xarm_gazebo' build argument 'catkin_skip_building_tests' from command line to 'False'
[0.542s] DEBUG:colcon.colcon_core.verb:Building package 'xarm_gazebo' with the following arguments: {'ament_cmake_args': None, 'build_base': '/home/berenic/Documents/LPRS2_2026/Robo_Hand_RS485/ROS2/robo_hand_ws/build/xarm_gazebo', 'catkin_cmake_args': None, 'catkin_skip_building_tests': False, 'cmake_args': None, 'cmake_clean_cache': False, 'cmake_clean_first': False, 'cmake_force_configure': False, 'cmake_target': None, 'cmake_target_skip_unavailable': False, 'install_base': '/home/berenic/Documents/LPRS2_2026/Robo_Hand_RS485/ROS2/robo_hand_ws/install/xarm_gazebo', 'merge_install': False, 'path': '/home/berenic/Documents/LPRS2_2026/Robo_Hand_RS485/ROS2/robo_hand_ws/src/xarm_ros2/xarm_gazebo', 'symlink_install': True, 'test_result_base': None}
[0.543s] Level 5:colcon.colcon_core.verb:set package 'xarm_moveit_config' build argument 'cmake_args' from command line to 'None'
[0.543s] Level 5:colcon.colcon_core.verb:set package 'xarm_moveit_config' build argument 'cmake_target' from command line to 'None'
[0.543s] Level 5:colcon.colcon_core.verb:set package 'xarm_moveit_config' build argument 'cmake_target_skip_unavailable' from command line to 'False'
[0.543s] Level 5:colcon.colcon_core.verb:set package 'xarm_moveit_config' build argument 'cmake_clean_cache' from command line to 'False'
[0.543s] Level 5:colcon.colcon_core.verb:set package 'xarm_moveit_config' build argument 'cmake_clean_first' from command line to 'False'
[0.543s] Level 5:colcon.colcon_core.verb:set package 'xarm_moveit_config' build argument 'cmake_force_configure' from command line to 'False'
[0.543s] Level 5:colcon.colcon_core.verb:set package 'xarm_moveit_config' build argument 'ament_cmake_args' from command line to 'None'
[0.543s] Level 5:colcon.colcon_core.verb:set package 'xarm_moveit_config' build argument 'catkin_cmake_args' from command line to 'None'
[0.543s] Level 5:colcon.colcon_core.verb:set package 'xarm_moveit_config' build argument 'catkin_skip_building_tests' from command line to 'False'
[0.543s] DEBUG:colcon.colcon_core.verb:Building package 'xarm_moveit_config' with the following arguments: {'ament_cmake_args': None, 'build_base': '/home/berenic/Documents/LPRS2_2026/Robo_Hand_RS485/ROS2/robo_hand_ws/build/xarm_moveit_config', 'catkin_cmake_args': None, 'catkin_skip_building_tests': False, 'cmake_args': None, 'cmake_clean_cache': False, 'cmake_clean_first': False, 'cmake_force_configure': False, 'cmake_target': None, 'cmake_target_skip_unavailable': False, 'install_base': '/home/berenic/Documents/LPRS2_2026/Robo_Hand_RS485/ROS2/robo_hand_ws/install/xarm_moveit_config', 'merge_install': False, 'path': '/home/berenic/Documents/LPRS2_2026/Robo_Hand_RS485/ROS2/robo_hand_ws/src/xarm_ros2/xarm_moveit_config', 'symlink_install': True, 'test_result_base': None}
[0.544s] Level 5:colcon.colcon_core.verb:set package 'xarm_moveit_servo' build argument 'cmake_args' from command line to 'None'
[0.544s] Level 5:colcon.colcon_core.verb:set package 'xarm_moveit_servo' build argument 'cmake_target' from command line to 'None'
[0.544s] Level 5:colcon.colcon_core.verb:set package 'xarm_moveit_servo' build argument 'cmake_target_skip_unavailable' from command line to 'False'
[0.544s] Level 5:colcon.colcon_core.verb:set package 'xarm_moveit_servo' build argument 'cmake_clean_cache' from command line to 'False'
[0.544s] Level 5:colcon.colcon_core.verb:set package 'xarm_moveit_servo' build argument 'cmake_clean_first' from command line to 'False'
[0.544s] Level 5:colcon.colcon_core.verb:set package 'xarm_moveit_servo' build argument 'cmake_force_configure' from command line to 'False'
[0.544s] Level 5:colcon.colcon_core.verb:set package 'xarm_moveit_servo' build argument 'ament_cmake_args' from command line to 'None'
[0.544s] Level 5:colcon.colcon_core.verb:set package 'xarm_moveit_servo' build argument 'catkin_cmake_args' from command line to 'None'
[0.544s] Level 5:colcon.colcon_core.verb:set package 'xarm_moveit_servo' build argument 'catkin_skip_building_tests' from command line to 'False'
[0.544s] DEBUG:colcon.colcon_core.verb:Building package 'xarm_moveit_servo' with the following arguments: {'ament_cmake_args': None, 'build_base': '/home/berenic/Documents/LPRS2_2026/Robo_Hand_RS485/ROS2/robo_hand_ws/build/xarm_moveit_servo', 'catkin_cmake_args': None, 'catkin_skip_building_tests': False, 'cmake_args': None, 'cmake_clean_cache': False, 'cmake_clean_first': False, 'cmake_force_configure': False, 'cmake_target': None, 'cmake_target_skip_unavailable': False, 'install_base': '/home/berenic/Documents/LPRS2_2026/Robo_Hand_RS485/ROS2/robo_hand_ws/install/xarm_moveit_servo', 'merge_install': False, 'path': '/home/berenic/Documents/LPRS2_2026/Robo_Hand_RS485/ROS2/robo_hand_ws/src/xarm_ros2/xarm_moveit_servo', 'symlink_install': True, 'test_result_base': None}
[0.545s] Level 5:colcon.colcon_core.verb:set package 'xarm_planner' build argument 'cmake_args' from command line to 'None'
[0.545s] Level 5:colcon.colcon_core.verb:set package 'xarm_planner' build argument 'cmake_target' from command line to 'None'
[0.545s] Level 5:colcon.colcon_core.verb:set package 'xarm_planner' build argument 'cmake_target_skip_unavailable' from command line to 'False'
[0.545s] Level 5:colcon.colcon_core.verb:set package 'xarm_planner' build argument 'cmake_clean_cache' from command line to 'False'
[0.545s] Level 5:colcon.colcon_core.verb:set package 'xarm_planner' build argument 'cmake_clean_first' from command line to 'False'
[0.545s] Level 5:colcon.colcon_core.verb:set package 'xarm_planner' build argument 'cmake_force_configure' from command line to 'False'
[0.545s] Level 5:colcon.colcon_core.verb:set package 'xarm_planner' build argument 'ament_cmake_args' from command line to 'None'
[0.545s] Level 5:colcon.colcon_core.verb:set package 'xarm_planner' build argument 'catkin_cmake_args' from command line to 'None'
[0.545s] Level 5:colcon.colcon_core.verb:set package 'xarm_planner' build argument 'catkin_skip_building_tests' from command line to 'False'
[0.545s] DEBUG:colcon.colcon_core.verb:Building package 'xarm_planner' with the following arguments: {'ament_cmake_args': None, 'build_base': '/home/berenic/Documents/LPRS2_2026/Robo_Hand_RS485/ROS2/robo_hand_ws/build/xarm_planner', 'catkin_cmake_args': None, 'catkin_skip_building_tests': False, 'cmake_args': None, 'cmake_clean_cache': False, 'cmake_clean_first': False, 'cmake_force_configure': False, 'cmake_target': None, 'cmake_target_skip_unavailable': False, 'install_base': '/home/berenic/Documents/LPRS2_2026/Robo_Hand_RS485/ROS2/robo_hand_ws/install/xarm_planner', 'merge_install': False, 'path': '/home/berenic/Documents/LPRS2_2026/Robo_Hand_RS485/ROS2/robo_hand_ws/src/xarm_ros2/xarm_planner', 'symlink_install': True, 'test_result_base': None}
[0.545s] Level 5:colcon.colcon_core.verb:set package 'glue_events_routines' build argument 'cmake_args' from command line to 'None'
[0.546s] Level 5:colcon.colcon_core.verb:set package 'glue_events_routines' build argument 'cmake_target' from command line to 'None'
[0.546s] Level 5:colcon.colcon_core.verb:set package 'glue_events_routines' build argument 'cmake_target_skip_unavailable' from command line to 'False'
[0.546s] Level 5:colcon.colcon_core.verb:set package 'glue_events_routines' build argument 'cmake_clean_cache' from command line to 'False'
[0.546s] Level 5:colcon.colcon_core.verb:set package 'glue_events_routines' build argument 'cmake_clean_first' from command line to 'False'
[0.546s] Level 5:colcon.colcon_core.verb:set package 'glue_events_routines' build argument 'cmake_force_configure' from command line to 'False'
[0.546s] Level 5:colcon.colcon_core.verb:set package 'glue_events_routines' build argument 'ament_cmake_args' from command line to 'None'
[0.546s] Level 5:colcon.colcon_core.verb:set package 'glue_events_routines' build argument 'catkin_cmake_args' from command line to 'None'
[0.546s] Level 5:colcon.colcon_core.verb:set package 'glue_events_routines' build argument 'catkin_skip_building_tests' from command line to 'False'
[0.546s] DEBUG:colcon.colcon_core.verb:Building package 'glue_events_routines' with the following arguments: {'ament_cmake_args': None, 'build_base': '/home/berenic/Documents/LPRS2_2026/Robo_Hand_RS485/ROS2/robo_hand_ws/build/glue_events_routines', 'catkin_cmake_args': None, 'catkin_skip_building_tests': False, 'cmake_args': None, 'cmake_clean_cache': False, 'cmake_clean_first': False, 'cmake_force_configure': False, 'cmake_target': None, 'cmake_target_skip_unavailable': False, 'install_base': '/home/berenic/Documents/LPRS2_2026/Robo_Hand_RS485/ROS2/robo_hand_ws/install/glue_events_routines', 'merge_install': False, 'path': '/home/berenic/Documents/LPRS2_2026/Robo_Hand_RS485/ROS2/robo_hand_ws/src/custom/glue_events_routines', 'symlink_install': True, 'test_result_base': None}
[0.546s] INFO:colcon.colcon_core.executor:Executing jobs using 'parallel' executor
[0.548s] DEBUG:colcon.colcon_parallel_executor.executor.parallel:run_until_complete
[0.549s] INFO:colcon.colcon_ros.task.ament_cmake.build:Building ROS package in '/home/berenic/Documents/LPRS2_2026/Robo_Hand_RS485/ROS2/robo_hand_ws/src/xarm_ros2/xarm_description' with build type 'ament_cmake'
[0.549s] INFO:colcon.colcon_cmake.task.cmake.build:Building CMake package in '/home/berenic/Documents/LPRS2_2026/Robo_Hand_RS485/ROS2/robo_hand_ws/src/xarm_ros2/xarm_description'
[0.554s] INFO:colcon.colcon_core.plugin_system:Skipping extension 'colcon_core.shell.bat': Not used on non-Windows systems
[0.554s] INFO:colcon.colcon_core.shell:Skip shell extension 'powershell' for command environment: Not usable outside of PowerShell
[0.555s] DEBUG:colcon.colcon_core.shell:Skip shell extension 'dsv' for command environment
[0.567s] INFO:colcon.colcon_ros.task.ament_cmake.build:Building ROS package in '/home/berenic/Documents/LPRS2_2026/Robo_Hand_RS485/ROS2/robo_hand_ws/src/xarm_ros2/xarm_msgs' with build type 'ament_cmake'
[0.567s] INFO:colcon.colcon_cmake.task.cmake.build:Building CMake package in '/home/berenic/Documents/LPRS2_2026/Robo_Hand_RS485/ROS2/robo_hand_ws/src/xarm_ros2/xarm_msgs'
[0.568s] INFO:colcon.colcon_core.shell:Skip shell extension 'powershell' for command environment: Not usable outside of PowerShell
[0.568s] DEBUG:colcon.colcon_core.shell:Skip shell extension 'dsv' for command environment
[0.576s] INFO:colcon.colcon_ros.task.ament_cmake.build:Building ROS package in '/home/berenic/Documents/LPRS2_2026/Robo_Hand_RS485/ROS2/robo_hand_ws/src/xarm_ros2/xarm_sdk' with build type 'ament_cmake'
[0.576s] INFO:colcon.colcon_cmake.task.cmake.build:Building CMake package in '/home/berenic/Documents/LPRS2_2026/Robo_Hand_RS485/ROS2/robo_hand_ws/src/xarm_ros2/xarm_sdk'
[0.576s] INFO:colcon.colcon_core.shell:Skip shell extension 'powershell' for command environment: Not usable outside of PowerShell
[0.577s] DEBUG:colcon.colcon_core.shell:Skip shell extension 'dsv' for command environment
[0.586s] INFO:colcon.colcon_ros.task.ament_python.build:Building ROS package in '/home/berenic/Documents/LPRS2_2026/Robo_Hand_RS485/ROS2/robo_hand_ws/src/xarm_ros2/uf_ros_lib' with build type 'ament_python'
[0.586s] Level 1:colcon.colcon_core.shell:create_environment_hook('uf_ros_lib', 'ament_prefix_path')
[0.587s] INFO:colcon.colcon_core.shell:Creating environment hook '/home/berenic/Documents/LPRS2_2026/Robo_Hand_RS485/ROS2/robo_hand_ws/install/uf_ros_lib/share/uf_ros_lib/hook/ament_prefix_path.ps1'
[0.588s] INFO:colcon.colcon_core.shell:Creating environment descriptor '/home/berenic/Documents/LPRS2_2026/Robo_Hand_RS485/ROS2/robo_hand_ws/install/uf_ros_lib/share/uf_ros_lib/hook/ament_prefix_path.dsv'
[0.589s] INFO:colcon.colcon_core.shell:Creating environment hook '/home/berenic/Documents/LPRS2_2026/Robo_Hand_RS485/ROS2/robo_hand_ws/install/uf_ros_lib/share/uf_ros_lib/hook/ament_prefix_path.sh'
[0.590s] INFO:colcon.colcon_core.shell:Skip shell extension 'powershell' for command environment: Not usable outside of PowerShell
[0.590s] DEBUG:colcon.colcon_core.shell:Skip shell extension 'dsv' for command environment
[0.598s] INFO:colcon.colcon_ros.task.ament_cmake.build:Building ROS package in '/home/berenic/Documents/LPRS2_2026/Robo_Hand_RS485/ROS2/robo_hand_ws/src/xarm_ros2/thirdparty/realsense_gazebo_plugin' with build type 'ament_cmake'
[0.598s] INFO:colcon.colcon_cmake.task.cmake.build:Building CMake package in '/home/berenic/Documents/LPRS2_2026/Robo_Hand_RS485/ROS2/robo_hand_ws/src/xarm_ros2/thirdparty/realsense_gazebo_plugin'
[0.598s] INFO:colcon.colcon_core.shell:Skip shell extension 'powershell' for command environment: Not usable outside of PowerShell
[0.598s] DEBUG:colcon.colcon_core.shell:Skip shell extension 'dsv' for command environment
[0.613s] DEBUG:colcon.colcon_core.event_handler.log_command:Invoking command in '/home/berenic/Documents/LPRS2_2026/Robo_Hand_RS485/ROS2/robo_hand_ws/build/xarm_description': CMAKE_PREFIX_PATH=${CMAKE_PREFIX_PATH}:/home/berenic/Documents/LPRS2_2026/Robo_Hand_RS485/ROS2/robo_hand_ws/install/uf_ros_lib:/opt/ros/jazzy DEBUGINFOD_URLS=https://debuginfod.ubuntu.com /usr/bin/cmake --build /home/berenic/Documents/LPRS2_2026/Robo_Hand_RS485/ROS2/robo_hand_ws/build/xarm_description -- -j12 -l12
[0.620s] DEBUG:colcon.colcon_core.event_handler.log_command:Invoking command in '/home/berenic/Documents/LPRS2_2026/Robo_Hand_RS485/ROS2/robo_hand_ws/build/xarm_msgs': CMAKE_PREFIX_PATH=${CMAKE_PREFIX_PATH}:/home/berenic/Documents/LPRS2_2026/Robo_Hand_RS485/ROS2/robo_hand_ws/install/uf_ros_lib:/opt/ros/jazzy DEBUGINFOD_URLS=https://debuginfod.ubuntu.com /usr/bin/cmake --build /home/berenic/Documents/LPRS2_2026/Robo_Hand_RS485/ROS2/robo_hand_ws/build/xarm_msgs -- -j12 -l12
[0.624s] DEBUG:colcon.colcon_core.event_handler.log_command:Invoking command in '/home/berenic/Documents/LPRS2_2026/Robo_Hand_RS485/ROS2/robo_hand_ws/build/xarm_sdk': CMAKE_PREFIX_PATH=${CMAKE_PREFIX_PATH}:/home/berenic/Documents/LPRS2_2026/Robo_Hand_RS485/ROS2/robo_hand_ws/install/uf_ros_lib:/opt/ros/jazzy DEBUGINFOD_URLS=https://debuginfod.ubuntu.com /usr/bin/cmake --build /home/berenic/Documents/LPRS2_2026/Robo_Hand_RS485/ROS2/robo_hand_ws/build/xarm_sdk -- -j12 -l12
[1.056s] INFO:colcon.colcon_core.task.python.build:Building Python package in '/home/berenic/Documents/LPRS2_2026/Robo_Hand_RS485/ROS2/robo_hand_ws/src/xarm_ros2/uf_ros_lib'
[1.056s] INFO:colcon.colcon_core.shell:Skip shell extension 'powershell' for command environment: Not usable outside of PowerShell
[1.056s] DEBUG:colcon.colcon_core.shell:Skip shell extension 'dsv' for command environment
[1.073s] DEBUG:colcon.colcon_core.event_handler.log_command:Invoked command in '/home/berenic/Documents/LPRS2_2026/Robo_Hand_RS485/ROS2/robo_hand_ws/build/xarm_description' returned '0': CMAKE_PREFIX_PATH=${CMAKE_PREFIX_PATH}:/home/berenic/Documents/LPRS2_2026/Robo_Hand_RS485/ROS2/robo_hand_ws/install/uf_ros_lib:/opt/ros/jazzy DEBUGINFOD_URLS=https://debuginfod.ubuntu.com /usr/bin/cmake --build /home/berenic/Documents/LPRS2_2026/Robo_Hand_RS485/ROS2/robo_hand_ws/build/xarm_description -- -j12 -l12
[1.097s] DEBUG:colcon.colcon_core.event_handler.log_command:Invoking command in '/home/berenic/Documents/LPRS2_2026/Robo_Hand_RS485/ROS2/robo_hand_ws/build/xarm_description': CMAKE_PREFIX_PATH=${CMAKE_PREFIX_PATH}:/home/berenic/Documents/LPRS2_2026/Robo_Hand_RS485/ROS2/robo_hand_ws/install/uf_ros_lib:/opt/ros/jazzy DEBUGINFOD_URLS=https://debuginfod.ubuntu.com /usr/bin/cmake --install /home/berenic/Documents/LPRS2_2026/Robo_Hand_RS485/ROS2/robo_hand_ws/build/xarm_description
[1.103s] DEBUG:colcon.colcon_core.event_handler.log_command:Invoking command in '/home/berenic/Documents/LPRS2_2026/Robo_Hand_RS485/ROS2/robo_hand_ws/build/realsense_gazebo_plugin': CMAKE_PREFIX_PATH=${CMAKE_PREFIX_PATH}:/home/berenic/Documents/LPRS2_2026/Robo_Hand_RS485/ROS2/robo_hand_ws/install/uf_ros_lib:/opt/ros/jazzy DEBUGINFOD_URLS=https://debuginfod.ubuntu.com /usr/bin/cmake --build /home/berenic/Documents/LPRS2_2026/Robo_Hand_RS485/ROS2/robo_hand_ws/build/realsense_gazebo_plugin -- -j12 -l12
[1.103s] DEBUG:colcon.colcon_core.event_handler.log_command:Invoked command in '/home/berenic/Documents/LPRS2_2026/Robo_Hand_RS485/ROS2/robo_hand_ws/build/xarm_sdk' returned '0': CMAKE_PREFIX_PATH=${CMAKE_PREFIX_PATH}:/home/berenic/Documents/LPRS2_2026/Robo_Hand_RS485/ROS2/robo_hand_ws/install/uf_ros_lib:/opt/ros/jazzy DEBUGINFOD_URLS=https://debuginfod.ubuntu.com /usr/bin/cmake --build /home/berenic/Documents/LPRS2_2026/Robo_Hand_RS485/ROS2/robo_hand_ws/build/xarm_sdk -- -j12 -l12
[1.104s] DEBUG:colcon.colcon_core.event_handler.log_command:Invoking command in '/home/berenic/Documents/LPRS2_2026/Robo_Hand_RS485/ROS2/robo_hand_ws/build/xarm_sdk': CMAKE_PREFIX_PATH=${CMAKE_PREFIX_PATH}:/home/berenic/Documents/LPRS2_2026/Robo_Hand_RS485/ROS2/robo_hand_ws/install/uf_ros_lib:/opt/ros/jazzy DEBUGINFOD_URLS=https://debuginfod.ubuntu.com /usr/bin/cmake --install /home/berenic/Documents/LPRS2_2026/Robo_Hand_RS485/ROS2/robo_hand_ws/build/xarm_sdk
[1.171s] Level 1:colcon.colcon_core.environment:create_environment_scripts_only(xarm_sdk)
[1.175s] DEBUG:colcon.colcon_core.event_handler.log_command:Invoked command in '/home/berenic/Documents/LPRS2_2026/Robo_Hand_RS485/ROS2/robo_hand_ws/build/xarm_sdk' returned '0': CMAKE_PREFIX_PATH=${CMAKE_PREFIX_PATH}:/home/berenic/Documents/LPRS2_2026/Robo_Hand_RS485/ROS2/robo_hand_ws/install/uf_ros_lib:/opt/ros/jazzy DEBUGINFOD_URLS=https://debuginfod.ubuntu.com /usr/bin/cmake --install /home/berenic/Documents/LPRS2_2026/Robo_Hand_RS485/ROS2/robo_hand_ws/build/xarm_sdk
[1.217s] Level 1:colcon.colcon_core.environment:checking '/home/berenic/Documents/LPRS2_2026/Robo_Hand_RS485/ROS2/robo_hand_ws/install/xarm_sdk' for CMake module files
[1.220s] Level 1:colcon.colcon_core.environment:checking '/home/berenic/Documents/LPRS2_2026/Robo_Hand_RS485/ROS2/robo_hand_ws/install/xarm_sdk' for CMake config files
[1.229s] Level 1:colcon.colcon_core.shell:create_environment_hook('xarm_sdk', 'cmake_prefix_path')
[1.230s] INFO:colcon.colcon_core.shell:Creating environment hook '/home/berenic/Documents/LPRS2_2026/Robo_Hand_RS485/ROS2/robo_hand_ws/install/xarm_sdk/share/xarm_sdk/hook/cmake_prefix_path.ps1'
[1.231s] INFO:colcon.colcon_core.shell:Creating environment descriptor '/home/berenic/Documents/LPRS2_2026/Robo_Hand_RS485/ROS2/robo_hand_ws/install/xarm_sdk/share/xarm_sdk/hook/cmake_prefix_path.dsv'
[1.231s] INFO:colcon.colcon_core.shell:Creating environment hook '/home/berenic/Documents/LPRS2_2026/Robo_Hand_RS485/ROS2/robo_hand_ws/install/xarm_sdk/share/xarm_sdk/hook/cmake_prefix_path.sh'
[1.233s] Level 1:colcon.colcon_core.environment:checking '/home/berenic/Documents/LPRS2_2026/Robo_Hand_RS485/ROS2/robo_hand_ws/install/xarm_sdk/lib'
[1.233s] Level 1:colcon.colcon_core.shell:create_environment_hook('xarm_sdk', 'ld_library_path_lib')
[1.234s] INFO:colcon.colcon_core.shell:Creating environment hook '/home/berenic/Documents/LPRS2_2026/Robo_Hand_RS485/ROS2/robo_hand_ws/install/xarm_sdk/share/xarm_sdk/hook/ld_library_path_lib.ps1'
[1.235s] INFO:colcon.colcon_core.shell:Creating environment descriptor '/home/berenic/Documents/LPRS2_2026/Robo_Hand_RS485/ROS2/robo_hand_ws/install/xarm_sdk/share/xarm_sdk/hook/ld_library_path_lib.dsv'
[1.235s] INFO:colcon.colcon_core.shell:Creating environment hook '/home/berenic/Documents/LPRS2_2026/Robo_Hand_RS485/ROS2/robo_hand_ws/install/xarm_sdk/share/xarm_sdk/hook/ld_library_path_lib.sh'
[1.236s] Level 1:colcon.colcon_core.environment:checking '/home/berenic/Documents/LPRS2_2026/Robo_Hand_RS485/ROS2/robo_hand_ws/install/xarm_sdk/bin'
[1.236s] Level 1:colcon.colcon_core.environment:checking '/home/berenic/Documents/LPRS2_2026/Robo_Hand_RS485/ROS2/robo_hand_ws/install/xarm_sdk/lib/pkgconfig/xarm_sdk.pc'
[1.237s] Level 1:colcon.colcon_core.environment:checking '/home/berenic/Documents/LPRS2_2026/Robo_Hand_RS485/ROS2/robo_hand_ws/install/xarm_sdk/lib/python3.12/site-packages'
[1.238s] Level 1:colcon.colcon_core.environment:checking '/home/berenic/Documents/LPRS2_2026/Robo_Hand_RS485/ROS2/robo_hand_ws/install/xarm_sdk/bin'
[1.238s] INFO:colcon.colcon_core.shell:Creating package script '/home/berenic/Documents/LPRS2_2026/Robo_Hand_RS485/ROS2/robo_hand_ws/install/xarm_sdk/share/xarm_sdk/package.ps1'
[1.240s] INFO:colcon.colcon_core.shell:Creating package descriptor '/home/berenic/Documents/LPRS2_2026/Robo_Hand_RS485/ROS2/robo_hand_ws/install/xarm_sdk/share/xarm_sdk/package.dsv'
[1.241s] INFO:colcon.colcon_core.shell:Creating package script '/home/berenic/Documents/LPRS2_2026/Robo_Hand_RS485/ROS2/robo_hand_ws/install/xarm_sdk/share/xarm_sdk/package.sh'
[1.242s] INFO:colcon.colcon_core.shell:Creating package script '/home/berenic/Documents/LPRS2_2026/Robo_Hand_RS485/ROS2/robo_hand_ws/install/xarm_sdk/share/xarm_sdk/package.bash'
[1.243s] INFO:colcon.colcon_core.shell:Creating package script '/home/berenic/Documents/LPRS2_2026/Robo_Hand_RS485/ROS2/robo_hand_ws/install/xarm_sdk/share/xarm_sdk/package.zsh'
[1.244s] Level 1:colcon.colcon_core.environment:create_file_with_runtime_dependencies(/home/berenic/Documents/LPRS2_2026/Robo_Hand_RS485/ROS2/robo_hand_ws/install/xarm_sdk/share/colcon-core/packages/xarm_sdk)
[1.246s] Level 1:colcon.colcon_core.environment:create_environment_scripts_only(xarm_sdk)
[1.246s] Level 1:colcon.colcon_core.environment:checking '/home/berenic/Documents/LPRS2_2026/Robo_Hand_RS485/ROS2/robo_hand_ws/install/xarm_sdk' for CMake module files
[1.247s] Level 1:colcon.colcon_core.environment:checking '/home/berenic/Documents/LPRS2_2026/Robo_Hand_RS485/ROS2/robo_hand_ws/install/xarm_sdk' for CMake config files
[1.248s] Level 1:colcon.colcon_core.shell:create_environment_hook('xarm_sdk', 'cmake_prefix_path')
[1.248s] INFO:colcon.colcon_core.shell:Creating environment hook '/home/berenic/Documents/LPRS2_2026/Robo_Hand_RS485/ROS2/robo_hand_ws/install/xarm_sdk/share/xarm_sdk/hook/cmake_prefix_path.ps1'
[1.249s] INFO:colcon.colcon_core.shell:Creating environment descriptor '/home/berenic/Documents/LPRS2_2026/Robo_Hand_RS485/ROS2/robo_hand_ws/install/xarm_sdk/share/xarm_sdk/hook/cmake_prefix_path.dsv'
[1.250s] INFO:colcon.colcon_core.shell:Creating environment hook '/home/berenic/Documents/LPRS2_2026/Robo_Hand_RS485/ROS2/robo_hand_ws/install/xarm_sdk/share/xarm_sdk/hook/cmake_prefix_path.sh'
[1.251s] Level 1:colcon.colcon_core.environment:checking '/home/berenic/Documents/LPRS2_2026/Robo_Hand_RS485/ROS2/robo_hand_ws/install/xarm_sdk/lib'
[1.251s] Level 1:colcon.colcon_core.shell:create_environment_hook('xarm_sdk', 'ld_library_path_lib')
[1.252s] INFO:colcon.colcon_core.shell:Creating environment hook '/home/berenic/Documents/LPRS2_2026/Robo_Hand_RS485/ROS2/robo_hand_ws/install/xarm_sdk/share/xarm_sdk/hook/ld_library_path_lib.ps1'
[1.253s] INFO:colcon.colcon_core.shell:Creating environment descriptor '/home/berenic/Documents/LPRS2_2026/Robo_Hand_RS485/ROS2/robo_hand_ws/install/xarm_sdk/share/xarm_sdk/hook/ld_library_path_lib.dsv'
[1.254s] INFO:colcon.colcon_core.shell:Creating environment hook '/home/berenic/Documents/LPRS2_2026/Robo_Hand_RS485/ROS2/robo_hand_ws/install/xarm_sdk/share/xarm_sdk/hook/ld_library_path_lib.sh'
[1.255s] Level 1:colcon.colcon_core.environment:checking '/home/berenic/Documents/LPRS2_2026/Robo_Hand_RS485/ROS2/robo_hand_ws/install/xarm_sdk/bin'
[1.255s] Level 1:colcon.colcon_core.environment:checking '/home/berenic/Documents/LPRS2_2026/Robo_Hand_RS485/ROS2/robo_hand_ws/install/xarm_sdk/lib/pkgconfig/xarm_sdk.pc'
[1.255s] Level 1:colcon.colcon_core.environment:checking '/home/berenic/Documents/LPRS2_2026/Robo_Hand_RS485/ROS2/robo_hand_ws/install/xarm_sdk/lib/python3.12/site-packages'
[1.256s] Level 1:colcon.colcon_core.environment:checking '/home/berenic/Documents/LPRS2_2026/Robo_Hand_RS485/ROS2/robo_hand_ws/install/xarm_sdk/bin'
[1.257s] INFO:colcon.colcon_core.shell:Creating package script '/home/berenic/Documents/LPRS2_2026/Robo_Hand_RS485/ROS2/robo_hand_ws/install/xarm_sdk/share/xarm_sdk/package.ps1'
[1.258s] INFO:colcon.colcon_core.shell:Creating package descriptor '/home/berenic/Documents/LPRS2_2026/Robo_Hand_RS485/ROS2/robo_hand_ws/install/xarm_sdk/share/xarm_sdk/package.dsv'
[1.260s] INFO:colcon.colcon_core.shell:Creating package script '/home/berenic/Documents/LPRS2_2026/Robo_Hand_RS485/ROS2/robo_hand_ws/install/xarm_sdk/share/xarm_sdk/package.sh'
[1.261s] INFO:colcon.colcon_core.shell:Creating package script '/home/berenic/Documents/LPRS2_2026/Robo_Hand_RS485/ROS2/robo_hand_ws/install/xarm_sdk/share/xarm_sdk/package.bash'
[1.262s] INFO:colcon.colcon_core.shell:Creating package script '/home/berenic/Documents/LPRS2_2026/Robo_Hand_RS485/ROS2/robo_hand_ws/install/xarm_sdk/share/xarm_sdk/package.zsh'
[1.262s] Level 1:colcon.colcon_core.environment:create_file_with_runtime_dependencies(/home/berenic/Documents/LPRS2_2026/Robo_Hand_RS485/ROS2/robo_hand_ws/install/xarm_sdk/share/colcon-core/packages/xarm_sdk)
[1.267s] DEBUG:colcon.colcon_core.event_handler.log_command:Invoked command in '/home/berenic/Documents/LPRS2_2026/Robo_Hand_RS485/ROS2/robo_hand_ws/build/realsense_gazebo_plugin' returned '0': CMAKE_PREFIX_PATH=${CMAKE_PREFIX_PATH}:/home/berenic/Documents/LPRS2_2026/Robo_Hand_RS485/ROS2/robo_hand_ws/install/uf_ros_lib:/opt/ros/jazzy DEBUGINFOD_URLS=https://debuginfod.ubuntu.com /usr/bin/cmake --build /home/berenic/Documents/LPRS2_2026/Robo_Hand_RS485/ROS2/robo_hand_ws/build/realsense_gazebo_plugin -- -j12 -l12
[1.268s] DEBUG:colcon.colcon_core.event_handler.log_command:Invoking command in '/home/berenic/Documents/LPRS2_2026/Robo_Hand_RS485/ROS2/robo_hand_ws/build/realsense_gazebo_plugin': CMAKE_PREFIX_PATH=${CMAKE_PREFIX_PATH}:/home/berenic/Documents/LPRS2_2026/Robo_Hand_RS485/ROS2/robo_hand_ws/install/uf_ros_lib:/opt/ros/jazzy DEBUGINFOD_URLS=https://debuginfod.ubuntu.com /usr/bin/cmake --install /home/berenic/Documents/LPRS2_2026/Robo_Hand_RS485/ROS2/robo_hand_ws/build/realsense_gazebo_plugin
[1.269s] Level 1:colcon.colcon_core.environment:create_environment_scripts_only(xarm_description)
[1.270s] Level 1:colcon.colcon_core.environment:checking '/home/berenic/Documents/LPRS2_2026/Robo_Hand_RS485/ROS2/robo_hand_ws/install/xarm_description' for CMake module files
[1.271s] DEBUG:colcon.colcon_core.event_handler.log_command:Invoked command in '/home/berenic/Documents/LPRS2_2026/Robo_Hand_RS485/ROS2/robo_hand_ws/build/xarm_description' returned '0': CMAKE_PREFIX_PATH=${CMAKE_PREFIX_PATH}:/home/berenic/Documents/LPRS2_2026/Robo_Hand_RS485/ROS2/robo_hand_ws/install/uf_ros_lib:/opt/ros/jazzy DEBUGINFOD_URLS=https://debuginfod.ubuntu.com /usr/bin/cmake --install /home/berenic/Documents/LPRS2_2026/Robo_Hand_RS485/ROS2/robo_hand_ws/build/xarm_description
[1.272s] Level 1:colcon.colcon_core.environment:checking '/home/berenic/Documents/LPRS2_2026/Robo_Hand_RS485/ROS2/robo_hand_ws/install/xarm_description' for CMake config files
[1.272s] Level 1:colcon.colcon_core.shell:create_environment_hook('xarm_description', 'cmake_prefix_path')
[1.273s] INFO:colcon.colcon_core.shell:Creating environment hook '/home/berenic/Documents/LPRS2_2026/Robo_Hand_RS485/ROS2/robo_hand_ws/install/xarm_description/share/xarm_description/hook/cmake_prefix_path.ps1'
[1.274s] INFO:colcon.colcon_core.shell:Creating environment descriptor '/home/berenic/Documents/LPRS2_2026/Robo_Hand_RS485/ROS2/robo_hand_ws/install/xarm_description/share/xarm_description/hook/cmake_prefix_path.dsv'
[1.275s] INFO:colcon.colcon_core.shell:Creating environment hook '/home/berenic/Documents/LPRS2_2026/Robo_Hand_RS485/ROS2/robo_hand_ws/install/xarm_description/share/xarm_description/hook/cmake_prefix_path.sh'
[1.276s] Level 1:colcon.colcon_core.environment:checking '/home/berenic/Documents/LPRS2_2026/Robo_Hand_RS485/ROS2/robo_hand_ws/install/xarm_description/bin'
[1.276s] Level 1:colcon.colcon_core.environment:checking '/home/berenic/Documents/LPRS2_2026/Robo_Hand_RS485/ROS2/robo_hand_ws/install/xarm_description/lib/pkgconfig/xarm_description.pc'
[1.276s] Level 1:colcon.colcon_core.environment:checking '/home/berenic/Documents/LPRS2_2026/Robo_Hand_RS485/ROS2/robo_hand_ws/install/xarm_description/lib/python3.12/site-packages'
[1.277s] Level 1:colcon.colcon_core.environment:checking '/home/berenic/Documents/LPRS2_2026/Robo_Hand_RS485/ROS2/robo_hand_ws/install/xarm_description/bin'
[1.277s] INFO:colcon.colcon_core.shell:Creating package script '/home/berenic/Documents/LPRS2_2026/Robo_Hand_RS485/ROS2/robo_hand_ws/install/xarm_description/share/xarm_description/package.ps1'
[1.278s] INFO:colcon.colcon_core.shell:Creating package descriptor '/home/berenic/Documents/LPRS2_2026/Robo_Hand_RS485/ROS2/robo_hand_ws/install/xarm_description/share/xarm_description/package.dsv'
[1.279s] INFO:colcon.colcon_core.shell:Creating package script '/home/berenic/Documents/LPRS2_2026/Robo_Hand_RS485/ROS2/robo_hand_ws/install/xarm_description/share/xarm_description/package.sh'
[1.280s] INFO:colcon.colcon_core.shell:Creating package script '/home/berenic/Documents/LPRS2_2026/Robo_Hand_RS485/ROS2/robo_hand_ws/install/xarm_description/share/xarm_description/package.bash'
[1.281s] INFO:colcon.colcon_core.shell:Creating package script '/home/berenic/Documents/LPRS2_2026/Robo_Hand_RS485/ROS2/robo_hand_ws/install/xarm_description/share/xarm_description/package.zsh'
[1.281s] Level 1:colcon.colcon_core.environment:create_file_with_runtime_dependencies(/home/berenic/Documents/LPRS2_2026/Robo_Hand_RS485/ROS2/robo_hand_ws/install/xarm_description/share/colcon-core/packages/xarm_description)
[1.282s] Level 1:colcon.colcon_core.environment:create_environment_scripts_only(xarm_description)
[1.282s] Level 1:colcon.colcon_core.environment:checking '/home/berenic/Documents/LPRS2_2026/Robo_Hand_RS485/ROS2/robo_hand_ws/install/xarm_description' for CMake module files
[1.284s] Level 1:colcon.colcon_core.environment:checking '/home/berenic/Documents/LPRS2_2026/Robo_Hand_RS485/ROS2/robo_hand_ws/install/xarm_description' for CMake config files
[1.285s] Level 1:colcon.colcon_core.shell:create_environment_hook('xarm_description', 'cmake_prefix_path')
[1.285s] INFO:colcon.colcon_core.shell:Creating environment hook '/home/berenic/Documents/LPRS2_2026/Robo_Hand_RS485/ROS2/robo_hand_ws/install/xarm_description/share/xarm_description/hook/cmake_prefix_path.ps1'
[1.286s] INFO:colcon.colcon_core.shell:Creating environment descriptor '/home/berenic/Documents/LPRS2_2026/Robo_Hand_RS485/ROS2/robo_hand_ws/install/xarm_description/share/xarm_description/hook/cmake_prefix_path.dsv'
[1.287s] INFO:colcon.colcon_core.shell:Creating environment hook '/home/berenic/Documents/LPRS2_2026/Robo_Hand_RS485/ROS2/robo_hand_ws/install/xarm_description/share/xarm_description/hook/cmake_prefix_path.sh'
[1.288s] Level 1:colcon.colcon_core.environment:checking '/home/berenic/Documents/LPRS2_2026/Robo_Hand_RS485/ROS2/robo_hand_ws/install/xarm_description/bin'
[1.288s] Level 1:colcon.colcon_core.environment:checking '/home/berenic/Documents/LPRS2_2026/Robo_Hand_RS485/ROS2/robo_hand_ws/install/xarm_description/lib/pkgconfig/xarm_description.pc'
[1.289s] Level 1:colcon.colcon_core.environment:checking '/home/berenic/Documents/LPRS2_2026/Robo_Hand_RS485/ROS2/robo_hand_ws/install/xarm_description/lib/python3.12/site-packages'
[1.290s] Level 1:colcon.colcon_core.environment:checking '/home/berenic/Documents/LPRS2_2026/Robo_Hand_RS485/ROS2/robo_hand_ws/install/xarm_description/bin'
[1.290s] INFO:colcon.colcon_core.shell:Creating package script '/home/berenic/Documents/LPRS2_2026/Robo_Hand_RS485/ROS2/robo_hand_ws/install/xarm_description/share/xarm_description/package.ps1'
[1.292s] INFO:colcon.colcon_core.shell:Creating package descriptor '/home/berenic/Documents/LPRS2_2026/Robo_Hand_RS485/ROS2/robo_hand_ws/install/xarm_description/share/xarm_description/package.dsv'
[1.297s] INFO:colcon.colcon_core.shell:Creating package script '/home/berenic/Documents/LPRS2_2026/Robo_Hand_RS485/ROS2/robo_hand_ws/install/xarm_description/share/xarm_description/package.sh'
[1.299s] INFO:colcon.colcon_core.shell:Creating package script '/home/berenic/Documents/LPRS2_2026/Robo_Hand_RS485/ROS2/robo_hand_ws/install/xarm_description/share/xarm_description/package.bash'
[1.300s] INFO:colcon.colcon_core.shell:Creating package script '/home/berenic/Documents/LPRS2_2026/Robo_Hand_RS485/ROS2/robo_hand_ws/install/xarm_description/share/xarm_description/package.zsh'
[1.301s] Level 1:colcon.colcon_core.environment:create_file_with_runtime_dependencies(/home/berenic/Documents/LPRS2_2026/Robo_Hand_RS485/ROS2/robo_hand_ws/install/xarm_description/share/colcon-core/packages/xarm_description)
[1.322s] Level 1:colcon.colcon_core.environment:create_environment_scripts_only(realsense_gazebo_plugin)
[1.323s] Level 1:colcon.colcon_core.environment:checking '/home/berenic/Documents/LPRS2_2026/Robo_Hand_RS485/ROS2/robo_hand_ws/install/realsense_gazebo_plugin' for CMake module files
[1.323s] DEBUG:colcon.colcon_core.event_handler.log_command:Invoked command in '/home/berenic/Documents/LPRS2_2026/Robo_Hand_RS485/ROS2/robo_hand_ws/build/realsense_gazebo_plugin' returned '0': CMAKE_PREFIX_PATH=${CMAKE_PREFIX_PATH}:/home/berenic/Documents/LPRS2_2026/Robo_Hand_RS485/ROS2/robo_hand_ws/install/uf_ros_lib:/opt/ros/jazzy DEBUGINFOD_URLS=https://debuginfod.ubuntu.com /usr/bin/cmake --install /home/berenic/Documents/LPRS2_2026/Robo_Hand_RS485/ROS2/robo_hand_ws/build/realsense_gazebo_plugin
[1.324s] Level 1:colcon.colcon_core.environment:checking '/home/berenic/Documents/LPRS2_2026/Robo_Hand_RS485/ROS2/robo_hand_ws/install/realsense_gazebo_plugin' for CMake config files
[1.325s] Level 1:colcon.colcon_core.shell:create_environment_hook('realsense_gazebo_plugin', 'cmake_prefix_path')
[1.325s] INFO:colcon.colcon_core.shell:Creating environment hook '/home/berenic/Documents/LPRS2_2026/Robo_Hand_RS485/ROS2/robo_hand_ws/install/realsense_gazebo_plugin/share/realsense_gazebo_plugin/hook/cmake_prefix_path.ps1'
[1.326s] INFO:colcon.colcon_core.shell:Creating environment descriptor '/home/berenic/Documents/LPRS2_2026/Robo_Hand_RS485/ROS2/robo_hand_ws/install/realsense_gazebo_plugin/share/realsense_gazebo_plugin/hook/cmake_prefix_path.dsv'
[1.327s] INFO:colcon.colcon_core.shell:Creating environment hook '/home/berenic/Documents/LPRS2_2026/Robo_Hand_RS485/ROS2/robo_hand_ws/install/realsense_gazebo_plugin/share/realsense_gazebo_plugin/hook/cmake_prefix_path.sh'
[1.328s] Level 1:colcon.colcon_core.environment:checking '/home/berenic/Documents/LPRS2_2026/Robo_Hand_RS485/ROS2/robo_hand_ws/install/realsense_gazebo_plugin/bin'
[1.328s] Level 1:colcon.colcon_core.environment:checking '/home/berenic/Documents/LPRS2_2026/Robo_Hand_RS485/ROS2/robo_hand_ws/install/realsense_gazebo_plugin/lib/pkgconfig/realsense_gazebo_plugin.pc'
[1.329s] Level 1:colcon.colcon_core.environment:checking '/home/berenic/Documents/LPRS2_2026/Robo_Hand_RS485/ROS2/robo_hand_ws/install/realsense_gazebo_plugin/lib/python3.12/site-packages'
[1.329s] Level 1:colcon.colcon_core.environment:checking '/home/berenic/Documents/LPRS2_2026/Robo_Hand_RS485/ROS2/robo_hand_ws/install/realsense_gazebo_plugin/bin'
[1.329s] INFO:colcon.colcon_core.shell:Creating package script '/home/berenic/Documents/LPRS2_2026/Robo_Hand_RS485/ROS2/robo_hand_ws/install/realsense_gazebo_plugin/share/realsense_gazebo_plugin/package.ps1'
[1.331s] INFO:colcon.colcon_core.shell:Creating package descriptor '/home/berenic/Documents/LPRS2_2026/Robo_Hand_RS485/ROS2/robo_hand_ws/install/realsense_gazebo_plugin/share/realsense_gazebo_plugin/package.dsv'
[1.332s] INFO:colcon.colcon_core.shell:Creating package script '/home/berenic/Documents/LPRS2_2026/Robo_Hand_RS485/ROS2/robo_hand_ws/install/realsense_gazebo_plugin/share/realsense_gazebo_plugin/package.sh'
[1.333s] INFO:colcon.colcon_core.shell:Creating package script '/home/berenic/Documents/LPRS2_2026/Robo_Hand_RS485/ROS2/robo_hand_ws/install/realsense_gazebo_plugin/share/realsense_gazebo_plugin/package.bash'
[1.333s] INFO:colcon.colcon_core.shell:Creating package script '/home/berenic/Documents/LPRS2_2026/Robo_Hand_RS485/ROS2/robo_hand_ws/install/realsense_gazebo_plugin/share/realsense_gazebo_plugin/package.zsh'
[1.334s] Level 1:colcon.colcon_core.environment:create_file_with_runtime_dependencies(/home/berenic/Documents/LPRS2_2026/Robo_Hand_RS485/ROS2/robo_hand_ws/install/realsense_gazebo_plugin/share/colcon-core/packages/realsense_gazebo_plugin)
[1.335s] Level 1:colcon.colcon_core.environment:create_environment_scripts_only(realsense_gazebo_plugin)
[1.335s] Level 1:colcon.colcon_core.environment:checking '/home/berenic/Documents/LPRS2_2026/Robo_Hand_RS485/ROS2/robo_hand_ws/install/realsense_gazebo_plugin' for CMake module files
[1.336s] Level 1:colcon.colcon_core.environment:checking '/home/berenic/Documents/LPRS2_2026/Robo_Hand_RS485/ROS2/robo_hand_ws/install/realsense_gazebo_plugin' for CMake config files
[1.337s] Level 1:colcon.colcon_core.shell:create_environment_hook('realsense_gazebo_plugin', 'cmake_prefix_path')
[1.337s] INFO:colcon.colcon_core.shell:Creating environment hook '/home/berenic/Documents/LPRS2_2026/Robo_Hand_RS485/ROS2/robo_hand_ws/install/realsense_gazebo_plugin/share/realsense_gazebo_plugin/hook/cmake_prefix_path.ps1'
[1.338s] INFO:colcon.colcon_core.shell:Creating environment descriptor '/home/berenic/Documents/LPRS2_2026/Robo_Hand_RS485/ROS2/robo_hand_ws/install/realsense_gazebo_plugin/share/realsense_gazebo_plugin/hook/cmake_prefix_path.dsv'
[1.338s] INFO:colcon.colcon_core.shell:Creating environment hook '/home/berenic/Documents/LPRS2_2026/Robo_Hand_RS485/ROS2/robo_hand_ws/install/realsense_gazebo_plugin/share/realsense_gazebo_plugin/hook/cmake_prefix_path.sh'
[1.339s] Level 1:colcon.colcon_core.environment:checking '/home/berenic/Documents/LPRS2_2026/Robo_Hand_RS485/ROS2/robo_hand_ws/install/realsense_gazebo_plugin/bin'
[1.339s] Level 1:colcon.colcon_core.environment:checking '/home/berenic/Documents/LPRS2_2026/Robo_Hand_RS485/ROS2/robo_hand_ws/install/realsense_gazebo_plugin/lib/pkgconfig/realsense_gazebo_plugin.pc'
[1.340s] Level 1:colcon.colcon_core.environment:checking '/home/berenic/Documents/LPRS2_2026/Robo_Hand_RS485/ROS2/robo_hand_ws/install/realsense_gazebo_plugin/lib/python3.12/site-packages'
[1.340s] Level 1:colcon.colcon_core.environment:checking '/home/berenic/Documents/LPRS2_2026/Robo_Hand_RS485/ROS2/robo_hand_ws/install/realsense_gazebo_plugin/bin'
[1.340s] INFO:colcon.colcon_core.shell:Creating package script '/home/berenic/Documents/LPRS2_2026/Robo_Hand_RS485/ROS2/robo_hand_ws/install/realsense_gazebo_plugin/share/realsense_gazebo_plugin/package.ps1'
[1.341s] INFO:colcon.colcon_core.shell:Creating package descriptor '/home/berenic/Documents/LPRS2_2026/Robo_Hand_RS485/ROS2/robo_hand_ws/install/realsense_gazebo_plugin/share/realsense_gazebo_plugin/package.dsv'
[1.342s] INFO:colcon.colcon_core.shell:Creating package script '/home/berenic/Documents/LPRS2_2026/Robo_Hand_RS485/ROS2/robo_hand_ws/install/realsense_gazebo_plugin/share/realsense_gazebo_plugin/package.sh'
[1.343s] INFO:colcon.colcon_core.shell:Creating package script '/home/berenic/Documents/LPRS2_2026/Robo_Hand_RS485/ROS2/robo_hand_ws/install/realsense_gazebo_plugin/share/realsense_gazebo_plugin/package.bash'
[1.343s] INFO:colcon.colcon_core.shell:Creating package script '/home/berenic/Documents/LPRS2_2026/Robo_Hand_RS485/ROS2/robo_hand_ws/install/realsense_gazebo_plugin/share/realsense_gazebo_plugin/package.zsh'
[1.344s] Level 1:colcon.colcon_core.environment:create_file_with_runtime_dependencies(/home/berenic/Documents/LPRS2_2026/Robo_Hand_RS485/ROS2/robo_hand_ws/install/realsense_gazebo_plugin/share/colcon-core/packages/realsense_gazebo_plugin)
[1.562s] DEBUG:colcon.colcon_core.event_handler.log_command:Invoked command in '/home/berenic/Documents/LPRS2_2026/Robo_Hand_RS485/ROS2/robo_hand_ws/build/xarm_msgs' returned '0': CMAKE_PREFIX_PATH=${CMAKE_PREFIX_PATH}:/home/berenic/Documents/LPRS2_2026/Robo_Hand_RS485/ROS2/robo_hand_ws/install/uf_ros_lib:/opt/ros/jazzy DEBUGINFOD_URLS=https://debuginfod.ubuntu.com /usr/bin/cmake --build /home/berenic/Documents/LPRS2_2026/Robo_Hand_RS485/ROS2/robo_hand_ws/build/xarm_msgs -- -j12 -l12
[1.565s] DEBUG:colcon.colcon_core.event_handler.log_command:Invoking command in '/home/berenic/Documents/LPRS2_2026/Robo_Hand_RS485/ROS2/robo_hand_ws/build/xarm_msgs': CMAKE_PREFIX_PATH=${CMAKE_PREFIX_PATH}:/home/berenic/Documents/LPRS2_2026/Robo_Hand_RS485/ROS2/robo_hand_ws/install/uf_ros_lib:/opt/ros/jazzy DEBUGINFOD_URLS=https://debuginfod.ubuntu.com /usr/bin/cmake --install /home/berenic/Documents/LPRS2_2026/Robo_Hand_RS485/ROS2/robo_hand_ws/build/xarm_msgs
[2.031s] Level 1:colcon.colcon_core.environment:create_environment_scripts_only(xarm_msgs)
[2.032s] DEBUG:colcon.colcon_core.event_handler.log_command:Invoked command in '/home/berenic/Documents/LPRS2_2026/Robo_Hand_RS485/ROS2/robo_hand_ws/build/xarm_msgs' returned '0': CMAKE_PREFIX_PATH=${CMAKE_PREFIX_PATH}:/home/berenic/Documents/LPRS2_2026/Robo_Hand_RS485/ROS2/robo_hand_ws/install/uf_ros_lib:/opt/ros/jazzy DEBUGINFOD_URLS=https://debuginfod.ubuntu.com /usr/bin/cmake --install /home/berenic/Documents/LPRS2_2026/Robo_Hand_RS485/ROS2/robo_hand_ws/build/xarm_msgs
[2.032s] Level 1:colcon.colcon_core.environment:checking '/home/berenic/Documents/LPRS2_2026/Robo_Hand_RS485/ROS2/robo_hand_ws/install/xarm_msgs' for CMake module files
[2.033s] Level 1:colcon.colcon_core.environment:checking '/home/berenic/Documents/LPRS2_2026/Robo_Hand_RS485/ROS2/robo_hand_ws/install/xarm_msgs' for CMake config files
[2.034s] Level 1:colcon.colcon_core.shell:create_environment_hook('xarm_msgs', 'cmake_prefix_path')
[2.034s] INFO:colcon.colcon_core.shell:Creating environment hook '/home/berenic/Documents/LPRS2_2026/Robo_Hand_RS485/ROS2/robo_hand_ws/install/xarm_msgs/share/xarm_msgs/hook/cmake_prefix_path.ps1'
[2.035s] INFO:colcon.colcon_core.shell:Creating environment descriptor '/home/berenic/Documents/LPRS2_2026/Robo_Hand_RS485/ROS2/robo_hand_ws/install/xarm_msgs/share/xarm_msgs/hook/cmake_prefix_path.dsv'
[2.036s] INFO:colcon.colcon_core.shell:Creating environment hook '/home/berenic/Documents/LPRS2_2026/Robo_Hand_RS485/ROS2/robo_hand_ws/install/xarm_msgs/share/xarm_msgs/hook/cmake_prefix_path.sh'
[2.037s] Level 1:colcon.colcon_core.environment:checking '/home/berenic/Documents/LPRS2_2026/Robo_Hand_RS485/ROS2/robo_hand_ws/install/xarm_msgs/lib'
[2.037s] Level 1:colcon.colcon_core.shell:create_environment_hook('xarm_msgs', 'ld_library_path_lib')
[2.037s] INFO:colcon.colcon_core.shell:Creating environment hook '/home/berenic/Documents/LPRS2_2026/Robo_Hand_RS485/ROS2/robo_hand_ws/install/xarm_msgs/share/xarm_msgs/hook/ld_library_path_lib.ps1'
[2.038s] INFO:colcon.colcon_core.shell:Creating environment descriptor '/home/berenic/Documents/LPRS2_2026/Robo_Hand_RS485/ROS2/robo_hand_ws/install/xarm_msgs/share/xarm_msgs/hook/ld_library_path_lib.dsv'
[2.038s] INFO:colcon.colcon_core.shell:Creating environment hook '/home/berenic/Documents/LPRS2_2026/Robo_Hand_RS485/ROS2/robo_hand_ws/install/xarm_msgs/share/xarm_msgs/hook/ld_library_path_lib.sh'
[2.039s] Level 1:colcon.colcon_core.environment:checking '/home/berenic/Documents/LPRS2_2026/Robo_Hand_RS485/ROS2/robo_hand_ws/install/xarm_msgs/bin'
[2.039s] Level 1:colcon.colcon_core.environment:checking '/home/berenic/Documents/LPRS2_2026/Robo_Hand_RS485/ROS2/robo_hand_ws/install/xarm_msgs/lib/pkgconfig/xarm_msgs.pc'
[2.040s] Level 1:colcon.colcon_core.environment:checking '/home/berenic/Documents/LPRS2_2026/Robo_Hand_RS485/ROS2/robo_hand_ws/install/xarm_msgs/lib/python3.12/site-packages'
[2.040s] Level 1:colcon.colcon_core.shell:create_environment_hook('xarm_msgs', 'pythonpath')
[2.040s] INFO:colcon.colcon_core.shell:Creating environment hook '/home/berenic/Documents/LPRS2_2026/Robo_Hand_RS485/ROS2/robo_hand_ws/install/xarm_msgs/share/xarm_msgs/hook/pythonpath.ps1'
[2.041s] INFO:colcon.colcon_core.shell:Creating environment descriptor '/home/berenic/Documents/LPRS2_2026/Robo_Hand_RS485/ROS2/robo_hand_ws/install/xarm_msgs/share/xarm_msgs/hook/pythonpath.dsv'
[2.042s] INFO:colcon.colcon_core.shell:Creating environment hook '/home/berenic/Documents/LPRS2_2026/Robo_Hand_RS485/ROS2/robo_hand_ws/install/xarm_msgs/share/xarm_msgs/hook/pythonpath.sh'
[2.043s] Level 1:colcon.colcon_core.environment:checking '/home/berenic/Documents/LPRS2_2026/Robo_Hand_RS485/ROS2/robo_hand_ws/install/xarm_msgs/bin'
[2.043s] INFO:colcon.colcon_core.shell:Creating package script '/home/berenic/Documents/LPRS2_2026/Robo_Hand_RS485/ROS2/robo_hand_ws/install/xarm_msgs/share/xarm_msgs/package.ps1'
[2.044s] INFO:colcon.colcon_core.shell:Creating package descriptor '/home/berenic/Documents/LPRS2_2026/Robo_Hand_RS485/ROS2/robo_hand_ws/install/xarm_msgs/share/xarm_msgs/package.dsv'
[2.045s] INFO:colcon.colcon_core.shell:Creating package script '/home/berenic/Documents/LPRS2_2026/Robo_Hand_RS485/ROS2/robo_hand_ws/install/xarm_msgs/share/xarm_msgs/package.sh'
[2.046s] INFO:colcon.colcon_core.shell:Creating package script '/home/berenic/Documents/LPRS2_2026/Robo_Hand_RS485/ROS2/robo_hand_ws/install/xarm_msgs/share/xarm_msgs/package.bash'
[2.047s] INFO:colcon.colcon_core.shell:Creating package script '/home/berenic/Documents/LPRS2_2026/Robo_Hand_RS485/ROS2/robo_hand_ws/install/xarm_msgs/share/xarm_msgs/package.zsh'
[2.047s] Level 1:colcon.colcon_core.environment:create_file_with_runtime_dependencies(/home/berenic/Documents/LPRS2_2026/Robo_Hand_RS485/ROS2/robo_hand_ws/install/xarm_msgs/share/colcon-core/packages/xarm_msgs)
[2.048s] Level 1:colcon.colcon_core.environment:create_environment_scripts_only(xarm_msgs)
[2.048s] Level 1:colcon.colcon_core.environment:checking '/home/berenic/Documents/LPRS2_2026/Robo_Hand_RS485/ROS2/robo_hand_ws/install/xarm_msgs' for CMake module files
[2.050s] Level 1:colcon.colcon_core.environment:checking '/home/berenic/Documents/LPRS2_2026/Robo_Hand_RS485/ROS2/robo_hand_ws/install/xarm_msgs' for CMake config files
[2.050s] Level 1:colcon.colcon_core.shell:create_environment_hook('xarm_msgs', 'cmake_prefix_path')
[2.051s] INFO:colcon.colcon_core.shell:Creating environment hook '/home/berenic/Documents/LPRS2_2026/Robo_Hand_RS485/ROS2/robo_hand_ws/install/xarm_msgs/share/xarm_msgs/hook/cmake_prefix_path.ps1'
[2.052s] INFO:colcon.colcon_core.shell:Creating environment descriptor '/home/berenic/Documents/LPRS2_2026/Robo_Hand_RS485/ROS2/robo_hand_ws/install/xarm_msgs/share/xarm_msgs/hook/cmake_prefix_path.dsv'
[2.052s] INFO:colcon.colcon_core.shell:Creating environment hook '/home/berenic/Documents/LPRS2_2026/Robo_Hand_RS485/ROS2/robo_hand_ws/install/xarm_msgs/share/xarm_msgs/hook/cmake_prefix_path.sh'
[2.053s] Level 1:colcon.colcon_core.environment:checking '/home/berenic/Documents/LPRS2_2026/Robo_Hand_RS485/ROS2/robo_hand_ws/install/xarm_msgs/lib'
[2.054s] Level 1:colcon.colcon_core.shell:create_environment_hook('xarm_msgs', 'ld_library_path_lib')
[2.054s] INFO:colcon.colcon_core.shell:Creating environment hook '/home/berenic/Documents/LPRS2_2026/Robo_Hand_RS485/ROS2/robo_hand_ws/install/xarm_msgs/share/xarm_msgs/hook/ld_library_path_lib.ps1'
[2.055s] INFO:colcon.colcon_core.shell:Creating environment descriptor '/home/berenic/Documents/LPRS2_2026/Robo_Hand_RS485/ROS2/robo_hand_ws/install/xarm_msgs/share/xarm_msgs/hook/ld_library_path_lib.dsv'
[2.055s] INFO:colcon.colcon_core.shell:Creating environment hook '/home/berenic/Documents/LPRS2_2026/Robo_Hand_RS485/ROS2/robo_hand_ws/install/xarm_msgs/share/xarm_msgs/hook/ld_library_path_lib.sh'
[2.056s] Level 1:colcon.colcon_core.environment:checking '/home/berenic/Documents/LPRS2_2026/Robo_Hand_RS485/ROS2/robo_hand_ws/install/xarm_msgs/bin'
[2.056s] Level 1:colcon.colcon_core.environment:checking '/home/berenic/Documents/LPRS2_2026/Robo_Hand_RS485/ROS2/robo_hand_ws/install/xarm_msgs/lib/pkgconfig/xarm_msgs.pc'
[2.057s] Level 1:colcon.colcon_core.environment:checking '/home/berenic/Documents/LPRS2_2026/Robo_Hand_RS485/ROS2/robo_hand_ws/install/xarm_msgs/lib/python3.12/site-packages'
[2.057s] Level 1:colcon.colcon_core.shell:create_environment_hook('xarm_msgs', 'pythonpath')
[2.057s] INFO:colcon.colcon_core.shell:Creating environment hook '/home/berenic/Documents/LPRS2_2026/Robo_Hand_RS485/ROS2/robo_hand_ws/install/xarm_msgs/share/xarm_msgs/hook/pythonpath.ps1'
[2.058s] INFO:colcon.colcon_core.shell:Creating environment descriptor '/home/berenic/Documents/LPRS2_2026/Robo_Hand_RS485/ROS2/robo_hand_ws/install/xarm_msgs/share/xarm_msgs/hook/pythonpath.dsv'
[2.059s] INFO:colcon.colcon_core.shell:Creating environment hook '/home/berenic/Documents/LPRS2_2026/Robo_Hand_RS485/ROS2/robo_hand_ws/install/xarm_msgs/share/xarm_msgs/hook/pythonpath.sh'
[2.060s] Level 1:colcon.colcon_core.environment:checking '/home/berenic/Documents/LPRS2_2026/Robo_Hand_RS485/ROS2/robo_hand_ws/install/xarm_msgs/bin'
[2.060s] INFO:colcon.colcon_core.shell:Creating package script '/home/berenic/Documents/LPRS2_2026/Robo_Hand_RS485/ROS2/robo_hand_ws/install/xarm_msgs/share/xarm_msgs/package.ps1'
[2.061s] INFO:colcon.colcon_core.shell:Creating package descriptor '/home/berenic/Documents/LPRS2_2026/Robo_Hand_RS485/ROS2/robo_hand_ws/install/xarm_msgs/share/xarm_msgs/package.dsv'
[2.062s] INFO:colcon.colcon_core.shell:Creating package script '/home/berenic/Documents/LPRS2_2026/Robo_Hand_RS485/ROS2/robo_hand_ws/install/xarm_msgs/share/xarm_msgs/package.sh'
[2.063s] INFO:colcon.colcon_core.shell:Creating package script '/home/berenic/Documents/LPRS2_2026/Robo_Hand_RS485/ROS2/robo_hand_ws/install/xarm_msgs/share/xarm_msgs/package.bash'
[2.064s] INFO:colcon.colcon_core.shell:Creating package script '/home/berenic/Documents/LPRS2_2026/Robo_Hand_RS485/ROS2/robo_hand_ws/install/xarm_msgs/share/xarm_msgs/package.zsh'
[2.064s] Level 1:colcon.colcon_core.environment:create_file_with_runtime_dependencies(/home/berenic/Documents/LPRS2_2026/Robo_Hand_RS485/ROS2/robo_hand_ws/install/xarm_msgs/share/colcon-core/packages/xarm_msgs)
[2.065s] INFO:colcon.colcon_ros.task.ament_cmake.build:Building ROS package in '/home/berenic/Documents/LPRS2_2026/Robo_Hand_RS485/ROS2/robo_hand_ws/src/xarm_ros2/xarm_api' with build type 'ament_cmake'
[2.065s] INFO:colcon.colcon_cmake.task.cmake.build:Building CMake package in '/home/berenic/Documents/LPRS2_2026/Robo_Hand_RS485/ROS2/robo_hand_ws/src/xarm_ros2/xarm_api'
[2.065s] INFO:colcon.colcon_core.shell:Skip shell extension 'powershell' for command environment: Not usable outside of PowerShell
[2.065s] DEBUG:colcon.colcon_core.shell:Skip shell extension 'dsv' for command environment
[2.096s] DEBUG:colcon.colcon_core.event_handler.log_command:Invoking command in '/home/berenic/Documents/LPRS2_2026/Robo_Hand_RS485/ROS2/robo_hand_ws/build/xarm_api': CMAKE_PREFIX_PATH=/home/berenic/Documents/LPRS2_2026/Robo_Hand_RS485/ROS2/robo_hand_ws/install/xarm_sdk:/home/berenic/Documents/LPRS2_2026/Robo_Hand_RS485/ROS2/robo_hand_ws/install/xarm_msgs:/home/berenic/Documents/LPRS2_2026/Robo_Hand_RS485/ROS2/robo_hand_ws/install/xarm_description:/home/berenic/Documents/LPRS2_2026/Robo_Hand_RS485/ROS2/robo_hand_ws/install/glue_events_routines:/home/berenic/Documents/LPRS2_2026/Robo_Hand_RS485/ROS2/robo_hand_ws/install/xarm_planner:/home/berenic/Documents/LPRS2_2026/Robo_Hand_RS485/ROS2/robo_hand_ws/install/xarm_moveit_servo:/home/berenic/Documents/LPRS2_2026/Robo_Hand_RS485/ROS2/robo_hand_ws/install/xarm_moveit_config:/home/berenic/Documents/LPRS2_2026/Robo_Hand_RS485/ROS2/robo_hand_ws/install/xarm_gazebo:/home/berenic/Documents/LPRS2_2026/Robo_Hand_RS485/ROS2/robo_hand_ws/install/xarm_controller:/home/berenic/Documents/LPRS2_2026/Robo_Hand_RS485/ROS2/robo_hand_ws/install/xarm_api:/home/berenic/Documents/LPRS2_2026/Robo_Hand_RS485/ROS2/robo_hand_ws/install/mbot_demo:/home/berenic/Documents/LPRS2_2026/Robo_Hand_RS485/ROS2/robo_hand_ws/install/realsense_gazebo_plugin:/opt/ros/jazzy/opt/gz_sim_vendor:/opt/ros/jazzy/opt/gz_sensors_vendor:/opt/ros/jazzy/opt/gz_physics_vendor:/opt/ros/jazzy/opt/sdformat_vendor:/opt/ros/jazzy/opt/gz_gui_vendor:/opt/ros/jazzy/opt/gz_transport_vendor:/opt/ros/jazzy/opt/gz_rendering_vendor:/opt/ros/jazzy/opt/gz_plugin_vendor:/opt/ros/jazzy/opt/gz_fuel_tools_vendor:/opt/ros/jazzy/opt/gz_msgs_vendor:/opt/ros/jazzy/opt/gz_common_vendor:/opt/ros/jazzy/opt/gz_math_vendor:/opt/ros/jazzy/opt/gz_utils_vendor:/opt/ros/jazzy/opt/gz_tools_vendor:/opt/ros/jazzy/opt/gz_ogre_next_vendor:/opt/ros/jazzy/opt/gz_dartsim_vendor:/opt/ros/jazzy/opt/gz_cmake_vendor:/home/berenic/Documents/LPRS2_2026/Robo_Hand_RS485/ROS2/robo_hand_ws/install/uf_ros_lib:/opt/ros/jazzy DEBUGINFOD_URLS=https://debuginfod.ubuntu.com LD_LIBRARY_PATH=/home/berenic/Documents/LPRS2_2026/Robo_Hand_RS485/ROS2/robo_hand_ws/install/xarm_sdk/lib:/home/berenic/Documents/LPRS2_2026/Robo_Hand_RS485/ROS2/robo_hand_ws/install/xarm_msgs/lib:/home/berenic/Documents/LPRS2_2026/Robo_Hand_RS485/ROS2/robo_hand_ws/install/xarm_planner/lib:/home/berenic/Documents/LPRS2_2026/Robo_Hand_RS485/ROS2/robo_hand_ws/install/xarm_moveit_servo/lib:/home/berenic/Documents/LPRS2_2026/Robo_Hand_RS485/ROS2/robo_hand_ws/install/xarm_gazebo/lib:/home/berenic/Documents/LPRS2_2026/Robo_Hand_RS485/ROS2/robo_hand_ws/install/xarm_controller/lib:/home/berenic/Documents/LPRS2_2026/Robo_Hand_RS485/ROS2/robo_hand_ws/install/xarm_api/lib:/home/berenic/Documents/LPRS2_2026/Robo_Hand_RS485/ROS2/robo_hand_ws/install/realsense_gazebo_plugin/lib:/opt/ros/jazzy/opt/gz_sim_vendor/lib:/opt/ros/jazzy/opt/gz_sensors_vendor/lib:/opt/ros/jazzy/opt/gz_physics_vendor/lib:/opt/ros/jazzy/opt/sdformat_vendor/lib:/opt/ros/jazzy/opt/rviz_ogre_vendor/lib:/opt/ros/jazzy/lib/x86_64-linux-gnu:/opt/ros/jazzy/opt/gz_gui_vendor/lib:/opt/ros/jazzy/opt/gz_transport_vendor/lib:/opt/ros/jazzy/opt/gz_rendering_vendor/lib:/opt/ros/jazzy/opt/gz_plugin_vendor/lib:/opt/ros/jazzy/opt/gz_fuel_tools_vendor/lib:/opt/ros/jazzy/opt/gz_msgs_vendor/lib:/opt/ros/jazzy/opt/gz_common_vendor/lib:/opt/ros/jazzy/opt/gz_math_vendor/lib:/opt/ros/jazzy/opt/gz_utils_vendor/lib:/opt/ros/jazzy/opt/gz_tools_vendor/lib:/opt/ros/jazzy/opt/gz_ogre_next_vendor/lib:/opt/ros/jazzy/opt/gz_dartsim_vendor/lib:/opt/ros/jazzy/opt/gz_cmake_vendor/lib:/opt/ros/jazzy/lib /usr/bin/cmake --build /home/berenic/Documents/LPRS2_2026/Robo_Hand_RS485/ROS2/robo_hand_ws/build/xarm_api -- -j12 -l12
[2.347s] DEBUG:colcon.colcon_core.event_handler.log_command:Invoked command in '/home/berenic/Documents/LPRS2_2026/Robo_Hand_RS485/ROS2/robo_hand_ws/build/xarm_api' returned '0': CMAKE_PREFIX_PATH=/home/berenic/Documents/LPRS2_2026/Robo_Hand_RS485/ROS2/robo_hand_ws/install/xarm_sdk:/home/berenic/Documents/LPRS2_2026/Robo_Hand_RS485/ROS2/robo_hand_ws/install/xarm_msgs:/home/berenic/Documents/LPRS2_2026/Robo_Hand_RS485/ROS2/robo_hand_ws/install/xarm_description:/home/berenic/Documents/LPRS2_2026/Robo_Hand_RS485/ROS2/robo_hand_ws/install/glue_events_routines:/home/berenic/Documents/LPRS2_2026/Robo_Hand_RS485/ROS2/robo_hand_ws/install/xarm_planner:/home/berenic/Documents/LPRS2_2026/Robo_Hand_RS485/ROS2/robo_hand_ws/install/xarm_moveit_servo:/home/berenic/Documents/LPRS2_2026/Robo_Hand_RS485/ROS2/robo_hand_ws/install/xarm_moveit_config:/home/berenic/Documents/LPRS2_2026/Robo_Hand_RS485/ROS2/robo_hand_ws/install/xarm_gazebo:/home/berenic/Documents/LPRS2_2026/Robo_Hand_RS485/ROS2/robo_hand_ws/install/xarm_controller:/home/berenic/Documents/LPRS2_2026/Robo_Hand_RS485/ROS2/robo_hand_ws/install/xarm_api:/home/berenic/Documents/LPRS2_2026/Robo_Hand_RS485/ROS2/robo_hand_ws/install/mbot_demo:/home/berenic/Documents/LPRS2_2026/Robo_Hand_RS485/ROS2/robo_hand_ws/install/realsense_gazebo_plugin:/opt/ros/jazzy/opt/gz_sim_vendor:/opt/ros/jazzy/opt/gz_sensors_vendor:/opt/ros/jazzy/opt/gz_physics_vendor:/opt/ros/jazzy/opt/sdformat_vendor:/opt/ros/jazzy/opt/gz_gui_vendor:/opt/ros/jazzy/opt/gz_transport_vendor:/opt/ros/jazzy/opt/gz_rendering_vendor:/opt/ros/jazzy/opt/gz_plugin_vendor:/opt/ros/jazzy/opt/gz_fuel_tools_vendor:/opt/ros/jazzy/opt/gz_msgs_vendor:/opt/ros/jazzy/opt/gz_common_vendor:/opt/ros/jazzy/opt/gz_math_vendor:/opt/ros/jazzy/opt/gz_utils_vendor:/opt/ros/jazzy/opt/gz_tools_vendor:/opt/ros/jazzy/opt/gz_ogre_next_vendor:/opt/ros/jazzy/opt/gz_dartsim_vendor:/opt/ros/jazzy/opt/gz_cmake_vendor:/home/berenic/Documents/LPRS2_2026/Robo_Hand_RS485/ROS2/robo_hand_ws/install/uf_ros_lib:/opt/ros/jazzy DEBUGINFOD_URLS=https://debuginfod.ubuntu.com LD_LIBRARY_PATH=/home/berenic/Documents/LPRS2_2026/Robo_Hand_RS485/ROS2/robo_hand_ws/install/xarm_sdk/lib:/home/berenic/Documents/LPRS2_2026/Robo_Hand_RS485/ROS2/robo_hand_ws/install/xarm_msgs/lib:/home/berenic/Documents/LPRS2_2026/Robo_Hand_RS485/ROS2/robo_hand_ws/install/xarm_planner/lib:/home/berenic/Documents/LPRS2_2026/Robo_Hand_RS485/ROS2/robo_hand_ws/install/xarm_moveit_servo/lib:/home/berenic/Documents/LPRS2_2026/Robo_Hand_RS485/ROS2/robo_hand_ws/install/xarm_gazebo/lib:/home/berenic/Documents/LPRS2_2026/Robo_Hand_RS485/ROS2/robo_hand_ws/install/xarm_controller/lib:/home/berenic/Documents/LPRS2_2026/Robo_Hand_RS485/ROS2/robo_hand_ws/install/xarm_api/lib:/home/berenic/Documents/LPRS2_2026/Robo_Hand_RS485/ROS2/robo_hand_ws/install/realsense_gazebo_plugin/lib:/opt/ros/jazzy/opt/gz_sim_vendor/lib:/opt/ros/jazzy/opt/gz_sensors_vendor/lib:/opt/ros/jazzy/opt/gz_physics_vendor/lib:/opt/ros/jazzy/opt/sdformat_vendor/lib:/opt/ros/jazzy/opt/rviz_ogre_vendor/lib:/opt/ros/jazzy/lib/x86_64-linux-gnu:/opt/ros/jazzy/opt/gz_gui_vendor/lib:/opt/ros/jazzy/opt/gz_transport_vendor/lib:/opt/ros/jazzy/opt/gz_rendering_vendor/lib:/opt/ros/jazzy/opt/gz_plugin_vendor/lib:/opt/ros/jazzy/opt/gz_fuel_tools_vendor/lib:/opt/ros/jazzy/opt/gz_msgs_vendor/lib:/opt/ros/jazzy/opt/gz_common_vendor/lib:/opt/ros/jazzy/opt/gz_math_vendor/lib:/opt/ros/jazzy/opt/gz_utils_vendor/lib:/opt/ros/jazzy/opt/gz_tools_vendor/lib:/opt/ros/jazzy/opt/gz_ogre_next_vendor/lib:/opt/ros/jazzy/opt/gz_dartsim_vendor/lib:/opt/ros/jazzy/opt/gz_cmake_vendor/lib:/opt/ros/jazzy/lib /usr/bin/cmake --build /home/berenic/Documents/LPRS2_2026/Robo_Hand_RS485/ROS2/robo_hand_ws/build/xarm_api -- -j12 -l12
[2.349s] DEBUG:colcon.colcon_core.event_handler.log_command:Invoking command in '/home/berenic/Documents/LPRS2_2026/Robo_Hand_RS485/ROS2/robo_hand_ws/build/xarm_api': CMAKE_PREFIX_PATH=/home/berenic/Documents/LPRS2_2026/Robo_Hand_RS485/ROS2/robo_hand_ws/install/xarm_sdk:/home/berenic/Documents/LPRS2_2026/Robo_Hand_RS485/ROS2/robo_hand_ws/install/xarm_msgs:/home/berenic/Documents/LPRS2_2026/Robo_Hand_RS485/ROS2/robo_hand_ws/install/xarm_description:/home/berenic/Documents/LPRS2_2026/Robo_Hand_RS485/ROS2/robo_hand_ws/install/glue_events_routines:/home/berenic/Documents/LPRS2_2026/Robo_Hand_RS485/ROS2/robo_hand_ws/install/xarm_planner:/home/berenic/Documents/LPRS2_2026/Robo_Hand_RS485/ROS2/robo_hand_ws/install/xarm_moveit_servo:/home/berenic/Documents/LPRS2_2026/Robo_Hand_RS485/ROS2/robo_hand_ws/install/xarm_moveit_config:/home/berenic/Documents/LPRS2_2026/Robo_Hand_RS485/ROS2/robo_hand_ws/install/xarm_gazebo:/home/berenic/Documents/LPRS2_2026/Robo_Hand_RS485/ROS2/robo_hand_ws/install/xarm_controller:/home/berenic/Documents/LPRS2_2026/Robo_Hand_RS485/ROS2/robo_hand_ws/install/xarm_api:/home/berenic/Documents/LPRS2_2026/Robo_Hand_RS485/ROS2/robo_hand_ws/install/mbot_demo:/home/berenic/Documents/LPRS2_2026/Robo_Hand_RS485/ROS2/robo_hand_ws/install/realsense_gazebo_plugin:/opt/ros/jazzy/opt/gz_sim_vendor:/opt/ros/jazzy/opt/gz_sensors_vendor:/opt/ros/jazzy/opt/gz_physics_vendor:/opt/ros/jazzy/opt/sdformat_vendor:/opt/ros/jazzy/opt/gz_gui_vendor:/opt/ros/jazzy/opt/gz_transport_vendor:/opt/ros/jazzy/opt/gz_rendering_vendor:/opt/ros/jazzy/opt/gz_plugin_vendor:/opt/ros/jazzy/opt/gz_fuel_tools_vendor:/opt/ros/jazzy/opt/gz_msgs_vendor:/opt/ros/jazzy/opt/gz_common_vendor:/opt/ros/jazzy/opt/gz_math_vendor:/opt/ros/jazzy/opt/gz_utils_vendor:/opt/ros/jazzy/opt/gz_tools_vendor:/opt/ros/jazzy/opt/gz_ogre_next_vendor:/opt/ros/jazzy/opt/gz_dartsim_vendor:/opt/ros/jazzy/opt/gz_cmake_vendor:/home/berenic/Documents/LPRS2_2026/Robo_Hand_RS485/ROS2/robo_hand_ws/install/uf_ros_lib:/opt/ros/jazzy DEBUGINFOD_URLS=https://debuginfod.ubuntu.com LD_LIBRARY_PATH=/home/berenic/Documents/LPRS2_2026/Robo_Hand_RS485/ROS2/robo_hand_ws/install/xarm_sdk/lib:/home/berenic/Documents/LPRS2_2026/Robo_Hand_RS485/ROS2/robo_hand_ws/install/xarm_msgs/lib:/home/berenic/Documents/LPRS2_2026/Robo_Hand_RS485/ROS2/robo_hand_ws/install/xarm_planner/lib:/home/berenic/Documents/LPRS2_2026/Robo_Hand_RS485/ROS2/robo_hand_ws/install/xarm_moveit_servo/lib:/home/berenic/Documents/LPRS2_2026/Robo_Hand_RS485/ROS2/robo_hand_ws/install/xarm_gazebo/lib:/home/berenic/Documents/LPRS2_2026/Robo_Hand_RS485/ROS2/robo_hand_ws/install/xarm_controller/lib:/home/berenic/Documents/LPRS2_2026/Robo_Hand_RS485/ROS2/robo_hand_ws/install/xarm_api/lib:/home/berenic/Documents/LPRS2_2026/Robo_Hand_RS485/ROS2/robo_hand_ws/install/realsense_gazebo_plugin/lib:/opt/ros/jazzy/opt/gz_sim_vendor/lib:/opt/ros/jazzy/opt/gz_sensors_vendor/lib:/opt/ros/jazzy/opt/gz_physics_vendor/lib:/opt/ros/jazzy/opt/sdformat_vendor/lib:/opt/ros/jazzy/opt/rviz_ogre_vendor/lib:/opt/ros/jazzy/lib/x86_64-linux-gnu:/opt/ros/jazzy/opt/gz_gui_vendor/lib:/opt/ros/jazzy/opt/gz_transport_vendor/lib:/opt/ros/jazzy/opt/gz_rendering_vendor/lib:/opt/ros/jazzy/opt/gz_plugin_vendor/lib:/opt/ros/jazzy/opt/gz_fuel_tools_vendor/lib:/opt/ros/jazzy/opt/gz_msgs_vendor/lib:/opt/ros/jazzy/opt/gz_common_vendor/lib:/opt/ros/jazzy/opt/gz_math_vendor/lib:/opt/ros/jazzy/opt/gz_utils_vendor/lib:/opt/ros/jazzy/opt/gz_tools_vendor/lib:/opt/ros/jazzy/opt/gz_ogre_next_vendor/lib:/opt/ros/jazzy/opt/gz_dartsim_vendor/lib:/opt/ros/jazzy/opt/gz_cmake_vendor/lib:/opt/ros/jazzy/lib /usr/bin/cmake --install /home/berenic/Documents/LPRS2_2026/Robo_Hand_RS485/ROS2/robo_hand_ws/build/xarm_api
[2.382s] DEBUG:colcon.colcon_core.event_handler.log_command:Invoking command in '/home/berenic/Documents/LPRS2_2026/Robo_Hand_RS485/ROS2/robo_hand_ws/build/uf_ros_lib': DEBUGINFOD_URLS=https://debuginfod.ubuntu.com PYTHONPATH=/home/berenic/Documents/LPRS2_2026/Robo_Hand_RS485/ROS2/robo_hand_ws/build/uf_ros_lib/prefix_override:/usr/lib/python3/dist-packages/colcon_core/task/python/colcon_distutils_commands:/home/berenic/Documents/LPRS2_2026/Robo_Hand_RS485/ROS2/robo_hand_ws/install/uf_ros_lib/lib/python3.12/site-packages:${PYTHONPATH} /usr/bin/python3 -W ignore:setup.py install is deprecated -W ignore:easy_install command is deprecated setup.py develop --editable --build-directory /home/berenic/Documents/LPRS2_2026/Robo_Hand_RS485/ROS2/robo_hand_ws/build/uf_ros_lib/build --no-deps symlink_data
[2.403s] Level 1:colcon.colcon_core.environment:create_environment_scripts_only(xarm_api)
[2.404s] Level 1:colcon.colcon_core.environment:checking '/home/berenic/Documents/LPRS2_2026/Robo_Hand_RS485/ROS2/robo_hand_ws/install/xarm_api' for CMake module files
[2.405s] DEBUG:colcon.colcon_core.event_handler.log_command:Invoked command in '/home/berenic/Documents/LPRS2_2026/Robo_Hand_RS485/ROS2/robo_hand_ws/build/xarm_api' returned '0': CMAKE_PREFIX_PATH=/home/berenic/Documents/LPRS2_2026/Robo_Hand_RS485/ROS2/robo_hand_ws/install/xarm_sdk:/home/berenic/Documents/LPRS2_2026/Robo_Hand_RS485/ROS2/robo_hand_ws/install/xarm_msgs:/home/berenic/Documents/LPRS2_2026/Robo_Hand_RS485/ROS2/robo_hand_ws/install/xarm_description:/home/berenic/Documents/LPRS2_2026/Robo_Hand_RS485/ROS2/robo_hand_ws/install/glue_events_routines:/home/berenic/Documents/LPRS2_2026/Robo_Hand_RS485/ROS2/robo_hand_ws/install/xarm_planner:/home/berenic/Documents/LPRS2_2026/Robo_Hand_RS485/ROS2/robo_hand_ws/install/xarm_moveit_servo:/home/berenic/Documents/LPRS2_2026/Robo_Hand_RS485/ROS2/robo_hand_ws/install/xarm_moveit_config:/home/berenic/Documents/LPRS2_2026/Robo_Hand_RS485/ROS2/robo_hand_ws/install/xarm_gazebo:/home/berenic/Documents/LPRS2_2026/Robo_Hand_RS485/ROS2/robo_hand_ws/install/xarm_controller:/home/berenic/Documents/LPRS2_2026/Robo_Hand_RS485/ROS2/robo_hand_ws/install/xarm_api:/home/berenic/Documents/LPRS2_2026/Robo_Hand_RS485/ROS2/robo_hand_ws/install/mbot_demo:/home/berenic/Documents/LPRS2_2026/Robo_Hand_RS485/ROS2/robo_hand_ws/install/realsense_gazebo_plugin:/opt/ros/jazzy/opt/gz_sim_vendor:/opt/ros/jazzy/opt/gz_sensors_vendor:/opt/ros/jazzy/opt/gz_physics_vendor:/opt/ros/jazzy/opt/sdformat_vendor:/opt/ros/jazzy/opt/gz_gui_vendor:/opt/ros/jazzy/opt/gz_transport_vendor:/opt/ros/jazzy/opt/gz_rendering_vendor:/opt/ros/jazzy/opt/gz_plugin_vendor:/opt/ros/jazzy/opt/gz_fuel_tools_vendor:/opt/ros/jazzy/opt/gz_msgs_vendor:/opt/ros/jazzy/opt/gz_common_vendor:/opt/ros/jazzy/opt/gz_math_vendor:/opt/ros/jazzy/opt/gz_utils_vendor:/opt/ros/jazzy/opt/gz_tools_vendor:/opt/ros/jazzy/opt/gz_ogre_next_vendor:/opt/ros/jazzy/opt/gz_dartsim_vendor:/opt/ros/jazzy/opt/gz_cmake_vendor:/home/berenic/Documents/LPRS2_2026/Robo_Hand_RS485/ROS2/robo_hand_ws/install/uf_ros_lib:/opt/ros/jazzy DEBUGINFOD_URLS=https://debuginfod.ubuntu.com LD_LIBRARY_PATH=/home/berenic/Documents/LPRS2_2026/Robo_Hand_RS485/ROS2/robo_hand_ws/install/xarm_sdk/lib:/home/berenic/Documents/LPRS2_2026/Robo_Hand_RS485/ROS2/robo_hand_ws/install/xarm_msgs/lib:/home/berenic/Documents/LPRS2_2026/Robo_Hand_RS485/ROS2/robo_hand_ws/install/xarm_planner/lib:/home/berenic/Documents/LPRS2_2026/Robo_Hand_RS485/ROS2/robo_hand_ws/install/xarm_moveit_servo/lib:/home/berenic/Documents/LPRS2_2026/Robo_Hand_RS485/ROS2/robo_hand_ws/install/xarm_gazebo/lib:/home/berenic/Documents/LPRS2_2026/Robo_Hand_RS485/ROS2/robo_hand_ws/install/xarm_controller/lib:/home/berenic/Documents/LPRS2_2026/Robo_Hand_RS485/ROS2/robo_hand_ws/install/xarm_api/lib:/home/berenic/Documents/LPRS2_2026/Robo_Hand_RS485/ROS2/robo_hand_ws/install/realsense_gazebo_plugin/lib:/opt/ros/jazzy/opt/gz_sim_vendor/lib:/opt/ros/jazzy/opt/gz_sensors_vendor/lib:/opt/ros/jazzy/opt/gz_physics_vendor/lib:/opt/ros/jazzy/opt/sdformat_vendor/lib:/opt/ros/jazzy/opt/rviz_ogre_vendor/lib:/opt/ros/jazzy/lib/x86_64-linux-gnu:/opt/ros/jazzy/opt/gz_gui_vendor/lib:/opt/ros/jazzy/opt/gz_transport_vendor/lib:/opt/ros/jazzy/opt/gz_rendering_vendor/lib:/opt/ros/jazzy/opt/gz_plugin_vendor/lib:/opt/ros/jazzy/opt/gz_fuel_tools_vendor/lib:/opt/ros/jazzy/opt/gz_msgs_vendor/lib:/opt/ros/jazzy/opt/gz_common_vendor/lib:/opt/ros/jazzy/opt/gz_math_vendor/lib:/opt/ros/jazzy/opt/gz_utils_vendor/lib:/opt/ros/jazzy/opt/gz_tools_vendor/lib:/opt/ros/jazzy/opt/gz_ogre_next_vendor/lib:/opt/ros/jazzy/opt/gz_dartsim_vendor/lib:/opt/ros/jazzy/opt/gz_cmake_vendor/lib:/opt/ros/jazzy/lib /usr/bin/cmake --install /home/berenic/Documents/LPRS2_2026/Robo_Hand_RS485/ROS2/robo_hand_ws/build/xarm_api
[2.406s] Level 1:colcon.colcon_core.environment:checking '/home/berenic/Documents/LPRS2_2026/Robo_Hand_RS485/ROS2/robo_hand_ws/install/xarm_api' for CMake config files
[2.406s] Level 1:colcon.colcon_core.shell:create_environment_hook('xarm_api', 'cmake_prefix_path')
[2.407s] INFO:colcon.colcon_core.shell:Creating environment hook '/home/berenic/Documents/LPRS2_2026/Robo_Hand_RS485/ROS2/robo_hand_ws/install/xarm_api/share/xarm_api/hook/cmake_prefix_path.ps1'
[2.408s] INFO:colcon.colcon_core.shell:Creating environment descriptor '/home/berenic/Documents/LPRS2_2026/Robo_Hand_RS485/ROS2/robo_hand_ws/install/xarm_api/share/xarm_api/hook/cmake_prefix_path.dsv'
[2.409s] INFO:colcon.colcon_core.shell:Creating environment hook '/home/berenic/Documents/LPRS2_2026/Robo_Hand_RS485/ROS2/robo_hand_ws/install/xarm_api/share/xarm_api/hook/cmake_prefix_path.sh'
[2.410s] Level 1:colcon.colcon_core.environment:checking '/home/berenic/Documents/LPRS2_2026/Robo_Hand_RS485/ROS2/robo_hand_ws/install/xarm_api/lib'
[2.410s] Level 1:colcon.colcon_core.shell:create_environment_hook('xarm_api', 'ld_library_path_lib')
[2.410s] INFO:colcon.colcon_core.shell:Creating environment hook '/home/berenic/Documents/LPRS2_2026/Robo_Hand_RS485/ROS2/robo_hand_ws/install/xarm_api/share/xarm_api/hook/ld_library_path_lib.ps1'
[2.411s] INFO:colcon.colcon_core.shell:Creating environment descriptor '/home/berenic/Documents/LPRS2_2026/Robo_Hand_RS485/ROS2/robo_hand_ws/install/xarm_api/share/xarm_api/hook/ld_library_path_lib.dsv'
[2.412s] INFO:colcon.colcon_core.shell:Creating environment hook '/home/berenic/Documents/LPRS2_2026/Robo_Hand_RS485/ROS2/robo_hand_ws/install/xarm_api/share/xarm_api/hook/ld_library_path_lib.sh'
[2.413s] Level 1:colcon.colcon_core.environment:checking '/home/berenic/Documents/LPRS2_2026/Robo_Hand_RS485/ROS2/robo_hand_ws/install/xarm_api/bin'
[2.413s] Level 1:colcon.colcon_core.environment:checking '/home/berenic/Documents/LPRS2_2026/Robo_Hand_RS485/ROS2/robo_hand_ws/install/xarm_api/lib/pkgconfig/xarm_api.pc'
[2.413s] Level 1:colcon.colcon_core.environment:checking '/home/berenic/Documents/LPRS2_2026/Robo_Hand_RS485/ROS2/robo_hand_ws/install/xarm_api/lib/python3.12/site-packages'
[2.414s] Level 1:colcon.colcon_core.environment:checking '/home/berenic/Documents/LPRS2_2026/Robo_Hand_RS485/ROS2/robo_hand_ws/install/xarm_api/bin'
[2.414s] INFO:colcon.colcon_core.shell:Creating package script '/home/berenic/Documents/LPRS2_2026/Robo_Hand_RS485/ROS2/robo_hand_ws/install/xarm_api/share/xarm_api/package.ps1'
[2.415s] INFO:colcon.colcon_core.shell:Creating package descriptor '/home/berenic/Documents/LPRS2_2026/Robo_Hand_RS485/ROS2/robo_hand_ws/install/xarm_api/share/xarm_api/package.dsv'
[2.416s] INFO:colcon.colcon_core.shell:Creating package script '/home/berenic/Documents/LPRS2_2026/Robo_Hand_RS485/ROS2/robo_hand_ws/install/xarm_api/share/xarm_api/package.sh'
[2.417s] INFO:colcon.colcon_core.shell:Creating package script '/home/berenic/Documents/LPRS2_2026/Robo_Hand_RS485/ROS2/robo_hand_ws/install/xarm_api/share/xarm_api/package.bash'
[2.418s] INFO:colcon.colcon_core.shell:Creating package script '/home/berenic/Documents/LPRS2_2026/Robo_Hand_RS485/ROS2/robo_hand_ws/install/xarm_api/share/xarm_api/package.zsh'
[2.419s] Level 1:colcon.colcon_core.environment:create_file_with_runtime_dependencies(/home/berenic/Documents/LPRS2_2026/Robo_Hand_RS485/ROS2/robo_hand_ws/install/xarm_api/share/colcon-core/packages/xarm_api)
[2.420s] Level 1:colcon.colcon_core.environment:create_environment_scripts_only(xarm_api)
[2.420s] Level 1:colcon.colcon_core.environment:checking '/home/berenic/Documents/LPRS2_2026/Robo_Hand_RS485/ROS2/robo_hand_ws/install/xarm_api' for CMake module files
[2.421s] Level 1:colcon.colcon_core.environment:checking '/home/berenic/Documents/LPRS2_2026/Robo_Hand_RS485/ROS2/robo_hand_ws/install/xarm_api' for CMake config files
[2.421s] Level 1:colcon.colcon_core.shell:create_environment_hook('xarm_api', 'cmake_prefix_path')
[2.422s] INFO:colcon.colcon_core.shell:Creating environment hook '/home/berenic/Documents/LPRS2_2026/Robo_Hand_RS485/ROS2/robo_hand_ws/install/xarm_api/share/xarm_api/hook/cmake_prefix_path.ps1'
[2.423s] INFO:colcon.colcon_core.shell:Creating environment descriptor '/home/berenic/Documents/LPRS2_2026/Robo_Hand_RS485/ROS2/robo_hand_ws/install/xarm_api/share/xarm_api/hook/cmake_prefix_path.dsv'
[2.423s] INFO:colcon.colcon_core.shell:Creating environment hook '/home/berenic/Documents/LPRS2_2026/Robo_Hand_RS485/ROS2/robo_hand_ws/install/xarm_api/share/xarm_api/hook/cmake_prefix_path.sh'
[2.424s] Level 1:colcon.colcon_core.environment:checking '/home/berenic/Documents/LPRS2_2026/Robo_Hand_RS485/ROS2/robo_hand_ws/install/xarm_api/lib'
[2.425s] Level 1:colcon.colcon_core.shell:create_environment_hook('xarm_api', 'ld_library_path_lib')
[2.425s] INFO:colcon.colcon_core.shell:Creating environment hook '/home/berenic/Documents/LPRS2_2026/Robo_Hand_RS485/ROS2/robo_hand_ws/install/xarm_api/share/xarm_api/hook/ld_library_path_lib.ps1'
[2.426s] INFO:colcon.colcon_core.shell:Creating environment descriptor '/home/berenic/Documents/LPRS2_2026/Robo_Hand_RS485/ROS2/robo_hand_ws/install/xarm_api/share/xarm_api/hook/ld_library_path_lib.dsv'
[2.426s] INFO:colcon.colcon_core.shell:Creating environment hook '/home/berenic/Documents/LPRS2_2026/Robo_Hand_RS485/ROS2/robo_hand_ws/install/xarm_api/share/xarm_api/hook/ld_library_path_lib.sh'
[2.427s] Level 1:colcon.colcon_core.environment:checking '/home/berenic/Documents/LPRS2_2026/Robo_Hand_RS485/ROS2/robo_hand_ws/install/xarm_api/bin'
[2.427s] Level 1:colcon.colcon_core.environment:checking '/home/berenic/Documents/LPRS2_2026/Robo_Hand_RS485/ROS2/robo_hand_ws/install/xarm_api/lib/pkgconfig/xarm_api.pc'
[2.428s] Level 1:colcon.colcon_core.environment:checking '/home/berenic/Documents/LPRS2_2026/Robo_Hand_RS485/ROS2/robo_hand_ws/install/xarm_api/lib/python3.12/site-packages'
[2.429s] Level 1:colcon.colcon_core.environment:checking '/home/berenic/Documents/LPRS2_2026/Robo_Hand_RS485/ROS2/robo_hand_ws/install/xarm_api/bin'
[2.429s] INFO:colcon.colcon_core.shell:Creating package script '/home/berenic/Documents/LPRS2_2026/Robo_Hand_RS485/ROS2/robo_hand_ws/install/xarm_api/share/xarm_api/package.ps1'
[2.430s] INFO:colcon.colcon_core.shell:Creating package descriptor '/home/berenic/Documents/LPRS2_2026/Robo_Hand_RS485/ROS2/robo_hand_ws/install/xarm_api/share/xarm_api/package.dsv'
[2.431s] INFO:colcon.colcon_core.shell:Creating package script '/home/berenic/Documents/LPRS2_2026/Robo_Hand_RS485/ROS2/robo_hand_ws/install/xarm_api/share/xarm_api/package.sh'
[2.432s] INFO:colcon.colcon_core.shell:Creating package script '/home/berenic/Documents/LPRS2_2026/Robo_Hand_RS485/ROS2/robo_hand_ws/install/xarm_api/share/xarm_api/package.bash'
[2.433s] INFO:colcon.colcon_core.shell:Creating package script '/home/berenic/Documents/LPRS2_2026/Robo_Hand_RS485/ROS2/robo_hand_ws/install/xarm_api/share/xarm_api/package.zsh'
[2.433s] Level 1:colcon.colcon_core.environment:create_file_with_runtime_dependencies(/home/berenic/Documents/LPRS2_2026/Robo_Hand_RS485/ROS2/robo_hand_ws/install/xarm_api/share/colcon-core/packages/xarm_api)
[2.434s] INFO:colcon.colcon_ros.task.ament_cmake.build:Building ROS package in '/home/berenic/Documents/LPRS2_2026/Robo_Hand_RS485/ROS2/robo_hand_ws/src/xarm_ros2/xarm_controller' with build type 'ament_cmake'
[2.434s] INFO:colcon.colcon_cmake.task.cmake.build:Building CMake package in '/home/berenic/Documents/LPRS2_2026/Robo_Hand_RS485/ROS2/robo_hand_ws/src/xarm_ros2/xarm_controller'
[2.435s] INFO:colcon.colcon_core.shell:Skip shell extension 'powershell' for command environment: Not usable outside of PowerShell
[2.435s] DEBUG:colcon.colcon_core.shell:Skip shell extension 'dsv' for command environment
[2.471s] DEBUG:colcon.colcon_core.event_handler.log_command:Invoking command in '/home/berenic/Documents/LPRS2_2026/Robo_Hand_RS485/ROS2/robo_hand_ws/build/xarm_controller': CMAKE_PREFIX_PATH=/home/berenic/Documents/LPRS2_2026/Robo_Hand_RS485/ROS2/robo_hand_ws/install/xarm_api:/home/berenic/Documents/LPRS2_2026/Robo_Hand_RS485/ROS2/robo_hand_ws/install/xarm_sdk:/home/berenic/Documents/LPRS2_2026/Robo_Hand_RS485/ROS2/robo_hand_ws/install/xarm_msgs:/home/berenic/Documents/LPRS2_2026/Robo_Hand_RS485/ROS2/robo_hand_ws/install/xarm_description:/home/berenic/Documents/LPRS2_2026/Robo_Hand_RS485/ROS2/robo_hand_ws/install/glue_events_routines:/home/berenic/Documents/LPRS2_2026/Robo_Hand_RS485/ROS2/robo_hand_ws/install/xarm_planner:/home/berenic/Documents/LPRS2_2026/Robo_Hand_RS485/ROS2/robo_hand_ws/install/xarm_moveit_servo:/home/berenic/Documents/LPRS2_2026/Robo_Hand_RS485/ROS2/robo_hand_ws/install/xarm_moveit_config:/home/berenic/Documents/LPRS2_2026/Robo_Hand_RS485/ROS2/robo_hand_ws/install/xarm_gazebo:/home/berenic/Documents/LPRS2_2026/Robo_Hand_RS485/ROS2/robo_hand_ws/install/xarm_controller:/home/berenic/Documents/LPRS2_2026/Robo_Hand_RS485/ROS2/robo_hand_ws/install/mbot_demo:/home/berenic/Documents/LPRS2_2026/Robo_Hand_RS485/ROS2/robo_hand_ws/install/realsense_gazebo_plugin:/opt/ros/jazzy/opt/gz_sim_vendor:/opt/ros/jazzy/opt/gz_sensors_vendor:/opt/ros/jazzy/opt/gz_physics_vendor:/opt/ros/jazzy/opt/sdformat_vendor:/opt/ros/jazzy/opt/gz_gui_vendor:/opt/ros/jazzy/opt/gz_transport_vendor:/opt/ros/jazzy/opt/gz_rendering_vendor:/opt/ros/jazzy/opt/gz_plugin_vendor:/opt/ros/jazzy/opt/gz_fuel_tools_vendor:/opt/ros/jazzy/opt/gz_msgs_vendor:/opt/ros/jazzy/opt/gz_common_vendor:/opt/ros/jazzy/opt/gz_math_vendor:/opt/ros/jazzy/opt/gz_utils_vendor:/opt/ros/jazzy/opt/gz_tools_vendor:/opt/ros/jazzy/opt/gz_ogre_next_vendor:/opt/ros/jazzy/opt/gz_dartsim_vendor:/opt/ros/jazzy/opt/gz_cmake_vendor:/home/berenic/Documents/LPRS2_2026/Robo_Hand_RS485/ROS2/robo_hand_ws/install/uf_ros_lib:/opt/ros/jazzy DEBUGINFOD_URLS=https://debuginfod.ubuntu.com LD_LIBRARY_PATH=/home/berenic/Documents/LPRS2_2026/Robo_Hand_RS485/ROS2/robo_hand_ws/install/xarm_api/lib:/home/berenic/Documents/LPRS2_2026/Robo_Hand_RS485/ROS2/robo_hand_ws/install/xarm_sdk/lib:/home/berenic/Documents/LPRS2_2026/Robo_Hand_RS485/ROS2/robo_hand_ws/install/xarm_msgs/lib:/home/berenic/Documents/LPRS2_2026/Robo_Hand_RS485/ROS2/robo_hand_ws/install/xarm_planner/lib:/home/berenic/Documents/LPRS2_2026/Robo_Hand_RS485/ROS2/robo_hand_ws/install/xarm_moveit_servo/lib:/home/berenic/Documents/LPRS2_2026/Robo_Hand_RS485/ROS2/robo_hand_ws/install/xarm_gazebo/lib:/home/berenic/Documents/LPRS2_2026/Robo_Hand_RS485/ROS2/robo_hand_ws/install/xarm_controller/lib:/home/berenic/Documents/LPRS2_2026/Robo_Hand_RS485/ROS2/robo_hand_ws/install/realsense_gazebo_plugin/lib:/opt/ros/jazzy/opt/gz_sim_vendor/lib:/opt/ros/jazzy/opt/gz_sensors_vendor/lib:/opt/ros/jazzy/opt/gz_physics_vendor/lib:/opt/ros/jazzy/opt/sdformat_vendor/lib:/opt/ros/jazzy/opt/rviz_ogre_vendor/lib:/opt/ros/jazzy/lib/x86_64-linux-gnu:/opt/ros/jazzy/opt/gz_gui_vendor/lib:/opt/ros/jazzy/opt/gz_transport_vendor/lib:/opt/ros/jazzy/opt/gz_rendering_vendor/lib:/opt/ros/jazzy/opt/gz_plugin_vendor/lib:/opt/ros/jazzy/opt/gz_fuel_tools_vendor/lib:/opt/ros/jazzy/opt/gz_msgs_vendor/lib:/opt/ros/jazzy/opt/gz_common_vendor/lib:/opt/ros/jazzy/opt/gz_math_vendor/lib:/opt/ros/jazzy/opt/gz_utils_vendor/lib:/opt/ros/jazzy/opt/gz_tools_vendor/lib:/opt/ros/jazzy/opt/gz_ogre_next_vendor/lib:/opt/ros/jazzy/opt/gz_dartsim_vendor/lib:/opt/ros/jazzy/opt/gz_cmake_vendor/lib:/opt/ros/jazzy/lib /usr/bin/cmake --build /home/berenic/Documents/LPRS2_2026/Robo_Hand_RS485/ROS2/robo_hand_ws/build/xarm_controller -- -j12 -l12
[2.645s] DEBUG:colcon.colcon_core.event_handler.log_command:Invoked command in '/home/berenic/Documents/LPRS2_2026/Robo_Hand_RS485/ROS2/robo_hand_ws/build/xarm_controller' returned '0': CMAKE_PREFIX_PATH=/home/berenic/Documents/LPRS2_2026/Robo_Hand_RS485/ROS2/robo_hand_ws/install/xarm_api:/home/berenic/Documents/LPRS2_2026/Robo_Hand_RS485/ROS2/robo_hand_ws/install/xarm_sdk:/home/berenic/Documents/LPRS2_2026/Robo_Hand_RS485/ROS2/robo_hand_ws/install/xarm_msgs:/home/berenic/Documents/LPRS2_2026/Robo_Hand_RS485/ROS2/robo_hand_ws/install/xarm_description:/home/berenic/Documents/LPRS2_2026/Robo_Hand_RS485/ROS2/robo_hand_ws/install/glue_events_routines:/home/berenic/Documents/LPRS2_2026/Robo_Hand_RS485/ROS2/robo_hand_ws/install/xarm_planner:/home/berenic/Documents/LPRS2_2026/Robo_Hand_RS485/ROS2/robo_hand_ws/install/xarm_moveit_servo:/home/berenic/Documents/LPRS2_2026/Robo_Hand_RS485/ROS2/robo_hand_ws/install/xarm_moveit_config:/home/berenic/Documents/LPRS2_2026/Robo_Hand_RS485/ROS2/robo_hand_ws/install/xarm_gazebo:/home/berenic/Documents/LPRS2_2026/Robo_Hand_RS485/ROS2/robo_hand_ws/install/xarm_controller:/home/berenic/Documents/LPRS2_2026/Robo_Hand_RS485/ROS2/robo_hand_ws/install/mbot_demo:/home/berenic/Documents/LPRS2_2026/Robo_Hand_RS485/ROS2/robo_hand_ws/install/realsense_gazebo_plugin:/opt/ros/jazzy/opt/gz_sim_vendor:/opt/ros/jazzy/opt/gz_sensors_vendor:/opt/ros/jazzy/opt/gz_physics_vendor:/opt/ros/jazzy/opt/sdformat_vendor:/opt/ros/jazzy/opt/gz_gui_vendor:/opt/ros/jazzy/opt/gz_transport_vendor:/opt/ros/jazzy/opt/gz_rendering_vendor:/opt/ros/jazzy/opt/gz_plugin_vendor:/opt/ros/jazzy/opt/gz_fuel_tools_vendor:/opt/ros/jazzy/opt/gz_msgs_vendor:/opt/ros/jazzy/opt/gz_common_vendor:/opt/ros/jazzy/opt/gz_math_vendor:/opt/ros/jazzy/opt/gz_utils_vendor:/opt/ros/jazzy/opt/gz_tools_vendor:/opt/ros/jazzy/opt/gz_ogre_next_vendor:/opt/ros/jazzy/opt/gz_dartsim_vendor:/opt/ros/jazzy/opt/gz_cmake_vendor:/home/berenic/Documents/LPRS2_2026/Robo_Hand_RS485/ROS2/robo_hand_ws/install/uf_ros_lib:/opt/ros/jazzy DEBUGINFOD_URLS=https://debuginfod.ubuntu.com LD_LIBRARY_PATH=/home/berenic/Documents/LPRS2_2026/Robo_Hand_RS485/ROS2/robo_hand_ws/install/xarm_api/lib:/home/berenic/Documents/LPRS2_2026/Robo_Hand_RS485/ROS2/robo_hand_ws/install/xarm_sdk/lib:/home/berenic/Documents/LPRS2_2026/Robo_Hand_RS485/ROS2/robo_hand_ws/install/xarm_msgs/lib:/home/berenic/Documents/LPRS2_2026/Robo_Hand_RS485/ROS2/robo_hand_ws/install/xarm_planner/lib:/home/berenic/Documents/LPRS2_2026/Robo_Hand_RS485/ROS2/robo_hand_ws/install/xarm_moveit_servo/lib:/home/berenic/Documents/LPRS2_2026/Robo_Hand_RS485/ROS2/robo_hand_ws/install/xarm_gazebo/lib:/home/berenic/Documents/LPRS2_2026/Robo_Hand_RS485/ROS2/robo_hand_ws/install/xarm_controller/lib:/home/berenic/Documents/LPRS2_2026/Robo_Hand_RS485/ROS2/robo_hand_ws/install/realsense_gazebo_plugin/lib:/opt/ros/jazzy/opt/gz_sim_vendor/lib:/opt/ros/jazzy/opt/gz_sensors_vendor/lib:/opt/ros/jazzy/opt/gz_physics_vendor/lib:/opt/ros/jazzy/opt/sdformat_vendor/lib:/opt/ros/jazzy/opt/rviz_ogre_vendor/lib:/opt/ros/jazzy/lib/x86_64-linux-gnu:/opt/ros/jazzy/opt/gz_gui_vendor/lib:/opt/ros/jazzy/opt/gz_transport_vendor/lib:/opt/ros/jazzy/opt/gz_rendering_vendor/lib:/opt/ros/jazzy/opt/gz_plugin_vendor/lib:/opt/ros/jazzy/opt/gz_fuel_tools_vendor/lib:/opt/ros/jazzy/opt/gz_msgs_vendor/lib:/opt/ros/jazzy/opt/gz_common_vendor/lib:/opt/ros/jazzy/opt/gz_math_vendor/lib:/opt/ros/jazzy/opt/gz_utils_vendor/lib:/opt/ros/jazzy/opt/gz_tools_vendor/lib:/opt/ros/jazzy/opt/gz_ogre_next_vendor/lib:/opt/ros/jazzy/opt/gz_dartsim_vendor/lib:/opt/ros/jazzy/opt/gz_cmake_vendor/lib:/opt/ros/jazzy/lib /usr/bin/cmake --build /home/berenic/Documents/LPRS2_2026/Robo_Hand_RS485/ROS2/robo_hand_ws/build/xarm_controller -- -j12 -l12
[2.647s] DEBUG:colcon.colcon_core.event_handler.log_command:Invoking command in '/home/berenic/Documents/LPRS2_2026/Robo_Hand_RS485/ROS2/robo_hand_ws/build/xarm_controller': CMAKE_PREFIX_PATH=/home/berenic/Documents/LPRS2_2026/Robo_Hand_RS485/ROS2/robo_hand_ws/install/xarm_api:/home/berenic/Documents/LPRS2_2026/Robo_Hand_RS485/ROS2/robo_hand_ws/install/xarm_sdk:/home/berenic/Documents/LPRS2_2026/Robo_Hand_RS485/ROS2/robo_hand_ws/install/xarm_msgs:/home/berenic/Documents/LPRS2_2026/Robo_Hand_RS485/ROS2/robo_hand_ws/install/xarm_description:/home/berenic/Documents/LPRS2_2026/Robo_Hand_RS485/ROS2/robo_hand_ws/install/glue_events_routines:/home/berenic/Documents/LPRS2_2026/Robo_Hand_RS485/ROS2/robo_hand_ws/install/xarm_planner:/home/berenic/Documents/LPRS2_2026/Robo_Hand_RS485/ROS2/robo_hand_ws/install/xarm_moveit_servo:/home/berenic/Documents/LPRS2_2026/Robo_Hand_RS485/ROS2/robo_hand_ws/install/xarm_moveit_config:/home/berenic/Documents/LPRS2_2026/Robo_Hand_RS485/ROS2/robo_hand_ws/install/xarm_gazebo:/home/berenic/Documents/LPRS2_2026/Robo_Hand_RS485/ROS2/robo_hand_ws/install/xarm_controller:/home/berenic/Documents/LPRS2_2026/Robo_Hand_RS485/ROS2/robo_hand_ws/install/mbot_demo:/home/berenic/Documents/LPRS2_2026/Robo_Hand_RS485/ROS2/robo_hand_ws/install/realsense_gazebo_plugin:/opt/ros/jazzy/opt/gz_sim_vendor:/opt/ros/jazzy/opt/gz_sensors_vendor:/opt/ros/jazzy/opt/gz_physics_vendor:/opt/ros/jazzy/opt/sdformat_vendor:/opt/ros/jazzy/opt/gz_gui_vendor:/opt/ros/jazzy/opt/gz_transport_vendor:/opt/ros/jazzy/opt/gz_rendering_vendor:/opt/ros/jazzy/opt/gz_plugin_vendor:/opt/ros/jazzy/opt/gz_fuel_tools_vendor:/opt/ros/jazzy/opt/gz_msgs_vendor:/opt/ros/jazzy/opt/gz_common_vendor:/opt/ros/jazzy/opt/gz_math_vendor:/opt/ros/jazzy/opt/gz_utils_vendor:/opt/ros/jazzy/opt/gz_tools_vendor:/opt/ros/jazzy/opt/gz_ogre_next_vendor:/opt/ros/jazzy/opt/gz_dartsim_vendor:/opt/ros/jazzy/opt/gz_cmake_vendor:/home/berenic/Documents/LPRS2_2026/Robo_Hand_RS485/ROS2/robo_hand_ws/install/uf_ros_lib:/opt/ros/jazzy DEBUGINFOD_URLS=https://debuginfod.ubuntu.com LD_LIBRARY_PATH=/home/berenic/Documents/LPRS2_2026/Robo_Hand_RS485/ROS2/robo_hand_ws/install/xarm_api/lib:/home/berenic/Documents/LPRS2_2026/Robo_Hand_RS485/ROS2/robo_hand_ws/install/xarm_sdk/lib:/home/berenic/Documents/LPRS2_2026/Robo_Hand_RS485/ROS2/robo_hand_ws/install/xarm_msgs/lib:/home/berenic/Documents/LPRS2_2026/Robo_Hand_RS485/ROS2/robo_hand_ws/install/xarm_planner/lib:/home/berenic/Documents/LPRS2_2026/Robo_Hand_RS485/ROS2/robo_hand_ws/install/xarm_moveit_servo/lib:/home/berenic/Documents/LPRS2_2026/Robo_Hand_RS485/ROS2/robo_hand_ws/install/xarm_gazebo/lib:/home/berenic/Documents/LPRS2_2026/Robo_Hand_RS485/ROS2/robo_hand_ws/install/xarm_controller/lib:/home/berenic/Documents/LPRS2_2026/Robo_Hand_RS485/ROS2/robo_hand_ws/install/realsense_gazebo_plugin/lib:/opt/ros/jazzy/opt/gz_sim_vendor/lib:/opt/ros/jazzy/opt/gz_sensors_vendor/lib:/opt/ros/jazzy/opt/gz_physics_vendor/lib:/opt/ros/jazzy/opt/sdformat_vendor/lib:/opt/ros/jazzy/opt/rviz_ogre_vendor/lib:/opt/ros/jazzy/lib/x86_64-linux-gnu:/opt/ros/jazzy/opt/gz_gui_vendor/lib:/opt/ros/jazzy/opt/gz_transport_vendor/lib:/opt/ros/jazzy/opt/gz_rendering_vendor/lib:/opt/ros/jazzy/opt/gz_plugin_vendor/lib:/opt/ros/jazzy/opt/gz_fuel_tools_vendor/lib:/opt/ros/jazzy/opt/gz_msgs_vendor/lib:/opt/ros/jazzy/opt/gz_common_vendor/lib:/opt/ros/jazzy/opt/gz_math_vendor/lib:/opt/ros/jazzy/opt/gz_utils_vendor/lib:/opt/ros/jazzy/opt/gz_tools_vendor/lib:/opt/ros/jazzy/opt/gz_ogre_next_vendor/lib:/opt/ros/jazzy/opt/gz_dartsim_vendor/lib:/opt/ros/jazzy/opt/gz_cmake_vendor/lib:/opt/ros/jazzy/lib /usr/bin/cmake --install /home/berenic/Documents/LPRS2_2026/Robo_Hand_RS485/ROS2/robo_hand_ws/build/xarm_controller
[2.706s] Level 1:colcon.colcon_core.environment:create_environment_scripts_only(xarm_controller)
[2.706s] Level 1:colcon.colcon_core.environment:checking '/home/berenic/Documents/LPRS2_2026/Robo_Hand_RS485/ROS2/robo_hand_ws/install/xarm_controller' for CMake module files
[2.707s] DEBUG:colcon.colcon_core.event_handler.log_command:Invoked command in '/home/berenic/Documents/LPRS2_2026/Robo_Hand_RS485/ROS2/robo_hand_ws/build/xarm_controller' returned '0': CMAKE_PREFIX_PATH=/home/berenic/Documents/LPRS2_2026/Robo_Hand_RS485/ROS2/robo_hand_ws/install/xarm_api:/home/berenic/Documents/LPRS2_2026/Robo_Hand_RS485/ROS2/robo_hand_ws/install/xarm_sdk:/home/berenic/Documents/LPRS2_2026/Robo_Hand_RS485/ROS2/robo_hand_ws/install/xarm_msgs:/home/berenic/Documents/LPRS2_2026/Robo_Hand_RS485/ROS2/robo_hand_ws/install/xarm_description:/home/berenic/Documents/LPRS2_2026/Robo_Hand_RS485/ROS2/robo_hand_ws/install/glue_events_routines:/home/berenic/Documents/LPRS2_2026/Robo_Hand_RS485/ROS2/robo_hand_ws/install/xarm_planner:/home/berenic/Documents/LPRS2_2026/Robo_Hand_RS485/ROS2/robo_hand_ws/install/xarm_moveit_servo:/home/berenic/Documents/LPRS2_2026/Robo_Hand_RS485/ROS2/robo_hand_ws/install/xarm_moveit_config:/home/berenic/Documents/LPRS2_2026/Robo_Hand_RS485/ROS2/robo_hand_ws/install/xarm_gazebo:/home/berenic/Documents/LPRS2_2026/Robo_Hand_RS485/ROS2/robo_hand_ws/install/xarm_controller:/home/berenic/Documents/LPRS2_2026/Robo_Hand_RS485/ROS2/robo_hand_ws/install/mbot_demo:/home/berenic/Documents/LPRS2_2026/Robo_Hand_RS485/ROS2/robo_hand_ws/install/realsense_gazebo_plugin:/opt/ros/jazzy/opt/gz_sim_vendor:/opt/ros/jazzy/opt/gz_sensors_vendor:/opt/ros/jazzy/opt/gz_physics_vendor:/opt/ros/jazzy/opt/sdformat_vendor:/opt/ros/jazzy/opt/gz_gui_vendor:/opt/ros/jazzy/opt/gz_transport_vendor:/opt/ros/jazzy/opt/gz_rendering_vendor:/opt/ros/jazzy/opt/gz_plugin_vendor:/opt/ros/jazzy/opt/gz_fuel_tools_vendor:/opt/ros/jazzy/opt/gz_msgs_vendor:/opt/ros/jazzy/opt/gz_common_vendor:/opt/ros/jazzy/opt/gz_math_vendor:/opt/ros/jazzy/opt/gz_utils_vendor:/opt/ros/jazzy/opt/gz_tools_vendor:/opt/ros/jazzy/opt/gz_ogre_next_vendor:/opt/ros/jazzy/opt/gz_dartsim_vendor:/opt/ros/jazzy/opt/gz_cmake_vendor:/home/berenic/Documents/LPRS2_2026/Robo_Hand_RS485/ROS2/robo_hand_ws/install/uf_ros_lib:/opt/ros/jazzy DEBUGINFOD_URLS=https://debuginfod.ubuntu.com LD_LIBRARY_PATH=/home/berenic/Documents/LPRS2_2026/Robo_Hand_RS485/ROS2/robo_hand_ws/install/xarm_api/lib:/home/berenic/Documents/LPRS2_2026/Robo_Hand_RS485/ROS2/robo_hand_ws/install/xarm_sdk/lib:/home/berenic/Documents/LPRS2_2026/Robo_Hand_RS485/ROS2/robo_hand_ws/install/xarm_msgs/lib:/home/berenic/Documents/LPRS2_2026/Robo_Hand_RS485/ROS2/robo_hand_ws/install/xarm_planner/lib:/home/berenic/Documents/LPRS2_2026/Robo_Hand_RS485/ROS2/robo_hand_ws/install/xarm_moveit_servo/lib:/home/berenic/Documents/LPRS2_2026/Robo_Hand_RS485/ROS2/robo_hand_ws/install/xarm_gazebo/lib:/home/berenic/Documents/LPRS2_2026/Robo_Hand_RS485/ROS2/robo_hand_ws/install/xarm_controller/lib:/home/berenic/Documents/LPRS2_2026/Robo_Hand_RS485/ROS2/robo_hand_ws/install/realsense_gazebo_plugin/lib:/opt/ros/jazzy/opt/gz_sim_vendor/lib:/opt/ros/jazzy/opt/gz_sensors_vendor/lib:/opt/ros/jazzy/opt/gz_physics_vendor/lib:/opt/ros/jazzy/opt/sdformat_vendor/lib:/opt/ros/jazzy/opt/rviz_ogre_vendor/lib:/opt/ros/jazzy/lib/x86_64-linux-gnu:/opt/ros/jazzy/opt/gz_gui_vendor/lib:/opt/ros/jazzy/opt/gz_transport_vendor/lib:/opt/ros/jazzy/opt/gz_rendering_vendor/lib:/opt/ros/jazzy/opt/gz_plugin_vendor/lib:/opt/ros/jazzy/opt/gz_fuel_tools_vendor/lib:/opt/ros/jazzy/opt/gz_msgs_vendor/lib:/opt/ros/jazzy/opt/gz_common_vendor/lib:/opt/ros/jazzy/opt/gz_math_vendor/lib:/opt/ros/jazzy/opt/gz_utils_vendor/lib:/opt/ros/jazzy/opt/gz_tools_vendor/lib:/opt/ros/jazzy/opt/gz_ogre_next_vendor/lib:/opt/ros/jazzy/opt/gz_dartsim_vendor/lib:/opt/ros/jazzy/opt/gz_cmake_vendor/lib:/opt/ros/jazzy/lib /usr/bin/cmake --install /home/berenic/Documents/LPRS2_2026/Robo_Hand_RS485/ROS2/robo_hand_ws/build/xarm_controller
[2.708s] Level 1:colcon.colcon_core.environment:checking '/home/berenic/Documents/LPRS2_2026/Robo_Hand_RS485/ROS2/robo_hand_ws/install/xarm_controller' for CMake config files
[2.709s] Level 1:colcon.colcon_core.shell:create_environment_hook('xarm_controller', 'cmake_prefix_path')
[2.709s] INFO:colcon.colcon_core.shell:Creating environment hook '/home/berenic/Documents/LPRS2_2026/Robo_Hand_RS485/ROS2/robo_hand_ws/install/xarm_controller/share/xarm_controller/hook/cmake_prefix_path.ps1'
[2.710s] INFO:colcon.colcon_core.shell:Creating environment descriptor '/home/berenic/Documents/LPRS2_2026/Robo_Hand_RS485/ROS2/robo_hand_ws/install/xarm_controller/share/xarm_controller/hook/cmake_prefix_path.dsv'
[2.711s] INFO:colcon.colcon_core.shell:Creating environment hook '/home/berenic/Documents/LPRS2_2026/Robo_Hand_RS485/ROS2/robo_hand_ws/install/xarm_controller/share/xarm_controller/hook/cmake_prefix_path.sh'
[2.712s] Level 1:colcon.colcon_core.environment:checking '/home/berenic/Documents/LPRS2_2026/Robo_Hand_RS485/ROS2/robo_hand_ws/install/xarm_controller/lib'
[2.712s] Level 1:colcon.colcon_core.shell:create_environment_hook('xarm_controller', 'ld_library_path_lib')
[2.712s] INFO:colcon.colcon_core.shell:Creating environment hook '/home/berenic/Documents/LPRS2_2026/Robo_Hand_RS485/ROS2/robo_hand_ws/install/xarm_controller/share/xarm_controller/hook/ld_library_path_lib.ps1'
[2.713s] INFO:colcon.colcon_core.shell:Creating environment descriptor '/home/berenic/Documents/LPRS2_2026/Robo_Hand_RS485/ROS2/robo_hand_ws/install/xarm_controller/share/xarm_controller/hook/ld_library_path_lib.dsv'
[2.714s] INFO:colcon.colcon_core.shell:Creating environment hook '/home/berenic/Documents/LPRS2_2026/Robo_Hand_RS485/ROS2/robo_hand_ws/install/xarm_controller/share/xarm_controller/hook/ld_library_path_lib.sh'
[2.714s] Level 1:colcon.colcon_core.environment:checking '/home/berenic/Documents/LPRS2_2026/Robo_Hand_RS485/ROS2/robo_hand_ws/install/xarm_controller/bin'
[2.715s] Level 1:colcon.colcon_core.environment:checking '/home/berenic/Documents/LPRS2_2026/Robo_Hand_RS485/ROS2/robo_hand_ws/install/xarm_controller/lib/pkgconfig/xarm_controller.pc'
[2.715s] Level 1:colcon.colcon_core.environment:checking '/home/berenic/Documents/LPRS2_2026/Robo_Hand_RS485/ROS2/robo_hand_ws/install/xarm_controller/lib/python3.12/site-packages'
[2.715s] Level 1:colcon.colcon_core.environment:checking '/home/berenic/Documents/LPRS2_2026/Robo_Hand_RS485/ROS2/robo_hand_ws/install/xarm_controller/bin'
[2.716s] INFO:colcon.colcon_core.shell:Creating package script '/home/berenic/Documents/LPRS2_2026/Robo_Hand_RS485/ROS2/robo_hand_ws/install/xarm_controller/share/xarm_controller/package.ps1'
[2.717s] INFO:colcon.colcon_core.shell:Creating package descriptor '/home/berenic/Documents/LPRS2_2026/Robo_Hand_RS485/ROS2/robo_hand_ws/install/xarm_controller/share/xarm_controller/package.dsv'
[2.717s] INFO:colcon.colcon_core.shell:Creating package script '/home/berenic/Documents/LPRS2_2026/Robo_Hand_RS485/ROS2/robo_hand_ws/install/xarm_controller/share/xarm_controller/package.sh'
[2.718s] INFO:colcon.colcon_core.shell:Creating package script '/home/berenic/Documents/LPRS2_2026/Robo_Hand_RS485/ROS2/robo_hand_ws/install/xarm_controller/share/xarm_controller/package.bash'
[2.719s] INFO:colcon.colcon_core.shell:Creating package script '/home/berenic/Documents/LPRS2_2026/Robo_Hand_RS485/ROS2/robo_hand_ws/install/xarm_controller/share/xarm_controller/package.zsh'
[2.719s] Level 1:colcon.colcon_core.environment:create_file_with_runtime_dependencies(/home/berenic/Documents/LPRS2_2026/Robo_Hand_RS485/ROS2/robo_hand_ws/install/xarm_controller/share/colcon-core/packages/xarm_controller)
[2.720s] Level 1:colcon.colcon_core.environment:create_environment_scripts_only(xarm_controller)
[2.720s] Level 1:colcon.colcon_core.environment:checking '/home/berenic/Documents/LPRS2_2026/Robo_Hand_RS485/ROS2/robo_hand_ws/install/xarm_controller' for CMake module files
[2.721s] Level 1:colcon.colcon_core.environment:checking '/home/berenic/Documents/LPRS2_2026/Robo_Hand_RS485/ROS2/robo_hand_ws/install/xarm_controller' for CMake config files
[2.722s] Level 1:colcon.colcon_core.shell:create_environment_hook('xarm_controller', 'cmake_prefix_path')
[2.722s] INFO:colcon.colcon_core.shell:Creating environment hook '/home/berenic/Documents/LPRS2_2026/Robo_Hand_RS485/ROS2/robo_hand_ws/install/xarm_controller/share/xarm_controller/hook/cmake_prefix_path.ps1'
[2.723s] INFO:colcon.colcon_core.shell:Creating environment descriptor '/home/berenic/Documents/LPRS2_2026/Robo_Hand_RS485/ROS2/robo_hand_ws/install/xarm_controller/share/xarm_controller/hook/cmake_prefix_path.dsv'
[2.724s] INFO:colcon.colcon_core.shell:Creating environment hook '/home/berenic/Documents/LPRS2_2026/Robo_Hand_RS485/ROS2/robo_hand_ws/install/xarm_controller/share/xarm_controller/hook/cmake_prefix_path.sh'
[2.725s] Level 1:colcon.colcon_core.environment:checking '/home/berenic/Documents/LPRS2_2026/Robo_Hand_RS485/ROS2/robo_hand_ws/install/xarm_controller/lib'
[2.725s] Level 1:colcon.colcon_core.shell:create_environment_hook('xarm_controller', 'ld_library_path_lib')
[2.725s] INFO:colcon.colcon_core.shell:Creating environment hook '/home/berenic/Documents/LPRS2_2026/Robo_Hand_RS485/ROS2/robo_hand_ws/install/xarm_controller/share/xarm_controller/hook/ld_library_path_lib.ps1'
[2.726s] INFO:colcon.colcon_core.shell:Creating environment descriptor '/home/berenic/Documents/LPRS2_2026/Robo_Hand_RS485/ROS2/robo_hand_ws/install/xarm_controller/share/xarm_controller/hook/ld_library_path_lib.dsv'
[2.726s] INFO:colcon.colcon_core.shell:Creating environment hook '/home/berenic/Documents/LPRS2_2026/Robo_Hand_RS485/ROS2/robo_hand_ws/install/xarm_controller/share/xarm_controller/hook/ld_library_path_lib.sh'
[2.727s] Level 1:colcon.colcon_core.environment:checking '/home/berenic/Documents/LPRS2_2026/Robo_Hand_RS485/ROS2/robo_hand_ws/install/xarm_controller/bin'
[2.727s] Level 1:colcon.colcon_core.environment:checking '/home/berenic/Documents/LPRS2_2026/Robo_Hand_RS485/ROS2/robo_hand_ws/install/xarm_controller/lib/pkgconfig/xarm_controller.pc'
[2.728s] Level 1:colcon.colcon_core.environment:checking '/home/berenic/Documents/LPRS2_2026/Robo_Hand_RS485/ROS2/robo_hand_ws/install/xarm_controller/lib/python3.12/site-packages'
[2.728s] Level 1:colcon.colcon_core.environment:checking '/home/berenic/Documents/LPRS2_2026/Robo_Hand_RS485/ROS2/robo_hand_ws/install/xarm_controller/bin'
[2.729s] INFO:colcon.colcon_core.shell:Creating package script '/home/berenic/Documents/LPRS2_2026/Robo_Hand_RS485/ROS2/robo_hand_ws/install/xarm_controller/share/xarm_controller/package.ps1'
[2.730s] INFO:colcon.colcon_core.shell:Creating package descriptor '/home/berenic/Documents/LPRS2_2026/Robo_Hand_RS485/ROS2/robo_hand_ws/install/xarm_controller/share/xarm_controller/package.dsv'
[2.731s] INFO:colcon.colcon_core.shell:Creating package script '/home/berenic/Documents/LPRS2_2026/Robo_Hand_RS485/ROS2/robo_hand_ws/install/xarm_controller/share/xarm_controller/package.sh'
[2.731s] INFO:colcon.colcon_core.shell:Creating package script '/home/berenic/Documents/LPRS2_2026/Robo_Hand_RS485/ROS2/robo_hand_ws/install/xarm_controller/share/xarm_controller/package.bash'
[2.732s] INFO:colcon.colcon_core.shell:Creating package script '/home/berenic/Documents/LPRS2_2026/Robo_Hand_RS485/ROS2/robo_hand_ws/install/xarm_controller/share/xarm_controller/package.zsh'
[2.733s] Level 1:colcon.colcon_core.environment:create_file_with_runtime_dependencies(/home/berenic/Documents/LPRS2_2026/Robo_Hand_RS485/ROS2/robo_hand_ws/install/xarm_controller/share/colcon-core/packages/xarm_controller)
[3.758s] Level 1:colcon.colcon_core.shell:create_environment_hook('uf_ros_lib', 'pythonpath_develop')
[3.759s] INFO:colcon.colcon_core.shell:Creating environment hook '/home/berenic/Documents/LPRS2_2026/Robo_Hand_RS485/ROS2/robo_hand_ws/build/uf_ros_lib/share/uf_ros_lib/hook/pythonpath_develop.ps1'
[3.760s] DEBUG:colcon.colcon_core.event_handler.log_command:Invoked command in '/home/berenic/Documents/LPRS2_2026/Robo_Hand_RS485/ROS2/robo_hand_ws/build/uf_ros_lib' returned '0': DEBUGINFOD_URLS=https://debuginfod.ubuntu.com PYTHONPATH=/home/berenic/Documents/LPRS2_2026/Robo_Hand_RS485/ROS2/robo_hand_ws/build/uf_ros_lib/prefix_override:/usr/lib/python3/dist-packages/colcon_core/task/python/colcon_distutils_commands:/home/berenic/Documents/LPRS2_2026/Robo_Hand_RS485/ROS2/robo_hand_ws/install/uf_ros_lib/lib/python3.12/site-packages:${PYTHONPATH} /usr/bin/python3 -W ignore:setup.py install is deprecated -W ignore:easy_install command is deprecated setup.py develop --editable --build-directory /home/berenic/Documents/LPRS2_2026/Robo_Hand_RS485/ROS2/robo_hand_ws/build/uf_ros_lib/build --no-deps symlink_data
[3.760s] INFO:colcon.colcon_core.shell:Creating environment descriptor '/home/berenic/Documents/LPRS2_2026/Robo_Hand_RS485/ROS2/robo_hand_ws/build/uf_ros_lib/share/uf_ros_lib/hook/pythonpath_develop.dsv'
[3.761s] INFO:colcon.colcon_core.shell:Creating environment hook '/home/berenic/Documents/LPRS2_2026/Robo_Hand_RS485/ROS2/robo_hand_ws/build/uf_ros_lib/share/uf_ros_lib/hook/pythonpath_develop.sh'
[3.762s] Level 1:colcon.colcon_core.environment:checking '/home/berenic/Documents/LPRS2_2026/Robo_Hand_RS485/ROS2/robo_hand_ws/install/uf_ros_lib' for CMake module files
[3.763s] Level 1:colcon.colcon_core.environment:checking '/home/berenic/Documents/LPRS2_2026/Robo_Hand_RS485/ROS2/robo_hand_ws/install/uf_ros_lib' for CMake config files
[3.764s] Level 1:colcon.colcon_core.environment:checking '/home/berenic/Documents/LPRS2_2026/Robo_Hand_RS485/ROS2/robo_hand_ws/install/uf_ros_lib/lib'
[3.764s] Level 1:colcon.colcon_core.environment:checking '/home/berenic/Documents/LPRS2_2026/Robo_Hand_RS485/ROS2/robo_hand_ws/install/uf_ros_lib/bin'
[3.764s] Level 1:colcon.colcon_core.environment:checking '/home/berenic/Documents/LPRS2_2026/Robo_Hand_RS485/ROS2/robo_hand_ws/install/uf_ros_lib/lib/pkgconfig/uf_ros_lib.pc'
[3.765s] Level 1:colcon.colcon_core.environment:checking '/home/berenic/Documents/LPRS2_2026/Robo_Hand_RS485/ROS2/robo_hand_ws/install/uf_ros_lib/lib/python3.12/site-packages'
[3.765s] Level 1:colcon.colcon_core.shell:create_environment_hook('uf_ros_lib', 'pythonpath')
[3.765s] INFO:colcon.colcon_core.shell:Creating environment hook '/home/berenic/Documents/LPRS2_2026/Robo_Hand_RS485/ROS2/robo_hand_ws/install/uf_ros_lib/share/uf_ros_lib/hook/pythonpath.ps1'
[3.766s] INFO:colcon.colcon_core.shell:Creating environment descriptor '/home/berenic/Documents/LPRS2_2026/Robo_Hand_RS485/ROS2/robo_hand_ws/install/uf_ros_lib/share/uf_ros_lib/hook/pythonpath.dsv'
[3.767s] INFO:colcon.colcon_core.shell:Creating environment hook '/home/berenic/Documents/LPRS2_2026/Robo_Hand_RS485/ROS2/robo_hand_ws/install/uf_ros_lib/share/uf_ros_lib/hook/pythonpath.sh'
[3.768s] Level 1:colcon.colcon_core.environment:checking '/home/berenic/Documents/LPRS2_2026/Robo_Hand_RS485/ROS2/robo_hand_ws/install/uf_ros_lib/bin'
[3.768s] Level 1:colcon.colcon_core.environment:create_environment_scripts_only(uf_ros_lib)
[3.768s] INFO:colcon.colcon_core.shell:Creating package script '/home/berenic/Documents/LPRS2_2026/Robo_Hand_RS485/ROS2/robo_hand_ws/install/uf_ros_lib/share/uf_ros_lib/package.ps1'
[3.769s] INFO:colcon.colcon_core.shell:Creating package descriptor '/home/berenic/Documents/LPRS2_2026/Robo_Hand_RS485/ROS2/robo_hand_ws/install/uf_ros_lib/share/uf_ros_lib/package.dsv'
[3.770s] INFO:colcon.colcon_core.shell:Creating package script '/home/berenic/Documents/LPRS2_2026/Robo_Hand_RS485/ROS2/robo_hand_ws/install/uf_ros_lib/share/uf_ros_lib/package.sh'
[3.771s] INFO:colcon.colcon_core.shell:Creating package script '/home/berenic/Documents/LPRS2_2026/Robo_Hand_RS485/ROS2/robo_hand_ws/install/uf_ros_lib/share/uf_ros_lib/package.bash'
[3.771s] INFO:colcon.colcon_core.shell:Creating package script '/home/berenic/Documents/LPRS2_2026/Robo_Hand_RS485/ROS2/robo_hand_ws/install/uf_ros_lib/share/uf_ros_lib/package.zsh'
[3.772s] Level 1:colcon.colcon_core.environment:create_file_with_runtime_dependencies(/home/berenic/Documents/LPRS2_2026/Robo_Hand_RS485/ROS2/robo_hand_ws/install/uf_ros_lib/share/colcon-core/packages/uf_ros_lib)
[3.773s] INFO:colcon.colcon_ros.task.ament_cmake.build:Building ROS package in '/home/berenic/Documents/LPRS2_2026/Robo_Hand_RS485/ROS2/robo_hand_ws/src/xarm_ros2/xarm_gazebo' with build type 'ament_cmake'
[3.773s] INFO:colcon.colcon_cmake.task.cmake.build:Building CMake package in '/home/berenic/Documents/LPRS2_2026/Robo_Hand_RS485/ROS2/robo_hand_ws/src/xarm_ros2/xarm_gazebo'
[3.774s] INFO:colcon.colcon_core.shell:Skip shell extension 'powershell' for command environment: Not usable outside of PowerShell
[3.774s] DEBUG:colcon.colcon_core.shell:Skip shell extension 'dsv' for command environment
[3.782s] INFO:colcon.colcon_ros.task.ament_cmake.build:Building ROS package in '/home/berenic/Documents/LPRS2_2026/Robo_Hand_RS485/ROS2/robo_hand_ws/src/xarm_ros2/demo/mbot_demo' with build type 'ament_cmake'
[3.782s] INFO:colcon.colcon_cmake.task.cmake.build:Building CMake package in '/home/berenic/Documents/LPRS2_2026/Robo_Hand_RS485/ROS2/robo_hand_ws/src/xarm_ros2/demo/mbot_demo'
[3.783s] INFO:colcon.colcon_core.shell:Skip shell extension 'powershell' for command environment: Not usable outside of PowerShell
[3.783s] DEBUG:colcon.colcon_core.shell:Skip shell extension 'dsv' for command environment
[3.802s] DEBUG:colcon.colcon_core.event_handler.log_command:Invoking command in '/home/berenic/Documents/LPRS2_2026/Robo_Hand_RS485/ROS2/robo_hand_ws/build/mbot_demo': AMENT_PREFIX_PATH=/home/berenic/Documents/LPRS2_2026/Robo_Hand_RS485/ROS2/robo_hand_ws/install/uf_ros_lib:/home/berenic/Documents/LPRS2_2026/Robo_Hand_RS485/ROS2/robo_hand_ws/install/glue_events_routines:/home/berenic/Documents/LPRS2_2026/Robo_Hand_RS485/ROS2/robo_hand_ws/install/xarm_planner:/home/berenic/Documents/LPRS2_2026/Robo_Hand_RS485/ROS2/robo_hand_ws/install/xarm_moveit_servo:/home/berenic/Documents/LPRS2_2026/Robo_Hand_RS485/ROS2/robo_hand_ws/install/xarm_moveit_config:/home/berenic/Documents/LPRS2_2026/Robo_Hand_RS485/ROS2/robo_hand_ws/install/xarm_gazebo:/home/berenic/Documents/LPRS2_2026/Robo_Hand_RS485/ROS2/robo_hand_ws/install/xarm_controller:/home/berenic/Documents/LPRS2_2026/Robo_Hand_RS485/ROS2/robo_hand_ws/install/xarm_api:/home/berenic/Documents/LPRS2_2026/Robo_Hand_RS485/ROS2/robo_hand_ws/install/xarm_sdk:/home/berenic/Documents/LPRS2_2026/Robo_Hand_RS485/ROS2/robo_hand_ws/install/xarm_msgs:/home/berenic/Documents/LPRS2_2026/Robo_Hand_RS485/ROS2/robo_hand_ws/install/xarm_description:/home/berenic/Documents/LPRS2_2026/Robo_Hand_RS485/ROS2/robo_hand_ws/install/mbot_demo:/home/berenic/Documents/LPRS2_2026/Robo_Hand_RS485/ROS2/robo_hand_ws/install/realsense_gazebo_plugin:/opt/ros/jazzy CMAKE_PREFIX_PATH=${CMAKE_PREFIX_PATH}:/home/berenic/Documents/LPRS2_2026/Robo_Hand_RS485/ROS2/robo_hand_ws/install/uf_ros_lib:/opt/ros/jazzy DEBUGINFOD_URLS=https://debuginfod.ubuntu.com PYTHONPATH=/home/berenic/Documents/LPRS2_2026/Robo_Hand_RS485/ROS2/robo_hand_ws/build/uf_ros_lib:/home/berenic/Documents/LPRS2_2026/Robo_Hand_RS485/ROS2/robo_hand_ws/install/uf_ros_lib/lib/python3.12/site-packages:/home/berenic/Documents/LPRS2_2026/Robo_Hand_RS485/ROS2/robo_hand_ws/install/xarm_msgs/lib/python3.12/site-packages:/opt/ros/jazzy/lib/python3.12/site-packages /usr/bin/cmake --build /home/berenic/Documents/LPRS2_2026/Robo_Hand_RS485/ROS2/robo_hand_ws/build/mbot_demo -- -j12 -l12
[3.814s] DEBUG:colcon.colcon_core.event_handler.log_command:Invoking command in '/home/berenic/Documents/LPRS2_2026/Robo_Hand_RS485/ROS2/robo_hand_ws/build/xarm_gazebo': AMENT_PREFIX_PATH=/home/berenic/Documents/LPRS2_2026/Robo_Hand_RS485/ROS2/robo_hand_ws/install/uf_ros_lib:/home/berenic/Documents/LPRS2_2026/Robo_Hand_RS485/ROS2/robo_hand_ws/install/glue_events_routines:/home/berenic/Documents/LPRS2_2026/Robo_Hand_RS485/ROS2/robo_hand_ws/install/xarm_planner:/home/berenic/Documents/LPRS2_2026/Robo_Hand_RS485/ROS2/robo_hand_ws/install/xarm_moveit_servo:/home/berenic/Documents/LPRS2_2026/Robo_Hand_RS485/ROS2/robo_hand_ws/install/xarm_moveit_config:/home/berenic/Documents/LPRS2_2026/Robo_Hand_RS485/ROS2/robo_hand_ws/install/xarm_gazebo:/home/berenic/Documents/LPRS2_2026/Robo_Hand_RS485/ROS2/robo_hand_ws/install/xarm_controller:/home/berenic/Documents/LPRS2_2026/Robo_Hand_RS485/ROS2/robo_hand_ws/install/xarm_api:/home/berenic/Documents/LPRS2_2026/Robo_Hand_RS485/ROS2/robo_hand_ws/install/xarm_sdk:/home/berenic/Documents/LPRS2_2026/Robo_Hand_RS485/ROS2/robo_hand_ws/install/xarm_msgs:/home/berenic/Documents/LPRS2_2026/Robo_Hand_RS485/ROS2/robo_hand_ws/install/xarm_description:/home/berenic/Documents/LPRS2_2026/Robo_Hand_RS485/ROS2/robo_hand_ws/install/mbot_demo:/home/berenic/Documents/LPRS2_2026/Robo_Hand_RS485/ROS2/robo_hand_ws/install/realsense_gazebo_plugin:/opt/ros/jazzy CMAKE_PREFIX_PATH=/home/berenic/Documents/LPRS2_2026/Robo_Hand_RS485/ROS2/robo_hand_ws/install/xarm_controller:/home/berenic/Documents/LPRS2_2026/Robo_Hand_RS485/ROS2/robo_hand_ws/install/xarm_api:/home/berenic/Documents/LPRS2_2026/Robo_Hand_RS485/ROS2/robo_hand_ws/install/xarm_sdk:/home/berenic/Documents/LPRS2_2026/Robo_Hand_RS485/ROS2/robo_hand_ws/install/xarm_msgs:/home/berenic/Documents/LPRS2_2026/Robo_Hand_RS485/ROS2/robo_hand_ws/install/xarm_description:/home/berenic/Documents/LPRS2_2026/Robo_Hand_RS485/ROS2/robo_hand_ws/install/glue_events_routines:/home/berenic/Documents/LPRS2_2026/Robo_Hand_RS485/ROS2/robo_hand_ws/install/xarm_planner:/home/berenic/Documents/LPRS2_2026/Robo_Hand_RS485/ROS2/robo_hand_ws/install/xarm_moveit_servo:/home/berenic/Documents/LPRS2_2026/Robo_Hand_RS485/ROS2/robo_hand_ws/install/xarm_moveit_config:/home/berenic/Documents/LPRS2_2026/Robo_Hand_RS485/ROS2/robo_hand_ws/install/xarm_gazebo:/home/berenic/Documents/LPRS2_2026/Robo_Hand_RS485/ROS2/robo_hand_ws/install/mbot_demo:/home/berenic/Documents/LPRS2_2026/Robo_Hand_RS485/ROS2/robo_hand_ws/install/realsense_gazebo_plugin:/opt/ros/jazzy/opt/gz_sim_vendor:/opt/ros/jazzy/opt/gz_sensors_vendor:/opt/ros/jazzy/opt/gz_physics_vendor:/opt/ros/jazzy/opt/sdformat_vendor:/opt/ros/jazzy/opt/gz_gui_vendor:/opt/ros/jazzy/opt/gz_transport_vendor:/opt/ros/jazzy/opt/gz_rendering_vendor:/opt/ros/jazzy/opt/gz_plugin_vendor:/opt/ros/jazzy/opt/gz_fuel_tools_vendor:/opt/ros/jazzy/opt/gz_msgs_vendor:/opt/ros/jazzy/opt/gz_common_vendor:/opt/ros/jazzy/opt/gz_math_vendor:/opt/ros/jazzy/opt/gz_utils_vendor:/opt/ros/jazzy/opt/gz_tools_vendor:/opt/ros/jazzy/opt/gz_ogre_next_vendor:/opt/ros/jazzy/opt/gz_dartsim_vendor:/opt/ros/jazzy/opt/gz_cmake_vendor:/home/berenic/Documents/LPRS2_2026/Robo_Hand_RS485/ROS2/robo_hand_ws/install/uf_ros_lib:/opt/ros/jazzy DEBUGINFOD_URLS=https://debuginfod.ubuntu.com LD_LIBRARY_PATH=/home/berenic/Documents/LPRS2_2026/Robo_Hand_RS485/ROS2/robo_hand_ws/install/xarm_controller/lib:/home/berenic/Documents/LPRS2_2026/Robo_Hand_RS485/ROS2/robo_hand_ws/install/xarm_api/lib:/home/berenic/Documents/LPRS2_2026/Robo_Hand_RS485/ROS2/robo_hand_ws/install/xarm_sdk/lib:/home/berenic/Documents/LPRS2_2026/Robo_Hand_RS485/ROS2/robo_hand_ws/install/xarm_msgs/lib:/home/berenic/Documents/LPRS2_2026/Robo_Hand_RS485/ROS2/robo_hand_ws/install/xarm_planner/lib:/home/berenic/Documents/LPRS2_2026/Robo_Hand_RS485/ROS2/robo_hand_ws/install/xarm_moveit_servo/lib:/home/berenic/Documents/LPRS2_2026/Robo_Hand_RS485/ROS2/robo_hand_ws/install/xarm_gazebo/lib:/home/berenic/Documents/LPRS2_2026/Robo_Hand_RS485/ROS2/robo_hand_ws/install/realsense_gazebo_plugin/lib:/opt/ros/jazzy/opt/gz_sim_vendor/lib:/opt/ros/jazzy/opt/gz_sensors_vendor/lib:/opt/ros/jazzy/opt/gz_physics_vendor/lib:/opt/ros/jazzy/opt/sdformat_vendor/lib:/opt/ros/jazzy/opt/rviz_ogre_vendor/lib:/opt/ros/jazzy/lib/x86_64-linux-gnu:/opt/ros/jazzy/opt/gz_gui_vendor/lib:/opt/ros/jazzy/opt/gz_transport_vendor/lib:/opt/ros/jazzy/opt/gz_rendering_vendor/lib:/opt/ros/jazzy/opt/gz_plugin_vendor/lib:/opt/ros/jazzy/opt/gz_fuel_tools_vendor/lib:/opt/ros/jazzy/opt/gz_msgs_vendor/lib:/opt/ros/jazzy/opt/gz_common_vendor/lib:/opt/ros/jazzy/opt/gz_math_vendor/lib:/opt/ros/jazzy/opt/gz_utils_vendor/lib:/opt/ros/jazzy/opt/gz_tools_vendor/lib:/opt/ros/jazzy/opt/gz_ogre_next_vendor/lib:/opt/ros/jazzy/opt/gz_dartsim_vendor/lib:/opt/ros/jazzy/opt/gz_cmake_vendor/lib:/opt/ros/jazzy/lib /usr/bin/cmake --build /home/berenic/Documents/LPRS2_2026/Robo_Hand_RS485/ROS2/robo_hand_ws/build/xarm_gazebo -- -j12 -l12
[3.884s] DEBUG:colcon.colcon_core.event_handler.log_command:Invoked command in '/home/berenic/Documents/LPRS2_2026/Robo_Hand_RS485/ROS2/robo_hand_ws/build/mbot_demo' returned '0': AMENT_PREFIX_PATH=/home/berenic/Documents/LPRS2_2026/Robo_Hand_RS485/ROS2/robo_hand_ws/install/uf_ros_lib:/home/berenic/Documents/LPRS2_2026/Robo_Hand_RS485/ROS2/robo_hand_ws/install/glue_events_routines:/home/berenic/Documents/LPRS2_2026/Robo_Hand_RS485/ROS2/robo_hand_ws/install/xarm_planner:/home/berenic/Documents/LPRS2_2026/Robo_Hand_RS485/ROS2/robo_hand_ws/install/xarm_moveit_servo:/home/berenic/Documents/LPRS2_2026/Robo_Hand_RS485/ROS2/robo_hand_ws/install/xarm_moveit_config:/home/berenic/Documents/LPRS2_2026/Robo_Hand_RS485/ROS2/robo_hand_ws/install/xarm_gazebo:/home/berenic/Documents/LPRS2_2026/Robo_Hand_RS485/ROS2/robo_hand_ws/install/xarm_controller:/home/berenic/Documents/LPRS2_2026/Robo_Hand_RS485/ROS2/robo_hand_ws/install/xarm_api:/home/berenic/Documents/LPRS2_2026/Robo_Hand_RS485/ROS2/robo_hand_ws/install/xarm_sdk:/home/berenic/Documents/LPRS2_2026/Robo_Hand_RS485/ROS2/robo_hand_ws/install/xarm_msgs:/home/berenic/Documents/LPRS2_2026/Robo_Hand_RS485/ROS2/robo_hand_ws/install/xarm_description:/home/berenic/Documents/LPRS2_2026/Robo_Hand_RS485/ROS2/robo_hand_ws/install/mbot_demo:/home/berenic/Documents/LPRS2_2026/Robo_Hand_RS485/ROS2/robo_hand_ws/install/realsense_gazebo_plugin:/opt/ros/jazzy CMAKE_PREFIX_PATH=${CMAKE_PREFIX_PATH}:/home/berenic/Documents/LPRS2_2026/Robo_Hand_RS485/ROS2/robo_hand_ws/install/uf_ros_lib:/opt/ros/jazzy DEBUGINFOD_URLS=https://debuginfod.ubuntu.com PYTHONPATH=/home/berenic/Documents/LPRS2_2026/Robo_Hand_RS485/ROS2/robo_hand_ws/build/uf_ros_lib:/home/berenic/Documents/LPRS2_2026/Robo_Hand_RS485/ROS2/robo_hand_ws/install/uf_ros_lib/lib/python3.12/site-packages:/home/berenic/Documents/LPRS2_2026/Robo_Hand_RS485/ROS2/robo_hand_ws/install/xarm_msgs/lib/python3.12/site-packages:/opt/ros/jazzy/lib/python3.12/site-packages /usr/bin/cmake --build /home/berenic/Documents/LPRS2_2026/Robo_Hand_RS485/ROS2/robo_hand_ws/build/mbot_demo -- -j12 -l12
[3.887s] DEBUG:colcon.colcon_core.event_handler.log_command:Invoking command in '/home/berenic/Documents/LPRS2_2026/Robo_Hand_RS485/ROS2/robo_hand_ws/build/mbot_demo': AMENT_PREFIX_PATH=/home/berenic/Documents/LPRS2_2026/Robo_Hand_RS485/ROS2/robo_hand_ws/install/uf_ros_lib:/home/berenic/Documents/LPRS2_2026/Robo_Hand_RS485/ROS2/robo_hand_ws/install/glue_events_routines:/home/berenic/Documents/LPRS2_2026/Robo_Hand_RS485/ROS2/robo_hand_ws/install/xarm_planner:/home/berenic/Documents/LPRS2_2026/Robo_Hand_RS485/ROS2/robo_hand_ws/install/xarm_moveit_servo:/home/berenic/Documents/LPRS2_2026/Robo_Hand_RS485/ROS2/robo_hand_ws/install/xarm_moveit_config:/home/berenic/Documents/LPRS2_2026/Robo_Hand_RS485/ROS2/robo_hand_ws/install/xarm_gazebo:/home/berenic/Documents/LPRS2_2026/Robo_Hand_RS485/ROS2/robo_hand_ws/install/xarm_controller:/home/berenic/Documents/LPRS2_2026/Robo_Hand_RS485/ROS2/robo_hand_ws/install/xarm_api:/home/berenic/Documents/LPRS2_2026/Robo_Hand_RS485/ROS2/robo_hand_ws/install/xarm_sdk:/home/berenic/Documents/LPRS2_2026/Robo_Hand_RS485/ROS2/robo_hand_ws/install/xarm_msgs:/home/berenic/Documents/LPRS2_2026/Robo_Hand_RS485/ROS2/robo_hand_ws/install/xarm_description:/home/berenic/Documents/LPRS2_2026/Robo_Hand_RS485/ROS2/robo_hand_ws/install/mbot_demo:/home/berenic/Documents/LPRS2_2026/Robo_Hand_RS485/ROS2/robo_hand_ws/install/realsense_gazebo_plugin:/opt/ros/jazzy CMAKE_PREFIX_PATH=${CMAKE_PREFIX_PATH}:/home/berenic/Documents/LPRS2_2026/Robo_Hand_RS485/ROS2/robo_hand_ws/install/uf_ros_lib:/opt/ros/jazzy DEBUGINFOD_URLS=https://debuginfod.ubuntu.com PYTHONPATH=/home/berenic/Documents/LPRS2_2026/Robo_Hand_RS485/ROS2/robo_hand_ws/build/uf_ros_lib:/home/berenic/Documents/LPRS2_2026/Robo_Hand_RS485/ROS2/robo_hand_ws/install/uf_ros_lib/lib/python3.12/site-packages:/home/berenic/Documents/LPRS2_2026/Robo_Hand_RS485/ROS2/robo_hand_ws/install/xarm_msgs/lib/python3.12/site-packages:/opt/ros/jazzy/lib/python3.12/site-packages /usr/bin/cmake --install /home/berenic/Documents/LPRS2_2026/Robo_Hand_RS485/ROS2/robo_hand_ws/build/mbot_demo
[3.938s] Level 1:colcon.colcon_core.environment:create_environment_scripts_only(mbot_demo)
[3.939s] Level 1:colcon.colcon_core.environment:checking '/home/berenic/Documents/LPRS2_2026/Robo_Hand_RS485/ROS2/robo_hand_ws/install/mbot_demo' for CMake module files
[3.940s] DEBUG:colcon.colcon_core.event_handler.log_command:Invoked command in '/home/berenic/Documents/LPRS2_2026/Robo_Hand_RS485/ROS2/robo_hand_ws/build/mbot_demo' returned '0': AMENT_PREFIX_PATH=/home/berenic/Documents/LPRS2_2026/Robo_Hand_RS485/ROS2/robo_hand_ws/install/uf_ros_lib:/home/berenic/Documents/LPRS2_2026/Robo_Hand_RS485/ROS2/robo_hand_ws/install/glue_events_routines:/home/berenic/Documents/LPRS2_2026/Robo_Hand_RS485/ROS2/robo_hand_ws/install/xarm_planner:/home/berenic/Documents/LPRS2_2026/Robo_Hand_RS485/ROS2/robo_hand_ws/install/xarm_moveit_servo:/home/berenic/Documents/LPRS2_2026/Robo_Hand_RS485/ROS2/robo_hand_ws/install/xarm_moveit_config:/home/berenic/Documents/LPRS2_2026/Robo_Hand_RS485/ROS2/robo_hand_ws/install/xarm_gazebo:/home/berenic/Documents/LPRS2_2026/Robo_Hand_RS485/ROS2/robo_hand_ws/install/xarm_controller:/home/berenic/Documents/LPRS2_2026/Robo_Hand_RS485/ROS2/robo_hand_ws/install/xarm_api:/home/berenic/Documents/LPRS2_2026/Robo_Hand_RS485/ROS2/robo_hand_ws/install/xarm_sdk:/home/berenic/Documents/LPRS2_2026/Robo_Hand_RS485/ROS2/robo_hand_ws/install/xarm_msgs:/home/berenic/Documents/LPRS2_2026/Robo_Hand_RS485/ROS2/robo_hand_ws/install/xarm_description:/home/berenic/Documents/LPRS2_2026/Robo_Hand_RS485/ROS2/robo_hand_ws/install/mbot_demo:/home/berenic/Documents/LPRS2_2026/Robo_Hand_RS485/ROS2/robo_hand_ws/install/realsense_gazebo_plugin:/opt/ros/jazzy CMAKE_PREFIX_PATH=${CMAKE_PREFIX_PATH}:/home/berenic/Documents/LPRS2_2026/Robo_Hand_RS485/ROS2/robo_hand_ws/install/uf_ros_lib:/opt/ros/jazzy DEBUGINFOD_URLS=https://debuginfod.ubuntu.com PYTHONPATH=/home/berenic/Documents/LPRS2_2026/Robo_Hand_RS485/ROS2/robo_hand_ws/build/uf_ros_lib:/home/berenic/Documents/LPRS2_2026/Robo_Hand_RS485/ROS2/robo_hand_ws/install/uf_ros_lib/lib/python3.12/site-packages:/home/berenic/Documents/LPRS2_2026/Robo_Hand_RS485/ROS2/robo_hand_ws/install/xarm_msgs/lib/python3.12/site-packages:/opt/ros/jazzy/lib/python3.12/site-packages /usr/bin/cmake --install /home/berenic/Documents/LPRS2_2026/Robo_Hand_RS485/ROS2/robo_hand_ws/build/mbot_demo
[3.941s] Level 1:colcon.colcon_core.environment:checking '/home/berenic/Documents/LPRS2_2026/Robo_Hand_RS485/ROS2/robo_hand_ws/install/mbot_demo' for CMake config files
[3.941s] Level 1:colcon.colcon_core.shell:create_environment_hook('mbot_demo', 'cmake_prefix_path')
[3.942s] INFO:colcon.colcon_core.shell:Creating environment hook '/home/berenic/Documents/LPRS2_2026/Robo_Hand_RS485/ROS2/robo_hand_ws/install/mbot_demo/share/mbot_demo/hook/cmake_prefix_path.ps1'
[3.942s] INFO:colcon.colcon_core.shell:Creating environment descriptor '/home/berenic/Documents/LPRS2_2026/Robo_Hand_RS485/ROS2/robo_hand_ws/install/mbot_demo/share/mbot_demo/hook/cmake_prefix_path.dsv'
[3.943s] INFO:colcon.colcon_core.shell:Creating environment hook '/home/berenic/Documents/LPRS2_2026/Robo_Hand_RS485/ROS2/robo_hand_ws/install/mbot_demo/share/mbot_demo/hook/cmake_prefix_path.sh'
[3.944s] Level 1:colcon.colcon_core.environment:checking '/home/berenic/Documents/LPRS2_2026/Robo_Hand_RS485/ROS2/robo_hand_ws/install/mbot_demo/bin'
[3.944s] Level 1:colcon.colcon_core.environment:checking '/home/berenic/Documents/LPRS2_2026/Robo_Hand_RS485/ROS2/robo_hand_ws/install/mbot_demo/lib/pkgconfig/mbot_demo.pc'
[3.944s] Level 1:colcon.colcon_core.environment:checking '/home/berenic/Documents/LPRS2_2026/Robo_Hand_RS485/ROS2/robo_hand_ws/install/mbot_demo/lib/python3.12/site-packages'
[3.945s] Level 1:colcon.colcon_core.environment:checking '/home/berenic/Documents/LPRS2_2026/Robo_Hand_RS485/ROS2/robo_hand_ws/install/mbot_demo/bin'
[3.945s] INFO:colcon.colcon_core.shell:Creating package script '/home/berenic/Documents/LPRS2_2026/Robo_Hand_RS485/ROS2/robo_hand_ws/install/mbot_demo/share/mbot_demo/package.ps1'
[3.946s] INFO:colcon.colcon_core.shell:Creating package descriptor '/home/berenic/Documents/LPRS2_2026/Robo_Hand_RS485/ROS2/robo_hand_ws/install/mbot_demo/share/mbot_demo/package.dsv'
[3.947s] INFO:colcon.colcon_core.shell:Creating package script '/home/berenic/Documents/LPRS2_2026/Robo_Hand_RS485/ROS2/robo_hand_ws/install/mbot_demo/share/mbot_demo/package.sh'
[3.947s] INFO:colcon.colcon_core.shell:Creating package script '/home/berenic/Documents/LPRS2_2026/Robo_Hand_RS485/ROS2/robo_hand_ws/install/mbot_demo/share/mbot_demo/package.bash'
[3.948s] INFO:colcon.colcon_core.shell:Creating package script '/home/berenic/Documents/LPRS2_2026/Robo_Hand_RS485/ROS2/robo_hand_ws/install/mbot_demo/share/mbot_demo/package.zsh'
[3.949s] Level 1:colcon.colcon_core.environment:create_file_with_runtime_dependencies(/home/berenic/Documents/LPRS2_2026/Robo_Hand_RS485/ROS2/robo_hand_ws/install/mbot_demo/share/colcon-core/packages/mbot_demo)
[3.950s] Level 1:colcon.colcon_core.environment:create_environment_scripts_only(mbot_demo)
[3.950s] Level 1:colcon.colcon_core.environment:checking '/home/berenic/Documents/LPRS2_2026/Robo_Hand_RS485/ROS2/robo_hand_ws/install/mbot_demo' for CMake module files
[3.951s] Level 1:colcon.colcon_core.environment:checking '/home/berenic/Documents/LPRS2_2026/Robo_Hand_RS485/ROS2/robo_hand_ws/install/mbot_demo' for CMake config files
[3.951s] Level 1:colcon.colcon_core.shell:create_environment_hook('mbot_demo', 'cmake_prefix_path')
[3.952s] INFO:colcon.colcon_core.shell:Creating environment hook '/home/berenic/Documents/LPRS2_2026/Robo_Hand_RS485/ROS2/robo_hand_ws/install/mbot_demo/share/mbot_demo/hook/cmake_prefix_path.ps1'
[3.952s] INFO:colcon.colcon_core.shell:Creating environment descriptor '/home/berenic/Documents/LPRS2_2026/Robo_Hand_RS485/ROS2/robo_hand_ws/install/mbot_demo/share/mbot_demo/hook/cmake_prefix_path.dsv'
[3.953s] INFO:colcon.colcon_core.shell:Creating environment hook '/home/berenic/Documents/LPRS2_2026/Robo_Hand_RS485/ROS2/robo_hand_ws/install/mbot_demo/share/mbot_demo/hook/cmake_prefix_path.sh'
[3.954s] Level 1:colcon.colcon_core.environment:checking '/home/berenic/Documents/LPRS2_2026/Robo_Hand_RS485/ROS2/robo_hand_ws/install/mbot_demo/bin'
[3.954s] Level 1:colcon.colcon_core.environment:checking '/home/berenic/Documents/LPRS2_2026/Robo_Hand_RS485/ROS2/robo_hand_ws/install/mbot_demo/lib/pkgconfig/mbot_demo.pc'
[3.954s] Level 1:colcon.colcon_core.environment:checking '/home/berenic/Documents/LPRS2_2026/Robo_Hand_RS485/ROS2/robo_hand_ws/install/mbot_demo/lib/python3.12/site-packages'
[3.955s] Level 1:colcon.colcon_core.environment:checking '/home/berenic/Documents/LPRS2_2026/Robo_Hand_RS485/ROS2/robo_hand_ws/install/mbot_demo/bin'
[3.955s] INFO:colcon.colcon_core.shell:Creating package script '/home/berenic/Documents/LPRS2_2026/Robo_Hand_RS485/ROS2/robo_hand_ws/install/mbot_demo/share/mbot_demo/package.ps1'
[3.956s] INFO:colcon.colcon_core.shell:Creating package descriptor '/home/berenic/Documents/LPRS2_2026/Robo_Hand_RS485/ROS2/robo_hand_ws/install/mbot_demo/share/mbot_demo/package.dsv'
[3.957s] INFO:colcon.colcon_core.shell:Creating package script '/home/berenic/Documents/LPRS2_2026/Robo_Hand_RS485/ROS2/robo_hand_ws/install/mbot_demo/share/mbot_demo/package.sh'
[3.958s] INFO:colcon.colcon_core.shell:Creating package script '/home/berenic/Documents/LPRS2_2026/Robo_Hand_RS485/ROS2/robo_hand_ws/install/mbot_demo/share/mbot_demo/package.bash'
[3.958s] INFO:colcon.colcon_core.shell:Creating package script '/home/berenic/Documents/LPRS2_2026/Robo_Hand_RS485/ROS2/robo_hand_ws/install/mbot_demo/share/mbot_demo/package.zsh'
[3.959s] Level 1:colcon.colcon_core.environment:create_file_with_runtime_dependencies(/home/berenic/Documents/LPRS2_2026/Robo_Hand_RS485/ROS2/robo_hand_ws/install/mbot_demo/share/colcon-core/packages/mbot_demo)
[3.963s] DEBUG:colcon.colcon_core.event_handler.log_command:Invoked command in '/home/berenic/Documents/LPRS2_2026/Robo_Hand_RS485/ROS2/robo_hand_ws/build/xarm_gazebo' returned '0': AMENT_PREFIX_PATH=/home/berenic/Documents/LPRS2_2026/Robo_Hand_RS485/ROS2/robo_hand_ws/install/uf_ros_lib:/home/berenic/Documents/LPRS2_2026/Robo_Hand_RS485/ROS2/robo_hand_ws/install/glue_events_routines:/home/berenic/Documents/LPRS2_2026/Robo_Hand_RS485/ROS2/robo_hand_ws/install/xarm_planner:/home/berenic/Documents/LPRS2_2026/Robo_Hand_RS485/ROS2/robo_hand_ws/install/xarm_moveit_servo:/home/berenic/Documents/LPRS2_2026/Robo_Hand_RS485/ROS2/robo_hand_ws/install/xarm_moveit_config:/home/berenic/Documents/LPRS2_2026/Robo_Hand_RS485/ROS2/robo_hand_ws/install/xarm_gazebo:/home/berenic/Documents/LPRS2_2026/Robo_Hand_RS485/ROS2/robo_hand_ws/install/xarm_controller:/home/berenic/Documents/LPRS2_2026/Robo_Hand_RS485/ROS2/robo_hand_ws/install/xarm_api:/home/berenic/Documents/LPRS2_2026/Robo_Hand_RS485/ROS2/robo_hand_ws/install/xarm_sdk:/home/berenic/Documents/LPRS2_2026/Robo_Hand_RS485/ROS2/robo_hand_ws/install/xarm_msgs:/home/berenic/Documents/LPRS2_2026/Robo_Hand_RS485/ROS2/robo_hand_ws/install/xarm_description:/home/berenic/Documents/LPRS2_2026/Robo_Hand_RS485/ROS2/robo_hand_ws/install/mbot_demo:/home/berenic/Documents/LPRS2_2026/Robo_Hand_RS485/ROS2/robo_hand_ws/install/realsense_gazebo_plugin:/opt/ros/jazzy CMAKE_PREFIX_PATH=/home/berenic/Documents/LPRS2_2026/Robo_Hand_RS485/ROS2/robo_hand_ws/install/xarm_controller:/home/berenic/Documents/LPRS2_2026/Robo_Hand_RS485/ROS2/robo_hand_ws/install/xarm_api:/home/berenic/Documents/LPRS2_2026/Robo_Hand_RS485/ROS2/robo_hand_ws/install/xarm_sdk:/home/berenic/Documents/LPRS2_2026/Robo_Hand_RS485/ROS2/robo_hand_ws/install/xarm_msgs:/home/berenic/Documents/LPRS2_2026/Robo_Hand_RS485/ROS2/robo_hand_ws/install/xarm_description:/home/berenic/Documents/LPRS2_2026/Robo_Hand_RS485/ROS2/robo_hand_ws/install/glue_events_routines:/home/berenic/Documents/LPRS2_2026/Robo_Hand_RS485/ROS2/robo_hand_ws/install/xarm_planner:/home/berenic/Documents/LPRS2_2026/Robo_Hand_RS485/ROS2/robo_hand_ws/install/xarm_moveit_servo:/home/berenic/Documents/LPRS2_2026/Robo_Hand_RS485/ROS2/robo_hand_ws/install/xarm_moveit_config:/home/berenic/Documents/LPRS2_2026/Robo_Hand_RS485/ROS2/robo_hand_ws/install/xarm_gazebo:/home/berenic/Documents/LPRS2_2026/Robo_Hand_RS485/ROS2/robo_hand_ws/install/mbot_demo:/home/berenic/Documents/LPRS2_2026/Robo_Hand_RS485/ROS2/robo_hand_ws/install/realsense_gazebo_plugin:/opt/ros/jazzy/opt/gz_sim_vendor:/opt/ros/jazzy/opt/gz_sensors_vendor:/opt/ros/jazzy/opt/gz_physics_vendor:/opt/ros/jazzy/opt/sdformat_vendor:/opt/ros/jazzy/opt/gz_gui_vendor:/opt/ros/jazzy/opt/gz_transport_vendor:/opt/ros/jazzy/opt/gz_rendering_vendor:/opt/ros/jazzy/opt/gz_plugin_vendor:/opt/ros/jazzy/opt/gz_fuel_tools_vendor:/opt/ros/jazzy/opt/gz_msgs_vendor:/opt/ros/jazzy/opt/gz_common_vendor:/opt/ros/jazzy/opt/gz_math_vendor:/opt/ros/jazzy/opt/gz_utils_vendor:/opt/ros/jazzy/opt/gz_tools_vendor:/opt/ros/jazzy/opt/gz_ogre_next_vendor:/opt/ros/jazzy/opt/gz_dartsim_vendor:/opt/ros/jazzy/opt/gz_cmake_vendor:/home/berenic/Documents/LPRS2_2026/Robo_Hand_RS485/ROS2/robo_hand_ws/install/uf_ros_lib:/opt/ros/jazzy DEBUGINFOD_URLS=https://debuginfod.ubuntu.com LD_LIBRARY_PATH=/home/berenic/Documents/LPRS2_2026/Robo_Hand_RS485/ROS2/robo_hand_ws/install/xarm_controller/lib:/home/berenic/Documents/LPRS2_2026/Robo_Hand_RS485/ROS2/robo_hand_ws/install/xarm_api/lib:/home/berenic/Documents/LPRS2_2026/Robo_Hand_RS485/ROS2/robo_hand_ws/install/xarm_sdk/lib:/home/berenic/Documents/LPRS2_2026/Robo_Hand_RS485/ROS2/robo_hand_ws/install/xarm_msgs/lib:/home/berenic/Documents/LPRS2_2026/Robo_Hand_RS485/ROS2/robo_hand_ws/install/xarm_planner/lib:/home/berenic/Documents/LPRS2_2026/Robo_Hand_RS485/ROS2/robo_hand_ws/install/xarm_moveit_servo/lib:/home/berenic/Documents/LPRS2_2026/Robo_Hand_RS485/ROS2/robo_hand_ws/install/xarm_gazebo/lib:/home/berenic/Documents/LPRS2_2026/Robo_Hand_RS485/ROS2/robo_hand_ws/install/realsense_gazebo_plugin/lib:/opt/ros/jazzy/opt/gz_sim_vendor/lib:/opt/ros/jazzy/opt/gz_sensors_vendor/lib:/opt/ros/jazzy/opt/gz_physics_vendor/lib:/opt/ros/jazzy/opt/sdformat_vendor/lib:/opt/ros/jazzy/opt/rviz_ogre_vendor/lib:/opt/ros/jazzy/lib/x86_64-linux-gnu:/opt/ros/jazzy/opt/gz_gui_vendor/lib:/opt/ros/jazzy/opt/gz_transport_vendor/lib:/opt/ros/jazzy/opt/gz_rendering_vendor/lib:/opt/ros/jazzy/opt/gz_plugin_vendor/lib:/opt/ros/jazzy/opt/gz_fuel_tools_vendor/lib:/opt/ros/jazzy/opt/gz_msgs_vendor/lib:/opt/ros/jazzy/opt/gz_common_vendor/lib:/opt/ros/jazzy/opt/gz_math_vendor/lib:/opt/ros/jazzy/opt/gz_utils_vendor/lib:/opt/ros/jazzy/opt/gz_tools_vendor/lib:/opt/ros/jazzy/opt/gz_ogre_next_vendor/lib:/opt/ros/jazzy/opt/gz_dartsim_vendor/lib:/opt/ros/jazzy/opt/gz_cmake_vendor/lib:/opt/ros/jazzy/lib /usr/bin/cmake --build /home/berenic/Documents/LPRS2_2026/Robo_Hand_RS485/ROS2/robo_hand_ws/build/xarm_gazebo -- -j12 -l12
[3.966s] DEBUG:colcon.colcon_core.event_handler.log_command:Invoking command in '/home/berenic/Documents/LPRS2_2026/Robo_Hand_RS485/ROS2/robo_hand_ws/build/xarm_gazebo': AMENT_PREFIX_PATH=/home/berenic/Documents/LPRS2_2026/Robo_Hand_RS485/ROS2/robo_hand_ws/install/uf_ros_lib:/home/berenic/Documents/LPRS2_2026/Robo_Hand_RS485/ROS2/robo_hand_ws/install/glue_events_routines:/home/berenic/Documents/LPRS2_2026/Robo_Hand_RS485/ROS2/robo_hand_ws/install/xarm_planner:/home/berenic/Documents/LPRS2_2026/Robo_Hand_RS485/ROS2/robo_hand_ws/install/xarm_moveit_servo:/home/berenic/Documents/LPRS2_2026/Robo_Hand_RS485/ROS2/robo_hand_ws/install/xarm_moveit_config:/home/berenic/Documents/LPRS2_2026/Robo_Hand_RS485/ROS2/robo_hand_ws/install/xarm_gazebo:/home/berenic/Documents/LPRS2_2026/Robo_Hand_RS485/ROS2/robo_hand_ws/install/xarm_controller:/home/berenic/Documents/LPRS2_2026/Robo_Hand_RS485/ROS2/robo_hand_ws/install/xarm_api:/home/berenic/Documents/LPRS2_2026/Robo_Hand_RS485/ROS2/robo_hand_ws/install/xarm_sdk:/home/berenic/Documents/LPRS2_2026/Robo_Hand_RS485/ROS2/robo_hand_ws/install/xarm_msgs:/home/berenic/Documents/LPRS2_2026/Robo_Hand_RS485/ROS2/robo_hand_ws/install/xarm_description:/home/berenic/Documents/LPRS2_2026/Robo_Hand_RS485/ROS2/robo_hand_ws/install/mbot_demo:/home/berenic/Documents/LPRS2_2026/Robo_Hand_RS485/ROS2/robo_hand_ws/install/realsense_gazebo_plugin:/opt/ros/jazzy CMAKE_PREFIX_PATH=/home/berenic/Documents/LPRS2_2026/Robo_Hand_RS485/ROS2/robo_hand_ws/install/xarm_controller:/home/berenic/Documents/LPRS2_2026/Robo_Hand_RS485/ROS2/robo_hand_ws/install/xarm_api:/home/berenic/Documents/LPRS2_2026/Robo_Hand_RS485/ROS2/robo_hand_ws/install/xarm_sdk:/home/berenic/Documents/LPRS2_2026/Robo_Hand_RS485/ROS2/robo_hand_ws/install/xarm_msgs:/home/berenic/Documents/LPRS2_2026/Robo_Hand_RS485/ROS2/robo_hand_ws/install/xarm_description:/home/berenic/Documents/LPRS2_2026/Robo_Hand_RS485/ROS2/robo_hand_ws/install/glue_events_routines:/home/berenic/Documents/LPRS2_2026/Robo_Hand_RS485/ROS2/robo_hand_ws/install/xarm_planner:/home/berenic/Documents/LPRS2_2026/Robo_Hand_RS485/ROS2/robo_hand_ws/install/xarm_moveit_servo:/home/berenic/Documents/LPRS2_2026/Robo_Hand_RS485/ROS2/robo_hand_ws/install/xarm_moveit_config:/home/berenic/Documents/LPRS2_2026/Robo_Hand_RS485/ROS2/robo_hand_ws/install/xarm_gazebo:/home/berenic/Documents/LPRS2_2026/Robo_Hand_RS485/ROS2/robo_hand_ws/install/mbot_demo:/home/berenic/Documents/LPRS2_2026/Robo_Hand_RS485/ROS2/robo_hand_ws/install/realsense_gazebo_plugin:/opt/ros/jazzy/opt/gz_sim_vendor:/opt/ros/jazzy/opt/gz_sensors_vendor:/opt/ros/jazzy/opt/gz_physics_vendor:/opt/ros/jazzy/opt/sdformat_vendor:/opt/ros/jazzy/opt/gz_gui_vendor:/opt/ros/jazzy/opt/gz_transport_vendor:/opt/ros/jazzy/opt/gz_rendering_vendor:/opt/ros/jazzy/opt/gz_plugin_vendor:/opt/ros/jazzy/opt/gz_fuel_tools_vendor:/opt/ros/jazzy/opt/gz_msgs_vendor:/opt/ros/jazzy/opt/gz_common_vendor:/opt/ros/jazzy/opt/gz_math_vendor:/opt/ros/jazzy/opt/gz_utils_vendor:/opt/ros/jazzy/opt/gz_tools_vendor:/opt/ros/jazzy/opt/gz_ogre_next_vendor:/opt/ros/jazzy/opt/gz_dartsim_vendor:/opt/ros/jazzy/opt/gz_cmake_vendor:/home/berenic/Documents/LPRS2_2026/Robo_Hand_RS485/ROS2/robo_hand_ws/install/uf_ros_lib:/opt/ros/jazzy DEBUGINFOD_URLS=https://debuginfod.ubuntu.com LD_LIBRARY_PATH=/home/berenic/Documents/LPRS2_2026/Robo_Hand_RS485/ROS2/robo_hand_ws/install/xarm_controller/lib:/home/berenic/Documents/LPRS2_2026/Robo_Hand_RS485/ROS2/robo_hand_ws/install/xarm_api/lib:/home/berenic/Documents/LPRS2_2026/Robo_Hand_RS485/ROS2/robo_hand_ws/install/xarm_sdk/lib:/home/berenic/Documents/LPRS2_2026/Robo_Hand_RS485/ROS2/robo_hand_ws/install/xarm_msgs/lib:/home/berenic/Documents/LPRS2_2026/Robo_Hand_RS485/ROS2/robo_hand_ws/install/xarm_planner/lib:/home/berenic/Documents/LPRS2_2026/Robo_Hand_RS485/ROS2/robo_hand_ws/install/xarm_moveit_servo/lib:/home/berenic/Documents/LPRS2_2026/Robo_Hand_RS485/ROS2/robo_hand_ws/install/xarm_gazebo/lib:/home/berenic/Documents/LPRS2_2026/Robo_Hand_RS485/ROS2/robo_hand_ws/install/realsense_gazebo_plugin/lib:/opt/ros/jazzy/opt/gz_sim_vendor/lib:/opt/ros/jazzy/opt/gz_sensors_vendor/lib:/opt/ros/jazzy/opt/gz_physics_vendor/lib:/opt/ros/jazzy/opt/sdformat_vendor/lib:/opt/ros/jazzy/opt/rviz_ogre_vendor/lib:/opt/ros/jazzy/lib/x86_64-linux-gnu:/opt/ros/jazzy/opt/gz_gui_vendor/lib:/opt/ros/jazzy/opt/gz_transport_vendor/lib:/opt/ros/jazzy/opt/gz_rendering_vendor/lib:/opt/ros/jazzy/opt/gz_plugin_vendor/lib:/opt/ros/jazzy/opt/gz_fuel_tools_vendor/lib:/opt/ros/jazzy/opt/gz_msgs_vendor/lib:/opt/ros/jazzy/opt/gz_common_vendor/lib:/opt/ros/jazzy/opt/gz_math_vendor/lib:/opt/ros/jazzy/opt/gz_utils_vendor/lib:/opt/ros/jazzy/opt/gz_tools_vendor/lib:/opt/ros/jazzy/opt/gz_ogre_next_vendor/lib:/opt/ros/jazzy/opt/gz_dartsim_vendor/lib:/opt/ros/jazzy/opt/gz_cmake_vendor/lib:/opt/ros/jazzy/lib /usr/bin/cmake --install /home/berenic/Documents/LPRS2_2026/Robo_Hand_RS485/ROS2/robo_hand_ws/build/xarm_gazebo
[4.016s] Level 1:colcon.colcon_core.environment:create_environment_scripts_only(xarm_gazebo)
[4.016s] Level 1:colcon.colcon_core.environment:checking '/home/berenic/Documents/LPRS2_2026/Robo_Hand_RS485/ROS2/robo_hand_ws/install/xarm_gazebo' for CMake module files
[4.017s] DEBUG:colcon.colcon_core.event_handler.log_command:Invoked command in '/home/berenic/Documents/LPRS2_2026/Robo_Hand_RS485/ROS2/robo_hand_ws/build/xarm_gazebo' returned '0': AMENT_PREFIX_PATH=/home/berenic/Documents/LPRS2_2026/Robo_Hand_RS485/ROS2/robo_hand_ws/install/uf_ros_lib:/home/berenic/Documents/LPRS2_2026/Robo_Hand_RS485/ROS2/robo_hand_ws/install/glue_events_routines:/home/berenic/Documents/LPRS2_2026/Robo_Hand_RS485/ROS2/robo_hand_ws/install/xarm_planner:/home/berenic/Documents/LPRS2_2026/Robo_Hand_RS485/ROS2/robo_hand_ws/install/xarm_moveit_servo:/home/berenic/Documents/LPRS2_2026/Robo_Hand_RS485/ROS2/robo_hand_ws/install/xarm_moveit_config:/home/berenic/Documents/LPRS2_2026/Robo_Hand_RS485/ROS2/robo_hand_ws/install/xarm_gazebo:/home/berenic/Documents/LPRS2_2026/Robo_Hand_RS485/ROS2/robo_hand_ws/install/xarm_controller:/home/berenic/Documents/LPRS2_2026/Robo_Hand_RS485/ROS2/robo_hand_ws/install/xarm_api:/home/berenic/Documents/LPRS2_2026/Robo_Hand_RS485/ROS2/robo_hand_ws/install/xarm_sdk:/home/berenic/Documents/LPRS2_2026/Robo_Hand_RS485/ROS2/robo_hand_ws/install/xarm_msgs:/home/berenic/Documents/LPRS2_2026/Robo_Hand_RS485/ROS2/robo_hand_ws/install/xarm_description:/home/berenic/Documents/LPRS2_2026/Robo_Hand_RS485/ROS2/robo_hand_ws/install/mbot_demo:/home/berenic/Documents/LPRS2_2026/Robo_Hand_RS485/ROS2/robo_hand_ws/install/realsense_gazebo_plugin:/opt/ros/jazzy CMAKE_PREFIX_PATH=/home/berenic/Documents/LPRS2_2026/Robo_Hand_RS485/ROS2/robo_hand_ws/install/xarm_controller:/home/berenic/Documents/LPRS2_2026/Robo_Hand_RS485/ROS2/robo_hand_ws/install/xarm_api:/home/berenic/Documents/LPRS2_2026/Robo_Hand_RS485/ROS2/robo_hand_ws/install/xarm_sdk:/home/berenic/Documents/LPRS2_2026/Robo_Hand_RS485/ROS2/robo_hand_ws/install/xarm_msgs:/home/berenic/Documents/LPRS2_2026/Robo_Hand_RS485/ROS2/robo_hand_ws/install/xarm_description:/home/berenic/Documents/LPRS2_2026/Robo_Hand_RS485/ROS2/robo_hand_ws/install/glue_events_routines:/home/berenic/Documents/LPRS2_2026/Robo_Hand_RS485/ROS2/robo_hand_ws/install/xarm_planner:/home/berenic/Documents/LPRS2_2026/Robo_Hand_RS485/ROS2/robo_hand_ws/install/xarm_moveit_servo:/home/berenic/Documents/LPRS2_2026/Robo_Hand_RS485/ROS2/robo_hand_ws/install/xarm_moveit_config:/home/berenic/Documents/LPRS2_2026/Robo_Hand_RS485/ROS2/robo_hand_ws/install/xarm_gazebo:/home/berenic/Documents/LPRS2_2026/Robo_Hand_RS485/ROS2/robo_hand_ws/install/mbot_demo:/home/berenic/Documents/LPRS2_2026/Robo_Hand_RS485/ROS2/robo_hand_ws/install/realsense_gazebo_plugin:/opt/ros/jazzy/opt/gz_sim_vendor:/opt/ros/jazzy/opt/gz_sensors_vendor:/opt/ros/jazzy/opt/gz_physics_vendor:/opt/ros/jazzy/opt/sdformat_vendor:/opt/ros/jazzy/opt/gz_gui_vendor:/opt/ros/jazzy/opt/gz_transport_vendor:/opt/ros/jazzy/opt/gz_rendering_vendor:/opt/ros/jazzy/opt/gz_plugin_vendor:/opt/ros/jazzy/opt/gz_fuel_tools_vendor:/opt/ros/jazzy/opt/gz_msgs_vendor:/opt/ros/jazzy/opt/gz_common_vendor:/opt/ros/jazzy/opt/gz_math_vendor:/opt/ros/jazzy/opt/gz_utils_vendor:/opt/ros/jazzy/opt/gz_tools_vendor:/opt/ros/jazzy/opt/gz_ogre_next_vendor:/opt/ros/jazzy/opt/gz_dartsim_vendor:/opt/ros/jazzy/opt/gz_cmake_vendor:/home/berenic/Documents/LPRS2_2026/Robo_Hand_RS485/ROS2/robo_hand_ws/install/uf_ros_lib:/opt/ros/jazzy DEBUGINFOD_URLS=https://debuginfod.ubuntu.com LD_LIBRARY_PATH=/home/berenic/Documents/LPRS2_2026/Robo_Hand_RS485/ROS2/robo_hand_ws/install/xarm_controller/lib:/home/berenic/Documents/LPRS2_2026/Robo_Hand_RS485/ROS2/robo_hand_ws/install/xarm_api/lib:/home/berenic/Documents/LPRS2_2026/Robo_Hand_RS485/ROS2/robo_hand_ws/install/xarm_sdk/lib:/home/berenic/Documents/LPRS2_2026/Robo_Hand_RS485/ROS2/robo_hand_ws/install/xarm_msgs/lib:/home/berenic/Documents/LPRS2_2026/Robo_Hand_RS485/ROS2/robo_hand_ws/install/xarm_planner/lib:/home/berenic/Documents/LPRS2_2026/Robo_Hand_RS485/ROS2/robo_hand_ws/install/xarm_moveit_servo/lib:/home/berenic/Documents/LPRS2_2026/Robo_Hand_RS485/ROS2/robo_hand_ws/install/xarm_gazebo/lib:/home/berenic/Documents/LPRS2_2026/Robo_Hand_RS485/ROS2/robo_hand_ws/install/realsense_gazebo_plugin/lib:/opt/ros/jazzy/opt/gz_sim_vendor/lib:/opt/ros/jazzy/opt/gz_sensors_vendor/lib:/opt/ros/jazzy/opt/gz_physics_vendor/lib:/opt/ros/jazzy/opt/sdformat_vendor/lib:/opt/ros/jazzy/opt/rviz_ogre_vendor/lib:/opt/ros/jazzy/lib/x86_64-linux-gnu:/opt/ros/jazzy/opt/gz_gui_vendor/lib:/opt/ros/jazzy/opt/gz_transport_vendor/lib:/opt/ros/jazzy/opt/gz_rendering_vendor/lib:/opt/ros/jazzy/opt/gz_plugin_vendor/lib:/opt/ros/jazzy/opt/gz_fuel_tools_vendor/lib:/opt/ros/jazzy/opt/gz_msgs_vendor/lib:/opt/ros/jazzy/opt/gz_common_vendor/lib:/opt/ros/jazzy/opt/gz_math_vendor/lib:/opt/ros/jazzy/opt/gz_utils_vendor/lib:/opt/ros/jazzy/opt/gz_tools_vendor/lib:/opt/ros/jazzy/opt/gz_ogre_next_vendor/lib:/opt/ros/jazzy/opt/gz_dartsim_vendor/lib:/opt/ros/jazzy/opt/gz_cmake_vendor/lib:/opt/ros/jazzy/lib /usr/bin/cmake --install /home/berenic/Documents/LPRS2_2026/Robo_Hand_RS485/ROS2/robo_hand_ws/build/xarm_gazebo
[4.018s] Level 1:colcon.colcon_core.environment:checking '/home/berenic/Documents/LPRS2_2026/Robo_Hand_RS485/ROS2/robo_hand_ws/install/xarm_gazebo' for CMake config files
[4.018s] Level 1:colcon.colcon_core.shell:create_environment_hook('xarm_gazebo', 'cmake_prefix_path')
[4.019s] INFO:colcon.colcon_core.shell:Creating environment hook '/home/berenic/Documents/LPRS2_2026/Robo_Hand_RS485/ROS2/robo_hand_ws/install/xarm_gazebo/share/xarm_gazebo/hook/cmake_prefix_path.ps1'
[4.019s] INFO:colcon.colcon_core.shell:Creating environment descriptor '/home/berenic/Documents/LPRS2_2026/Robo_Hand_RS485/ROS2/robo_hand_ws/install/xarm_gazebo/share/xarm_gazebo/hook/cmake_prefix_path.dsv'
[4.020s] INFO:colcon.colcon_core.shell:Creating environment hook '/home/berenic/Documents/LPRS2_2026/Robo_Hand_RS485/ROS2/robo_hand_ws/install/xarm_gazebo/share/xarm_gazebo/hook/cmake_prefix_path.sh'
[4.021s] Level 1:colcon.colcon_core.environment:checking '/home/berenic/Documents/LPRS2_2026/Robo_Hand_RS485/ROS2/robo_hand_ws/install/xarm_gazebo/lib'
[4.021s] Level 1:colcon.colcon_core.shell:create_environment_hook('xarm_gazebo', 'ld_library_path_lib')
[4.021s] INFO:colcon.colcon_core.shell:Creating environment hook '/home/berenic/Documents/LPRS2_2026/Robo_Hand_RS485/ROS2/robo_hand_ws/install/xarm_gazebo/share/xarm_gazebo/hook/ld_library_path_lib.ps1'
[4.022s] INFO:colcon.colcon_core.shell:Creating environment descriptor '/home/berenic/Documents/LPRS2_2026/Robo_Hand_RS485/ROS2/robo_hand_ws/install/xarm_gazebo/share/xarm_gazebo/hook/ld_library_path_lib.dsv'
[4.023s] INFO:colcon.colcon_core.shell:Creating environment hook '/home/berenic/Documents/LPRS2_2026/Robo_Hand_RS485/ROS2/robo_hand_ws/install/xarm_gazebo/share/xarm_gazebo/hook/ld_library_path_lib.sh'
[4.023s] Level 1:colcon.colcon_core.environment:checking '/home/berenic/Documents/LPRS2_2026/Robo_Hand_RS485/ROS2/robo_hand_ws/install/xarm_gazebo/bin'
[4.024s] Level 1:colcon.colcon_core.environment:checking '/home/berenic/Documents/LPRS2_2026/Robo_Hand_RS485/ROS2/robo_hand_ws/install/xarm_gazebo/lib/pkgconfig/xarm_gazebo.pc'
[4.024s] Level 1:colcon.colcon_core.environment:checking '/home/berenic/Documents/LPRS2_2026/Robo_Hand_RS485/ROS2/robo_hand_ws/install/xarm_gazebo/lib/python3.12/site-packages'
[4.025s] Level 1:colcon.colcon_core.environment:checking '/home/berenic/Documents/LPRS2_2026/Robo_Hand_RS485/ROS2/robo_hand_ws/install/xarm_gazebo/bin'
[4.025s] INFO:colcon.colcon_core.shell:Creating package script '/home/berenic/Documents/LPRS2_2026/Robo_Hand_RS485/ROS2/robo_hand_ws/install/xarm_gazebo/share/xarm_gazebo/package.ps1'
[4.026s] INFO:colcon.colcon_core.shell:Creating package descriptor '/home/berenic/Documents/LPRS2_2026/Robo_Hand_RS485/ROS2/robo_hand_ws/install/xarm_gazebo/share/xarm_gazebo/package.dsv'
[4.027s] INFO:colcon.colcon_core.shell:Creating package script '/home/berenic/Documents/LPRS2_2026/Robo_Hand_RS485/ROS2/robo_hand_ws/install/xarm_gazebo/share/xarm_gazebo/package.sh'
[4.028s] INFO:colcon.colcon_core.shell:Creating package script '/home/berenic/Documents/LPRS2_2026/Robo_Hand_RS485/ROS2/robo_hand_ws/install/xarm_gazebo/share/xarm_gazebo/package.bash'
[4.029s] INFO:colcon.colcon_core.shell:Creating package script '/home/berenic/Documents/LPRS2_2026/Robo_Hand_RS485/ROS2/robo_hand_ws/install/xarm_gazebo/share/xarm_gazebo/package.zsh'
[4.029s] Level 1:colcon.colcon_core.environment:create_file_with_runtime_dependencies(/home/berenic/Documents/LPRS2_2026/Robo_Hand_RS485/ROS2/robo_hand_ws/install/xarm_gazebo/share/colcon-core/packages/xarm_gazebo)
[4.030s] Level 1:colcon.colcon_core.environment:create_environment_scripts_only(xarm_gazebo)
[4.030s] Level 1:colcon.colcon_core.environment:checking '/home/berenic/Documents/LPRS2_2026/Robo_Hand_RS485/ROS2/robo_hand_ws/install/xarm_gazebo' for CMake module files
[4.031s] Level 1:colcon.colcon_core.environment:checking '/home/berenic/Documents/LPRS2_2026/Robo_Hand_RS485/ROS2/robo_hand_ws/install/xarm_gazebo' for CMake config files
[4.032s] Level 1:colcon.colcon_core.shell:create_environment_hook('xarm_gazebo', 'cmake_prefix_path')
[4.032s] INFO:colcon.colcon_core.shell:Creating environment hook '/home/berenic/Documents/LPRS2_2026/Robo_Hand_RS485/ROS2/robo_hand_ws/install/xarm_gazebo/share/xarm_gazebo/hook/cmake_prefix_path.ps1'
[4.033s] INFO:colcon.colcon_core.shell:Creating environment descriptor '/home/berenic/Documents/LPRS2_2026/Robo_Hand_RS485/ROS2/robo_hand_ws/install/xarm_gazebo/share/xarm_gazebo/hook/cmake_prefix_path.dsv'
[4.033s] INFO:colcon.colcon_core.shell:Creating environment hook '/home/berenic/Documents/LPRS2_2026/Robo_Hand_RS485/ROS2/robo_hand_ws/install/xarm_gazebo/share/xarm_gazebo/hook/cmake_prefix_path.sh'
[4.034s] Level 1:colcon.colcon_core.environment:checking '/home/berenic/Documents/LPRS2_2026/Robo_Hand_RS485/ROS2/robo_hand_ws/install/xarm_gazebo/lib'
[4.034s] Level 1:colcon.colcon_core.shell:create_environment_hook('xarm_gazebo', 'ld_library_path_lib')
[4.035s] INFO:colcon.colcon_core.shell:Creating environment hook '/home/berenic/Documents/LPRS2_2026/Robo_Hand_RS485/ROS2/robo_hand_ws/install/xarm_gazebo/share/xarm_gazebo/hook/ld_library_path_lib.ps1'
[4.035s] INFO:colcon.colcon_core.shell:Creating environment descriptor '/home/berenic/Documents/LPRS2_2026/Robo_Hand_RS485/ROS2/robo_hand_ws/install/xarm_gazebo/share/xarm_gazebo/hook/ld_library_path_lib.dsv'
[4.036s] INFO:colcon.colcon_core.shell:Creating environment hook '/home/berenic/Documents/LPRS2_2026/Robo_Hand_RS485/ROS2/robo_hand_ws/install/xarm_gazebo/share/xarm_gazebo/hook/ld_library_path_lib.sh'
[4.037s] Level 1:colcon.colcon_core.environment:checking '/home/berenic/Documents/LPRS2_2026/Robo_Hand_RS485/ROS2/robo_hand_ws/install/xarm_gazebo/bin'
[4.037s] Level 1:colcon.colcon_core.environment:checking '/home/berenic/Documents/LPRS2_2026/Robo_Hand_RS485/ROS2/robo_hand_ws/install/xarm_gazebo/lib/pkgconfig/xarm_gazebo.pc'
[4.037s] Level 1:colcon.colcon_core.environment:checking '/home/berenic/Documents/LPRS2_2026/Robo_Hand_RS485/ROS2/robo_hand_ws/install/xarm_gazebo/lib/python3.12/site-packages'
[4.038s] Level 1:colcon.colcon_core.environment:checking '/home/berenic/Documents/LPRS2_2026/Robo_Hand_RS485/ROS2/robo_hand_ws/install/xarm_gazebo/bin'
[4.038s] INFO:colcon.colcon_core.shell:Creating package script '/home/berenic/Documents/LPRS2_2026/Robo_Hand_RS485/ROS2/robo_hand_ws/install/xarm_gazebo/share/xarm_gazebo/package.ps1'
[4.039s] INFO:colcon.colcon_core.shell:Creating package descriptor '/home/berenic/Documents/LPRS2_2026/Robo_Hand_RS485/ROS2/robo_hand_ws/install/xarm_gazebo/share/xarm_gazebo/package.dsv'
[4.040s] INFO:colcon.colcon_core.shell:Creating package script '/home/berenic/Documents/LPRS2_2026/Robo_Hand_RS485/ROS2/robo_hand_ws/install/xarm_gazebo/share/xarm_gazebo/package.sh'
[4.041s] INFO:colcon.colcon_core.shell:Creating package script '/home/berenic/Documents/LPRS2_2026/Robo_Hand_RS485/ROS2/robo_hand_ws/install/xarm_gazebo/share/xarm_gazebo/package.bash'
[4.041s] INFO:colcon.colcon_core.shell:Creating package script '/home/berenic/Documents/LPRS2_2026/Robo_Hand_RS485/ROS2/robo_hand_ws/install/xarm_gazebo/share/xarm_gazebo/package.zsh'
[4.042s] Level 1:colcon.colcon_core.environment:create_file_with_runtime_dependencies(/home/berenic/Documents/LPRS2_2026/Robo_Hand_RS485/ROS2/robo_hand_ws/install/xarm_gazebo/share/colcon-core/packages/xarm_gazebo)
[4.043s] INFO:colcon.colcon_ros.task.ament_cmake.build:Building ROS package in '/home/berenic/Documents/LPRS2_2026/Robo_Hand_RS485/ROS2/robo_hand_ws/src/xarm_ros2/xarm_moveit_config' with build type 'ament_cmake'
[4.044s] INFO:colcon.colcon_cmake.task.cmake.build:Building CMake package in '/home/berenic/Documents/LPRS2_2026/Robo_Hand_RS485/ROS2/robo_hand_ws/src/xarm_ros2/xarm_moveit_config'
[4.044s] INFO:colcon.colcon_core.shell:Skip shell extension 'powershell' for command environment: Not usable outside of PowerShell
[4.044s] DEBUG:colcon.colcon_core.shell:Skip shell extension 'dsv' for command environment
[4.088s] DEBUG:colcon.colcon_core.event_handler.log_command:Invoking command in '/home/berenic/Documents/LPRS2_2026/Robo_Hand_RS485/ROS2/robo_hand_ws/build/xarm_moveit_config': AMENT_PREFIX_PATH=/home/berenic/Documents/LPRS2_2026/Robo_Hand_RS485/ROS2/robo_hand_ws/install/uf_ros_lib:/home/berenic/Documents/LPRS2_2026/Robo_Hand_RS485/ROS2/robo_hand_ws/install/glue_events_routines:/home/berenic/Documents/LPRS2_2026/Robo_Hand_RS485/ROS2/robo_hand_ws/install/xarm_planner:/home/berenic/Documents/LPRS2_2026/Robo_Hand_RS485/ROS2/robo_hand_ws/install/xarm_moveit_servo:/home/berenic/Documents/LPRS2_2026/Robo_Hand_RS485/ROS2/robo_hand_ws/install/xarm_moveit_config:/home/berenic/Documents/LPRS2_2026/Robo_Hand_RS485/ROS2/robo_hand_ws/install/xarm_gazebo:/home/berenic/Documents/LPRS2_2026/Robo_Hand_RS485/ROS2/robo_hand_ws/install/xarm_controller:/home/berenic/Documents/LPRS2_2026/Robo_Hand_RS485/ROS2/robo_hand_ws/install/xarm_api:/home/berenic/Documents/LPRS2_2026/Robo_Hand_RS485/ROS2/robo_hand_ws/install/xarm_sdk:/home/berenic/Documents/LPRS2_2026/Robo_Hand_RS485/ROS2/robo_hand_ws/install/xarm_msgs:/home/berenic/Documents/LPRS2_2026/Robo_Hand_RS485/ROS2/robo_hand_ws/install/xarm_description:/home/berenic/Documents/LPRS2_2026/Robo_Hand_RS485/ROS2/robo_hand_ws/install/mbot_demo:/home/berenic/Documents/LPRS2_2026/Robo_Hand_RS485/ROS2/robo_hand_ws/install/realsense_gazebo_plugin:/opt/ros/jazzy CMAKE_PREFIX_PATH=/home/berenic/Documents/LPRS2_2026/Robo_Hand_RS485/ROS2/robo_hand_ws/install/xarm_gazebo:/home/berenic/Documents/LPRS2_2026/Robo_Hand_RS485/ROS2/robo_hand_ws/install/xarm_controller:/home/berenic/Documents/LPRS2_2026/Robo_Hand_RS485/ROS2/robo_hand_ws/install/xarm_api:/home/berenic/Documents/LPRS2_2026/Robo_Hand_RS485/ROS2/robo_hand_ws/install/xarm_sdk:/home/berenic/Documents/LPRS2_2026/Robo_Hand_RS485/ROS2/robo_hand_ws/install/xarm_msgs:/home/berenic/Documents/LPRS2_2026/Robo_Hand_RS485/ROS2/robo_hand_ws/install/xarm_description:/home/berenic/Documents/LPRS2_2026/Robo_Hand_RS485/ROS2/robo_hand_ws/install/glue_events_routines:/home/berenic/Documents/LPRS2_2026/Robo_Hand_RS485/ROS2/robo_hand_ws/install/xarm_planner:/home/berenic/Documents/LPRS2_2026/Robo_Hand_RS485/ROS2/robo_hand_ws/install/xarm_moveit_servo:/home/berenic/Documents/LPRS2_2026/Robo_Hand_RS485/ROS2/robo_hand_ws/install/xarm_moveit_config:/home/berenic/Documents/LPRS2_2026/Robo_Hand_RS485/ROS2/robo_hand_ws/install/mbot_demo:/home/berenic/Documents/LPRS2_2026/Robo_Hand_RS485/ROS2/robo_hand_ws/install/realsense_gazebo_plugin:/opt/ros/jazzy/opt/gz_sim_vendor:/opt/ros/jazzy/opt/gz_sensors_vendor:/opt/ros/jazzy/opt/gz_physics_vendor:/opt/ros/jazzy/opt/sdformat_vendor:/opt/ros/jazzy/opt/gz_gui_vendor:/opt/ros/jazzy/opt/gz_transport_vendor:/opt/ros/jazzy/opt/gz_rendering_vendor:/opt/ros/jazzy/opt/gz_plugin_vendor:/opt/ros/jazzy/opt/gz_fuel_tools_vendor:/opt/ros/jazzy/opt/gz_msgs_vendor:/opt/ros/jazzy/opt/gz_common_vendor:/opt/ros/jazzy/opt/gz_math_vendor:/opt/ros/jazzy/opt/gz_utils_vendor:/opt/ros/jazzy/opt/gz_tools_vendor:/opt/ros/jazzy/opt/gz_ogre_next_vendor:/opt/ros/jazzy/opt/gz_dartsim_vendor:/opt/ros/jazzy/opt/gz_cmake_vendor:/home/berenic/Documents/LPRS2_2026/Robo_Hand_RS485/ROS2/robo_hand_ws/install/uf_ros_lib:/opt/ros/jazzy DEBUGINFOD_URLS=https://debuginfod.ubuntu.com LD_LIBRARY_PATH=/home/berenic/Documents/LPRS2_2026/Robo_Hand_RS485/ROS2/robo_hand_ws/install/xarm_gazebo/lib:/home/berenic/Documents/LPRS2_2026/Robo_Hand_RS485/ROS2/robo_hand_ws/install/xarm_controller/lib:/home/berenic/Documents/LPRS2_2026/Robo_Hand_RS485/ROS2/robo_hand_ws/install/xarm_api/lib:/home/berenic/Documents/LPRS2_2026/Robo_Hand_RS485/ROS2/robo_hand_ws/install/xarm_sdk/lib:/home/berenic/Documents/LPRS2_2026/Robo_Hand_RS485/ROS2/robo_hand_ws/install/xarm_msgs/lib:/home/berenic/Documents/LPRS2_2026/Robo_Hand_RS485/ROS2/robo_hand_ws/install/xarm_planner/lib:/home/berenic/Documents/LPRS2_2026/Robo_Hand_RS485/ROS2/robo_hand_ws/install/xarm_moveit_servo/lib:/home/berenic/Documents/LPRS2_2026/Robo_Hand_RS485/ROS2/robo_hand_ws/install/realsense_gazebo_plugin/lib:/opt/ros/jazzy/opt/gz_sim_vendor/lib:/opt/ros/jazzy/opt/gz_sensors_vendor/lib:/opt/ros/jazzy/opt/gz_physics_vendor/lib:/opt/ros/jazzy/opt/sdformat_vendor/lib:/opt/ros/jazzy/opt/rviz_ogre_vendor/lib:/opt/ros/jazzy/lib/x86_64-linux-gnu:/opt/ros/jazzy/opt/gz_gui_vendor/lib:/opt/ros/jazzy/opt/gz_transport_vendor/lib:/opt/ros/jazzy/opt/gz_rendering_vendor/lib:/opt/ros/jazzy/opt/gz_plugin_vendor/lib:/opt/ros/jazzy/opt/gz_fuel_tools_vendor/lib:/opt/ros/jazzy/opt/gz_msgs_vendor/lib:/opt/ros/jazzy/opt/gz_common_vendor/lib:/opt/ros/jazzy/opt/gz_math_vendor/lib:/opt/ros/jazzy/opt/gz_utils_vendor/lib:/opt/ros/jazzy/opt/gz_tools_vendor/lib:/opt/ros/jazzy/opt/gz_ogre_next_vendor/lib:/opt/ros/jazzy/opt/gz_dartsim_vendor/lib:/opt/ros/jazzy/opt/gz_cmake_vendor/lib:/opt/ros/jazzy/lib /usr/bin/cmake --build /home/berenic/Documents/LPRS2_2026/Robo_Hand_RS485/ROS2/robo_hand_ws/build/xarm_moveit_config -- -j12 -l12
[4.173s] DEBUG:colcon.colcon_core.event_handler.log_command:Invoked command in '/home/berenic/Documents/LPRS2_2026/Robo_Hand_RS485/ROS2/robo_hand_ws/build/xarm_moveit_config' returned '0': AMENT_PREFIX_PATH=/home/berenic/Documents/LPRS2_2026/Robo_Hand_RS485/ROS2/robo_hand_ws/install/uf_ros_lib:/home/berenic/Documents/LPRS2_2026/Robo_Hand_RS485/ROS2/robo_hand_ws/install/glue_events_routines:/home/berenic/Documents/LPRS2_2026/Robo_Hand_RS485/ROS2/robo_hand_ws/install/xarm_planner:/home/berenic/Documents/LPRS2_2026/Robo_Hand_RS485/ROS2/robo_hand_ws/install/xarm_moveit_servo:/home/berenic/Documents/LPRS2_2026/Robo_Hand_RS485/ROS2/robo_hand_ws/install/xarm_moveit_config:/home/berenic/Documents/LPRS2_2026/Robo_Hand_RS485/ROS2/robo_hand_ws/install/xarm_gazebo:/home/berenic/Documents/LPRS2_2026/Robo_Hand_RS485/ROS2/robo_hand_ws/install/xarm_controller:/home/berenic/Documents/LPRS2_2026/Robo_Hand_RS485/ROS2/robo_hand_ws/install/xarm_api:/home/berenic/Documents/LPRS2_2026/Robo_Hand_RS485/ROS2/robo_hand_ws/install/xarm_sdk:/home/berenic/Documents/LPRS2_2026/Robo_Hand_RS485/ROS2/robo_hand_ws/install/xarm_msgs:/home/berenic/Documents/LPRS2_2026/Robo_Hand_RS485/ROS2/robo_hand_ws/install/xarm_description:/home/berenic/Documents/LPRS2_2026/Robo_Hand_RS485/ROS2/robo_hand_ws/install/mbot_demo:/home/berenic/Documents/LPRS2_2026/Robo_Hand_RS485/ROS2/robo_hand_ws/install/realsense_gazebo_plugin:/opt/ros/jazzy CMAKE_PREFIX_PATH=/home/berenic/Documents/LPRS2_2026/Robo_Hand_RS485/ROS2/robo_hand_ws/install/xarm_gazebo:/home/berenic/Documents/LPRS2_2026/Robo_Hand_RS485/ROS2/robo_hand_ws/install/xarm_controller:/home/berenic/Documents/LPRS2_2026/Robo_Hand_RS485/ROS2/robo_hand_ws/install/xarm_api:/home/berenic/Documents/LPRS2_2026/Robo_Hand_RS485/ROS2/robo_hand_ws/install/xarm_sdk:/home/berenic/Documents/LPRS2_2026/Robo_Hand_RS485/ROS2/robo_hand_ws/install/xarm_msgs:/home/berenic/Documents/LPRS2_2026/Robo_Hand_RS485/ROS2/robo_hand_ws/install/xarm_description:/home/berenic/Documents/LPRS2_2026/Robo_Hand_RS485/ROS2/robo_hand_ws/install/glue_events_routines:/home/berenic/Documents/LPRS2_2026/Robo_Hand_RS485/ROS2/robo_hand_ws/install/xarm_planner:/home/berenic/Documents/LPRS2_2026/Robo_Hand_RS485/ROS2/robo_hand_ws/install/xarm_moveit_servo:/home/berenic/Documents/LPRS2_2026/Robo_Hand_RS485/ROS2/robo_hand_ws/install/xarm_moveit_config:/home/berenic/Documents/LPRS2_2026/Robo_Hand_RS485/ROS2/robo_hand_ws/install/mbot_demo:/home/berenic/Documents/LPRS2_2026/Robo_Hand_RS485/ROS2/robo_hand_ws/install/realsense_gazebo_plugin:/opt/ros/jazzy/opt/gz_sim_vendor:/opt/ros/jazzy/opt/gz_sensors_vendor:/opt/ros/jazzy/opt/gz_physics_vendor:/opt/ros/jazzy/opt/sdformat_vendor:/opt/ros/jazzy/opt/gz_gui_vendor:/opt/ros/jazzy/opt/gz_transport_vendor:/opt/ros/jazzy/opt/gz_rendering_vendor:/opt/ros/jazzy/opt/gz_plugin_vendor:/opt/ros/jazzy/opt/gz_fuel_tools_vendor:/opt/ros/jazzy/opt/gz_msgs_vendor:/opt/ros/jazzy/opt/gz_common_vendor:/opt/ros/jazzy/opt/gz_math_vendor:/opt/ros/jazzy/opt/gz_utils_vendor:/opt/ros/jazzy/opt/gz_tools_vendor:/opt/ros/jazzy/opt/gz_ogre_next_vendor:/opt/ros/jazzy/opt/gz_dartsim_vendor:/opt/ros/jazzy/opt/gz_cmake_vendor:/home/berenic/Documents/LPRS2_2026/Robo_Hand_RS485/ROS2/robo_hand_ws/install/uf_ros_lib:/opt/ros/jazzy DEBUGINFOD_URLS=https://debuginfod.ubuntu.com LD_LIBRARY_PATH=/home/berenic/Documents/LPRS2_2026/Robo_Hand_RS485/ROS2/robo_hand_ws/install/xarm_gazebo/lib:/home/berenic/Documents/LPRS2_2026/Robo_Hand_RS485/ROS2/robo_hand_ws/install/xarm_controller/lib:/home/berenic/Documents/LPRS2_2026/Robo_Hand_RS485/ROS2/robo_hand_ws/install/xarm_api/lib:/home/berenic/Documents/LPRS2_2026/Robo_Hand_RS485/ROS2/robo_hand_ws/install/xarm_sdk/lib:/home/berenic/Documents/LPRS2_2026/Robo_Hand_RS485/ROS2/robo_hand_ws/install/xarm_msgs/lib:/home/berenic/Documents/LPRS2_2026/Robo_Hand_RS485/ROS2/robo_hand_ws/install/xarm_planner/lib:/home/berenic/Documents/LPRS2_2026/Robo_Hand_RS485/ROS2/robo_hand_ws/install/xarm_moveit_servo/lib:/home/berenic/Documents/LPRS2_2026/Robo_Hand_RS485/ROS2/robo_hand_ws/install/realsense_gazebo_plugin/lib:/opt/ros/jazzy/opt/gz_sim_vendor/lib:/opt/ros/jazzy/opt/gz_sensors_vendor/lib:/opt/ros/jazzy/opt/gz_physics_vendor/lib:/opt/ros/jazzy/opt/sdformat_vendor/lib:/opt/ros/jazzy/opt/rviz_ogre_vendor/lib:/opt/ros/jazzy/lib/x86_64-linux-gnu:/opt/ros/jazzy/opt/gz_gui_vendor/lib:/opt/ros/jazzy/opt/gz_transport_vendor/lib:/opt/ros/jazzy/opt/gz_rendering_vendor/lib:/opt/ros/jazzy/opt/gz_plugin_vendor/lib:/opt/ros/jazzy/opt/gz_fuel_tools_vendor/lib:/opt/ros/jazzy/opt/gz_msgs_vendor/lib:/opt/ros/jazzy/opt/gz_common_vendor/lib:/opt/ros/jazzy/opt/gz_math_vendor/lib:/opt/ros/jazzy/opt/gz_utils_vendor/lib:/opt/ros/jazzy/opt/gz_tools_vendor/lib:/opt/ros/jazzy/opt/gz_ogre_next_vendor/lib:/opt/ros/jazzy/opt/gz_dartsim_vendor/lib:/opt/ros/jazzy/opt/gz_cmake_vendor/lib:/opt/ros/jazzy/lib /usr/bin/cmake --build /home/berenic/Documents/LPRS2_2026/Robo_Hand_RS485/ROS2/robo_hand_ws/build/xarm_moveit_config -- -j12 -l12
[4.176s] DEBUG:colcon.colcon_core.event_handler.log_command:Invoking command in '/home/berenic/Documents/LPRS2_2026/Robo_Hand_RS485/ROS2/robo_hand_ws/build/xarm_moveit_config': AMENT_PREFIX_PATH=/home/berenic/Documents/LPRS2_2026/Robo_Hand_RS485/ROS2/robo_hand_ws/install/uf_ros_lib:/home/berenic/Documents/LPRS2_2026/Robo_Hand_RS485/ROS2/robo_hand_ws/install/glue_events_routines:/home/berenic/Documents/LPRS2_2026/Robo_Hand_RS485/ROS2/robo_hand_ws/install/xarm_planner:/home/berenic/Documents/LPRS2_2026/Robo_Hand_RS485/ROS2/robo_hand_ws/install/xarm_moveit_servo:/home/berenic/Documents/LPRS2_2026/Robo_Hand_RS485/ROS2/robo_hand_ws/install/xarm_moveit_config:/home/berenic/Documents/LPRS2_2026/Robo_Hand_RS485/ROS2/robo_hand_ws/install/xarm_gazebo:/home/berenic/Documents/LPRS2_2026/Robo_Hand_RS485/ROS2/robo_hand_ws/install/xarm_controller:/home/berenic/Documents/LPRS2_2026/Robo_Hand_RS485/ROS2/robo_hand_ws/install/xarm_api:/home/berenic/Documents/LPRS2_2026/Robo_Hand_RS485/ROS2/robo_hand_ws/install/xarm_sdk:/home/berenic/Documents/LPRS2_2026/Robo_Hand_RS485/ROS2/robo_hand_ws/install/xarm_msgs:/home/berenic/Documents/LPRS2_2026/Robo_Hand_RS485/ROS2/robo_hand_ws/install/xarm_description:/home/berenic/Documents/LPRS2_2026/Robo_Hand_RS485/ROS2/robo_hand_ws/install/mbot_demo:/home/berenic/Documents/LPRS2_2026/Robo_Hand_RS485/ROS2/robo_hand_ws/install/realsense_gazebo_plugin:/opt/ros/jazzy CMAKE_PREFIX_PATH=/home/berenic/Documents/LPRS2_2026/Robo_Hand_RS485/ROS2/robo_hand_ws/install/xarm_gazebo:/home/berenic/Documents/LPRS2_2026/Robo_Hand_RS485/ROS2/robo_hand_ws/install/xarm_controller:/home/berenic/Documents/LPRS2_2026/Robo_Hand_RS485/ROS2/robo_hand_ws/install/xarm_api:/home/berenic/Documents/LPRS2_2026/Robo_Hand_RS485/ROS2/robo_hand_ws/install/xarm_sdk:/home/berenic/Documents/LPRS2_2026/Robo_Hand_RS485/ROS2/robo_hand_ws/install/xarm_msgs:/home/berenic/Documents/LPRS2_2026/Robo_Hand_RS485/ROS2/robo_hand_ws/install/xarm_description:/home/berenic/Documents/LPRS2_2026/Robo_Hand_RS485/ROS2/robo_hand_ws/install/glue_events_routines:/home/berenic/Documents/LPRS2_2026/Robo_Hand_RS485/ROS2/robo_hand_ws/install/xarm_planner:/home/berenic/Documents/LPRS2_2026/Robo_Hand_RS485/ROS2/robo_hand_ws/install/xarm_moveit_servo:/home/berenic/Documents/LPRS2_2026/Robo_Hand_RS485/ROS2/robo_hand_ws/install/xarm_moveit_config:/home/berenic/Documents/LPRS2_2026/Robo_Hand_RS485/ROS2/robo_hand_ws/install/mbot_demo:/home/berenic/Documents/LPRS2_2026/Robo_Hand_RS485/ROS2/robo_hand_ws/install/realsense_gazebo_plugin:/opt/ros/jazzy/opt/gz_sim_vendor:/opt/ros/jazzy/opt/gz_sensors_vendor:/opt/ros/jazzy/opt/gz_physics_vendor:/opt/ros/jazzy/opt/sdformat_vendor:/opt/ros/jazzy/opt/gz_gui_vendor:/opt/ros/jazzy/opt/gz_transport_vendor:/opt/ros/jazzy/opt/gz_rendering_vendor:/opt/ros/jazzy/opt/gz_plugin_vendor:/opt/ros/jazzy/opt/gz_fuel_tools_vendor:/opt/ros/jazzy/opt/gz_msgs_vendor:/opt/ros/jazzy/opt/gz_common_vendor:/opt/ros/jazzy/opt/gz_math_vendor:/opt/ros/jazzy/opt/gz_utils_vendor:/opt/ros/jazzy/opt/gz_tools_vendor:/opt/ros/jazzy/opt/gz_ogre_next_vendor:/opt/ros/jazzy/opt/gz_dartsim_vendor:/opt/ros/jazzy/opt/gz_cmake_vendor:/home/berenic/Documents/LPRS2_2026/Robo_Hand_RS485/ROS2/robo_hand_ws/install/uf_ros_lib:/opt/ros/jazzy DEBUGINFOD_URLS=https://debuginfod.ubuntu.com LD_LIBRARY_PATH=/home/berenic/Documents/LPRS2_2026/Robo_Hand_RS485/ROS2/robo_hand_ws/install/xarm_gazebo/lib:/home/berenic/Documents/LPRS2_2026/Robo_Hand_RS485/ROS2/robo_hand_ws/install/xarm_controller/lib:/home/berenic/Documents/LPRS2_2026/Robo_Hand_RS485/ROS2/robo_hand_ws/install/xarm_api/lib:/home/berenic/Documents/LPRS2_2026/Robo_Hand_RS485/ROS2/robo_hand_ws/install/xarm_sdk/lib:/home/berenic/Documents/LPRS2_2026/Robo_Hand_RS485/ROS2/robo_hand_ws/install/xarm_msgs/lib:/home/berenic/Documents/LPRS2_2026/Robo_Hand_RS485/ROS2/robo_hand_ws/install/xarm_planner/lib:/home/berenic/Documents/LPRS2_2026/Robo_Hand_RS485/ROS2/robo_hand_ws/install/xarm_moveit_servo/lib:/home/berenic/Documents/LPRS2_2026/Robo_Hand_RS485/ROS2/robo_hand_ws/install/realsense_gazebo_plugin/lib:/opt/ros/jazzy/opt/gz_sim_vendor/lib:/opt/ros/jazzy/opt/gz_sensors_vendor/lib:/opt/ros/jazzy/opt/gz_physics_vendor/lib:/opt/ros/jazzy/opt/sdformat_vendor/lib:/opt/ros/jazzy/opt/rviz_ogre_vendor/lib:/opt/ros/jazzy/lib/x86_64-linux-gnu:/opt/ros/jazzy/opt/gz_gui_vendor/lib:/opt/ros/jazzy/opt/gz_transport_vendor/lib:/opt/ros/jazzy/opt/gz_rendering_vendor/lib:/opt/ros/jazzy/opt/gz_plugin_vendor/lib:/opt/ros/jazzy/opt/gz_fuel_tools_vendor/lib:/opt/ros/jazzy/opt/gz_msgs_vendor/lib:/opt/ros/jazzy/opt/gz_common_vendor/lib:/opt/ros/jazzy/opt/gz_math_vendor/lib:/opt/ros/jazzy/opt/gz_utils_vendor/lib:/opt/ros/jazzy/opt/gz_tools_vendor/lib:/opt/ros/jazzy/opt/gz_ogre_next_vendor/lib:/opt/ros/jazzy/opt/gz_dartsim_vendor/lib:/opt/ros/jazzy/opt/gz_cmake_vendor/lib:/opt/ros/jazzy/lib /usr/bin/cmake --install /home/berenic/Documents/LPRS2_2026/Robo_Hand_RS485/ROS2/robo_hand_ws/build/xarm_moveit_config
[4.254s] Level 1:colcon.colcon_core.environment:create_environment_scripts_only(xarm_moveit_config)
[4.254s] Level 1:colcon.colcon_core.environment:checking '/home/berenic/Documents/LPRS2_2026/Robo_Hand_RS485/ROS2/robo_hand_ws/install/xarm_moveit_config' for CMake module files
[4.255s] DEBUG:colcon.colcon_core.event_handler.log_command:Invoked command in '/home/berenic/Documents/LPRS2_2026/Robo_Hand_RS485/ROS2/robo_hand_ws/build/xarm_moveit_config' returned '0': AMENT_PREFIX_PATH=/home/berenic/Documents/LPRS2_2026/Robo_Hand_RS485/ROS2/robo_hand_ws/install/uf_ros_lib:/home/berenic/Documents/LPRS2_2026/Robo_Hand_RS485/ROS2/robo_hand_ws/install/glue_events_routines:/home/berenic/Documents/LPRS2_2026/Robo_Hand_RS485/ROS2/robo_hand_ws/install/xarm_planner:/home/berenic/Documents/LPRS2_2026/Robo_Hand_RS485/ROS2/robo_hand_ws/install/xarm_moveit_servo:/home/berenic/Documents/LPRS2_2026/Robo_Hand_RS485/ROS2/robo_hand_ws/install/xarm_moveit_config:/home/berenic/Documents/LPRS2_2026/Robo_Hand_RS485/ROS2/robo_hand_ws/install/xarm_gazebo:/home/berenic/Documents/LPRS2_2026/Robo_Hand_RS485/ROS2/robo_hand_ws/install/xarm_controller:/home/berenic/Documents/LPRS2_2026/Robo_Hand_RS485/ROS2/robo_hand_ws/install/xarm_api:/home/berenic/Documents/LPRS2_2026/Robo_Hand_RS485/ROS2/robo_hand_ws/install/xarm_sdk:/home/berenic/Documents/LPRS2_2026/Robo_Hand_RS485/ROS2/robo_hand_ws/install/xarm_msgs:/home/berenic/Documents/LPRS2_2026/Robo_Hand_RS485/ROS2/robo_hand_ws/install/xarm_description:/home/berenic/Documents/LPRS2_2026/Robo_Hand_RS485/ROS2/robo_hand_ws/install/mbot_demo:/home/berenic/Documents/LPRS2_2026/Robo_Hand_RS485/ROS2/robo_hand_ws/install/realsense_gazebo_plugin:/opt/ros/jazzy CMAKE_PREFIX_PATH=/home/berenic/Documents/LPRS2_2026/Robo_Hand_RS485/ROS2/robo_hand_ws/install/xarm_gazebo:/home/berenic/Documents/LPRS2_2026/Robo_Hand_RS485/ROS2/robo_hand_ws/install/xarm_controller:/home/berenic/Documents/LPRS2_2026/Robo_Hand_RS485/ROS2/robo_hand_ws/install/xarm_api:/home/berenic/Documents/LPRS2_2026/Robo_Hand_RS485/ROS2/robo_hand_ws/install/xarm_sdk:/home/berenic/Documents/LPRS2_2026/Robo_Hand_RS485/ROS2/robo_hand_ws/install/xarm_msgs:/home/berenic/Documents/LPRS2_2026/Robo_Hand_RS485/ROS2/robo_hand_ws/install/xarm_description:/home/berenic/Documents/LPRS2_2026/Robo_Hand_RS485/ROS2/robo_hand_ws/install/glue_events_routines:/home/berenic/Documents/LPRS2_2026/Robo_Hand_RS485/ROS2/robo_hand_ws/install/xarm_planner:/home/berenic/Documents/LPRS2_2026/Robo_Hand_RS485/ROS2/robo_hand_ws/install/xarm_moveit_servo:/home/berenic/Documents/LPRS2_2026/Robo_Hand_RS485/ROS2/robo_hand_ws/install/xarm_moveit_config:/home/berenic/Documents/LPRS2_2026/Robo_Hand_RS485/ROS2/robo_hand_ws/install/mbot_demo:/home/berenic/Documents/LPRS2_2026/Robo_Hand_RS485/ROS2/robo_hand_ws/install/realsense_gazebo_plugin:/opt/ros/jazzy/opt/gz_sim_vendor:/opt/ros/jazzy/opt/gz_sensors_vendor:/opt/ros/jazzy/opt/gz_physics_vendor:/opt/ros/jazzy/opt/sdformat_vendor:/opt/ros/jazzy/opt/gz_gui_vendor:/opt/ros/jazzy/opt/gz_transport_vendor:/opt/ros/jazzy/opt/gz_rendering_vendor:/opt/ros/jazzy/opt/gz_plugin_vendor:/opt/ros/jazzy/opt/gz_fuel_tools_vendor:/opt/ros/jazzy/opt/gz_msgs_vendor:/opt/ros/jazzy/opt/gz_common_vendor:/opt/ros/jazzy/opt/gz_math_vendor:/opt/ros/jazzy/opt/gz_utils_vendor:/opt/ros/jazzy/opt/gz_tools_vendor:/opt/ros/jazzy/opt/gz_ogre_next_vendor:/opt/ros/jazzy/opt/gz_dartsim_vendor:/opt/ros/jazzy/opt/gz_cmake_vendor:/home/berenic/Documents/LPRS2_2026/Robo_Hand_RS485/ROS2/robo_hand_ws/install/uf_ros_lib:/opt/ros/jazzy DEBUGINFOD_URLS=https://debuginfod.ubuntu.com LD_LIBRARY_PATH=/home/berenic/Documents/LPRS2_2026/Robo_Hand_RS485/ROS2/robo_hand_ws/install/xarm_gazebo/lib:/home/berenic/Documents/LPRS2_2026/Robo_Hand_RS485/ROS2/robo_hand_ws/install/xarm_controller/lib:/home/berenic/Documents/LPRS2_2026/Robo_Hand_RS485/ROS2/robo_hand_ws/install/xarm_api/lib:/home/berenic/Documents/LPRS2_2026/Robo_Hand_RS485/ROS2/robo_hand_ws/install/xarm_sdk/lib:/home/berenic/Documents/LPRS2_2026/Robo_Hand_RS485/ROS2/robo_hand_ws/install/xarm_msgs/lib:/home/berenic/Documents/LPRS2_2026/Robo_Hand_RS485/ROS2/robo_hand_ws/install/xarm_planner/lib:/home/berenic/Documents/LPRS2_2026/Robo_Hand_RS485/ROS2/robo_hand_ws/install/xarm_moveit_servo/lib:/home/berenic/Documents/LPRS2_2026/Robo_Hand_RS485/ROS2/robo_hand_ws/install/realsense_gazebo_plugin/lib:/opt/ros/jazzy/opt/gz_sim_vendor/lib:/opt/ros/jazzy/opt/gz_sensors_vendor/lib:/opt/ros/jazzy/opt/gz_physics_vendor/lib:/opt/ros/jazzy/opt/sdformat_vendor/lib:/opt/ros/jazzy/opt/rviz_ogre_vendor/lib:/opt/ros/jazzy/lib/x86_64-linux-gnu:/opt/ros/jazzy/opt/gz_gui_vendor/lib:/opt/ros/jazzy/opt/gz_transport_vendor/lib:/opt/ros/jazzy/opt/gz_rendering_vendor/lib:/opt/ros/jazzy/opt/gz_plugin_vendor/lib:/opt/ros/jazzy/opt/gz_fuel_tools_vendor/lib:/opt/ros/jazzy/opt/gz_msgs_vendor/lib:/opt/ros/jazzy/opt/gz_common_vendor/lib:/opt/ros/jazzy/opt/gz_math_vendor/lib:/opt/ros/jazzy/opt/gz_utils_vendor/lib:/opt/ros/jazzy/opt/gz_tools_vendor/lib:/opt/ros/jazzy/opt/gz_ogre_next_vendor/lib:/opt/ros/jazzy/opt/gz_dartsim_vendor/lib:/opt/ros/jazzy/opt/gz_cmake_vendor/lib:/opt/ros/jazzy/lib /usr/bin/cmake --install /home/berenic/Documents/LPRS2_2026/Robo_Hand_RS485/ROS2/robo_hand_ws/build/xarm_moveit_config
[4.256s] Level 1:colcon.colcon_core.environment:checking '/home/berenic/Documents/LPRS2_2026/Robo_Hand_RS485/ROS2/robo_hand_ws/install/xarm_moveit_config' for CMake config files
[4.257s] Level 1:colcon.colcon_core.shell:create_environment_hook('xarm_moveit_config', 'cmake_prefix_path')
[4.257s] INFO:colcon.colcon_core.shell:Creating environment hook '/home/berenic/Documents/LPRS2_2026/Robo_Hand_RS485/ROS2/robo_hand_ws/install/xarm_moveit_config/share/xarm_moveit_config/hook/cmake_prefix_path.ps1'
[4.258s] INFO:colcon.colcon_core.shell:Creating environment descriptor '/home/berenic/Documents/LPRS2_2026/Robo_Hand_RS485/ROS2/robo_hand_ws/install/xarm_moveit_config/share/xarm_moveit_config/hook/cmake_prefix_path.dsv'
[4.259s] INFO:colcon.colcon_core.shell:Creating environment hook '/home/berenic/Documents/LPRS2_2026/Robo_Hand_RS485/ROS2/robo_hand_ws/install/xarm_moveit_config/share/xarm_moveit_config/hook/cmake_prefix_path.sh'
[4.260s] Level 1:colcon.colcon_core.environment:checking '/home/berenic/Documents/LPRS2_2026/Robo_Hand_RS485/ROS2/robo_hand_ws/install/xarm_moveit_config/bin'
[4.260s] Level 1:colcon.colcon_core.environment:checking '/home/berenic/Documents/LPRS2_2026/Robo_Hand_RS485/ROS2/robo_hand_ws/install/xarm_moveit_config/lib/pkgconfig/xarm_moveit_config.pc'
[4.260s] Level 1:colcon.colcon_core.environment:checking '/home/berenic/Documents/LPRS2_2026/Robo_Hand_RS485/ROS2/robo_hand_ws/install/xarm_moveit_config/lib/python3.12/site-packages'
[4.261s] Level 1:colcon.colcon_core.environment:checking '/home/berenic/Documents/LPRS2_2026/Robo_Hand_RS485/ROS2/robo_hand_ws/install/xarm_moveit_config/bin'
[4.261s] INFO:colcon.colcon_core.shell:Creating package script '/home/berenic/Documents/LPRS2_2026/Robo_Hand_RS485/ROS2/robo_hand_ws/install/xarm_moveit_config/share/xarm_moveit_config/package.ps1'
[4.262s] INFO:colcon.colcon_core.shell:Creating package descriptor '/home/berenic/Documents/LPRS2_2026/Robo_Hand_RS485/ROS2/robo_hand_ws/install/xarm_moveit_config/share/xarm_moveit_config/package.dsv'
[4.262s] INFO:colcon.colcon_core.shell:Creating package script '/home/berenic/Documents/LPRS2_2026/Robo_Hand_RS485/ROS2/robo_hand_ws/install/xarm_moveit_config/share/xarm_moveit_config/package.sh'
[4.263s] INFO:colcon.colcon_core.shell:Creating package script '/home/berenic/Documents/LPRS2_2026/Robo_Hand_RS485/ROS2/robo_hand_ws/install/xarm_moveit_config/share/xarm_moveit_config/package.bash'
[4.264s] INFO:colcon.colcon_core.shell:Creating package script '/home/berenic/Documents/LPRS2_2026/Robo_Hand_RS485/ROS2/robo_hand_ws/install/xarm_moveit_config/share/xarm_moveit_config/package.zsh'
[4.264s] Level 1:colcon.colcon_core.environment:create_file_with_runtime_dependencies(/home/berenic/Documents/LPRS2_2026/Robo_Hand_RS485/ROS2/robo_hand_ws/install/xarm_moveit_config/share/colcon-core/packages/xarm_moveit_config)
[4.265s] Level 1:colcon.colcon_core.environment:create_environment_scripts_only(xarm_moveit_config)
[4.266s] Level 1:colcon.colcon_core.environment:checking '/home/berenic/Documents/LPRS2_2026/Robo_Hand_RS485/ROS2/robo_hand_ws/install/xarm_moveit_config' for CMake module files
[4.267s] Level 1:colcon.colcon_core.environment:checking '/home/berenic/Documents/LPRS2_2026/Robo_Hand_RS485/ROS2/robo_hand_ws/install/xarm_moveit_config' for CMake config files
[4.267s] Level 1:colcon.colcon_core.shell:create_environment_hook('xarm_moveit_config', 'cmake_prefix_path')
[4.267s] INFO:colcon.colcon_core.shell:Creating environment hook '/home/berenic/Documents/LPRS2_2026/Robo_Hand_RS485/ROS2/robo_hand_ws/install/xarm_moveit_config/share/xarm_moveit_config/hook/cmake_prefix_path.ps1'
[4.268s] INFO:colcon.colcon_core.shell:Creating environment descriptor '/home/berenic/Documents/LPRS2_2026/Robo_Hand_RS485/ROS2/robo_hand_ws/install/xarm_moveit_config/share/xarm_moveit_config/hook/cmake_prefix_path.dsv'
[4.269s] INFO:colcon.colcon_core.shell:Creating environment hook '/home/berenic/Documents/LPRS2_2026/Robo_Hand_RS485/ROS2/robo_hand_ws/install/xarm_moveit_config/share/xarm_moveit_config/hook/cmake_prefix_path.sh'
[4.270s] Level 1:colcon.colcon_core.environment:checking '/home/berenic/Documents/LPRS2_2026/Robo_Hand_RS485/ROS2/robo_hand_ws/install/xarm_moveit_config/bin'
[4.270s] Level 1:colcon.colcon_core.environment:checking '/home/berenic/Documents/LPRS2_2026/Robo_Hand_RS485/ROS2/robo_hand_ws/install/xarm_moveit_config/lib/pkgconfig/xarm_moveit_config.pc'
[4.270s] Level 1:colcon.colcon_core.environment:checking '/home/berenic/Documents/LPRS2_2026/Robo_Hand_RS485/ROS2/robo_hand_ws/install/xarm_moveit_config/lib/python3.12/site-packages'
[4.271s] Level 1:colcon.colcon_core.environment:checking '/home/berenic/Documents/LPRS2_2026/Robo_Hand_RS485/ROS2/robo_hand_ws/install/xarm_moveit_config/bin'
[4.271s] INFO:colcon.colcon_core.shell:Creating package script '/home/berenic/Documents/LPRS2_2026/Robo_Hand_RS485/ROS2/robo_hand_ws/install/xarm_moveit_config/share/xarm_moveit_config/package.ps1'
[4.272s] INFO:colcon.colcon_core.shell:Creating package descriptor '/home/berenic/Documents/LPRS2_2026/Robo_Hand_RS485/ROS2/robo_hand_ws/install/xarm_moveit_config/share/xarm_moveit_config/package.dsv'
[4.273s] INFO:colcon.colcon_core.shell:Creating package script '/home/berenic/Documents/LPRS2_2026/Robo_Hand_RS485/ROS2/robo_hand_ws/install/xarm_moveit_config/share/xarm_moveit_config/package.sh'
[4.274s] INFO:colcon.colcon_core.shell:Creating package script '/home/berenic/Documents/LPRS2_2026/Robo_Hand_RS485/ROS2/robo_hand_ws/install/xarm_moveit_config/share/xarm_moveit_config/package.bash'
[4.274s] INFO:colcon.colcon_core.shell:Creating package script '/home/berenic/Documents/LPRS2_2026/Robo_Hand_RS485/ROS2/robo_hand_ws/install/xarm_moveit_config/share/xarm_moveit_config/package.zsh'
[4.275s] Level 1:colcon.colcon_core.environment:create_file_with_runtime_dependencies(/home/berenic/Documents/LPRS2_2026/Robo_Hand_RS485/ROS2/robo_hand_ws/install/xarm_moveit_config/share/colcon-core/packages/xarm_moveit_config)
[4.276s] INFO:colcon.colcon_ros.task.ament_cmake.build:Building ROS package in '/home/berenic/Documents/LPRS2_2026/Robo_Hand_RS485/ROS2/robo_hand_ws/src/xarm_ros2/xarm_moveit_servo' with build type 'ament_cmake'
[4.276s] INFO:colcon.colcon_cmake.task.cmake.build:Building CMake package in '/home/berenic/Documents/LPRS2_2026/Robo_Hand_RS485/ROS2/robo_hand_ws/src/xarm_ros2/xarm_moveit_servo'
[4.277s] INFO:colcon.colcon_core.shell:Skip shell extension 'powershell' for command environment: Not usable outside of PowerShell
[4.277s] DEBUG:colcon.colcon_core.shell:Skip shell extension 'dsv' for command environment
[4.286s] INFO:colcon.colcon_ros.task.ament_cmake.build:Building ROS package in '/home/berenic/Documents/LPRS2_2026/Robo_Hand_RS485/ROS2/robo_hand_ws/src/xarm_ros2/xarm_planner' with build type 'ament_cmake'
[4.286s] INFO:colcon.colcon_cmake.task.cmake.build:Building CMake package in '/home/berenic/Documents/LPRS2_2026/Robo_Hand_RS485/ROS2/robo_hand_ws/src/xarm_ros2/xarm_planner'
[4.286s] INFO:colcon.colcon_core.shell:Skip shell extension 'powershell' for command environment: Not usable outside of PowerShell
[4.287s] DEBUG:colcon.colcon_core.shell:Skip shell extension 'dsv' for command environment
[4.322s] DEBUG:colcon.colcon_core.event_handler.log_command:Invoking command in '/home/berenic/Documents/LPRS2_2026/Robo_Hand_RS485/ROS2/robo_hand_ws/build/xarm_moveit_servo': AMENT_PREFIX_PATH=/home/berenic/Documents/LPRS2_2026/Robo_Hand_RS485/ROS2/robo_hand_ws/install/uf_ros_lib:/home/berenic/Documents/LPRS2_2026/Robo_Hand_RS485/ROS2/robo_hand_ws/install/glue_events_routines:/home/berenic/Documents/LPRS2_2026/Robo_Hand_RS485/ROS2/robo_hand_ws/install/xarm_planner:/home/berenic/Documents/LPRS2_2026/Robo_Hand_RS485/ROS2/robo_hand_ws/install/xarm_moveit_servo:/home/berenic/Documents/LPRS2_2026/Robo_Hand_RS485/ROS2/robo_hand_ws/install/xarm_moveit_config:/home/berenic/Documents/LPRS2_2026/Robo_Hand_RS485/ROS2/robo_hand_ws/install/xarm_gazebo:/home/berenic/Documents/LPRS2_2026/Robo_Hand_RS485/ROS2/robo_hand_ws/install/xarm_controller:/home/berenic/Documents/LPRS2_2026/Robo_Hand_RS485/ROS2/robo_hand_ws/install/xarm_api:/home/berenic/Documents/LPRS2_2026/Robo_Hand_RS485/ROS2/robo_hand_ws/install/xarm_sdk:/home/berenic/Documents/LPRS2_2026/Robo_Hand_RS485/ROS2/robo_hand_ws/install/xarm_msgs:/home/berenic/Documents/LPRS2_2026/Robo_Hand_RS485/ROS2/robo_hand_ws/install/xarm_description:/home/berenic/Documents/LPRS2_2026/Robo_Hand_RS485/ROS2/robo_hand_ws/install/mbot_demo:/home/berenic/Documents/LPRS2_2026/Robo_Hand_RS485/ROS2/robo_hand_ws/install/realsense_gazebo_plugin:/opt/ros/jazzy CMAKE_PREFIX_PATH=/home/berenic/Documents/LPRS2_2026/Robo_Hand_RS485/ROS2/robo_hand_ws/install/xarm_moveit_config:/home/berenic/Documents/LPRS2_2026/Robo_Hand_RS485/ROS2/robo_hand_ws/install/xarm_gazebo:/home/berenic/Documents/LPRS2_2026/Robo_Hand_RS485/ROS2/robo_hand_ws/install/xarm_controller:/home/berenic/Documents/LPRS2_2026/Robo_Hand_RS485/ROS2/robo_hand_ws/install/xarm_api:/home/berenic/Documents/LPRS2_2026/Robo_Hand_RS485/ROS2/robo_hand_ws/install/xarm_sdk:/home/berenic/Documents/LPRS2_2026/Robo_Hand_RS485/ROS2/robo_hand_ws/install/xarm_msgs:/home/berenic/Documents/LPRS2_2026/Robo_Hand_RS485/ROS2/robo_hand_ws/install/xarm_description:/home/berenic/Documents/LPRS2_2026/Robo_Hand_RS485/ROS2/robo_hand_ws/install/glue_events_routines:/home/berenic/Documents/LPRS2_2026/Robo_Hand_RS485/ROS2/robo_hand_ws/install/xarm_planner:/home/berenic/Documents/LPRS2_2026/Robo_Hand_RS485/ROS2/robo_hand_ws/install/xarm_moveit_servo:/home/berenic/Documents/LPRS2_2026/Robo_Hand_RS485/ROS2/robo_hand_ws/install/mbot_demo:/home/berenic/Documents/LPRS2_2026/Robo_Hand_RS485/ROS2/robo_hand_ws/install/realsense_gazebo_plugin:/opt/ros/jazzy/opt/gz_sim_vendor:/opt/ros/jazzy/opt/gz_sensors_vendor:/opt/ros/jazzy/opt/gz_physics_vendor:/opt/ros/jazzy/opt/sdformat_vendor:/opt/ros/jazzy/opt/gz_gui_vendor:/opt/ros/jazzy/opt/gz_transport_vendor:/opt/ros/jazzy/opt/gz_rendering_vendor:/opt/ros/jazzy/opt/gz_plugin_vendor:/opt/ros/jazzy/opt/gz_fuel_tools_vendor:/opt/ros/jazzy/opt/gz_msgs_vendor:/opt/ros/jazzy/opt/gz_common_vendor:/opt/ros/jazzy/opt/gz_math_vendor:/opt/ros/jazzy/opt/gz_utils_vendor:/opt/ros/jazzy/opt/gz_tools_vendor:/opt/ros/jazzy/opt/gz_ogre_next_vendor:/opt/ros/jazzy/opt/gz_dartsim_vendor:/opt/ros/jazzy/opt/gz_cmake_vendor:/home/berenic/Documents/LPRS2_2026/Robo_Hand_RS485/ROS2/robo_hand_ws/install/uf_ros_lib:/opt/ros/jazzy DEBUGINFOD_URLS=https://debuginfod.ubuntu.com LD_LIBRARY_PATH=/home/berenic/Documents/LPRS2_2026/Robo_Hand_RS485/ROS2/robo_hand_ws/install/xarm_gazebo/lib:/home/berenic/Documents/LPRS2_2026/Robo_Hand_RS485/ROS2/robo_hand_ws/install/xarm_controller/lib:/home/berenic/Documents/LPRS2_2026/Robo_Hand_RS485/ROS2/robo_hand_ws/install/xarm_api/lib:/home/berenic/Documents/LPRS2_2026/Robo_Hand_RS485/ROS2/robo_hand_ws/install/xarm_sdk/lib:/home/berenic/Documents/LPRS2_2026/Robo_Hand_RS485/ROS2/robo_hand_ws/install/xarm_msgs/lib:/home/berenic/Documents/LPRS2_2026/Robo_Hand_RS485/ROS2/robo_hand_ws/install/xarm_planner/lib:/home/berenic/Documents/LPRS2_2026/Robo_Hand_RS485/ROS2/robo_hand_ws/install/xarm_moveit_servo/lib:/home/berenic/Documents/LPRS2_2026/Robo_Hand_RS485/ROS2/robo_hand_ws/install/realsense_gazebo_plugin/lib:/opt/ros/jazzy/opt/gz_sim_vendor/lib:/opt/ros/jazzy/opt/gz_sensors_vendor/lib:/opt/ros/jazzy/opt/gz_physics_vendor/lib:/opt/ros/jazzy/opt/sdformat_vendor/lib:/opt/ros/jazzy/opt/rviz_ogre_vendor/lib:/opt/ros/jazzy/lib/x86_64-linux-gnu:/opt/ros/jazzy/opt/gz_gui_vendor/lib:/opt/ros/jazzy/opt/gz_transport_vendor/lib:/opt/ros/jazzy/opt/gz_rendering_vendor/lib:/opt/ros/jazzy/opt/gz_plugin_vendor/lib:/opt/ros/jazzy/opt/gz_fuel_tools_vendor/lib:/opt/ros/jazzy/opt/gz_msgs_vendor/lib:/opt/ros/jazzy/opt/gz_common_vendor/lib:/opt/ros/jazzy/opt/gz_math_vendor/lib:/opt/ros/jazzy/opt/gz_utils_vendor/lib:/opt/ros/jazzy/opt/gz_tools_vendor/lib:/opt/ros/jazzy/opt/gz_ogre_next_vendor/lib:/opt/ros/jazzy/opt/gz_dartsim_vendor/lib:/opt/ros/jazzy/opt/gz_cmake_vendor/lib:/opt/ros/jazzy/lib /usr/bin/cmake --build /home/berenic/Documents/LPRS2_2026/Robo_Hand_RS485/ROS2/robo_hand_ws/build/xarm_moveit_servo -- -j12 -l12
[4.332s] DEBUG:colcon.colcon_core.event_handler.log_command:Invoking command in '/home/berenic/Documents/LPRS2_2026/Robo_Hand_RS485/ROS2/robo_hand_ws/build/xarm_planner': AMENT_PREFIX_PATH=/home/berenic/Documents/LPRS2_2026/Robo_Hand_RS485/ROS2/robo_hand_ws/install/uf_ros_lib:/home/berenic/Documents/LPRS2_2026/Robo_Hand_RS485/ROS2/robo_hand_ws/install/glue_events_routines:/home/berenic/Documents/LPRS2_2026/Robo_Hand_RS485/ROS2/robo_hand_ws/install/xarm_planner:/home/berenic/Documents/LPRS2_2026/Robo_Hand_RS485/ROS2/robo_hand_ws/install/xarm_moveit_servo:/home/berenic/Documents/LPRS2_2026/Robo_Hand_RS485/ROS2/robo_hand_ws/install/xarm_moveit_config:/home/berenic/Documents/LPRS2_2026/Robo_Hand_RS485/ROS2/robo_hand_ws/install/xarm_gazebo:/home/berenic/Documents/LPRS2_2026/Robo_Hand_RS485/ROS2/robo_hand_ws/install/xarm_controller:/home/berenic/Documents/LPRS2_2026/Robo_Hand_RS485/ROS2/robo_hand_ws/install/xarm_api:/home/berenic/Documents/LPRS2_2026/Robo_Hand_RS485/ROS2/robo_hand_ws/install/xarm_sdk:/home/berenic/Documents/LPRS2_2026/Robo_Hand_RS485/ROS2/robo_hand_ws/install/xarm_msgs:/home/berenic/Documents/LPRS2_2026/Robo_Hand_RS485/ROS2/robo_hand_ws/install/xarm_description:/home/berenic/Documents/LPRS2_2026/Robo_Hand_RS485/ROS2/robo_hand_ws/install/mbot_demo:/home/berenic/Documents/LPRS2_2026/Robo_Hand_RS485/ROS2/robo_hand_ws/install/realsense_gazebo_plugin:/opt/ros/jazzy CMAKE_PREFIX_PATH=/home/berenic/Documents/LPRS2_2026/Robo_Hand_RS485/ROS2/robo_hand_ws/install/xarm_moveit_config:/home/berenic/Documents/LPRS2_2026/Robo_Hand_RS485/ROS2/robo_hand_ws/install/xarm_gazebo:/home/berenic/Documents/LPRS2_2026/Robo_Hand_RS485/ROS2/robo_hand_ws/install/xarm_controller:/home/berenic/Documents/LPRS2_2026/Robo_Hand_RS485/ROS2/robo_hand_ws/install/xarm_api:/home/berenic/Documents/LPRS2_2026/Robo_Hand_RS485/ROS2/robo_hand_ws/install/xarm_sdk:/home/berenic/Documents/LPRS2_2026/Robo_Hand_RS485/ROS2/robo_hand_ws/install/xarm_msgs:/home/berenic/Documents/LPRS2_2026/Robo_Hand_RS485/ROS2/robo_hand_ws/install/xarm_description:/home/berenic/Documents/LPRS2_2026/Robo_Hand_RS485/ROS2/robo_hand_ws/install/glue_events_routines:/home/berenic/Documents/LPRS2_2026/Robo_Hand_RS485/ROS2/robo_hand_ws/install/xarm_planner:/home/berenic/Documents/LPRS2_2026/Robo_Hand_RS485/ROS2/robo_hand_ws/install/xarm_moveit_servo:/home/berenic/Documents/LPRS2_2026/Robo_Hand_RS485/ROS2/robo_hand_ws/install/mbot_demo:/home/berenic/Documents/LPRS2_2026/Robo_Hand_RS485/ROS2/robo_hand_ws/install/realsense_gazebo_plugin:/opt/ros/jazzy/opt/gz_sim_vendor:/opt/ros/jazzy/opt/gz_sensors_vendor:/opt/ros/jazzy/opt/gz_physics_vendor:/opt/ros/jazzy/opt/sdformat_vendor:/opt/ros/jazzy/opt/gz_gui_vendor:/opt/ros/jazzy/opt/gz_transport_vendor:/opt/ros/jazzy/opt/gz_rendering_vendor:/opt/ros/jazzy/opt/gz_plugin_vendor:/opt/ros/jazzy/opt/gz_fuel_tools_vendor:/opt/ros/jazzy/opt/gz_msgs_vendor:/opt/ros/jazzy/opt/gz_common_vendor:/opt/ros/jazzy/opt/gz_math_vendor:/opt/ros/jazzy/opt/gz_utils_vendor:/opt/ros/jazzy/opt/gz_tools_vendor:/opt/ros/jazzy/opt/gz_ogre_next_vendor:/opt/ros/jazzy/opt/gz_dartsim_vendor:/opt/ros/jazzy/opt/gz_cmake_vendor:/home/berenic/Documents/LPRS2_2026/Robo_Hand_RS485/ROS2/robo_hand_ws/install/uf_ros_lib:/opt/ros/jazzy DEBUGINFOD_URLS=https://debuginfod.ubuntu.com LD_LIBRARY_PATH=/home/berenic/Documents/LPRS2_2026/Robo_Hand_RS485/ROS2/robo_hand_ws/install/xarm_gazebo/lib:/home/berenic/Documents/LPRS2_2026/Robo_Hand_RS485/ROS2/robo_hand_ws/install/xarm_controller/lib:/home/berenic/Documents/LPRS2_2026/Robo_Hand_RS485/ROS2/robo_hand_ws/install/xarm_api/lib:/home/berenic/Documents/LPRS2_2026/Robo_Hand_RS485/ROS2/robo_hand_ws/install/xarm_sdk/lib:/home/berenic/Documents/LPRS2_2026/Robo_Hand_RS485/ROS2/robo_hand_ws/install/xarm_msgs/lib:/home/berenic/Documents/LPRS2_2026/Robo_Hand_RS485/ROS2/robo_hand_ws/install/xarm_planner/lib:/home/berenic/Documents/LPRS2_2026/Robo_Hand_RS485/ROS2/robo_hand_ws/install/xarm_moveit_servo/lib:/home/berenic/Documents/LPRS2_2026/Robo_Hand_RS485/ROS2/robo_hand_ws/install/realsense_gazebo_plugin/lib:/opt/ros/jazzy/opt/gz_sim_vendor/lib:/opt/ros/jazzy/opt/gz_sensors_vendor/lib:/opt/ros/jazzy/opt/gz_physics_vendor/lib:/opt/ros/jazzy/opt/sdformat_vendor/lib:/opt/ros/jazzy/opt/rviz_ogre_vendor/lib:/opt/ros/jazzy/lib/x86_64-linux-gnu:/opt/ros/jazzy/opt/gz_gui_vendor/lib:/opt/ros/jazzy/opt/gz_transport_vendor/lib:/opt/ros/jazzy/opt/gz_rendering_vendor/lib:/opt/ros/jazzy/opt/gz_plugin_vendor/lib:/opt/ros/jazzy/opt/gz_fuel_tools_vendor/lib:/opt/ros/jazzy/opt/gz_msgs_vendor/lib:/opt/ros/jazzy/opt/gz_common_vendor/lib:/opt/ros/jazzy/opt/gz_math_vendor/lib:/opt/ros/jazzy/opt/gz_utils_vendor/lib:/opt/ros/jazzy/opt/gz_tools_vendor/lib:/opt/ros/jazzy/opt/gz_ogre_next_vendor/lib:/opt/ros/jazzy/opt/gz_dartsim_vendor/lib:/opt/ros/jazzy/opt/gz_cmake_vendor/lib:/opt/ros/jazzy/lib /usr/bin/cmake --build /home/berenic/Documents/LPRS2_2026/Robo_Hand_RS485/ROS2/robo_hand_ws/build/xarm_planner -- -j12 -l12
[4.483s] DEBUG:colcon.colcon_core.event_handler.log_command:Invoked command in '/home/berenic/Documents/LPRS2_2026/Robo_Hand_RS485/ROS2/robo_hand_ws/build/xarm_moveit_servo' returned '0': AMENT_PREFIX_PATH=/home/berenic/Documents/LPRS2_2026/Robo_Hand_RS485/ROS2/robo_hand_ws/install/uf_ros_lib:/home/berenic/Documents/LPRS2_2026/Robo_Hand_RS485/ROS2/robo_hand_ws/install/glue_events_routines:/home/berenic/Documents/LPRS2_2026/Robo_Hand_RS485/ROS2/robo_hand_ws/install/xarm_planner:/home/berenic/Documents/LPRS2_2026/Robo_Hand_RS485/ROS2/robo_hand_ws/install/xarm_moveit_servo:/home/berenic/Documents/LPRS2_2026/Robo_Hand_RS485/ROS2/robo_hand_ws/install/xarm_moveit_config:/home/berenic/Documents/LPRS2_2026/Robo_Hand_RS485/ROS2/robo_hand_ws/install/xarm_gazebo:/home/berenic/Documents/LPRS2_2026/Robo_Hand_RS485/ROS2/robo_hand_ws/install/xarm_controller:/home/berenic/Documents/LPRS2_2026/Robo_Hand_RS485/ROS2/robo_hand_ws/install/xarm_api:/home/berenic/Documents/LPRS2_2026/Robo_Hand_RS485/ROS2/robo_hand_ws/install/xarm_sdk:/home/berenic/Documents/LPRS2_2026/Robo_Hand_RS485/ROS2/robo_hand_ws/install/xarm_msgs:/home/berenic/Documents/LPRS2_2026/Robo_Hand_RS485/ROS2/robo_hand_ws/install/xarm_description:/home/berenic/Documents/LPRS2_2026/Robo_Hand_RS485/ROS2/robo_hand_ws/install/mbot_demo:/home/berenic/Documents/LPRS2_2026/Robo_Hand_RS485/ROS2/robo_hand_ws/install/realsense_gazebo_plugin:/opt/ros/jazzy CMAKE_PREFIX_PATH=/home/berenic/Documents/LPRS2_2026/Robo_Hand_RS485/ROS2/robo_hand_ws/install/xarm_moveit_config:/home/berenic/Documents/LPRS2_2026/Robo_Hand_RS485/ROS2/robo_hand_ws/install/xarm_gazebo:/home/berenic/Documents/LPRS2_2026/Robo_Hand_RS485/ROS2/robo_hand_ws/install/xarm_controller:/home/berenic/Documents/LPRS2_2026/Robo_Hand_RS485/ROS2/robo_hand_ws/install/xarm_api:/home/berenic/Documents/LPRS2_2026/Robo_Hand_RS485/ROS2/robo_hand_ws/install/xarm_sdk:/home/berenic/Documents/LPRS2_2026/Robo_Hand_RS485/ROS2/robo_hand_ws/install/xarm_msgs:/home/berenic/Documents/LPRS2_2026/Robo_Hand_RS485/ROS2/robo_hand_ws/install/xarm_description:/home/berenic/Documents/LPRS2_2026/Robo_Hand_RS485/ROS2/robo_hand_ws/install/glue_events_routines:/home/berenic/Documents/LPRS2_2026/Robo_Hand_RS485/ROS2/robo_hand_ws/install/xarm_planner:/home/berenic/Documents/LPRS2_2026/Robo_Hand_RS485/ROS2/robo_hand_ws/install/xarm_moveit_servo:/home/berenic/Documents/LPRS2_2026/Robo_Hand_RS485/ROS2/robo_hand_ws/install/mbot_demo:/home/berenic/Documents/LPRS2_2026/Robo_Hand_RS485/ROS2/robo_hand_ws/install/realsense_gazebo_plugin:/opt/ros/jazzy/opt/gz_sim_vendor:/opt/ros/jazzy/opt/gz_sensors_vendor:/opt/ros/jazzy/opt/gz_physics_vendor:/opt/ros/jazzy/opt/sdformat_vendor:/opt/ros/jazzy/opt/gz_gui_vendor:/opt/ros/jazzy/opt/gz_transport_vendor:/opt/ros/jazzy/opt/gz_rendering_vendor:/opt/ros/jazzy/opt/gz_plugin_vendor:/opt/ros/jazzy/opt/gz_fuel_tools_vendor:/opt/ros/jazzy/opt/gz_msgs_vendor:/opt/ros/jazzy/opt/gz_common_vendor:/opt/ros/jazzy/opt/gz_math_vendor:/opt/ros/jazzy/opt/gz_utils_vendor:/opt/ros/jazzy/opt/gz_tools_vendor:/opt/ros/jazzy/opt/gz_ogre_next_vendor:/opt/ros/jazzy/opt/gz_dartsim_vendor:/opt/ros/jazzy/opt/gz_cmake_vendor:/home/berenic/Documents/LPRS2_2026/Robo_Hand_RS485/ROS2/robo_hand_ws/install/uf_ros_lib:/opt/ros/jazzy DEBUGINFOD_URLS=https://debuginfod.ubuntu.com LD_LIBRARY_PATH=/home/berenic/Documents/LPRS2_2026/Robo_Hand_RS485/ROS2/robo_hand_ws/install/xarm_gazebo/lib:/home/berenic/Documents/LPRS2_2026/Robo_Hand_RS485/ROS2/robo_hand_ws/install/xarm_controller/lib:/home/berenic/Documents/LPRS2_2026/Robo_Hand_RS485/ROS2/robo_hand_ws/install/xarm_api/lib:/home/berenic/Documents/LPRS2_2026/Robo_Hand_RS485/ROS2/robo_hand_ws/install/xarm_sdk/lib:/home/berenic/Documents/LPRS2_2026/Robo_Hand_RS485/ROS2/robo_hand_ws/install/xarm_msgs/lib:/home/berenic/Documents/LPRS2_2026/Robo_Hand_RS485/ROS2/robo_hand_ws/install/xarm_planner/lib:/home/berenic/Documents/LPRS2_2026/Robo_Hand_RS485/ROS2/robo_hand_ws/install/xarm_moveit_servo/lib:/home/berenic/Documents/LPRS2_2026/Robo_Hand_RS485/ROS2/robo_hand_ws/install/realsense_gazebo_plugin/lib:/opt/ros/jazzy/opt/gz_sim_vendor/lib:/opt/ros/jazzy/opt/gz_sensors_vendor/lib:/opt/ros/jazzy/opt/gz_physics_vendor/lib:/opt/ros/jazzy/opt/sdformat_vendor/lib:/opt/ros/jazzy/opt/rviz_ogre_vendor/lib:/opt/ros/jazzy/lib/x86_64-linux-gnu:/opt/ros/jazzy/opt/gz_gui_vendor/lib:/opt/ros/jazzy/opt/gz_transport_vendor/lib:/opt/ros/jazzy/opt/gz_rendering_vendor/lib:/opt/ros/jazzy/opt/gz_plugin_vendor/lib:/opt/ros/jazzy/opt/gz_fuel_tools_vendor/lib:/opt/ros/jazzy/opt/gz_msgs_vendor/lib:/opt/ros/jazzy/opt/gz_common_vendor/lib:/opt/ros/jazzy/opt/gz_math_vendor/lib:/opt/ros/jazzy/opt/gz_utils_vendor/lib:/opt/ros/jazzy/opt/gz_tools_vendor/lib:/opt/ros/jazzy/opt/gz_ogre_next_vendor/lib:/opt/ros/jazzy/opt/gz_dartsim_vendor/lib:/opt/ros/jazzy/opt/gz_cmake_vendor/lib:/opt/ros/jazzy/lib /usr/bin/cmake --build /home/berenic/Documents/LPRS2_2026/Robo_Hand_RS485/ROS2/robo_hand_ws/build/xarm_moveit_servo -- -j12 -l12
[4.484s] DEBUG:colcon.colcon_core.event_handler.log_command:Invoking command in '/home/berenic/Documents/LPRS2_2026/Robo_Hand_RS485/ROS2/robo_hand_ws/build/xarm_moveit_servo': AMENT_PREFIX_PATH=/home/berenic/Documents/LPRS2_2026/Robo_Hand_RS485/ROS2/robo_hand_ws/install/uf_ros_lib:/home/berenic/Documents/LPRS2_2026/Robo_Hand_RS485/ROS2/robo_hand_ws/install/glue_events_routines:/home/berenic/Documents/LPRS2_2026/Robo_Hand_RS485/ROS2/robo_hand_ws/install/xarm_planner:/home/berenic/Documents/LPRS2_2026/Robo_Hand_RS485/ROS2/robo_hand_ws/install/xarm_moveit_servo:/home/berenic/Documents/LPRS2_2026/Robo_Hand_RS485/ROS2/robo_hand_ws/install/xarm_moveit_config:/home/berenic/Documents/LPRS2_2026/Robo_Hand_RS485/ROS2/robo_hand_ws/install/xarm_gazebo:/home/berenic/Documents/LPRS2_2026/Robo_Hand_RS485/ROS2/robo_hand_ws/install/xarm_controller:/home/berenic/Documents/LPRS2_2026/Robo_Hand_RS485/ROS2/robo_hand_ws/install/xarm_api:/home/berenic/Documents/LPRS2_2026/Robo_Hand_RS485/ROS2/robo_hand_ws/install/xarm_sdk:/home/berenic/Documents/LPRS2_2026/Robo_Hand_RS485/ROS2/robo_hand_ws/install/xarm_msgs:/home/berenic/Documents/LPRS2_2026/Robo_Hand_RS485/ROS2/robo_hand_ws/install/xarm_description:/home/berenic/Documents/LPRS2_2026/Robo_Hand_RS485/ROS2/robo_hand_ws/install/mbot_demo:/home/berenic/Documents/LPRS2_2026/Robo_Hand_RS485/ROS2/robo_hand_ws/install/realsense_gazebo_plugin:/opt/ros/jazzy CMAKE_PREFIX_PATH=/home/berenic/Documents/LPRS2_2026/Robo_Hand_RS485/ROS2/robo_hand_ws/install/xarm_moveit_config:/home/berenic/Documents/LPRS2_2026/Robo_Hand_RS485/ROS2/robo_hand_ws/install/xarm_gazebo:/home/berenic/Documents/LPRS2_2026/Robo_Hand_RS485/ROS2/robo_hand_ws/install/xarm_controller:/home/berenic/Documents/LPRS2_2026/Robo_Hand_RS485/ROS2/robo_hand_ws/install/xarm_api:/home/berenic/Documents/LPRS2_2026/Robo_Hand_RS485/ROS2/robo_hand_ws/install/xarm_sdk:/home/berenic/Documents/LPRS2_2026/Robo_Hand_RS485/ROS2/robo_hand_ws/install/xarm_msgs:/home/berenic/Documents/LPRS2_2026/Robo_Hand_RS485/ROS2/robo_hand_ws/install/xarm_description:/home/berenic/Documents/LPRS2_2026/Robo_Hand_RS485/ROS2/robo_hand_ws/install/glue_events_routines:/home/berenic/Documents/LPRS2_2026/Robo_Hand_RS485/ROS2/robo_hand_ws/install/xarm_planner:/home/berenic/Documents/LPRS2_2026/Robo_Hand_RS485/ROS2/robo_hand_ws/install/xarm_moveit_servo:/home/berenic/Documents/LPRS2_2026/Robo_Hand_RS485/ROS2/robo_hand_ws/install/mbot_demo:/home/berenic/Documents/LPRS2_2026/Robo_Hand_RS485/ROS2/robo_hand_ws/install/realsense_gazebo_plugin:/opt/ros/jazzy/opt/gz_sim_vendor:/opt/ros/jazzy/opt/gz_sensors_vendor:/opt/ros/jazzy/opt/gz_physics_vendor:/opt/ros/jazzy/opt/sdformat_vendor:/opt/ros/jazzy/opt/gz_gui_vendor:/opt/ros/jazzy/opt/gz_transport_vendor:/opt/ros/jazzy/opt/gz_rendering_vendor:/opt/ros/jazzy/opt/gz_plugin_vendor:/opt/ros/jazzy/opt/gz_fuel_tools_vendor:/opt/ros/jazzy/opt/gz_msgs_vendor:/opt/ros/jazzy/opt/gz_common_vendor:/opt/ros/jazzy/opt/gz_math_vendor:/opt/ros/jazzy/opt/gz_utils_vendor:/opt/ros/jazzy/opt/gz_tools_vendor:/opt/ros/jazzy/opt/gz_ogre_next_vendor:/opt/ros/jazzy/opt/gz_dartsim_vendor:/opt/ros/jazzy/opt/gz_cmake_vendor:/home/berenic/Documents/LPRS2_2026/Robo_Hand_RS485/ROS2/robo_hand_ws/install/uf_ros_lib:/opt/ros/jazzy DEBUGINFOD_URLS=https://debuginfod.ubuntu.com LD_LIBRARY_PATH=/home/berenic/Documents/LPRS2_2026/Robo_Hand_RS485/ROS2/robo_hand_ws/install/xarm_gazebo/lib:/home/berenic/Documents/LPRS2_2026/Robo_Hand_RS485/ROS2/robo_hand_ws/install/xarm_controller/lib:/home/berenic/Documents/LPRS2_2026/Robo_Hand_RS485/ROS2/robo_hand_ws/install/xarm_api/lib:/home/berenic/Documents/LPRS2_2026/Robo_Hand_RS485/ROS2/robo_hand_ws/install/xarm_sdk/lib:/home/berenic/Documents/LPRS2_2026/Robo_Hand_RS485/ROS2/robo_hand_ws/install/xarm_msgs/lib:/home/berenic/Documents/LPRS2_2026/Robo_Hand_RS485/ROS2/robo_hand_ws/install/xarm_planner/lib:/home/berenic/Documents/LPRS2_2026/Robo_Hand_RS485/ROS2/robo_hand_ws/install/xarm_moveit_servo/lib:/home/berenic/Documents/LPRS2_2026/Robo_Hand_RS485/ROS2/robo_hand_ws/install/realsense_gazebo_plugin/lib:/opt/ros/jazzy/opt/gz_sim_vendor/lib:/opt/ros/jazzy/opt/gz_sensors_vendor/lib:/opt/ros/jazzy/opt/gz_physics_vendor/lib:/opt/ros/jazzy/opt/sdformat_vendor/lib:/opt/ros/jazzy/opt/rviz_ogre_vendor/lib:/opt/ros/jazzy/lib/x86_64-linux-gnu:/opt/ros/jazzy/opt/gz_gui_vendor/lib:/opt/ros/jazzy/opt/gz_transport_vendor/lib:/opt/ros/jazzy/opt/gz_rendering_vendor/lib:/opt/ros/jazzy/opt/gz_plugin_vendor/lib:/opt/ros/jazzy/opt/gz_fuel_tools_vendor/lib:/opt/ros/jazzy/opt/gz_msgs_vendor/lib:/opt/ros/jazzy/opt/gz_common_vendor/lib:/opt/ros/jazzy/opt/gz_math_vendor/lib:/opt/ros/jazzy/opt/gz_utils_vendor/lib:/opt/ros/jazzy/opt/gz_tools_vendor/lib:/opt/ros/jazzy/opt/gz_ogre_next_vendor/lib:/opt/ros/jazzy/opt/gz_dartsim_vendor/lib:/opt/ros/jazzy/opt/gz_cmake_vendor/lib:/opt/ros/jazzy/lib /usr/bin/cmake --install /home/berenic/Documents/LPRS2_2026/Robo_Hand_RS485/ROS2/robo_hand_ws/build/xarm_moveit_servo
[4.548s] Level 1:colcon.colcon_core.environment:create_environment_scripts_only(xarm_moveit_servo)
[4.549s] Level 1:colcon.colcon_core.environment:checking '/home/berenic/Documents/LPRS2_2026/Robo_Hand_RS485/ROS2/robo_hand_ws/install/xarm_moveit_servo' for CMake module files
[4.550s] DEBUG:colcon.colcon_core.event_handler.log_command:Invoked command in '/home/berenic/Documents/LPRS2_2026/Robo_Hand_RS485/ROS2/robo_hand_ws/build/xarm_moveit_servo' returned '0': AMENT_PREFIX_PATH=/home/berenic/Documents/LPRS2_2026/Robo_Hand_RS485/ROS2/robo_hand_ws/install/uf_ros_lib:/home/berenic/Documents/LPRS2_2026/Robo_Hand_RS485/ROS2/robo_hand_ws/install/glue_events_routines:/home/berenic/Documents/LPRS2_2026/Robo_Hand_RS485/ROS2/robo_hand_ws/install/xarm_planner:/home/berenic/Documents/LPRS2_2026/Robo_Hand_RS485/ROS2/robo_hand_ws/install/xarm_moveit_servo:/home/berenic/Documents/LPRS2_2026/Robo_Hand_RS485/ROS2/robo_hand_ws/install/xarm_moveit_config:/home/berenic/Documents/LPRS2_2026/Robo_Hand_RS485/ROS2/robo_hand_ws/install/xarm_gazebo:/home/berenic/Documents/LPRS2_2026/Robo_Hand_RS485/ROS2/robo_hand_ws/install/xarm_controller:/home/berenic/Documents/LPRS2_2026/Robo_Hand_RS485/ROS2/robo_hand_ws/install/xarm_api:/home/berenic/Documents/LPRS2_2026/Robo_Hand_RS485/ROS2/robo_hand_ws/install/xarm_sdk:/home/berenic/Documents/LPRS2_2026/Robo_Hand_RS485/ROS2/robo_hand_ws/install/xarm_msgs:/home/berenic/Documents/LPRS2_2026/Robo_Hand_RS485/ROS2/robo_hand_ws/install/xarm_description:/home/berenic/Documents/LPRS2_2026/Robo_Hand_RS485/ROS2/robo_hand_ws/install/mbot_demo:/home/berenic/Documents/LPRS2_2026/Robo_Hand_RS485/ROS2/robo_hand_ws/install/realsense_gazebo_plugin:/opt/ros/jazzy CMAKE_PREFIX_PATH=/home/berenic/Documents/LPRS2_2026/Robo_Hand_RS485/ROS2/robo_hand_ws/install/xarm_moveit_config:/home/berenic/Documents/LPRS2_2026/Robo_Hand_RS485/ROS2/robo_hand_ws/install/xarm_gazebo:/home/berenic/Documents/LPRS2_2026/Robo_Hand_RS485/ROS2/robo_hand_ws/install/xarm_controller:/home/berenic/Documents/LPRS2_2026/Robo_Hand_RS485/ROS2/robo_hand_ws/install/xarm_api:/home/berenic/Documents/LPRS2_2026/Robo_Hand_RS485/ROS2/robo_hand_ws/install/xarm_sdk:/home/berenic/Documents/LPRS2_2026/Robo_Hand_RS485/ROS2/robo_hand_ws/install/xarm_msgs:/home/berenic/Documents/LPRS2_2026/Robo_Hand_RS485/ROS2/robo_hand_ws/install/xarm_description:/home/berenic/Documents/LPRS2_2026/Robo_Hand_RS485/ROS2/robo_hand_ws/install/glue_events_routines:/home/berenic/Documents/LPRS2_2026/Robo_Hand_RS485/ROS2/robo_hand_ws/install/xarm_planner:/home/berenic/Documents/LPRS2_2026/Robo_Hand_RS485/ROS2/robo_hand_ws/install/xarm_moveit_servo:/home/berenic/Documents/LPRS2_2026/Robo_Hand_RS485/ROS2/robo_hand_ws/install/mbot_demo:/home/berenic/Documents/LPRS2_2026/Robo_Hand_RS485/ROS2/robo_hand_ws/install/realsense_gazebo_plugin:/opt/ros/jazzy/opt/gz_sim_vendor:/opt/ros/jazzy/opt/gz_sensors_vendor:/opt/ros/jazzy/opt/gz_physics_vendor:/opt/ros/jazzy/opt/sdformat_vendor:/opt/ros/jazzy/opt/gz_gui_vendor:/opt/ros/jazzy/opt/gz_transport_vendor:/opt/ros/jazzy/opt/gz_rendering_vendor:/opt/ros/jazzy/opt/gz_plugin_vendor:/opt/ros/jazzy/opt/gz_fuel_tools_vendor:/opt/ros/jazzy/opt/gz_msgs_vendor:/opt/ros/jazzy/opt/gz_common_vendor:/opt/ros/jazzy/opt/gz_math_vendor:/opt/ros/jazzy/opt/gz_utils_vendor:/opt/ros/jazzy/opt/gz_tools_vendor:/opt/ros/jazzy/opt/gz_ogre_next_vendor:/opt/ros/jazzy/opt/gz_dartsim_vendor:/opt/ros/jazzy/opt/gz_cmake_vendor:/home/berenic/Documents/LPRS2_2026/Robo_Hand_RS485/ROS2/robo_hand_ws/install/uf_ros_lib:/opt/ros/jazzy DEBUGINFOD_URLS=https://debuginfod.ubuntu.com LD_LIBRARY_PATH=/home/berenic/Documents/LPRS2_2026/Robo_Hand_RS485/ROS2/robo_hand_ws/install/xarm_gazebo/lib:/home/berenic/Documents/LPRS2_2026/Robo_Hand_RS485/ROS2/robo_hand_ws/install/xarm_controller/lib:/home/berenic/Documents/LPRS2_2026/Robo_Hand_RS485/ROS2/robo_hand_ws/install/xarm_api/lib:/home/berenic/Documents/LPRS2_2026/Robo_Hand_RS485/ROS2/robo_hand_ws/install/xarm_sdk/lib:/home/berenic/Documents/LPRS2_2026/Robo_Hand_RS485/ROS2/robo_hand_ws/install/xarm_msgs/lib:/home/berenic/Documents/LPRS2_2026/Robo_Hand_RS485/ROS2/robo_hand_ws/install/xarm_planner/lib:/home/berenic/Documents/LPRS2_2026/Robo_Hand_RS485/ROS2/robo_hand_ws/install/xarm_moveit_servo/lib:/home/berenic/Documents/LPRS2_2026/Robo_Hand_RS485/ROS2/robo_hand_ws/install/realsense_gazebo_plugin/lib:/opt/ros/jazzy/opt/gz_sim_vendor/lib:/opt/ros/jazzy/opt/gz_sensors_vendor/lib:/opt/ros/jazzy/opt/gz_physics_vendor/lib:/opt/ros/jazzy/opt/sdformat_vendor/lib:/opt/ros/jazzy/opt/rviz_ogre_vendor/lib:/opt/ros/jazzy/lib/x86_64-linux-gnu:/opt/ros/jazzy/opt/gz_gui_vendor/lib:/opt/ros/jazzy/opt/gz_transport_vendor/lib:/opt/ros/jazzy/opt/gz_rendering_vendor/lib:/opt/ros/jazzy/opt/gz_plugin_vendor/lib:/opt/ros/jazzy/opt/gz_fuel_tools_vendor/lib:/opt/ros/jazzy/opt/gz_msgs_vendor/lib:/opt/ros/jazzy/opt/gz_common_vendor/lib:/opt/ros/jazzy/opt/gz_math_vendor/lib:/opt/ros/jazzy/opt/gz_utils_vendor/lib:/opt/ros/jazzy/opt/gz_tools_vendor/lib:/opt/ros/jazzy/opt/gz_ogre_next_vendor/lib:/opt/ros/jazzy/opt/gz_dartsim_vendor/lib:/opt/ros/jazzy/opt/gz_cmake_vendor/lib:/opt/ros/jazzy/lib /usr/bin/cmake --install /home/berenic/Documents/LPRS2_2026/Robo_Hand_RS485/ROS2/robo_hand_ws/build/xarm_moveit_servo
[4.551s] Level 1:colcon.colcon_core.environment:checking '/home/berenic/Documents/LPRS2_2026/Robo_Hand_RS485/ROS2/robo_hand_ws/install/xarm_moveit_servo' for CMake config files
[4.552s] Level 1:colcon.colcon_core.shell:create_environment_hook('xarm_moveit_servo', 'cmake_prefix_path')
[4.552s] INFO:colcon.colcon_core.shell:Creating environment hook '/home/berenic/Documents/LPRS2_2026/Robo_Hand_RS485/ROS2/robo_hand_ws/install/xarm_moveit_servo/share/xarm_moveit_servo/hook/cmake_prefix_path.ps1'
[4.554s] INFO:colcon.colcon_core.shell:Creating environment descriptor '/home/berenic/Documents/LPRS2_2026/Robo_Hand_RS485/ROS2/robo_hand_ws/install/xarm_moveit_servo/share/xarm_moveit_servo/hook/cmake_prefix_path.dsv'
[4.554s] INFO:colcon.colcon_core.shell:Creating environment hook '/home/berenic/Documents/LPRS2_2026/Robo_Hand_RS485/ROS2/robo_hand_ws/install/xarm_moveit_servo/share/xarm_moveit_servo/hook/cmake_prefix_path.sh'
[4.557s] Level 1:colcon.colcon_core.environment:checking '/home/berenic/Documents/LPRS2_2026/Robo_Hand_RS485/ROS2/robo_hand_ws/install/xarm_moveit_servo/lib'
[4.559s] Level 1:colcon.colcon_core.shell:create_environment_hook('xarm_moveit_servo', 'ld_library_path_lib')
[4.559s] INFO:colcon.colcon_core.shell:Creating environment hook '/home/berenic/Documents/LPRS2_2026/Robo_Hand_RS485/ROS2/robo_hand_ws/install/xarm_moveit_servo/share/xarm_moveit_servo/hook/ld_library_path_lib.ps1'
[4.560s] INFO:colcon.colcon_core.shell:Creating environment descriptor '/home/berenic/Documents/LPRS2_2026/Robo_Hand_RS485/ROS2/robo_hand_ws/install/xarm_moveit_servo/share/xarm_moveit_servo/hook/ld_library_path_lib.dsv'
[4.561s] INFO:colcon.colcon_core.shell:Creating environment hook '/home/berenic/Documents/LPRS2_2026/Robo_Hand_RS485/ROS2/robo_hand_ws/install/xarm_moveit_servo/share/xarm_moveit_servo/hook/ld_library_path_lib.sh'
[4.562s] Level 1:colcon.colcon_core.environment:checking '/home/berenic/Documents/LPRS2_2026/Robo_Hand_RS485/ROS2/robo_hand_ws/install/xarm_moveit_servo/bin'
[4.562s] Level 1:colcon.colcon_core.environment:checking '/home/berenic/Documents/LPRS2_2026/Robo_Hand_RS485/ROS2/robo_hand_ws/install/xarm_moveit_servo/lib/pkgconfig/xarm_moveit_servo.pc'
[4.562s] Level 1:colcon.colcon_core.environment:checking '/home/berenic/Documents/LPRS2_2026/Robo_Hand_RS485/ROS2/robo_hand_ws/install/xarm_moveit_servo/lib/python3.12/site-packages'
[4.563s] Level 1:colcon.colcon_core.environment:checking '/home/berenic/Documents/LPRS2_2026/Robo_Hand_RS485/ROS2/robo_hand_ws/install/xarm_moveit_servo/bin'
[4.563s] INFO:colcon.colcon_core.shell:Creating package script '/home/berenic/Documents/LPRS2_2026/Robo_Hand_RS485/ROS2/robo_hand_ws/install/xarm_moveit_servo/share/xarm_moveit_servo/package.ps1'
[4.564s] INFO:colcon.colcon_core.shell:Creating package descriptor '/home/berenic/Documents/LPRS2_2026/Robo_Hand_RS485/ROS2/robo_hand_ws/install/xarm_moveit_servo/share/xarm_moveit_servo/package.dsv'
[4.565s] INFO:colcon.colcon_core.shell:Creating package script '/home/berenic/Documents/LPRS2_2026/Robo_Hand_RS485/ROS2/robo_hand_ws/install/xarm_moveit_servo/share/xarm_moveit_servo/package.sh'
[4.566s] INFO:colcon.colcon_core.shell:Creating package script '/home/berenic/Documents/LPRS2_2026/Robo_Hand_RS485/ROS2/robo_hand_ws/install/xarm_moveit_servo/share/xarm_moveit_servo/package.bash'
[4.567s] INFO:colcon.colcon_core.shell:Creating package script '/home/berenic/Documents/LPRS2_2026/Robo_Hand_RS485/ROS2/robo_hand_ws/install/xarm_moveit_servo/share/xarm_moveit_servo/package.zsh'
[4.567s] Level 1:colcon.colcon_core.environment:create_file_with_runtime_dependencies(/home/berenic/Documents/LPRS2_2026/Robo_Hand_RS485/ROS2/robo_hand_ws/install/xarm_moveit_servo/share/colcon-core/packages/xarm_moveit_servo)
[4.568s] Level 1:colcon.colcon_core.environment:create_environment_scripts_only(xarm_moveit_servo)
[4.569s] Level 1:colcon.colcon_core.environment:checking '/home/berenic/Documents/LPRS2_2026/Robo_Hand_RS485/ROS2/robo_hand_ws/install/xarm_moveit_servo' for CMake module files
[4.569s] Level 1:colcon.colcon_core.environment:checking '/home/berenic/Documents/LPRS2_2026/Robo_Hand_RS485/ROS2/robo_hand_ws/install/xarm_moveit_servo' for CMake config files
[4.570s] Level 1:colcon.colcon_core.shell:create_environment_hook('xarm_moveit_servo', 'cmake_prefix_path')
[4.570s] INFO:colcon.colcon_core.shell:Creating environment hook '/home/berenic/Documents/LPRS2_2026/Robo_Hand_RS485/ROS2/robo_hand_ws/install/xarm_moveit_servo/share/xarm_moveit_servo/hook/cmake_prefix_path.ps1'
[4.571s] INFO:colcon.colcon_core.shell:Creating environment descriptor '/home/berenic/Documents/LPRS2_2026/Robo_Hand_RS485/ROS2/robo_hand_ws/install/xarm_moveit_servo/share/xarm_moveit_servo/hook/cmake_prefix_path.dsv'
[4.572s] INFO:colcon.colcon_core.shell:Creating environment hook '/home/berenic/Documents/LPRS2_2026/Robo_Hand_RS485/ROS2/robo_hand_ws/install/xarm_moveit_servo/share/xarm_moveit_servo/hook/cmake_prefix_path.sh'
[4.573s] Level 1:colcon.colcon_core.environment:checking '/home/berenic/Documents/LPRS2_2026/Robo_Hand_RS485/ROS2/robo_hand_ws/install/xarm_moveit_servo/lib'
[4.573s] Level 1:colcon.colcon_core.shell:create_environment_hook('xarm_moveit_servo', 'ld_library_path_lib')
[4.574s] INFO:colcon.colcon_core.shell:Creating environment hook '/home/berenic/Documents/LPRS2_2026/Robo_Hand_RS485/ROS2/robo_hand_ws/install/xarm_moveit_servo/share/xarm_moveit_servo/hook/ld_library_path_lib.ps1'
[4.574s] INFO:colcon.colcon_core.shell:Creating environment descriptor '/home/berenic/Documents/LPRS2_2026/Robo_Hand_RS485/ROS2/robo_hand_ws/install/xarm_moveit_servo/share/xarm_moveit_servo/hook/ld_library_path_lib.dsv'
[4.575s] INFO:colcon.colcon_core.shell:Creating environment hook '/home/berenic/Documents/LPRS2_2026/Robo_Hand_RS485/ROS2/robo_hand_ws/install/xarm_moveit_servo/share/xarm_moveit_servo/hook/ld_library_path_lib.sh'
[4.576s] Level 1:colcon.colcon_core.environment:checking '/home/berenic/Documents/LPRS2_2026/Robo_Hand_RS485/ROS2/robo_hand_ws/install/xarm_moveit_servo/bin'
[4.576s] Level 1:colcon.colcon_core.environment:checking '/home/berenic/Documents/LPRS2_2026/Robo_Hand_RS485/ROS2/robo_hand_ws/install/xarm_moveit_servo/lib/pkgconfig/xarm_moveit_servo.pc'
[4.576s] Level 1:colcon.colcon_core.environment:checking '/home/berenic/Documents/LPRS2_2026/Robo_Hand_RS485/ROS2/robo_hand_ws/install/xarm_moveit_servo/lib/python3.12/site-packages'
[4.577s] Level 1:colcon.colcon_core.environment:checking '/home/berenic/Documents/LPRS2_2026/Robo_Hand_RS485/ROS2/robo_hand_ws/install/xarm_moveit_servo/bin'
[4.577s] INFO:colcon.colcon_core.shell:Creating package script '/home/berenic/Documents/LPRS2_2026/Robo_Hand_RS485/ROS2/robo_hand_ws/install/xarm_moveit_servo/share/xarm_moveit_servo/package.ps1'
[4.578s] INFO:colcon.colcon_core.shell:Creating package descriptor '/home/berenic/Documents/LPRS2_2026/Robo_Hand_RS485/ROS2/robo_hand_ws/install/xarm_moveit_servo/share/xarm_moveit_servo/package.dsv'
[4.579s] INFO:colcon.colcon_core.shell:Creating package script '/home/berenic/Documents/LPRS2_2026/Robo_Hand_RS485/ROS2/robo_hand_ws/install/xarm_moveit_servo/share/xarm_moveit_servo/package.sh'
[4.580s] INFO:colcon.colcon_core.shell:Creating package script '/home/berenic/Documents/LPRS2_2026/Robo_Hand_RS485/ROS2/robo_hand_ws/install/xarm_moveit_servo/share/xarm_moveit_servo/package.bash'
[4.581s] INFO:colcon.colcon_core.shell:Creating package script '/home/berenic/Documents/LPRS2_2026/Robo_Hand_RS485/ROS2/robo_hand_ws/install/xarm_moveit_servo/share/xarm_moveit_servo/package.zsh'
[4.582s] Level 1:colcon.colcon_core.environment:create_file_with_runtime_dependencies(/home/berenic/Documents/LPRS2_2026/Robo_Hand_RS485/ROS2/robo_hand_ws/install/xarm_moveit_servo/share/colcon-core/packages/xarm_moveit_servo)
[4.585s] DEBUG:colcon.colcon_core.event_handler.log_command:Invoked command in '/home/berenic/Documents/LPRS2_2026/Robo_Hand_RS485/ROS2/robo_hand_ws/build/xarm_planner' returned '0': AMENT_PREFIX_PATH=/home/berenic/Documents/LPRS2_2026/Robo_Hand_RS485/ROS2/robo_hand_ws/install/uf_ros_lib:/home/berenic/Documents/LPRS2_2026/Robo_Hand_RS485/ROS2/robo_hand_ws/install/glue_events_routines:/home/berenic/Documents/LPRS2_2026/Robo_Hand_RS485/ROS2/robo_hand_ws/install/xarm_planner:/home/berenic/Documents/LPRS2_2026/Robo_Hand_RS485/ROS2/robo_hand_ws/install/xarm_moveit_servo:/home/berenic/Documents/LPRS2_2026/Robo_Hand_RS485/ROS2/robo_hand_ws/install/xarm_moveit_config:/home/berenic/Documents/LPRS2_2026/Robo_Hand_RS485/ROS2/robo_hand_ws/install/xarm_gazebo:/home/berenic/Documents/LPRS2_2026/Robo_Hand_RS485/ROS2/robo_hand_ws/install/xarm_controller:/home/berenic/Documents/LPRS2_2026/Robo_Hand_RS485/ROS2/robo_hand_ws/install/xarm_api:/home/berenic/Documents/LPRS2_2026/Robo_Hand_RS485/ROS2/robo_hand_ws/install/xarm_sdk:/home/berenic/Documents/LPRS2_2026/Robo_Hand_RS485/ROS2/robo_hand_ws/install/xarm_msgs:/home/berenic/Documents/LPRS2_2026/Robo_Hand_RS485/ROS2/robo_hand_ws/install/xarm_description:/home/berenic/Documents/LPRS2_2026/Robo_Hand_RS485/ROS2/robo_hand_ws/install/mbot_demo:/home/berenic/Documents/LPRS2_2026/Robo_Hand_RS485/ROS2/robo_hand_ws/install/realsense_gazebo_plugin:/opt/ros/jazzy CMAKE_PREFIX_PATH=/home/berenic/Documents/LPRS2_2026/Robo_Hand_RS485/ROS2/robo_hand_ws/install/xarm_moveit_config:/home/berenic/Documents/LPRS2_2026/Robo_Hand_RS485/ROS2/robo_hand_ws/install/xarm_gazebo:/home/berenic/Documents/LPRS2_2026/Robo_Hand_RS485/ROS2/robo_hand_ws/install/xarm_controller:/home/berenic/Documents/LPRS2_2026/Robo_Hand_RS485/ROS2/robo_hand_ws/install/xarm_api:/home/berenic/Documents/LPRS2_2026/Robo_Hand_RS485/ROS2/robo_hand_ws/install/xarm_sdk:/home/berenic/Documents/LPRS2_2026/Robo_Hand_RS485/ROS2/robo_hand_ws/install/xarm_msgs:/home/berenic/Documents/LPRS2_2026/Robo_Hand_RS485/ROS2/robo_hand_ws/install/xarm_description:/home/berenic/Documents/LPRS2_2026/Robo_Hand_RS485/ROS2/robo_hand_ws/install/glue_events_routines:/home/berenic/Documents/LPRS2_2026/Robo_Hand_RS485/ROS2/robo_hand_ws/install/xarm_planner:/home/berenic/Documents/LPRS2_2026/Robo_Hand_RS485/ROS2/robo_hand_ws/install/xarm_moveit_servo:/home/berenic/Documents/LPRS2_2026/Robo_Hand_RS485/ROS2/robo_hand_ws/install/mbot_demo:/home/berenic/Documents/LPRS2_2026/Robo_Hand_RS485/ROS2/robo_hand_ws/install/realsense_gazebo_plugin:/opt/ros/jazzy/opt/gz_sim_vendor:/opt/ros/jazzy/opt/gz_sensors_vendor:/opt/ros/jazzy/opt/gz_physics_vendor:/opt/ros/jazzy/opt/sdformat_vendor:/opt/ros/jazzy/opt/gz_gui_vendor:/opt/ros/jazzy/opt/gz_transport_vendor:/opt/ros/jazzy/opt/gz_rendering_vendor:/opt/ros/jazzy/opt/gz_plugin_vendor:/opt/ros/jazzy/opt/gz_fuel_tools_vendor:/opt/ros/jazzy/opt/gz_msgs_vendor:/opt/ros/jazzy/opt/gz_common_vendor:/opt/ros/jazzy/opt/gz_math_vendor:/opt/ros/jazzy/opt/gz_utils_vendor:/opt/ros/jazzy/opt/gz_tools_vendor:/opt/ros/jazzy/opt/gz_ogre_next_vendor:/opt/ros/jazzy/opt/gz_dartsim_vendor:/opt/ros/jazzy/opt/gz_cmake_vendor:/home/berenic/Documents/LPRS2_2026/Robo_Hand_RS485/ROS2/robo_hand_ws/install/uf_ros_lib:/opt/ros/jazzy DEBUGINFOD_URLS=https://debuginfod.ubuntu.com LD_LIBRARY_PATH=/home/berenic/Documents/LPRS2_2026/Robo_Hand_RS485/ROS2/robo_hand_ws/install/xarm_gazebo/lib:/home/berenic/Documents/LPRS2_2026/Robo_Hand_RS485/ROS2/robo_hand_ws/install/xarm_controller/lib:/home/berenic/Documents/LPRS2_2026/Robo_Hand_RS485/ROS2/robo_hand_ws/install/xarm_api/lib:/home/berenic/Documents/LPRS2_2026/Robo_Hand_RS485/ROS2/robo_hand_ws/install/xarm_sdk/lib:/home/berenic/Documents/LPRS2_2026/Robo_Hand_RS485/ROS2/robo_hand_ws/install/xarm_msgs/lib:/home/berenic/Documents/LPRS2_2026/Robo_Hand_RS485/ROS2/robo_hand_ws/install/xarm_planner/lib:/home/berenic/Documents/LPRS2_2026/Robo_Hand_RS485/ROS2/robo_hand_ws/install/xarm_moveit_servo/lib:/home/berenic/Documents/LPRS2_2026/Robo_Hand_RS485/ROS2/robo_hand_ws/install/realsense_gazebo_plugin/lib:/opt/ros/jazzy/opt/gz_sim_vendor/lib:/opt/ros/jazzy/opt/gz_sensors_vendor/lib:/opt/ros/jazzy/opt/gz_physics_vendor/lib:/opt/ros/jazzy/opt/sdformat_vendor/lib:/opt/ros/jazzy/opt/rviz_ogre_vendor/lib:/opt/ros/jazzy/lib/x86_64-linux-gnu:/opt/ros/jazzy/opt/gz_gui_vendor/lib:/opt/ros/jazzy/opt/gz_transport_vendor/lib:/opt/ros/jazzy/opt/gz_rendering_vendor/lib:/opt/ros/jazzy/opt/gz_plugin_vendor/lib:/opt/ros/jazzy/opt/gz_fuel_tools_vendor/lib:/opt/ros/jazzy/opt/gz_msgs_vendor/lib:/opt/ros/jazzy/opt/gz_common_vendor/lib:/opt/ros/jazzy/opt/gz_math_vendor/lib:/opt/ros/jazzy/opt/gz_utils_vendor/lib:/opt/ros/jazzy/opt/gz_tools_vendor/lib:/opt/ros/jazzy/opt/gz_ogre_next_vendor/lib:/opt/ros/jazzy/opt/gz_dartsim_vendor/lib:/opt/ros/jazzy/opt/gz_cmake_vendor/lib:/opt/ros/jazzy/lib /usr/bin/cmake --build /home/berenic/Documents/LPRS2_2026/Robo_Hand_RS485/ROS2/robo_hand_ws/build/xarm_planner -- -j12 -l12
[4.587s] DEBUG:colcon.colcon_core.event_handler.log_command:Invoking command in '/home/berenic/Documents/LPRS2_2026/Robo_Hand_RS485/ROS2/robo_hand_ws/build/xarm_planner': AMENT_PREFIX_PATH=/home/berenic/Documents/LPRS2_2026/Robo_Hand_RS485/ROS2/robo_hand_ws/install/uf_ros_lib:/home/berenic/Documents/LPRS2_2026/Robo_Hand_RS485/ROS2/robo_hand_ws/install/glue_events_routines:/home/berenic/Documents/LPRS2_2026/Robo_Hand_RS485/ROS2/robo_hand_ws/install/xarm_planner:/home/berenic/Documents/LPRS2_2026/Robo_Hand_RS485/ROS2/robo_hand_ws/install/xarm_moveit_servo:/home/berenic/Documents/LPRS2_2026/Robo_Hand_RS485/ROS2/robo_hand_ws/install/xarm_moveit_config:/home/berenic/Documents/LPRS2_2026/Robo_Hand_RS485/ROS2/robo_hand_ws/install/xarm_gazebo:/home/berenic/Documents/LPRS2_2026/Robo_Hand_RS485/ROS2/robo_hand_ws/install/xarm_controller:/home/berenic/Documents/LPRS2_2026/Robo_Hand_RS485/ROS2/robo_hand_ws/install/xarm_api:/home/berenic/Documents/LPRS2_2026/Robo_Hand_RS485/ROS2/robo_hand_ws/install/xarm_sdk:/home/berenic/Documents/LPRS2_2026/Robo_Hand_RS485/ROS2/robo_hand_ws/install/xarm_msgs:/home/berenic/Documents/LPRS2_2026/Robo_Hand_RS485/ROS2/robo_hand_ws/install/xarm_description:/home/berenic/Documents/LPRS2_2026/Robo_Hand_RS485/ROS2/robo_hand_ws/install/mbot_demo:/home/berenic/Documents/LPRS2_2026/Robo_Hand_RS485/ROS2/robo_hand_ws/install/realsense_gazebo_plugin:/opt/ros/jazzy CMAKE_PREFIX_PATH=/home/berenic/Documents/LPRS2_2026/Robo_Hand_RS485/ROS2/robo_hand_ws/install/xarm_moveit_config:/home/berenic/Documents/LPRS2_2026/Robo_Hand_RS485/ROS2/robo_hand_ws/install/xarm_gazebo:/home/berenic/Documents/LPRS2_2026/Robo_Hand_RS485/ROS2/robo_hand_ws/install/xarm_controller:/home/berenic/Documents/LPRS2_2026/Robo_Hand_RS485/ROS2/robo_hand_ws/install/xarm_api:/home/berenic/Documents/LPRS2_2026/Robo_Hand_RS485/ROS2/robo_hand_ws/install/xarm_sdk:/home/berenic/Documents/LPRS2_2026/Robo_Hand_RS485/ROS2/robo_hand_ws/install/xarm_msgs:/home/berenic/Documents/LPRS2_2026/Robo_Hand_RS485/ROS2/robo_hand_ws/install/xarm_description:/home/berenic/Documents/LPRS2_2026/Robo_Hand_RS485/ROS2/robo_hand_ws/install/glue_events_routines:/home/berenic/Documents/LPRS2_2026/Robo_Hand_RS485/ROS2/robo_hand_ws/install/xarm_planner:/home/berenic/Documents/LPRS2_2026/Robo_Hand_RS485/ROS2/robo_hand_ws/install/xarm_moveit_servo:/home/berenic/Documents/LPRS2_2026/Robo_Hand_RS485/ROS2/robo_hand_ws/install/mbot_demo:/home/berenic/Documents/LPRS2_2026/Robo_Hand_RS485/ROS2/robo_hand_ws/install/realsense_gazebo_plugin:/opt/ros/jazzy/opt/gz_sim_vendor:/opt/ros/jazzy/opt/gz_sensors_vendor:/opt/ros/jazzy/opt/gz_physics_vendor:/opt/ros/jazzy/opt/sdformat_vendor:/opt/ros/jazzy/opt/gz_gui_vendor:/opt/ros/jazzy/opt/gz_transport_vendor:/opt/ros/jazzy/opt/gz_rendering_vendor:/opt/ros/jazzy/opt/gz_plugin_vendor:/opt/ros/jazzy/opt/gz_fuel_tools_vendor:/opt/ros/jazzy/opt/gz_msgs_vendor:/opt/ros/jazzy/opt/gz_common_vendor:/opt/ros/jazzy/opt/gz_math_vendor:/opt/ros/jazzy/opt/gz_utils_vendor:/opt/ros/jazzy/opt/gz_tools_vendor:/opt/ros/jazzy/opt/gz_ogre_next_vendor:/opt/ros/jazzy/opt/gz_dartsim_vendor:/opt/ros/jazzy/opt/gz_cmake_vendor:/home/berenic/Documents/LPRS2_2026/Robo_Hand_RS485/ROS2/robo_hand_ws/install/uf_ros_lib:/opt/ros/jazzy DEBUGINFOD_URLS=https://debuginfod.ubuntu.com LD_LIBRARY_PATH=/home/berenic/Documents/LPRS2_2026/Robo_Hand_RS485/ROS2/robo_hand_ws/install/xarm_gazebo/lib:/home/berenic/Documents/LPRS2_2026/Robo_Hand_RS485/ROS2/robo_hand_ws/install/xarm_controller/lib:/home/berenic/Documents/LPRS2_2026/Robo_Hand_RS485/ROS2/robo_hand_ws/install/xarm_api/lib:/home/berenic/Documents/LPRS2_2026/Robo_Hand_RS485/ROS2/robo_hand_ws/install/xarm_sdk/lib:/home/berenic/Documents/LPRS2_2026/Robo_Hand_RS485/ROS2/robo_hand_ws/install/xarm_msgs/lib:/home/berenic/Documents/LPRS2_2026/Robo_Hand_RS485/ROS2/robo_hand_ws/install/xarm_planner/lib:/home/berenic/Documents/LPRS2_2026/Robo_Hand_RS485/ROS2/robo_hand_ws/install/xarm_moveit_servo/lib:/home/berenic/Documents/LPRS2_2026/Robo_Hand_RS485/ROS2/robo_hand_ws/install/realsense_gazebo_plugin/lib:/opt/ros/jazzy/opt/gz_sim_vendor/lib:/opt/ros/jazzy/opt/gz_sensors_vendor/lib:/opt/ros/jazzy/opt/gz_physics_vendor/lib:/opt/ros/jazzy/opt/sdformat_vendor/lib:/opt/ros/jazzy/opt/rviz_ogre_vendor/lib:/opt/ros/jazzy/lib/x86_64-linux-gnu:/opt/ros/jazzy/opt/gz_gui_vendor/lib:/opt/ros/jazzy/opt/gz_transport_vendor/lib:/opt/ros/jazzy/opt/gz_rendering_vendor/lib:/opt/ros/jazzy/opt/gz_plugin_vendor/lib:/opt/ros/jazzy/opt/gz_fuel_tools_vendor/lib:/opt/ros/jazzy/opt/gz_msgs_vendor/lib:/opt/ros/jazzy/opt/gz_common_vendor/lib:/opt/ros/jazzy/opt/gz_math_vendor/lib:/opt/ros/jazzy/opt/gz_utils_vendor/lib:/opt/ros/jazzy/opt/gz_tools_vendor/lib:/opt/ros/jazzy/opt/gz_ogre_next_vendor/lib:/opt/ros/jazzy/opt/gz_dartsim_vendor/lib:/opt/ros/jazzy/opt/gz_cmake_vendor/lib:/opt/ros/jazzy/lib /usr/bin/cmake --install /home/berenic/Documents/LPRS2_2026/Robo_Hand_RS485/ROS2/robo_hand_ws/build/xarm_planner
[4.646s] Level 1:colcon.colcon_core.environment:create_environment_scripts_only(xarm_planner)
[4.646s] Level 1:colcon.colcon_core.environment:checking '/home/berenic/Documents/LPRS2_2026/Robo_Hand_RS485/ROS2/robo_hand_ws/install/xarm_planner' for CMake module files
[4.648s] DEBUG:colcon.colcon_core.event_handler.log_command:Invoked command in '/home/berenic/Documents/LPRS2_2026/Robo_Hand_RS485/ROS2/robo_hand_ws/build/xarm_planner' returned '0': AMENT_PREFIX_PATH=/home/berenic/Documents/LPRS2_2026/Robo_Hand_RS485/ROS2/robo_hand_ws/install/uf_ros_lib:/home/berenic/Documents/LPRS2_2026/Robo_Hand_RS485/ROS2/robo_hand_ws/install/glue_events_routines:/home/berenic/Documents/LPRS2_2026/Robo_Hand_RS485/ROS2/robo_hand_ws/install/xarm_planner:/home/berenic/Documents/LPRS2_2026/Robo_Hand_RS485/ROS2/robo_hand_ws/install/xarm_moveit_servo:/home/berenic/Documents/LPRS2_2026/Robo_Hand_RS485/ROS2/robo_hand_ws/install/xarm_moveit_config:/home/berenic/Documents/LPRS2_2026/Robo_Hand_RS485/ROS2/robo_hand_ws/install/xarm_gazebo:/home/berenic/Documents/LPRS2_2026/Robo_Hand_RS485/ROS2/robo_hand_ws/install/xarm_controller:/home/berenic/Documents/LPRS2_2026/Robo_Hand_RS485/ROS2/robo_hand_ws/install/xarm_api:/home/berenic/Documents/LPRS2_2026/Robo_Hand_RS485/ROS2/robo_hand_ws/install/xarm_sdk:/home/berenic/Documents/LPRS2_2026/Robo_Hand_RS485/ROS2/robo_hand_ws/install/xarm_msgs:/home/berenic/Documents/LPRS2_2026/Robo_Hand_RS485/ROS2/robo_hand_ws/install/xarm_description:/home/berenic/Documents/LPRS2_2026/Robo_Hand_RS485/ROS2/robo_hand_ws/install/mbot_demo:/home/berenic/Documents/LPRS2_2026/Robo_Hand_RS485/ROS2/robo_hand_ws/install/realsense_gazebo_plugin:/opt/ros/jazzy CMAKE_PREFIX_PATH=/home/berenic/Documents/LPRS2_2026/Robo_Hand_RS485/ROS2/robo_hand_ws/install/xarm_moveit_config:/home/berenic/Documents/LPRS2_2026/Robo_Hand_RS485/ROS2/robo_hand_ws/install/xarm_gazebo:/home/berenic/Documents/LPRS2_2026/Robo_Hand_RS485/ROS2/robo_hand_ws/install/xarm_controller:/home/berenic/Documents/LPRS2_2026/Robo_Hand_RS485/ROS2/robo_hand_ws/install/xarm_api:/home/berenic/Documents/LPRS2_2026/Robo_Hand_RS485/ROS2/robo_hand_ws/install/xarm_sdk:/home/berenic/Documents/LPRS2_2026/Robo_Hand_RS485/ROS2/robo_hand_ws/install/xarm_msgs:/home/berenic/Documents/LPRS2_2026/Robo_Hand_RS485/ROS2/robo_hand_ws/install/xarm_description:/home/berenic/Documents/LPRS2_2026/Robo_Hand_RS485/ROS2/robo_hand_ws/install/glue_events_routines:/home/berenic/Documents/LPRS2_2026/Robo_Hand_RS485/ROS2/robo_hand_ws/install/xarm_planner:/home/berenic/Documents/LPRS2_2026/Robo_Hand_RS485/ROS2/robo_hand_ws/install/xarm_moveit_servo:/home/berenic/Documents/LPRS2_2026/Robo_Hand_RS485/ROS2/robo_hand_ws/install/mbot_demo:/home/berenic/Documents/LPRS2_2026/Robo_Hand_RS485/ROS2/robo_hand_ws/install/realsense_gazebo_plugin:/opt/ros/jazzy/opt/gz_sim_vendor:/opt/ros/jazzy/opt/gz_sensors_vendor:/opt/ros/jazzy/opt/gz_physics_vendor:/opt/ros/jazzy/opt/sdformat_vendor:/opt/ros/jazzy/opt/gz_gui_vendor:/opt/ros/jazzy/opt/gz_transport_vendor:/opt/ros/jazzy/opt/gz_rendering_vendor:/opt/ros/jazzy/opt/gz_plugin_vendor:/opt/ros/jazzy/opt/gz_fuel_tools_vendor:/opt/ros/jazzy/opt/gz_msgs_vendor:/opt/ros/jazzy/opt/gz_common_vendor:/opt/ros/jazzy/opt/gz_math_vendor:/opt/ros/jazzy/opt/gz_utils_vendor:/opt/ros/jazzy/opt/gz_tools_vendor:/opt/ros/jazzy/opt/gz_ogre_next_vendor:/opt/ros/jazzy/opt/gz_dartsim_vendor:/opt/ros/jazzy/opt/gz_cmake_vendor:/home/berenic/Documents/LPRS2_2026/Robo_Hand_RS485/ROS2/robo_hand_ws/install/uf_ros_lib:/opt/ros/jazzy DEBUGINFOD_URLS=https://debuginfod.ubuntu.com LD_LIBRARY_PATH=/home/berenic/Documents/LPRS2_2026/Robo_Hand_RS485/ROS2/robo_hand_ws/install/xarm_gazebo/lib:/home/berenic/Documents/LPRS2_2026/Robo_Hand_RS485/ROS2/robo_hand_ws/install/xarm_controller/lib:/home/berenic/Documents/LPRS2_2026/Robo_Hand_RS485/ROS2/robo_hand_ws/install/xarm_api/lib:/home/berenic/Documents/LPRS2_2026/Robo_Hand_RS485/ROS2/robo_hand_ws/install/xarm_sdk/lib:/home/berenic/Documents/LPRS2_2026/Robo_Hand_RS485/ROS2/robo_hand_ws/install/xarm_msgs/lib:/home/berenic/Documents/LPRS2_2026/Robo_Hand_RS485/ROS2/robo_hand_ws/install/xarm_planner/lib:/home/berenic/Documents/LPRS2_2026/Robo_Hand_RS485/ROS2/robo_hand_ws/install/xarm_moveit_servo/lib:/home/berenic/Documents/LPRS2_2026/Robo_Hand_RS485/ROS2/robo_hand_ws/install/realsense_gazebo_plugin/lib:/opt/ros/jazzy/opt/gz_sim_vendor/lib:/opt/ros/jazzy/opt/gz_sensors_vendor/lib:/opt/ros/jazzy/opt/gz_physics_vendor/lib:/opt/ros/jazzy/opt/sdformat_vendor/lib:/opt/ros/jazzy/opt/rviz_ogre_vendor/lib:/opt/ros/jazzy/lib/x86_64-linux-gnu:/opt/ros/jazzy/opt/gz_gui_vendor/lib:/opt/ros/jazzy/opt/gz_transport_vendor/lib:/opt/ros/jazzy/opt/gz_rendering_vendor/lib:/opt/ros/jazzy/opt/gz_plugin_vendor/lib:/opt/ros/jazzy/opt/gz_fuel_tools_vendor/lib:/opt/ros/jazzy/opt/gz_msgs_vendor/lib:/opt/ros/jazzy/opt/gz_common_vendor/lib:/opt/ros/jazzy/opt/gz_math_vendor/lib:/opt/ros/jazzy/opt/gz_utils_vendor/lib:/opt/ros/jazzy/opt/gz_tools_vendor/lib:/opt/ros/jazzy/opt/gz_ogre_next_vendor/lib:/opt/ros/jazzy/opt/gz_dartsim_vendor/lib:/opt/ros/jazzy/opt/gz_cmake_vendor/lib:/opt/ros/jazzy/lib /usr/bin/cmake --install /home/berenic/Documents/LPRS2_2026/Robo_Hand_RS485/ROS2/robo_hand_ws/build/xarm_planner
[4.649s] Level 1:colcon.colcon_core.environment:checking '/home/berenic/Documents/LPRS2_2026/Robo_Hand_RS485/ROS2/robo_hand_ws/install/xarm_planner' for CMake config files
[4.649s] Level 1:colcon.colcon_core.shell:create_environment_hook('xarm_planner', 'cmake_prefix_path')
[4.650s] INFO:colcon.colcon_core.shell:Creating environment hook '/home/berenic/Documents/LPRS2_2026/Robo_Hand_RS485/ROS2/robo_hand_ws/install/xarm_planner/share/xarm_planner/hook/cmake_prefix_path.ps1'
[4.650s] INFO:colcon.colcon_core.shell:Creating environment descriptor '/home/berenic/Documents/LPRS2_2026/Robo_Hand_RS485/ROS2/robo_hand_ws/install/xarm_planner/share/xarm_planner/hook/cmake_prefix_path.dsv'
[4.651s] INFO:colcon.colcon_core.shell:Creating environment hook '/home/berenic/Documents/LPRS2_2026/Robo_Hand_RS485/ROS2/robo_hand_ws/install/xarm_planner/share/xarm_planner/hook/cmake_prefix_path.sh'
[4.652s] Level 1:colcon.colcon_core.environment:checking '/home/berenic/Documents/LPRS2_2026/Robo_Hand_RS485/ROS2/robo_hand_ws/install/xarm_planner/lib'
[4.652s] Level 1:colcon.colcon_core.shell:create_environment_hook('xarm_planner', 'ld_library_path_lib')
[4.653s] INFO:colcon.colcon_core.shell:Creating environment hook '/home/berenic/Documents/LPRS2_2026/Robo_Hand_RS485/ROS2/robo_hand_ws/install/xarm_planner/share/xarm_planner/hook/ld_library_path_lib.ps1'
[4.653s] INFO:colcon.colcon_core.shell:Creating environment descriptor '/home/berenic/Documents/LPRS2_2026/Robo_Hand_RS485/ROS2/robo_hand_ws/install/xarm_planner/share/xarm_planner/hook/ld_library_path_lib.dsv'
[4.654s] INFO:colcon.colcon_core.shell:Creating environment hook '/home/berenic/Documents/LPRS2_2026/Robo_Hand_RS485/ROS2/robo_hand_ws/install/xarm_planner/share/xarm_planner/hook/ld_library_path_lib.sh'
[4.655s] Level 1:colcon.colcon_core.environment:checking '/home/berenic/Documents/LPRS2_2026/Robo_Hand_RS485/ROS2/robo_hand_ws/install/xarm_planner/bin'
[4.655s] Level 1:colcon.colcon_core.environment:checking '/home/berenic/Documents/LPRS2_2026/Robo_Hand_RS485/ROS2/robo_hand_ws/install/xarm_planner/lib/pkgconfig/xarm_planner.pc'
[4.655s] Level 1:colcon.colcon_core.environment:checking '/home/berenic/Documents/LPRS2_2026/Robo_Hand_RS485/ROS2/robo_hand_ws/install/xarm_planner/lib/python3.12/site-packages'
[4.656s] Level 1:colcon.colcon_core.environment:checking '/home/berenic/Documents/LPRS2_2026/Robo_Hand_RS485/ROS2/robo_hand_ws/install/xarm_planner/bin'
[4.656s] INFO:colcon.colcon_core.shell:Creating package script '/home/berenic/Documents/LPRS2_2026/Robo_Hand_RS485/ROS2/robo_hand_ws/install/xarm_planner/share/xarm_planner/package.ps1'
[4.657s] INFO:colcon.colcon_core.shell:Creating package descriptor '/home/berenic/Documents/LPRS2_2026/Robo_Hand_RS485/ROS2/robo_hand_ws/install/xarm_planner/share/xarm_planner/package.dsv'
[4.658s] INFO:colcon.colcon_core.shell:Creating package script '/home/berenic/Documents/LPRS2_2026/Robo_Hand_RS485/ROS2/robo_hand_ws/install/xarm_planner/share/xarm_planner/package.sh'
[4.659s] INFO:colcon.colcon_core.shell:Creating package script '/home/berenic/Documents/LPRS2_2026/Robo_Hand_RS485/ROS2/robo_hand_ws/install/xarm_planner/share/xarm_planner/package.bash'
[4.659s] INFO:colcon.colcon_core.shell:Creating package script '/home/berenic/Documents/LPRS2_2026/Robo_Hand_RS485/ROS2/robo_hand_ws/install/xarm_planner/share/xarm_planner/package.zsh'
[4.660s] Level 1:colcon.colcon_core.environment:create_file_with_runtime_dependencies(/home/berenic/Documents/LPRS2_2026/Robo_Hand_RS485/ROS2/robo_hand_ws/install/xarm_planner/share/colcon-core/packages/xarm_planner)
[4.661s] Level 1:colcon.colcon_core.environment:create_environment_scripts_only(xarm_planner)
[4.661s] Level 1:colcon.colcon_core.environment:checking '/home/berenic/Documents/LPRS2_2026/Robo_Hand_RS485/ROS2/robo_hand_ws/install/xarm_planner' for CMake module files
[4.662s] Level 1:colcon.colcon_core.environment:checking '/home/berenic/Documents/LPRS2_2026/Robo_Hand_RS485/ROS2/robo_hand_ws/install/xarm_planner' for CMake config files
[4.663s] Level 1:colcon.colcon_core.shell:create_environment_hook('xarm_planner', 'cmake_prefix_path')
[4.663s] INFO:colcon.colcon_core.shell:Creating environment hook '/home/berenic/Documents/LPRS2_2026/Robo_Hand_RS485/ROS2/robo_hand_ws/install/xarm_planner/share/xarm_planner/hook/cmake_prefix_path.ps1'
[4.664s] INFO:colcon.colcon_core.shell:Creating environment descriptor '/home/berenic/Documents/LPRS2_2026/Robo_Hand_RS485/ROS2/robo_hand_ws/install/xarm_planner/share/xarm_planner/hook/cmake_prefix_path.dsv'
[4.664s] INFO:colcon.colcon_core.shell:Creating environment hook '/home/berenic/Documents/LPRS2_2026/Robo_Hand_RS485/ROS2/robo_hand_ws/install/xarm_planner/share/xarm_planner/hook/cmake_prefix_path.sh'
[4.665s] Level 1:colcon.colcon_core.environment:checking '/home/berenic/Documents/LPRS2_2026/Robo_Hand_RS485/ROS2/robo_hand_ws/install/xarm_planner/lib'
[4.666s] Level 1:colcon.colcon_core.shell:create_environment_hook('xarm_planner', 'ld_library_path_lib')
[4.666s] INFO:colcon.colcon_core.shell:Creating environment hook '/home/berenic/Documents/LPRS2_2026/Robo_Hand_RS485/ROS2/robo_hand_ws/install/xarm_planner/share/xarm_planner/hook/ld_library_path_lib.ps1'
[4.667s] INFO:colcon.colcon_core.shell:Creating environment descriptor '/home/berenic/Documents/LPRS2_2026/Robo_Hand_RS485/ROS2/robo_hand_ws/install/xarm_planner/share/xarm_planner/hook/ld_library_path_lib.dsv'
[4.667s] INFO:colcon.colcon_core.shell:Creating environment hook '/home/berenic/Documents/LPRS2_2026/Robo_Hand_RS485/ROS2/robo_hand_ws/install/xarm_planner/share/xarm_planner/hook/ld_library_path_lib.sh'
[4.668s] Level 1:colcon.colcon_core.environment:checking '/home/berenic/Documents/LPRS2_2026/Robo_Hand_RS485/ROS2/robo_hand_ws/install/xarm_planner/bin'
[4.668s] Level 1:colcon.colcon_core.environment:checking '/home/berenic/Documents/LPRS2_2026/Robo_Hand_RS485/ROS2/robo_hand_ws/install/xarm_planner/lib/pkgconfig/xarm_planner.pc'
[4.668s] Level 1:colcon.colcon_core.environment:checking '/home/berenic/Documents/LPRS2_2026/Robo_Hand_RS485/ROS2/robo_hand_ws/install/xarm_planner/lib/python3.12/site-packages'
[4.669s] Level 1:colcon.colcon_core.environment:checking '/home/berenic/Documents/LPRS2_2026/Robo_Hand_RS485/ROS2/robo_hand_ws/install/xarm_planner/bin'
[4.669s] INFO:colcon.colcon_core.shell:Creating package script '/home/berenic/Documents/LPRS2_2026/Robo_Hand_RS485/ROS2/robo_hand_ws/install/xarm_planner/share/xarm_planner/package.ps1'
[4.670s] INFO:colcon.colcon_core.shell:Creating package descriptor '/home/berenic/Documents/LPRS2_2026/Robo_Hand_RS485/ROS2/robo_hand_ws/install/xarm_planner/share/xarm_planner/package.dsv'
[4.671s] INFO:colcon.colcon_core.shell:Creating package script '/home/berenic/Documents/LPRS2_2026/Robo_Hand_RS485/ROS2/robo_hand_ws/install/xarm_planner/share/xarm_planner/package.sh'
[4.672s] INFO:colcon.colcon_core.shell:Creating package script '/home/berenic/Documents/LPRS2_2026/Robo_Hand_RS485/ROS2/robo_hand_ws/install/xarm_planner/share/xarm_planner/package.bash'
[4.673s] INFO:colcon.colcon_core.shell:Creating package script '/home/berenic/Documents/LPRS2_2026/Robo_Hand_RS485/ROS2/robo_hand_ws/install/xarm_planner/share/xarm_planner/package.zsh'
[4.673s] Level 1:colcon.colcon_core.environment:create_file_with_runtime_dependencies(/home/berenic/Documents/LPRS2_2026/Robo_Hand_RS485/ROS2/robo_hand_ws/install/xarm_planner/share/colcon-core/packages/xarm_planner)
[4.674s] INFO:colcon.colcon_ros.task.ament_cmake.build:Building ROS package in '/home/berenic/Documents/LPRS2_2026/Robo_Hand_RS485/ROS2/robo_hand_ws/src/custom/glue_events_routines' with build type 'ament_cmake'
[4.674s] INFO:colcon.colcon_cmake.task.cmake.build:Building CMake package in '/home/berenic/Documents/LPRS2_2026/Robo_Hand_RS485/ROS2/robo_hand_ws/src/custom/glue_events_routines'
[4.675s] INFO:colcon.colcon_core.shell:Skip shell extension 'powershell' for command environment: Not usable outside of PowerShell
[4.675s] DEBUG:colcon.colcon_core.shell:Skip shell extension 'dsv' for command environment
[4.728s] DEBUG:colcon.colcon_core.event_handler.log_command:Invoking command in '/home/berenic/Documents/LPRS2_2026/Robo_Hand_RS485/ROS2/robo_hand_ws/build/glue_events_routines': AMENT_PREFIX_PATH=/home/berenic/Documents/LPRS2_2026/Robo_Hand_RS485/ROS2/robo_hand_ws/install/uf_ros_lib:/home/berenic/Documents/LPRS2_2026/Robo_Hand_RS485/ROS2/robo_hand_ws/install/glue_events_routines:/home/berenic/Documents/LPRS2_2026/Robo_Hand_RS485/ROS2/robo_hand_ws/install/xarm_planner:/home/berenic/Documents/LPRS2_2026/Robo_Hand_RS485/ROS2/robo_hand_ws/install/xarm_moveit_servo:/home/berenic/Documents/LPRS2_2026/Robo_Hand_RS485/ROS2/robo_hand_ws/install/xarm_moveit_config:/home/berenic/Documents/LPRS2_2026/Robo_Hand_RS485/ROS2/robo_hand_ws/install/xarm_gazebo:/home/berenic/Documents/LPRS2_2026/Robo_Hand_RS485/ROS2/robo_hand_ws/install/xarm_controller:/home/berenic/Documents/LPRS2_2026/Robo_Hand_RS485/ROS2/robo_hand_ws/install/xarm_api:/home/berenic/Documents/LPRS2_2026/Robo_Hand_RS485/ROS2/robo_hand_ws/install/xarm_sdk:/home/berenic/Documents/LPRS2_2026/Robo_Hand_RS485/ROS2/robo_hand_ws/install/xarm_msgs:/home/berenic/Documents/LPRS2_2026/Robo_Hand_RS485/ROS2/robo_hand_ws/install/xarm_description:/home/berenic/Documents/LPRS2_2026/Robo_Hand_RS485/ROS2/robo_hand_ws/install/mbot_demo:/home/berenic/Documents/LPRS2_2026/Robo_Hand_RS485/ROS2/robo_hand_ws/install/realsense_gazebo_plugin:/opt/ros/jazzy CMAKE_PREFIX_PATH=/home/berenic/Documents/LPRS2_2026/Robo_Hand_RS485/ROS2/robo_hand_ws/install/xarm_planner:/home/berenic/Documents/LPRS2_2026/Robo_Hand_RS485/ROS2/robo_hand_ws/install/xarm_moveit_servo:/home/berenic/Documents/LPRS2_2026/Robo_Hand_RS485/ROS2/robo_hand_ws/install/xarm_moveit_config:/home/berenic/Documents/LPRS2_2026/Robo_Hand_RS485/ROS2/robo_hand_ws/install/xarm_gazebo:/home/berenic/Documents/LPRS2_2026/Robo_Hand_RS485/ROS2/robo_hand_ws/install/xarm_controller:/home/berenic/Documents/LPRS2_2026/Robo_Hand_RS485/ROS2/robo_hand_ws/install/xarm_api:/home/berenic/Documents/LPRS2_2026/Robo_Hand_RS485/ROS2/robo_hand_ws/install/xarm_sdk:/home/berenic/Documents/LPRS2_2026/Robo_Hand_RS485/ROS2/robo_hand_ws/install/xarm_msgs:/home/berenic/Documents/LPRS2_2026/Robo_Hand_RS485/ROS2/robo_hand_ws/install/xarm_description:/home/berenic/Documents/LPRS2_2026/Robo_Hand_RS485/ROS2/robo_hand_ws/install/glue_events_routines:/home/berenic/Documents/LPRS2_2026/Robo_Hand_RS485/ROS2/robo_hand_ws/install/mbot_demo:/home/berenic/Documents/LPRS2_2026/Robo_Hand_RS485/ROS2/robo_hand_ws/install/realsense_gazebo_plugin:/opt/ros/jazzy/opt/gz_sim_vendor:/opt/ros/jazzy/opt/gz_sensors_vendor:/opt/ros/jazzy/opt/gz_physics_vendor:/opt/ros/jazzy/opt/sdformat_vendor:/opt/ros/jazzy/opt/gz_gui_vendor:/opt/ros/jazzy/opt/gz_transport_vendor:/opt/ros/jazzy/opt/gz_rendering_vendor:/opt/ros/jazzy/opt/gz_plugin_vendor:/opt/ros/jazzy/opt/gz_fuel_tools_vendor:/opt/ros/jazzy/opt/gz_msgs_vendor:/opt/ros/jazzy/opt/gz_common_vendor:/opt/ros/jazzy/opt/gz_math_vendor:/opt/ros/jazzy/opt/gz_utils_vendor:/opt/ros/jazzy/opt/gz_tools_vendor:/opt/ros/jazzy/opt/gz_ogre_next_vendor:/opt/ros/jazzy/opt/gz_dartsim_vendor:/opt/ros/jazzy/opt/gz_cmake_vendor:/home/berenic/Documents/LPRS2_2026/Robo_Hand_RS485/ROS2/robo_hand_ws/install/uf_ros_lib:/opt/ros/jazzy DEBUGINFOD_URLS=https://debuginfod.ubuntu.com /usr/bin/cmake --build /home/berenic/Documents/LPRS2_2026/Robo_Hand_RS485/ROS2/robo_hand_ws/build/glue_events_routines -- -j12 -l12
[16.761s] DEBUG:colcon.colcon_core.event_handler.log_command:Invoked command in '/home/berenic/Documents/LPRS2_2026/Robo_Hand_RS485/ROS2/robo_hand_ws/build/glue_events_routines' returned '0': AMENT_PREFIX_PATH=/home/berenic/Documents/LPRS2_2026/Robo_Hand_RS485/ROS2/robo_hand_ws/install/uf_ros_lib:/home/berenic/Documents/LPRS2_2026/Robo_Hand_RS485/ROS2/robo_hand_ws/install/glue_events_routines:/home/berenic/Documents/LPRS2_2026/Robo_Hand_RS485/ROS2/robo_hand_ws/install/xarm_planner:/home/berenic/Documents/LPRS2_2026/Robo_Hand_RS485/ROS2/robo_hand_ws/install/xarm_moveit_servo:/home/berenic/Documents/LPRS2_2026/Robo_Hand_RS485/ROS2/robo_hand_ws/install/xarm_moveit_config:/home/berenic/Documents/LPRS2_2026/Robo_Hand_RS485/ROS2/robo_hand_ws/install/xarm_gazebo:/home/berenic/Documents/LPRS2_2026/Robo_Hand_RS485/ROS2/robo_hand_ws/install/xarm_controller:/home/berenic/Documents/LPRS2_2026/Robo_Hand_RS485/ROS2/robo_hand_ws/install/xarm_api:/home/berenic/Documents/LPRS2_2026/Robo_Hand_RS485/ROS2/robo_hand_ws/install/xarm_sdk:/home/berenic/Documents/LPRS2_2026/Robo_Hand_RS485/ROS2/robo_hand_ws/install/xarm_msgs:/home/berenic/Documents/LPRS2_2026/Robo_Hand_RS485/ROS2/robo_hand_ws/install/xarm_description:/home/berenic/Documents/LPRS2_2026/Robo_Hand_RS485/ROS2/robo_hand_ws/install/mbot_demo:/home/berenic/Documents/LPRS2_2026/Robo_Hand_RS485/ROS2/robo_hand_ws/install/realsense_gazebo_plugin:/opt/ros/jazzy CMAKE_PREFIX_PATH=/home/berenic/Documents/LPRS2_2026/Robo_Hand_RS485/ROS2/robo_hand_ws/install/xarm_planner:/home/berenic/Documents/LPRS2_2026/Robo_Hand_RS485/ROS2/robo_hand_ws/install/xarm_moveit_servo:/home/berenic/Documents/LPRS2_2026/Robo_Hand_RS485/ROS2/robo_hand_ws/install/xarm_moveit_config:/home/berenic/Documents/LPRS2_2026/Robo_Hand_RS485/ROS2/robo_hand_ws/install/xarm_gazebo:/home/berenic/Documents/LPRS2_2026/Robo_Hand_RS485/ROS2/robo_hand_ws/install/xarm_controller:/home/berenic/Documents/LPRS2_2026/Robo_Hand_RS485/ROS2/robo_hand_ws/install/xarm_api:/home/berenic/Documents/LPRS2_2026/Robo_Hand_RS485/ROS2/robo_hand_ws/install/xarm_sdk:/home/berenic/Documents/LPRS2_2026/Robo_Hand_RS485/ROS2/robo_hand_ws/install/xarm_msgs:/home/berenic/Documents/LPRS2_2026/Robo_Hand_RS485/ROS2/robo_hand_ws/install/xarm_description:/home/berenic/Documents/LPRS2_2026/Robo_Hand_RS485/ROS2/robo_hand_ws/install/glue_events_routines:/home/berenic/Documents/LPRS2_2026/Robo_Hand_RS485/ROS2/robo_hand_ws/install/mbot_demo:/home/berenic/Documents/LPRS2_2026/Robo_Hand_RS485/ROS2/robo_hand_ws/install/realsense_gazebo_plugin:/opt/ros/jazzy/opt/gz_sim_vendor:/opt/ros/jazzy/opt/gz_sensors_vendor:/opt/ros/jazzy/opt/gz_physics_vendor:/opt/ros/jazzy/opt/sdformat_vendor:/opt/ros/jazzy/opt/gz_gui_vendor:/opt/ros/jazzy/opt/gz_transport_vendor:/opt/ros/jazzy/opt/gz_rendering_vendor:/opt/ros/jazzy/opt/gz_plugin_vendor:/opt/ros/jazzy/opt/gz_fuel_tools_vendor:/opt/ros/jazzy/opt/gz_msgs_vendor:/opt/ros/jazzy/opt/gz_common_vendor:/opt/ros/jazzy/opt/gz_math_vendor:/opt/ros/jazzy/opt/gz_utils_vendor:/opt/ros/jazzy/opt/gz_tools_vendor:/opt/ros/jazzy/opt/gz_ogre_next_vendor:/opt/ros/jazzy/opt/gz_dartsim_vendor:/opt/ros/jazzy/opt/gz_cmake_vendor:/home/berenic/Documents/LPRS2_2026/Robo_Hand_RS485/ROS2/robo_hand_ws/install/uf_ros_lib:/opt/ros/jazzy DEBUGINFOD_URLS=https://debuginfod.ubuntu.com /usr/bin/cmake --build /home/berenic/Documents/LPRS2_2026/Robo_Hand_RS485/ROS2/robo_hand_ws/build/glue_events_routines -- -j12 -l12
[16.762s] DEBUG:colcon.colcon_core.event_handler.log_command:Invoking command in '/home/berenic/Documents/LPRS2_2026/Robo_Hand_RS485/ROS2/robo_hand_ws/build/glue_events_routines': AMENT_PREFIX_PATH=/home/berenic/Documents/LPRS2_2026/Robo_Hand_RS485/ROS2/robo_hand_ws/install/uf_ros_lib:/home/berenic/Documents/LPRS2_2026/Robo_Hand_RS485/ROS2/robo_hand_ws/install/glue_events_routines:/home/berenic/Documents/LPRS2_2026/Robo_Hand_RS485/ROS2/robo_hand_ws/install/xarm_planner:/home/berenic/Documents/LPRS2_2026/Robo_Hand_RS485/ROS2/robo_hand_ws/install/xarm_moveit_servo:/home/berenic/Documents/LPRS2_2026/Robo_Hand_RS485/ROS2/robo_hand_ws/install/xarm_moveit_config:/home/berenic/Documents/LPRS2_2026/Robo_Hand_RS485/ROS2/robo_hand_ws/install/xarm_gazebo:/home/berenic/Documents/LPRS2_2026/Robo_Hand_RS485/ROS2/robo_hand_ws/install/xarm_controller:/home/berenic/Documents/LPRS2_2026/Robo_Hand_RS485/ROS2/robo_hand_ws/install/xarm_api:/home/berenic/Documents/LPRS2_2026/Robo_Hand_RS485/ROS2/robo_hand_ws/install/xarm_sdk:/home/berenic/Documents/LPRS2_2026/Robo_Hand_RS485/ROS2/robo_hand_ws/install/xarm_msgs:/home/berenic/Documents/LPRS2_2026/Robo_Hand_RS485/ROS2/robo_hand_ws/install/xarm_description:/home/berenic/Documents/LPRS2_2026/Robo_Hand_RS485/ROS2/robo_hand_ws/install/mbot_demo:/home/berenic/Documents/LPRS2_2026/Robo_Hand_RS485/ROS2/robo_hand_ws/install/realsense_gazebo_plugin:/opt/ros/jazzy CMAKE_PREFIX_PATH=/home/berenic/Documents/LPRS2_2026/Robo_Hand_RS485/ROS2/robo_hand_ws/install/xarm_planner:/home/berenic/Documents/LPRS2_2026/Robo_Hand_RS485/ROS2/robo_hand_ws/install/xarm_moveit_servo:/home/berenic/Documents/LPRS2_2026/Robo_Hand_RS485/ROS2/robo_hand_ws/install/xarm_moveit_config:/home/berenic/Documents/LPRS2_2026/Robo_Hand_RS485/ROS2/robo_hand_ws/install/xarm_gazebo:/home/berenic/Documents/LPRS2_2026/Robo_Hand_RS485/ROS2/robo_hand_ws/install/xarm_controller:/home/berenic/Documents/LPRS2_2026/Robo_Hand_RS485/ROS2/robo_hand_ws/install/xarm_api:/home/berenic/Documents/LPRS2_2026/Robo_Hand_RS485/ROS2/robo_hand_ws/install/xarm_sdk:/home/berenic/Documents/LPRS2_2026/Robo_Hand_RS485/ROS2/robo_hand_ws/install/xarm_msgs:/home/berenic/Documents/LPRS2_2026/Robo_Hand_RS485/ROS2/robo_hand_ws/install/xarm_description:/home/berenic/Documents/LPRS2_2026/Robo_Hand_RS485/ROS2/robo_hand_ws/install/glue_events_routines:/home/berenic/Documents/LPRS2_2026/Robo_Hand_RS485/ROS2/robo_hand_ws/install/mbot_demo:/home/berenic/Documents/LPRS2_2026/Robo_Hand_RS485/ROS2/robo_hand_ws/install/realsense_gazebo_plugin:/opt/ros/jazzy/opt/gz_sim_vendor:/opt/ros/jazzy/opt/gz_sensors_vendor:/opt/ros/jazzy/opt/gz_physics_vendor:/opt/ros/jazzy/opt/sdformat_vendor:/opt/ros/jazzy/opt/gz_gui_vendor:/opt/ros/jazzy/opt/gz_transport_vendor:/opt/ros/jazzy/opt/gz_rendering_vendor:/opt/ros/jazzy/opt/gz_plugin_vendor:/opt/ros/jazzy/opt/gz_fuel_tools_vendor:/opt/ros/jazzy/opt/gz_msgs_vendor:/opt/ros/jazzy/opt/gz_common_vendor:/opt/ros/jazzy/opt/gz_math_vendor:/opt/ros/jazzy/opt/gz_utils_vendor:/opt/ros/jazzy/opt/gz_tools_vendor:/opt/ros/jazzy/opt/gz_ogre_next_vendor:/opt/ros/jazzy/opt/gz_dartsim_vendor:/opt/ros/jazzy/opt/gz_cmake_vendor:/home/berenic/Documents/LPRS2_2026/Robo_Hand_RS485/ROS2/robo_hand_ws/install/uf_ros_lib:/opt/ros/jazzy DEBUGINFOD_URLS=https://debuginfod.ubuntu.com /usr/bin/cmake --install /home/berenic/Documents/LPRS2_2026/Robo_Hand_RS485/ROS2/robo_hand_ws/build/glue_events_routines
[16.790s] Level 1:colcon.colcon_core.environment:create_environment_scripts_only(glue_events_routines)
[16.790s] Level 1:colcon.colcon_core.environment:checking '/home/berenic/Documents/LPRS2_2026/Robo_Hand_RS485/ROS2/robo_hand_ws/install/glue_events_routines' for CMake module files
[16.791s] DEBUG:colcon.colcon_core.event_handler.log_command:Invoked command in '/home/berenic/Documents/LPRS2_2026/Robo_Hand_RS485/ROS2/robo_hand_ws/build/glue_events_routines' returned '0': AMENT_PREFIX_PATH=/home/berenic/Documents/LPRS2_2026/Robo_Hand_RS485/ROS2/robo_hand_ws/install/uf_ros_lib:/home/berenic/Documents/LPRS2_2026/Robo_Hand_RS485/ROS2/robo_hand_ws/install/glue_events_routines:/home/berenic/Documents/LPRS2_2026/Robo_Hand_RS485/ROS2/robo_hand_ws/install/xarm_planner:/home/berenic/Documents/LPRS2_2026/Robo_Hand_RS485/ROS2/robo_hand_ws/install/xarm_moveit_servo:/home/berenic/Documents/LPRS2_2026/Robo_Hand_RS485/ROS2/robo_hand_ws/install/xarm_moveit_config:/home/berenic/Documents/LPRS2_2026/Robo_Hand_RS485/ROS2/robo_hand_ws/install/xarm_gazebo:/home/berenic/Documents/LPRS2_2026/Robo_Hand_RS485/ROS2/robo_hand_ws/install/xarm_controller:/home/berenic/Documents/LPRS2_2026/Robo_Hand_RS485/ROS2/robo_hand_ws/install/xarm_api:/home/berenic/Documents/LPRS2_2026/Robo_Hand_RS485/ROS2/robo_hand_ws/install/xarm_sdk:/home/berenic/Documents/LPRS2_2026/Robo_Hand_RS485/ROS2/robo_hand_ws/install/xarm_msgs:/home/berenic/Documents/LPRS2_2026/Robo_Hand_RS485/ROS2/robo_hand_ws/install/xarm_description:/home/berenic/Documents/LPRS2_2026/Robo_Hand_RS485/ROS2/robo_hand_ws/install/mbot_demo:/home/berenic/Documents/LPRS2_2026/Robo_Hand_RS485/ROS2/robo_hand_ws/install/realsense_gazebo_plugin:/opt/ros/jazzy CMAKE_PREFIX_PATH=/home/berenic/Documents/LPRS2_2026/Robo_Hand_RS485/ROS2/robo_hand_ws/install/xarm_planner:/home/berenic/Documents/LPRS2_2026/Robo_Hand_RS485/ROS2/robo_hand_ws/install/xarm_moveit_servo:/home/berenic/Documents/LPRS2_2026/Robo_Hand_RS485/ROS2/robo_hand_ws/install/xarm_moveit_config:/home/berenic/Documents/LPRS2_2026/Robo_Hand_RS485/ROS2/robo_hand_ws/install/xarm_gazebo:/home/berenic/Documents/LPRS2_2026/Robo_Hand_RS485/ROS2/robo_hand_ws/install/xarm_controller:/home/berenic/Documents/LPRS2_2026/Robo_Hand_RS485/ROS2/robo_hand_ws/install/xarm_api:/home/berenic/Documents/LPRS2_2026/Robo_Hand_RS485/ROS2/robo_hand_ws/install/xarm_sdk:/home/berenic/Documents/LPRS2_2026/Robo_Hand_RS485/ROS2/robo_hand_ws/install/xarm_msgs:/home/berenic/Documents/LPRS2_2026/Robo_Hand_RS485/ROS2/robo_hand_ws/install/xarm_description:/home/berenic/Documents/LPRS2_2026/Robo_Hand_RS485/ROS2/robo_hand_ws/install/glue_events_routines:/home/berenic/Documents/LPRS2_2026/Robo_Hand_RS485/ROS2/robo_hand_ws/install/mbot_demo:/home/berenic/Documents/LPRS2_2026/Robo_Hand_RS485/ROS2/robo_hand_ws/install/realsense_gazebo_plugin:/opt/ros/jazzy/opt/gz_sim_vendor:/opt/ros/jazzy/opt/gz_sensors_vendor:/opt/ros/jazzy/opt/gz_physics_vendor:/opt/ros/jazzy/opt/sdformat_vendor:/opt/ros/jazzy/opt/gz_gui_vendor:/opt/ros/jazzy/opt/gz_transport_vendor:/opt/ros/jazzy/opt/gz_rendering_vendor:/opt/ros/jazzy/opt/gz_plugin_vendor:/opt/ros/jazzy/opt/gz_fuel_tools_vendor:/opt/ros/jazzy/opt/gz_msgs_vendor:/opt/ros/jazzy/opt/gz_common_vendor:/opt/ros/jazzy/opt/gz_math_vendor:/opt/ros/jazzy/opt/gz_utils_vendor:/opt/ros/jazzy/opt/gz_tools_vendor:/opt/ros/jazzy/opt/gz_ogre_next_vendor:/opt/ros/jazzy/opt/gz_dartsim_vendor:/opt/ros/jazzy/opt/gz_cmake_vendor:/home/berenic/Documents/LPRS2_2026/Robo_Hand_RS485/ROS2/robo_hand_ws/install/uf_ros_lib:/opt/ros/jazzy DEBUGINFOD_URLS=https://debuginfod.ubuntu.com /usr/bin/cmake --install /home/berenic/Documents/LPRS2_2026/Robo_Hand_RS485/ROS2/robo_hand_ws/build/glue_events_routines
[16.791s] Level 1:colcon.colcon_core.environment:checking '/home/berenic/Documents/LPRS2_2026/Robo_Hand_RS485/ROS2/robo_hand_ws/install/glue_events_routines' for CMake config files
[16.792s] Level 1:colcon.colcon_core.shell:create_environment_hook('glue_events_routines', 'cmake_prefix_path')
[16.792s] INFO:colcon.colcon_core.shell:Creating environment hook '/home/berenic/Documents/LPRS2_2026/Robo_Hand_RS485/ROS2/robo_hand_ws/install/glue_events_routines/share/glue_events_routines/hook/cmake_prefix_path.ps1'
[16.792s] INFO:colcon.colcon_core.shell:Creating environment descriptor '/home/berenic/Documents/LPRS2_2026/Robo_Hand_RS485/ROS2/robo_hand_ws/install/glue_events_routines/share/glue_events_routines/hook/cmake_prefix_path.dsv'
[16.793s] INFO:colcon.colcon_core.shell:Creating environment hook '/home/berenic/Documents/LPRS2_2026/Robo_Hand_RS485/ROS2/robo_hand_ws/install/glue_events_routines/share/glue_events_routines/hook/cmake_prefix_path.sh'
[16.793s] Level 1:colcon.colcon_core.environment:checking '/home/berenic/Documents/LPRS2_2026/Robo_Hand_RS485/ROS2/robo_hand_ws/install/glue_events_routines/lib'
[16.793s] Level 1:colcon.colcon_core.environment:checking '/home/berenic/Documents/LPRS2_2026/Robo_Hand_RS485/ROS2/robo_hand_ws/install/glue_events_routines/bin'
[16.793s] Level 1:colcon.colcon_core.environment:checking '/home/berenic/Documents/LPRS2_2026/Robo_Hand_RS485/ROS2/robo_hand_ws/install/glue_events_routines/lib/pkgconfig/glue_events_routines.pc'
[16.793s] Level 1:colcon.colcon_core.environment:checking '/home/berenic/Documents/LPRS2_2026/Robo_Hand_RS485/ROS2/robo_hand_ws/install/glue_events_routines/lib/python3.12/site-packages'
[16.794s] Level 1:colcon.colcon_core.environment:checking '/home/berenic/Documents/LPRS2_2026/Robo_Hand_RS485/ROS2/robo_hand_ws/install/glue_events_routines/bin'
[16.794s] INFO:colcon.colcon_core.shell:Creating package script '/home/berenic/Documents/LPRS2_2026/Robo_Hand_RS485/ROS2/robo_hand_ws/install/glue_events_routines/share/glue_events_routines/package.ps1'
[16.794s] INFO:colcon.colcon_core.shell:Creating package descriptor '/home/berenic/Documents/LPRS2_2026/Robo_Hand_RS485/ROS2/robo_hand_ws/install/glue_events_routines/share/glue_events_routines/package.dsv'
[16.795s] INFO:colcon.colcon_core.shell:Creating package script '/home/berenic/Documents/LPRS2_2026/Robo_Hand_RS485/ROS2/robo_hand_ws/install/glue_events_routines/share/glue_events_routines/package.sh'
[16.795s] INFO:colcon.colcon_core.shell:Creating package script '/home/berenic/Documents/LPRS2_2026/Robo_Hand_RS485/ROS2/robo_hand_ws/install/glue_events_routines/share/glue_events_routines/package.bash'
[16.795s] INFO:colcon.colcon_core.shell:Creating package script '/home/berenic/Documents/LPRS2_2026/Robo_Hand_RS485/ROS2/robo_hand_ws/install/glue_events_routines/share/glue_events_routines/package.zsh'
[16.796s] Level 1:colcon.colcon_core.environment:create_file_with_runtime_dependencies(/home/berenic/Documents/LPRS2_2026/Robo_Hand_RS485/ROS2/robo_hand_ws/install/glue_events_routines/share/colcon-core/packages/glue_events_routines)
[16.796s] Level 1:colcon.colcon_core.environment:create_environment_scripts_only(glue_events_routines)
[16.796s] Level 1:colcon.colcon_core.environment:checking '/home/berenic/Documents/LPRS2_2026/Robo_Hand_RS485/ROS2/robo_hand_ws/install/glue_events_routines' for CMake module files
[16.796s] Level 1:colcon.colcon_core.environment:checking '/home/berenic/Documents/LPRS2_2026/Robo_Hand_RS485/ROS2/robo_hand_ws/install/glue_events_routines' for CMake config files
[16.797s] Level 1:colcon.colcon_core.shell:create_environment_hook('glue_events_routines', 'cmake_prefix_path')
[16.797s] INFO:colcon.colcon_core.shell:Creating environment hook '/home/berenic/Documents/LPRS2_2026/Robo_Hand_RS485/ROS2/robo_hand_ws/install/glue_events_routines/share/glue_events_routines/hook/cmake_prefix_path.ps1'
[16.797s] INFO:colcon.colcon_core.shell:Creating environment descriptor '/home/berenic/Documents/LPRS2_2026/Robo_Hand_RS485/ROS2/robo_hand_ws/install/glue_events_routines/share/glue_events_routines/hook/cmake_prefix_path.dsv'
[16.798s] INFO:colcon.colcon_core.shell:Creating environment hook '/home/berenic/Documents/LPRS2_2026/Robo_Hand_RS485/ROS2/robo_hand_ws/install/glue_events_routines/share/glue_events_routines/hook/cmake_prefix_path.sh'
[16.798s] Level 1:colcon.colcon_core.environment:checking '/home/berenic/Documents/LPRS2_2026/Robo_Hand_RS485/ROS2/robo_hand_ws/install/glue_events_routines/lib'
[16.798s] Level 1:colcon.colcon_core.environment:checking '/home/berenic/Documents/LPRS2_2026/Robo_Hand_RS485/ROS2/robo_hand_ws/install/glue_events_routines/bin'
[16.798s] Level 1:colcon.colcon_core.environment:checking '/home/berenic/Documents/LPRS2_2026/Robo_Hand_RS485/ROS2/robo_hand_ws/install/glue_events_routines/lib/pkgconfig/glue_events_routines.pc'
[16.798s] Level 1:colcon.colcon_core.environment:checking '/home/berenic/Documents/LPRS2_2026/Robo_Hand_RS485/ROS2/robo_hand_ws/install/glue_events_routines/lib/python3.12/site-packages'
[16.799s] Level 1:colcon.colcon_core.environment:checking '/home/berenic/Documents/LPRS2_2026/Robo_Hand_RS485/ROS2/robo_hand_ws/install/glue_events_routines/bin'
[16.799s] INFO:colcon.colcon_core.shell:Creating package script '/home/berenic/Documents/LPRS2_2026/Robo_Hand_RS485/ROS2/robo_hand_ws/install/glue_events_routines/share/glue_events_routines/package.ps1'
[16.799s] INFO:colcon.colcon_core.shell:Creating package descriptor '/home/berenic/Documents/LPRS2_2026/Robo_Hand_RS485/ROS2/robo_hand_ws/install/glue_events_routines/share/glue_events_routines/package.dsv'
[16.799s] INFO:colcon.colcon_core.shell:Creating package script '/home/berenic/Documents/LPRS2_2026/Robo_Hand_RS485/ROS2/robo_hand_ws/install/glue_events_routines/share/glue_events_routines/package.sh'
[16.800s] INFO:colcon.colcon_core.shell:Creating package script '/home/berenic/Documents/LPRS2_2026/Robo_Hand_RS485/ROS2/robo_hand_ws/install/glue_events_routines/share/glue_events_routines/package.bash'
[16.800s] INFO:colcon.colcon_core.shell:Creating package script '/home/berenic/Documents/LPRS2_2026/Robo_Hand_RS485/ROS2/robo_hand_ws/install/glue_events_routines/share/glue_events_routines/package.zsh'
[16.800s] Level 1:colcon.colcon_core.environment:create_file_with_runtime_dependencies(/home/berenic/Documents/LPRS2_2026/Robo_Hand_RS485/ROS2/robo_hand_ws/install/glue_events_routines/share/colcon-core/packages/glue_events_routines)
[16.801s] DEBUG:colcon.colcon_parallel_executor.executor.parallel:closing loop
[16.801s] DEBUG:colcon.colcon_parallel_executor.executor.parallel:loop closed
[16.801s] DEBUG:colcon.colcon_parallel_executor.executor.parallel:run_until_complete finished with '0'
[16.801s] DEBUG:colcon.colcon_core.event_reactor:joining thread
[16.807s] INFO:colcon.colcon_core.plugin_system:Skipping extension 'colcon_notification.desktop_notification.terminal_notifier': Not used on non-Darwin systems
[16.807s] INFO:colcon.colcon_core.plugin_system:Skipping extension 'colcon_notification.desktop_notification.win32': Not used on non-Windows systems
[16.807s] INFO:colcon.colcon_notification.desktop_notification:Sending desktop notification using 'notify2'
[16.822s] DEBUG:colcon.colcon_core.event_reactor:joined thread
[16.823s] INFO:colcon.colcon_core.shell:Creating prefix script '/home/berenic/Documents/LPRS2_2026/Robo_Hand_RS485/ROS2/robo_hand_ws/install/local_setup.ps1'
[16.824s] INFO:colcon.colcon_core.shell:Creating prefix util module '/home/berenic/Documents/LPRS2_2026/Robo_Hand_RS485/ROS2/robo_hand_ws/install/_local_setup_util_ps1.py'
[16.825s] INFO:colcon.colcon_core.shell:Creating prefix chain script '/home/berenic/Documents/LPRS2_2026/Robo_Hand_RS485/ROS2/robo_hand_ws/install/setup.ps1'
[16.827s] INFO:colcon.colcon_core.shell:Creating prefix script '/home/berenic/Documents/LPRS2_2026/Robo_Hand_RS485/ROS2/robo_hand_ws/install/local_setup.sh'
[16.828s] INFO:colcon.colcon_core.shell:Creating prefix util module '/home/berenic/Documents/LPRS2_2026/Robo_Hand_RS485/ROS2/robo_hand_ws/install/_local_setup_util_sh.py'
[16.828s] INFO:colcon.colcon_core.shell:Creating prefix chain script '/home/berenic/Documents/LPRS2_2026/Robo_Hand_RS485/ROS2/robo_hand_ws/install/setup.sh'
[16.830s] INFO:colcon.colcon_core.shell:Creating prefix script '/home/berenic/Documents/LPRS2_2026/Robo_Hand_RS485/ROS2/robo_hand_ws/install/local_setup.bash'
[16.830s] INFO:colcon.colcon_core.shell:Creating prefix chain script '/home/berenic/Documents/LPRS2_2026/Robo_Hand_RS485/ROS2/robo_hand_ws/install/setup.bash'
[16.832s] INFO:colcon.colcon_core.shell:Creating prefix script '/home/berenic/Documents/LPRS2_2026/Robo_Hand_RS485/ROS2/robo_hand_ws/install/local_setup.zsh'
[16.832s] INFO:colcon.colcon_core.shell:Creating prefix chain script '/home/berenic/Documents/LPRS2_2026/Robo_Hand_RS485/ROS2/robo_hand_ws/install/setup.zsh'
