[0.208s] DEBUG:colcon:Command line arguments: ['/usr/bin/colcon', 'build', '--symlink-install']
[0.208s] DEBUG:colcon:Parsed command line arguments: Namespace(log_base=None, log_level=None, verb_name='build', build_base='build', install_base='install', merge_install=False, symlink_install=True, test_result_base=None, continue_on_error=False, executor='parallel', parallel_workers=12, event_handlers=None, ignore_user_meta=False, metas=['./colcon.meta'], base_paths=['.'], packages_ignore=None, packages_ignore_regex=None, paths=None, packages_up_to=None, packages_up_to_regex=None, packages_above=None, packages_above_and_dependencies=None, packages_above_depth=None, packages_select_by_dep=None, packages_skip_by_dep=None, packages_skip_up_to=None, packages_select_build_failed=False, packages_skip_build_finished=False, packages_select_test_failures=False, packages_skip_test_passed=False, packages_select=None, packages_skip=None, packages_select_regex=None, packages_skip_regex=None, packages_start=None, packages_end=None, allow_overriding=[], cmake_args=None, cmake_target=None, cmake_target_skip_unavailable=False, cmake_clean_cache=False, cmake_clean_first=False, cmake_force_configure=False, ament_cmake_args=None, catkin_cmake_args=None, catkin_skip_building_tests=False, mixin_files=None, mixin=None, verb_parser=<colcon_mixin.mixin.mixin_argument.MixinArgumentDecorator object at 0x7b65c519da30>, verb_extension=<colcon_core.verb.build.BuildVerb object at 0x7b65c52c9be0>, main=<bound method BuildVerb.main of <colcon_core.verb.build.BuildVerb object at 0x7b65c52c9be0>>, mixin_verb=('build',))
[0.280s] Level 1:colcon.colcon_core.package_discovery:discover_packages(colcon_meta) check parameters
[0.281s] Level 1:colcon.colcon_core.package_discovery:discover_packages(recursive) check parameters
[0.281s] Level 1:colcon.colcon_core.package_discovery:discover_packages(ignore) check parameters
[0.281s] Level 1:colcon.colcon_core.package_discovery:discover_packages(path) check parameters
[0.281s] Level 1:colcon.colcon_core.package_discovery:discover_packages(colcon_meta) discover
[0.281s] Level 1:colcon.colcon_core.package_discovery:discover_packages(recursive) discover
[0.281s] INFO:colcon.colcon_core.package_discovery:Crawling recursively for packages in '/home/berenic/Documents/LPRS2_2026/Robo_Hand_RS485/ROS2/robo_hand_ws'
[0.282s] Level 1:colcon.colcon_core.package_identification:_identify(.) by extensions ['ignore', 'ignore_ament_install']
[0.282s] Level 1:colcon.colcon_core.package_identification:_identify(.) by extension 'ignore'
[0.282s] Level 1:colcon.colcon_core.package_identification:_identify(.) by extension 'ignore_ament_install'
[0.282s] Level 1:colcon.colcon_core.package_identification:_identify(.) by extensions ['colcon_pkg']
[0.282s] Level 1:colcon.colcon_core.package_identification:_identify(.) by extension 'colcon_pkg'
[0.282s] Level 1:colcon.colcon_core.package_identification:_identify(.) by extensions ['colcon_meta']
[0.282s] Level 1:colcon.colcon_core.package_identification:_identify(.) by extension 'colcon_meta'
[0.282s] Level 1:colcon.colcon_core.package_identification:_identify(.) by extensions ['ros']
[0.282s] Level 1:colcon.colcon_core.package_identification:_identify(.) by extension 'ros'
[0.336s] Level 1:colcon.colcon_core.package_identification:_identify(.) by extensions ['cmake', 'python']
[0.337s] Level 1:colcon.colcon_core.package_identification:_identify(.) by extension 'cmake'
[0.337s] Level 1:colcon.colcon_core.package_identification:_identify(.) by extension 'python'
[0.337s] Level 1:colcon.colcon_core.package_identification:_identify(.) by extensions ['python_setup_py']
[0.337s] Level 1:colcon.colcon_core.package_identification:_identify(.) by extension 'python_setup_py'
[0.337s] Level 1:colcon.colcon_core.package_identification:_identify(build) by extensions ['ignore', 'ignore_ament_install']
[0.337s] Level 1:colcon.colcon_core.package_identification:_identify(build) by extension 'ignore'
[0.337s] Level 1:colcon.colcon_core.package_identification:_identify(build) ignored
[0.338s] Level 1:colcon.colcon_core.package_identification:_identify(install) by extensions ['ignore', 'ignore_ament_install']
[0.338s] Level 1:colcon.colcon_core.package_identification:_identify(install) by extension 'ignore'
[0.338s] Level 1:colcon.colcon_core.package_identification:_identify(install) ignored
[0.338s] Level 1:colcon.colcon_core.package_identification:_identify(log) by extensions ['ignore', 'ignore_ament_install']
[0.338s] Level 1:colcon.colcon_core.package_identification:_identify(log) by extension 'ignore'
[0.339s] Level 1:colcon.colcon_core.package_identification:_identify(log) ignored
[0.339s] Level 1:colcon.colcon_core.package_identification:_identify(patches) by extensions ['ignore', 'ignore_ament_install']
[0.339s] Level 1:colcon.colcon_core.package_identification:_identify(patches) by extension 'ignore'
[0.339s] Level 1:colcon.colcon_core.package_identification:_identify(patches) by extension 'ignore_ament_install'
[0.339s] Level 1:colcon.colcon_core.package_identification:_identify(patches) by extensions ['colcon_pkg']
[0.339s] Level 1:colcon.colcon_core.package_identification:_identify(patches) by extension 'colcon_pkg'
[0.339s] Level 1:colcon.colcon_core.package_identification:_identify(patches) by extensions ['colcon_meta']
[0.339s] Level 1:colcon.colcon_core.package_identification:_identify(patches) by extension 'colcon_meta'
[0.339s] Level 1:colcon.colcon_core.package_identification:_identify(patches) by extensions ['ros']
[0.339s] Level 1:colcon.colcon_core.package_identification:_identify(patches) by extension 'ros'
[0.340s] Level 1:colcon.colcon_core.package_identification:_identify(patches) by extensions ['cmake', 'python']
[0.340s] Level 1:colcon.colcon_core.package_identification:_identify(patches) by extension 'cmake'
[0.340s] Level 1:colcon.colcon_core.package_identification:_identify(patches) by extension 'python'
[0.340s] Level 1:colcon.colcon_core.package_identification:_identify(patches) by extensions ['python_setup_py']
[0.340s] Level 1:colcon.colcon_core.package_identification:_identify(patches) by extension 'python_setup_py'
[0.340s] Level 1:colcon.colcon_core.package_identification:_identify(src) by extensions ['ignore', 'ignore_ament_install']
[0.340s] Level 1:colcon.colcon_core.package_identification:_identify(src) by extension 'ignore'
[0.340s] Level 1:colcon.colcon_core.package_identification:_identify(src) by extension 'ignore_ament_install'
[0.341s] Level 1:colcon.colcon_core.package_identification:_identify(src) by extensions ['colcon_pkg']
[0.341s] Level 1:colcon.colcon_core.package_identification:_identify(src) by extension 'colcon_pkg'
[0.341s] Level 1:colcon.colcon_core.package_identification:_identify(src) by extensions ['colcon_meta']
[0.341s] Level 1:colcon.colcon_core.package_identification:_identify(src) by extension 'colcon_meta'
[0.341s] Level 1:colcon.colcon_core.package_identification:_identify(src) by extensions ['ros']
[0.341s] Level 1:colcon.colcon_core.package_identification:_identify(src) by extension 'ros'
[0.341s] Level 1:colcon.colcon_core.package_identification:_identify(src) by extensions ['cmake', 'python']
[0.342s] Level 1:colcon.colcon_core.package_identification:_identify(src) by extension 'cmake'
[0.342s] Level 1:colcon.colcon_core.package_identification:_identify(src) by extension 'python'
[0.342s] Level 1:colcon.colcon_core.package_identification:_identify(src) by extensions ['python_setup_py']
[0.342s] Level 1:colcon.colcon_core.package_identification:_identify(src) by extension 'python_setup_py'
[0.342s] Level 1:colcon.colcon_core.package_identification:_identify(src/build) by extensions ['ignore', 'ignore_ament_install']
[0.342s] Level 1:colcon.colcon_core.package_identification:_identify(src/build) by extension 'ignore'
[0.342s] Level 1:colcon.colcon_core.package_identification:_identify(src/build) ignored
[0.342s] Level 1:colcon.colcon_core.package_identification:_identify(src/custom) by extensions ['ignore', 'ignore_ament_install']
[0.343s] Level 1:colcon.colcon_core.package_identification:_identify(src/custom) by extension 'ignore'
[0.343s] Level 1:colcon.colcon_core.package_identification:_identify(src/custom) by extension 'ignore_ament_install'
[0.343s] Level 1:colcon.colcon_core.package_identification:_identify(src/custom) by extensions ['colcon_pkg']
[0.343s] Level 1:colcon.colcon_core.package_identification:_identify(src/custom) by extension 'colcon_pkg'
[0.343s] Level 1:colcon.colcon_core.package_identification:_identify(src/custom) by extensions ['colcon_meta']
[0.343s] Level 1:colcon.colcon_core.package_identification:_identify(src/custom) by extension 'colcon_meta'
[0.343s] Level 1:colcon.colcon_core.package_identification:_identify(src/custom) by extensions ['ros']
[0.343s] Level 1:colcon.colcon_core.package_identification:_identify(src/custom) by extension 'ros'
[0.343s] Level 1:colcon.colcon_core.package_identification:_identify(src/custom) by extensions ['cmake', 'python']
[0.343s] Level 1:colcon.colcon_core.package_identification:_identify(src/custom) by extension 'cmake'
[0.344s] Level 1:colcon.colcon_core.package_identification:_identify(src/custom) by extension 'python'
[0.344s] Level 1:colcon.colcon_core.package_identification:_identify(src/custom) by extensions ['python_setup_py']
[0.344s] Level 1:colcon.colcon_core.package_identification:_identify(src/custom) by extension 'python_setup_py'
[0.344s] Level 1:colcon.colcon_core.package_identification:_identify(src/custom/glue_events_routines) by extensions ['ignore', 'ignore_ament_install']
[0.344s] Level 1:colcon.colcon_core.package_identification:_identify(src/custom/glue_events_routines) by extension 'ignore'
[0.344s] Level 1:colcon.colcon_core.package_identification:_identify(src/custom/glue_events_routines) by extension 'ignore_ament_install'
[0.344s] Level 1:colcon.colcon_core.package_identification:_identify(src/custom/glue_events_routines) by extensions ['colcon_pkg']
[0.345s] Level 1:colcon.colcon_core.package_identification:_identify(src/custom/glue_events_routines) by extension 'colcon_pkg'
[0.345s] Level 1:colcon.colcon_core.package_identification:_identify(src/custom/glue_events_routines) by extensions ['colcon_meta']
[0.345s] Level 1:colcon.colcon_core.package_identification:_identify(src/custom/glue_events_routines) by extension 'colcon_meta'
[0.345s] Level 1:colcon.colcon_core.package_identification:_identify(src/custom/glue_events_routines) by extensions ['ros']
[0.345s] Level 1:colcon.colcon_core.package_identification:_identify(src/custom/glue_events_routines) by extension 'ros'
[0.351s] DEBUG:colcon.colcon_core.package_identification:Package 'src/custom/glue_events_routines' with type 'ros.ament_cmake' and name 'glue_events_routines'
[0.352s] Level 1:colcon.colcon_core.package_identification:_identify(src/install) by extensions ['ignore', 'ignore_ament_install']
[0.352s] Level 1:colcon.colcon_core.package_identification:_identify(src/install) by extension 'ignore'
[0.352s] Level 1:colcon.colcon_core.package_identification:_identify(src/install) ignored
[0.353s] Level 1:colcon.colcon_core.package_identification:_identify(src/log) by extensions ['ignore', 'ignore_ament_install']
[0.353s] Level 1:colcon.colcon_core.package_identification:_identify(src/log) by extension 'ignore'
[0.353s] Level 1:colcon.colcon_core.package_identification:_identify(src/log) ignored
[0.353s] Level 1:colcon.colcon_core.package_identification:_identify(src/xarm_ros2) by extensions ['ignore', 'ignore_ament_install']
[0.353s] Level 1:colcon.colcon_core.package_identification:_identify(src/xarm_ros2) by extension 'ignore'
[0.354s] Level 1:colcon.colcon_core.package_identification:_identify(src/xarm_ros2) by extension 'ignore_ament_install'
[0.354s] Level 1:colcon.colcon_core.package_identification:_identify(src/xarm_ros2) by extensions ['colcon_pkg']
[0.354s] Level 1:colcon.colcon_core.package_identification:_identify(src/xarm_ros2) by extension 'colcon_pkg'
[0.354s] Level 1:colcon.colcon_core.package_identification:_identify(src/xarm_ros2) by extensions ['colcon_meta']
[0.354s] Level 1:colcon.colcon_core.package_identification:_identify(src/xarm_ros2) by extension 'colcon_meta'
[0.354s] Level 1:colcon.colcon_core.package_identification:_identify(src/xarm_ros2) by extensions ['ros']
[0.354s] Level 1:colcon.colcon_core.package_identification:_identify(src/xarm_ros2) by extension 'ros'
[0.354s] Level 1:colcon.colcon_core.package_identification:_identify(src/xarm_ros2) by extensions ['cmake', 'python']
[0.354s] Level 1:colcon.colcon_core.package_identification:_identify(src/xarm_ros2) by extension 'cmake'
[0.354s] Level 1:colcon.colcon_core.package_identification:_identify(src/xarm_ros2) by extension 'python'
[0.355s] Level 1:colcon.colcon_core.package_identification:_identify(src/xarm_ros2) by extensions ['python_setup_py']
[0.355s] Level 1:colcon.colcon_core.package_identification:_identify(src/xarm_ros2) by extension 'python_setup_py'
[0.355s] Level 1:colcon.colcon_core.package_identification:_identify(src/xarm_ros2/demo) by extensions ['ignore', 'ignore_ament_install']
[0.355s] Level 1:colcon.colcon_core.package_identification:_identify(src/xarm_ros2/demo) by extension 'ignore'
[0.355s] Level 1:colcon.colcon_core.package_identification:_identify(src/xarm_ros2/demo) by extension 'ignore_ament_install'
[0.355s] Level 1:colcon.colcon_core.package_identification:_identify(src/xarm_ros2/demo) by extensions ['colcon_pkg']
[0.356s] Level 1:colcon.colcon_core.package_identification:_identify(src/xarm_ros2/demo) by extension 'colcon_pkg'
[0.356s] Level 1:colcon.colcon_core.package_identification:_identify(src/xarm_ros2/demo) by extensions ['colcon_meta']
[0.356s] Level 1:colcon.colcon_core.package_identification:_identify(src/xarm_ros2/demo) by extension 'colcon_meta'
[0.356s] Level 1:colcon.colcon_core.package_identification:_identify(src/xarm_ros2/demo) by extensions ['ros']
[0.356s] Level 1:colcon.colcon_core.package_identification:_identify(src/xarm_ros2/demo) by extension 'ros'
[0.356s] Level 1:colcon.colcon_core.package_identification:_identify(src/xarm_ros2/demo) by extensions ['cmake', 'python']
[0.356s] Level 1:colcon.colcon_core.package_identification:_identify(src/xarm_ros2/demo) by extension 'cmake'
[0.356s] Level 1:colcon.colcon_core.package_identification:_identify(src/xarm_ros2/demo) by extension 'python'
[0.356s] Level 1:colcon.colcon_core.package_identification:_identify(src/xarm_ros2/demo) by extensions ['python_setup_py']
[0.356s] Level 1:colcon.colcon_core.package_identification:_identify(src/xarm_ros2/demo) by extension 'python_setup_py'
[0.357s] Level 1:colcon.colcon_core.package_identification:_identify(src/xarm_ros2/demo/mbot_demo) by extensions ['ignore', 'ignore_ament_install']
[0.357s] Level 1:colcon.colcon_core.package_identification:_identify(src/xarm_ros2/demo/mbot_demo) by extension 'ignore'
[0.357s] Level 1:colcon.colcon_core.package_identification:_identify(src/xarm_ros2/demo/mbot_demo) by extension 'ignore_ament_install'
[0.357s] Level 1:colcon.colcon_core.package_identification:_identify(src/xarm_ros2/demo/mbot_demo) by extensions ['colcon_pkg']
[0.357s] Level 1:colcon.colcon_core.package_identification:_identify(src/xarm_ros2/demo/mbot_demo) by extension 'colcon_pkg'
[0.357s] Level 1:colcon.colcon_core.package_identification:_identify(src/xarm_ros2/demo/mbot_demo) by extensions ['colcon_meta']
[0.357s] Level 1:colcon.colcon_core.package_identification:_identify(src/xarm_ros2/demo/mbot_demo) by extension 'colcon_meta'
[0.357s] Level 1:colcon.colcon_core.package_identification:_identify(src/xarm_ros2/demo/mbot_demo) by extensions ['ros']
[0.357s] Level 1:colcon.colcon_core.package_identification:_identify(src/xarm_ros2/demo/mbot_demo) by extension 'ros'
[0.359s] DEBUG:colcon.colcon_core.package_identification:Package 'src/xarm_ros2/demo/mbot_demo' with type 'ros.ament_cmake' and name 'mbot_demo'
[0.359s] Level 1:colcon.colcon_core.package_identification:_identify(src/xarm_ros2/thirdparty) by extensions ['ignore', 'ignore_ament_install']
[0.359s] Level 1:colcon.colcon_core.package_identification:_identify(src/xarm_ros2/thirdparty) by extension 'ignore'
[0.359s] Level 1:colcon.colcon_core.package_identification:_identify(src/xarm_ros2/thirdparty) by extension 'ignore_ament_install'
[0.359s] Level 1:colcon.colcon_core.package_identification:_identify(src/xarm_ros2/thirdparty) by extensions ['colcon_pkg']
[0.359s] Level 1:colcon.colcon_core.package_identification:_identify(src/xarm_ros2/thirdparty) by extension 'colcon_pkg'
[0.359s] Level 1:colcon.colcon_core.package_identification:_identify(src/xarm_ros2/thirdparty) by extensions ['colcon_meta']
[0.359s] Level 1:colcon.colcon_core.package_identification:_identify(src/xarm_ros2/thirdparty) by extension 'colcon_meta'
[0.360s] Level 1:colcon.colcon_core.package_identification:_identify(src/xarm_ros2/thirdparty) by extensions ['ros']
[0.360s] Level 1:colcon.colcon_core.package_identification:_identify(src/xarm_ros2/thirdparty) by extension 'ros'
[0.360s] Level 1:colcon.colcon_core.package_identification:_identify(src/xarm_ros2/thirdparty) by extensions ['cmake', 'python']
[0.360s] Level 1:colcon.colcon_core.package_identification:_identify(src/xarm_ros2/thirdparty) by extension 'cmake'
[0.360s] Level 1:colcon.colcon_core.package_identification:_identify(src/xarm_ros2/thirdparty) by extension 'python'
[0.360s] Level 1:colcon.colcon_core.package_identification:_identify(src/xarm_ros2/thirdparty) by extensions ['python_setup_py']
[0.360s] Level 1:colcon.colcon_core.package_identification:_identify(src/xarm_ros2/thirdparty) by extension 'python_setup_py'
[0.361s] Level 1:colcon.colcon_core.package_identification:_identify(src/xarm_ros2/thirdparty/realsense_gazebo_plugin) by extensions ['ignore', 'ignore_ament_install']
[0.361s] Level 1:colcon.colcon_core.package_identification:_identify(src/xarm_ros2/thirdparty/realsense_gazebo_plugin) by extension 'ignore'
[0.361s] Level 1:colcon.colcon_core.package_identification:_identify(src/xarm_ros2/thirdparty/realsense_gazebo_plugin) by extension 'ignore_ament_install'
[0.361s] Level 1:colcon.colcon_core.package_identification:_identify(src/xarm_ros2/thirdparty/realsense_gazebo_plugin) by extensions ['colcon_pkg']
[0.361s] Level 1:colcon.colcon_core.package_identification:_identify(src/xarm_ros2/thirdparty/realsense_gazebo_plugin) by extension 'colcon_pkg'
[0.361s] Level 1:colcon.colcon_core.package_identification:_identify(src/xarm_ros2/thirdparty/realsense_gazebo_plugin) by extensions ['colcon_meta']
[0.361s] Level 1:colcon.colcon_core.package_identification:_identify(src/xarm_ros2/thirdparty/realsense_gazebo_plugin) by extension 'colcon_meta'
[0.361s] Level 1:colcon.colcon_core.package_identification:_identify(src/xarm_ros2/thirdparty/realsense_gazebo_plugin) by extensions ['ros']
[0.361s] Level 1:colcon.colcon_core.package_identification:_identify(src/xarm_ros2/thirdparty/realsense_gazebo_plugin) by extension 'ros'
[0.363s] DEBUG:colcon.colcon_core.package_identification:Package 'src/xarm_ros2/thirdparty/realsense_gazebo_plugin' with type 'ros.ament_cmake' and name 'realsense_gazebo_plugin'
[0.363s] Level 1:colcon.colcon_core.package_identification:_identify(src/xarm_ros2/uf_ros_lib) by extensions ['ignore', 'ignore_ament_install']
[0.364s] Level 1:colcon.colcon_core.package_identification:_identify(src/xarm_ros2/uf_ros_lib) by extension 'ignore'
[0.364s] Level 1:colcon.colcon_core.package_identification:_identify(src/xarm_ros2/uf_ros_lib) by extension 'ignore_ament_install'
[0.364s] Level 1:colcon.colcon_core.package_identification:_identify(src/xarm_ros2/uf_ros_lib) by extensions ['colcon_pkg']
[0.364s] Level 1:colcon.colcon_core.package_identification:_identify(src/xarm_ros2/uf_ros_lib) by extension 'colcon_pkg'
[0.364s] Level 1:colcon.colcon_core.package_identification:_identify(src/xarm_ros2/uf_ros_lib) by extensions ['colcon_meta']
[0.364s] Level 1:colcon.colcon_core.package_identification:_identify(src/xarm_ros2/uf_ros_lib) by extension 'colcon_meta'
[0.364s] Level 1:colcon.colcon_core.package_identification:_identify(src/xarm_ros2/uf_ros_lib) by extensions ['ros']
[0.364s] Level 1:colcon.colcon_core.package_identification:_identify(src/xarm_ros2/uf_ros_lib) by extension 'ros'
[0.365s] DEBUG:colcon.colcon_core.package_identification:Package 'src/xarm_ros2/uf_ros_lib' with type 'ros.ament_python' and name 'uf_ros_lib'
[0.366s] Level 1:colcon.colcon_core.package_identification:_identify(src/xarm_ros2/xarm_api) by extensions ['ignore', 'ignore_ament_install']
[0.366s] Level 1:colcon.colcon_core.package_identification:_identify(src/xarm_ros2/xarm_api) by extension 'ignore'
[0.366s] Level 1:colcon.colcon_core.package_identification:_identify(src/xarm_ros2/xarm_api) by extension 'ignore_ament_install'
[0.366s] Level 1:colcon.colcon_core.package_identification:_identify(src/xarm_ros2/xarm_api) by extensions ['colcon_pkg']
[0.366s] Level 1:colcon.colcon_core.package_identification:_identify(src/xarm_ros2/xarm_api) by extension 'colcon_pkg'
[0.366s] Level 1:colcon.colcon_core.package_identification:_identify(src/xarm_ros2/xarm_api) by extensions ['colcon_meta']
[0.366s] Level 1:colcon.colcon_core.package_identification:_identify(src/xarm_ros2/xarm_api) by extension 'colcon_meta'
[0.366s] Level 1:colcon.colcon_core.package_identification:_identify(src/xarm_ros2/xarm_api) by extensions ['ros']
[0.366s] Level 1:colcon.colcon_core.package_identification:_identify(src/xarm_ros2/xarm_api) by extension 'ros'
[0.368s] DEBUG:colcon.colcon_core.package_identification:Package 'src/xarm_ros2/xarm_api' with type 'ros.ament_cmake' and name 'xarm_api'
[0.368s] Level 1:colcon.colcon_core.package_identification:_identify(src/xarm_ros2/xarm_controller) by extensions ['ignore', 'ignore_ament_install']
[0.368s] Level 1:colcon.colcon_core.package_identification:_identify(src/xarm_ros2/xarm_controller) by extension 'ignore'
[0.368s] Level 1:colcon.colcon_core.package_identification:_identify(src/xarm_ros2/xarm_controller) by extension 'ignore_ament_install'
[0.368s] Level 1:colcon.colcon_core.package_identification:_identify(src/xarm_ros2/xarm_controller) by extensions ['colcon_pkg']
[0.368s] Level 1:colcon.colcon_core.package_identification:_identify(src/xarm_ros2/xarm_controller) by extension 'colcon_pkg'
[0.369s] Level 1:colcon.colcon_core.package_identification:_identify(src/xarm_ros2/xarm_controller) by extensions ['colcon_meta']
[0.369s] Level 1:colcon.colcon_core.package_identification:_identify(src/xarm_ros2/xarm_controller) by extension 'colcon_meta'
[0.369s] Level 1:colcon.colcon_core.package_identification:_identify(src/xarm_ros2/xarm_controller) by extensions ['ros']
[0.369s] Level 1:colcon.colcon_core.package_identification:_identify(src/xarm_ros2/xarm_controller) by extension 'ros'
[0.371s] DEBUG:colcon.colcon_core.package_identification:Package 'src/xarm_ros2/xarm_controller' with type 'ros.ament_cmake' and name 'xarm_controller'
[0.371s] Level 1:colcon.colcon_core.package_identification:_identify(src/xarm_ros2/xarm_description) by extensions ['ignore', 'ignore_ament_install']
[0.371s] Level 1:colcon.colcon_core.package_identification:_identify(src/xarm_ros2/xarm_description) by extension 'ignore'
[0.371s] Level 1:colcon.colcon_core.package_identification:_identify(src/xarm_ros2/xarm_description) by extension 'ignore_ament_install'
[0.371s] Level 1:colcon.colcon_core.package_identification:_identify(src/xarm_ros2/xarm_description) by extensions ['colcon_pkg']
[0.371s] Level 1:colcon.colcon_core.package_identification:_identify(src/xarm_ros2/xarm_description) by extension 'colcon_pkg'
[0.371s] Level 1:colcon.colcon_core.package_identification:_identify(src/xarm_ros2/xarm_description) by extensions ['colcon_meta']
[0.371s] Level 1:colcon.colcon_core.package_identification:_identify(src/xarm_ros2/xarm_description) by extension 'colcon_meta'
[0.372s] Level 1:colcon.colcon_core.package_identification:_identify(src/xarm_ros2/xarm_description) by extensions ['ros']
[0.372s] Level 1:colcon.colcon_core.package_identification:_identify(src/xarm_ros2/xarm_description) by extension 'ros'
[0.373s] DEBUG:colcon.colcon_core.package_identification:Package 'src/xarm_ros2/xarm_description' with type 'ros.ament_cmake' and name 'xarm_description'
[0.373s] Level 1:colcon.colcon_core.package_identification:_identify(src/xarm_ros2/xarm_gazebo) by extensions ['ignore', 'ignore_ament_install']
[0.373s] Level 1:colcon.colcon_core.package_identification:_identify(src/xarm_ros2/xarm_gazebo) by extension 'ignore'
[0.373s] Level 1:colcon.colcon_core.package_identification:_identify(src/xarm_ros2/xarm_gazebo) by extension 'ignore_ament_install'
[0.373s] Level 1:colcon.colcon_core.package_identification:_identify(src/xarm_ros2/xarm_gazebo) by extensions ['colcon_pkg']
[0.373s] Level 1:colcon.colcon_core.package_identification:_identify(src/xarm_ros2/xarm_gazebo) by extension 'colcon_pkg'
[0.373s] Level 1:colcon.colcon_core.package_identification:_identify(src/xarm_ros2/xarm_gazebo) by extensions ['colcon_meta']
[0.373s] Level 1:colcon.colcon_core.package_identification:_identify(src/xarm_ros2/xarm_gazebo) by extension 'colcon_meta'
[0.374s] Level 1:colcon.colcon_core.package_identification:_identify(src/xarm_ros2/xarm_gazebo) by extensions ['ros']
[0.374s] Level 1:colcon.colcon_core.package_identification:_identify(src/xarm_ros2/xarm_gazebo) by extension 'ros'
[0.375s] DEBUG:colcon.colcon_core.package_identification:Package 'src/xarm_ros2/xarm_gazebo' with type 'ros.ament_cmake' and name 'xarm_gazebo'
[0.375s] Level 1:colcon.colcon_core.package_identification:_identify(src/xarm_ros2/xarm_moveit_config) by extensions ['ignore', 'ignore_ament_install']
[0.375s] Level 1:colcon.colcon_core.package_identification:_identify(src/xarm_ros2/xarm_moveit_config) by extension 'ignore'
[0.376s] Level 1:colcon.colcon_core.package_identification:_identify(src/xarm_ros2/xarm_moveit_config) by extension 'ignore_ament_install'
[0.376s] Level 1:colcon.colcon_core.package_identification:_identify(src/xarm_ros2/xarm_moveit_config) by extensions ['colcon_pkg']
[0.376s] Level 1:colcon.colcon_core.package_identification:_identify(src/xarm_ros2/xarm_moveit_config) by extension 'colcon_pkg'
[0.376s] Level 1:colcon.colcon_core.package_identification:_identify(src/xarm_ros2/xarm_moveit_config) by extensions ['colcon_meta']
[0.376s] Level 1:colcon.colcon_core.package_identification:_identify(src/xarm_ros2/xarm_moveit_config) by extension 'colcon_meta'
[0.376s] Level 1:colcon.colcon_core.package_identification:_identify(src/xarm_ros2/xarm_moveit_config) by extensions ['ros']
[0.376s] Level 1:colcon.colcon_core.package_identification:_identify(src/xarm_ros2/xarm_moveit_config) by extension 'ros'
[0.377s] DEBUG:colcon.colcon_core.package_identification:Package 'src/xarm_ros2/xarm_moveit_config' with type 'ros.ament_cmake' and name 'xarm_moveit_config'
[0.377s] Level 1:colcon.colcon_core.package_identification:_identify(src/xarm_ros2/xarm_moveit_servo) by extensions ['ignore', 'ignore_ament_install']
[0.378s] Level 1:colcon.colcon_core.package_identification:_identify(src/xarm_ros2/xarm_moveit_servo) by extension 'ignore'
[0.378s] Level 1:colcon.colcon_core.package_identification:_identify(src/xarm_ros2/xarm_moveit_servo) by extension 'ignore_ament_install'
[0.378s] Level 1:colcon.colcon_core.package_identification:_identify(src/xarm_ros2/xarm_moveit_servo) by extensions ['colcon_pkg']
[0.378s] Level 1:colcon.colcon_core.package_identification:_identify(src/xarm_ros2/xarm_moveit_servo) by extension 'colcon_pkg'
[0.378s] Level 1:colcon.colcon_core.package_identification:_identify(src/xarm_ros2/xarm_moveit_servo) by extensions ['colcon_meta']
[0.378s] Level 1:colcon.colcon_core.package_identification:_identify(src/xarm_ros2/xarm_moveit_servo) by extension 'colcon_meta'
[0.378s] Level 1:colcon.colcon_core.package_identification:_identify(src/xarm_ros2/xarm_moveit_servo) by extensions ['ros']
[0.379s] Level 1:colcon.colcon_core.package_identification:_identify(src/xarm_ros2/xarm_moveit_servo) by extension 'ros'
[0.381s] DEBUG:colcon.colcon_core.package_identification:Package 'src/xarm_ros2/xarm_moveit_servo' with type 'ros.ament_cmake' and name 'xarm_moveit_servo'
[0.381s] Level 1:colcon.colcon_core.package_identification:_identify(src/xarm_ros2/xarm_msgs) by extensions ['ignore', 'ignore_ament_install']
[0.381s] Level 1:colcon.colcon_core.package_identification:_identify(src/xarm_ros2/xarm_msgs) by extension 'ignore'
[0.381s] Level 1:colcon.colcon_core.package_identification:_identify(src/xarm_ros2/xarm_msgs) by extension 'ignore_ament_install'
[0.381s] Level 1:colcon.colcon_core.package_identification:_identify(src/xarm_ros2/xarm_msgs) by extensions ['colcon_pkg']
[0.382s] Level 1:colcon.colcon_core.package_identification:_identify(src/xarm_ros2/xarm_msgs) by extension 'colcon_pkg'
[0.382s] Level 1:colcon.colcon_core.package_identification:_identify(src/xarm_ros2/xarm_msgs) by extensions ['colcon_meta']
[0.382s] Level 1:colcon.colcon_core.package_identification:_identify(src/xarm_ros2/xarm_msgs) by extension 'colcon_meta'
[0.382s] Level 1:colcon.colcon_core.package_identification:_identify(src/xarm_ros2/xarm_msgs) by extensions ['ros']
[0.382s] Level 1:colcon.colcon_core.package_identification:_identify(src/xarm_ros2/xarm_msgs) by extension 'ros'
[0.383s] DEBUG:colcon.colcon_core.package_identification:Package 'src/xarm_ros2/xarm_msgs' with type 'ros.ament_cmake' and name 'xarm_msgs'
[0.383s] Level 1:colcon.colcon_core.package_identification:_identify(src/xarm_ros2/xarm_planner) by extensions ['ignore', 'ignore_ament_install']
[0.383s] Level 1:colcon.colcon_core.package_identification:_identify(src/xarm_ros2/xarm_planner) by extension 'ignore'
[0.384s] Level 1:colcon.colcon_core.package_identification:_identify(src/xarm_ros2/xarm_planner) by extension 'ignore_ament_install'
[0.384s] Level 1:colcon.colcon_core.package_identification:_identify(src/xarm_ros2/xarm_planner) by extensions ['colcon_pkg']
[0.384s] Level 1:colcon.colcon_core.package_identification:_identify(src/xarm_ros2/xarm_planner) by extension 'colcon_pkg'
[0.384s] Level 1:colcon.colcon_core.package_identification:_identify(src/xarm_ros2/xarm_planner) by extensions ['colcon_meta']
[0.384s] Level 1:colcon.colcon_core.package_identification:_identify(src/xarm_ros2/xarm_planner) by extension 'colcon_meta'
[0.384s] Level 1:colcon.colcon_core.package_identification:_identify(src/xarm_ros2/xarm_planner) by extensions ['ros']
[0.384s] Level 1:colcon.colcon_core.package_identification:_identify(src/xarm_ros2/xarm_planner) by extension 'ros'
[0.385s] DEBUG:colcon.colcon_core.package_identification:Package 'src/xarm_ros2/xarm_planner' with type 'ros.ament_cmake' and name 'xarm_planner'
[0.386s] Level 1:colcon.colcon_core.package_identification:_identify(src/xarm_ros2/xarm_sdk) by extensions ['ignore', 'ignore_ament_install']
[0.386s] Level 1:colcon.colcon_core.package_identification:_identify(src/xarm_ros2/xarm_sdk) by extension 'ignore'
[0.386s] Level 1:colcon.colcon_core.package_identification:_identify(src/xarm_ros2/xarm_sdk) by extension 'ignore_ament_install'
[0.386s] Level 1:colcon.colcon_core.package_identification:_identify(src/xarm_ros2/xarm_sdk) by extensions ['colcon_pkg']
[0.386s] Level 1:colcon.colcon_core.package_identification:_identify(src/xarm_ros2/xarm_sdk) by extension 'colcon_pkg'
[0.386s] Level 1:colcon.colcon_core.package_identification:_identify(src/xarm_ros2/xarm_sdk) by extensions ['colcon_meta']
[0.386s] Level 1:colcon.colcon_core.package_identification:_identify(src/xarm_ros2/xarm_sdk) by extension 'colcon_meta'
[0.386s] Level 1:colcon.colcon_core.package_identification:_identify(src/xarm_ros2/xarm_sdk) by extensions ['ros']
[0.386s] Level 1:colcon.colcon_core.package_identification:_identify(src/xarm_ros2/xarm_sdk) by extension 'ros'
[0.387s] DEBUG:colcon.colcon_core.package_identification:Package 'src/xarm_ros2/xarm_sdk' with type 'ros.ament_cmake' and name 'xarm_sdk'
[0.387s] Level 1:colcon.colcon_core.package_discovery:discover_packages(recursive) using defaults
[0.387s] Level 1:colcon.colcon_core.package_discovery:discover_packages(ignore) discover
[0.387s] Level 1:colcon.colcon_core.package_discovery:discover_packages(ignore) using defaults
[0.387s] Level 1:colcon.colcon_core.package_discovery:discover_packages(path) discover
[0.387s] Level 1:colcon.colcon_core.package_discovery:discover_packages(path) using defaults
[0.430s] Level 1:colcon.colcon_core.package_discovery:discover_packages(prefix_path) check parameters
[0.430s] Level 1:colcon.colcon_core.package_discovery:discover_packages(prefix_path) discover
[0.435s] DEBUG:colcon.colcon_installed_package_information.package_discovery:Found 13 installed packages in /home/berenic/Documents/LPRS2_2026/Robo_Hand_RS485/ROS2/robo_hand_ws/install
[0.439s] DEBUG:colcon.colcon_installed_package_information.package_discovery:Found 377 installed packages in /opt/ros/jazzy
[0.440s] Level 1:colcon.colcon_core.package_discovery:discover_packages(prefix_path) using defaults
[0.540s] Level 5:colcon.colcon_core.verb:set package 'realsense_gazebo_plugin' build argument 'cmake_args' from command line to 'None'
[0.540s] Level 5:colcon.colcon_core.verb:set package 'realsense_gazebo_plugin' build argument 'cmake_target' from command line to 'None'
[0.540s] Level 5:colcon.colcon_core.verb:set package 'realsense_gazebo_plugin' build argument 'cmake_target_skip_unavailable' from command line to 'False'
[0.541s] Level 5:colcon.colcon_core.verb:set package 'realsense_gazebo_plugin' build argument 'cmake_clean_cache' from command line to 'False'
[0.541s] Level 5:colcon.colcon_core.verb:set package 'realsense_gazebo_plugin' build argument 'cmake_clean_first' from command line to 'False'
[0.541s] Level 5:colcon.colcon_core.verb:set package 'realsense_gazebo_plugin' build argument 'cmake_force_configure' from command line to 'False'
[0.541s] Level 5:colcon.colcon_core.verb:set package 'realsense_gazebo_plugin' build argument 'ament_cmake_args' from command line to 'None'
[0.541s] Level 5:colcon.colcon_core.verb:set package 'realsense_gazebo_plugin' build argument 'catkin_cmake_args' from command line to 'None'
[0.541s] Level 5:colcon.colcon_core.verb:set package 'realsense_gazebo_plugin' build argument 'catkin_skip_building_tests' from command line to 'False'
[0.541s] DEBUG:colcon.colcon_core.verb:Building package 'realsense_gazebo_plugin' with the following arguments: {'ament_cmake_args': None, 'build_base': '/home/berenic/Documents/LPRS2_2026/Robo_Hand_RS485/ROS2/robo_hand_ws/build/realsense_gazebo_plugin', 'catkin_cmake_args': None, 'catkin_skip_building_tests': False, 'cmake_args': None, 'cmake_clean_cache': False, 'cmake_clean_first': False, 'cmake_force_configure': False, 'cmake_target': None, 'cmake_target_skip_unavailable': False, 'install_base': '/home/berenic/Documents/LPRS2_2026/Robo_Hand_RS485/ROS2/robo_hand_ws/install/realsense_gazebo_plugin', 'merge_install': False, 'path': '/home/berenic/Documents/LPRS2_2026/Robo_Hand_RS485/ROS2/robo_hand_ws/src/xarm_ros2/thirdparty/realsense_gazebo_plugin', 'symlink_install': True, 'test_result_base': None}
[0.541s] Level 5:colcon.colcon_core.verb:set package 'uf_ros_lib' build argument 'cmake_args' from command line to 'None'
[0.541s] Level 5:colcon.colcon_core.verb:set package 'uf_ros_lib' build argument 'cmake_target' from command line to 'None'
[0.541s] Level 5:colcon.colcon_core.verb:set package 'uf_ros_lib' build argument 'cmake_target_skip_unavailable' from command line to 'False'
[0.542s] Level 5:colcon.colcon_core.verb:set package 'uf_ros_lib' build argument 'cmake_clean_cache' from command line to 'False'
[0.542s] Level 5:colcon.colcon_core.verb:set package 'uf_ros_lib' build argument 'cmake_clean_first' from command line to 'False'
[0.542s] Level 5:colcon.colcon_core.verb:set package 'uf_ros_lib' build argument 'cmake_force_configure' from command line to 'False'
[0.542s] Level 5:colcon.colcon_core.verb:set package 'uf_ros_lib' build argument 'ament_cmake_args' from command line to 'None'
[0.542s] Level 5:colcon.colcon_core.verb:set package 'uf_ros_lib' build argument 'catkin_cmake_args' from command line to 'None'
[0.542s] Level 5:colcon.colcon_core.verb:set package 'uf_ros_lib' build argument 'catkin_skip_building_tests' from command line to 'False'
[0.542s] DEBUG:colcon.colcon_core.verb:Building package 'uf_ros_lib' with the following arguments: {'ament_cmake_args': None, 'build_base': '/home/berenic/Documents/LPRS2_2026/Robo_Hand_RS485/ROS2/robo_hand_ws/build/uf_ros_lib', 'catkin_cmake_args': None, 'catkin_skip_building_tests': False, 'cmake_args': None, 'cmake_clean_cache': False, 'cmake_clean_first': False, 'cmake_force_configure': False, 'cmake_target': None, 'cmake_target_skip_unavailable': False, 'install_base': '/home/berenic/Documents/LPRS2_2026/Robo_Hand_RS485/ROS2/robo_hand_ws/install/uf_ros_lib', 'merge_install': False, 'path': '/home/berenic/Documents/LPRS2_2026/Robo_Hand_RS485/ROS2/robo_hand_ws/src/xarm_ros2/uf_ros_lib', 'symlink_install': True, 'test_result_base': None}
[0.542s] Level 5:colcon.colcon_core.verb:set package 'xarm_description' build argument 'cmake_args' from command line to 'None'
[0.542s] Level 5:colcon.colcon_core.verb:set package 'xarm_description' build argument 'cmake_target' from command line to 'None'
[0.542s] Level 5:colcon.colcon_core.verb:set package 'xarm_description' build argument 'cmake_target_skip_unavailable' from command line to 'False'
[0.542s] Level 5:colcon.colcon_core.verb:set package 'xarm_description' build argument 'cmake_clean_cache' from command line to 'False'
[0.543s] Level 5:colcon.colcon_core.verb:set package 'xarm_description' build argument 'cmake_clean_first' from command line to 'False'
[0.543s] Level 5:colcon.colcon_core.verb:set package 'xarm_description' build argument 'cmake_force_configure' from command line to 'False'
[0.543s] Level 5:colcon.colcon_core.verb:set package 'xarm_description' build argument 'ament_cmake_args' from command line to 'None'
[0.543s] Level 5:colcon.colcon_core.verb:set package 'xarm_description' build argument 'catkin_cmake_args' from command line to 'None'
[0.543s] Level 5:colcon.colcon_core.verb:set package 'xarm_description' build argument 'catkin_skip_building_tests' from command line to 'False'
[0.543s] DEBUG:colcon.colcon_core.verb:Building package 'xarm_description' with the following arguments: {'ament_cmake_args': None, 'build_base': '/home/berenic/Documents/LPRS2_2026/Robo_Hand_RS485/ROS2/robo_hand_ws/build/xarm_description', 'catkin_cmake_args': None, 'catkin_skip_building_tests': False, 'cmake_args': None, 'cmake_clean_cache': False, 'cmake_clean_first': False, 'cmake_force_configure': False, 'cmake_target': None, 'cmake_target_skip_unavailable': False, 'install_base': '/home/berenic/Documents/LPRS2_2026/Robo_Hand_RS485/ROS2/robo_hand_ws/install/xarm_description', 'merge_install': False, 'path': '/home/berenic/Documents/LPRS2_2026/Robo_Hand_RS485/ROS2/robo_hand_ws/src/xarm_ros2/xarm_description', 'symlink_install': True, 'test_result_base': None}
[0.543s] Level 5:colcon.colcon_core.verb:set package 'xarm_msgs' build argument 'cmake_args' from command line to 'None'
[0.543s] Level 5:colcon.colcon_core.verb:set package 'xarm_msgs' build argument 'cmake_target' from command line to 'None'
[0.543s] Level 5:colcon.colcon_core.verb:set package 'xarm_msgs' build argument 'cmake_target_skip_unavailable' from command line to 'False'
[0.543s] Level 5:colcon.colcon_core.verb:set package 'xarm_msgs' build argument 'cmake_clean_cache' from command line to 'False'
[0.544s] Level 5:colcon.colcon_core.verb:set package 'xarm_msgs' build argument 'cmake_clean_first' from command line to 'False'
[0.544s] Level 5:colcon.colcon_core.verb:set package 'xarm_msgs' build argument 'cmake_force_configure' from command line to 'False'
[0.544s] Level 5:colcon.colcon_core.verb:set package 'xarm_msgs' build argument 'ament_cmake_args' from command line to 'None'
[0.544s] Level 5:colcon.colcon_core.verb:set package 'xarm_msgs' build argument 'catkin_cmake_args' from command line to 'None'
[0.544s] Level 5:colcon.colcon_core.verb:set package 'xarm_msgs' build argument 'catkin_skip_building_tests' from command line to 'False'
[0.544s] DEBUG:colcon.colcon_core.verb:Building package 'xarm_msgs' with the following arguments: {'ament_cmake_args': None, 'build_base': '/home/berenic/Documents/LPRS2_2026/Robo_Hand_RS485/ROS2/robo_hand_ws/build/xarm_msgs', 'catkin_cmake_args': None, 'catkin_skip_building_tests': False, 'cmake_args': None, 'cmake_clean_cache': False, 'cmake_clean_first': False, 'cmake_force_configure': False, 'cmake_target': None, 'cmake_target_skip_unavailable': False, 'install_base': '/home/berenic/Documents/LPRS2_2026/Robo_Hand_RS485/ROS2/robo_hand_ws/install/xarm_msgs', 'merge_install': False, 'path': '/home/berenic/Documents/LPRS2_2026/Robo_Hand_RS485/ROS2/robo_hand_ws/src/xarm_ros2/xarm_msgs', 'symlink_install': True, 'test_result_base': None}
[0.544s] Level 5:colcon.colcon_core.verb:set package 'xarm_sdk' build argument 'cmake_args' from command line to 'None'
[0.544s] Level 5:colcon.colcon_core.verb:set package 'xarm_sdk' build argument 'cmake_target' from command line to 'None'
[0.544s] Level 5:colcon.colcon_core.verb:set package 'xarm_sdk' build argument 'cmake_target_skip_unavailable' from command line to 'False'
[0.545s] Level 5:colcon.colcon_core.verb:set package 'xarm_sdk' build argument 'cmake_clean_cache' from command line to 'False'
[0.545s] Level 5:colcon.colcon_core.verb:set package 'xarm_sdk' build argument 'cmake_clean_first' from command line to 'False'
[0.545s] Level 5:colcon.colcon_core.verb:set package 'xarm_sdk' build argument 'cmake_force_configure' from command line to 'False'
[0.545s] Level 5:colcon.colcon_core.verb:set package 'xarm_sdk' build argument 'ament_cmake_args' from command line to 'None'
[0.545s] Level 5:colcon.colcon_core.verb:set package 'xarm_sdk' build argument 'catkin_cmake_args' from command line to 'None'
[0.545s] Level 5:colcon.colcon_core.verb:set package 'xarm_sdk' build argument 'catkin_skip_building_tests' from command line to 'False'
[0.545s] DEBUG:colcon.colcon_core.verb:Building package 'xarm_sdk' with the following arguments: {'ament_cmake_args': None, 'build_base': '/home/berenic/Documents/LPRS2_2026/Robo_Hand_RS485/ROS2/robo_hand_ws/build/xarm_sdk', 'catkin_cmake_args': None, 'catkin_skip_building_tests': False, 'cmake_args': None, 'cmake_clean_cache': False, 'cmake_clean_first': False, 'cmake_force_configure': False, 'cmake_target': None, 'cmake_target_skip_unavailable': False, 'install_base': '/home/berenic/Documents/LPRS2_2026/Robo_Hand_RS485/ROS2/robo_hand_ws/install/xarm_sdk', 'merge_install': False, 'path': '/home/berenic/Documents/LPRS2_2026/Robo_Hand_RS485/ROS2/robo_hand_ws/src/xarm_ros2/xarm_sdk', 'symlink_install': True, 'test_result_base': None}
[0.546s] Level 5:colcon.colcon_core.verb:set package 'mbot_demo' build argument 'cmake_args' from command line to 'None'
[0.546s] Level 5:colcon.colcon_core.verb:set package 'mbot_demo' build argument 'cmake_target' from command line to 'None'
[0.546s] Level 5:colcon.colcon_core.verb:set package 'mbot_demo' build argument 'cmake_target_skip_unavailable' from command line to 'False'
[0.546s] Level 5:colcon.colcon_core.verb:set package 'mbot_demo' build argument 'cmake_clean_cache' from command line to 'False'
[0.546s] Level 5:colcon.colcon_core.verb:set package 'mbot_demo' build argument 'cmake_clean_first' from command line to 'False'
[0.546s] Level 5:colcon.colcon_core.verb:set package 'mbot_demo' build argument 'cmake_force_configure' from command line to 'False'
[0.546s] Level 5:colcon.colcon_core.verb:set package 'mbot_demo' build argument 'ament_cmake_args' from command line to 'None'
[0.546s] Level 5:colcon.colcon_core.verb:set package 'mbot_demo' build argument 'catkin_cmake_args' from command line to 'None'
[0.546s] Level 5:colcon.colcon_core.verb:set package 'mbot_demo' build argument 'catkin_skip_building_tests' from command line to 'False'
[0.546s] DEBUG:colcon.colcon_core.verb:Building package 'mbot_demo' with the following arguments: {'ament_cmake_args': None, 'build_base': '/home/berenic/Documents/LPRS2_2026/Robo_Hand_RS485/ROS2/robo_hand_ws/build/mbot_demo', 'catkin_cmake_args': None, 'catkin_skip_building_tests': False, 'cmake_args': None, 'cmake_clean_cache': False, 'cmake_clean_first': False, 'cmake_force_configure': False, 'cmake_target': None, 'cmake_target_skip_unavailable': False, 'install_base': '/home/berenic/Documents/LPRS2_2026/Robo_Hand_RS485/ROS2/robo_hand_ws/install/mbot_demo', 'merge_install': False, 'path': '/home/berenic/Documents/LPRS2_2026/Robo_Hand_RS485/ROS2/robo_hand_ws/src/xarm_ros2/demo/mbot_demo', 'symlink_install': True, 'test_result_base': None}
[0.547s] Level 5:colcon.colcon_core.verb:set package 'xarm_api' build argument 'cmake_args' from command line to 'None'
[0.547s] Level 5:colcon.colcon_core.verb:set package 'xarm_api' build argument 'cmake_target' from command line to 'None'
[0.547s] Level 5:colcon.colcon_core.verb:set package 'xarm_api' build argument 'cmake_target_skip_unavailable' from command line to 'False'
[0.547s] Level 5:colcon.colcon_core.verb:set package 'xarm_api' build argument 'cmake_clean_cache' from command line to 'False'
[0.547s] Level 5:colcon.colcon_core.verb:set package 'xarm_api' build argument 'cmake_clean_first' from command line to 'False'
[0.547s] Level 5:colcon.colcon_core.verb:set package 'xarm_api' build argument 'cmake_force_configure' from command line to 'False'
[0.547s] Level 5:colcon.colcon_core.verb:set package 'xarm_api' build argument 'ament_cmake_args' from command line to 'None'
[0.547s] Level 5:colcon.colcon_core.verb:set package 'xarm_api' build argument 'catkin_cmake_args' from command line to 'None'
[0.547s] Level 5:colcon.colcon_core.verb:set package 'xarm_api' build argument 'catkin_skip_building_tests' from command line to 'False'
[0.547s] DEBUG:colcon.colcon_core.verb:Building package 'xarm_api' with the following arguments: {'ament_cmake_args': None, 'build_base': '/home/berenic/Documents/LPRS2_2026/Robo_Hand_RS485/ROS2/robo_hand_ws/build/xarm_api', 'catkin_cmake_args': None, 'catkin_skip_building_tests': False, 'cmake_args': None, 'cmake_clean_cache': False, 'cmake_clean_first': False, 'cmake_force_configure': False, 'cmake_target': None, 'cmake_target_skip_unavailable': False, 'install_base': '/home/berenic/Documents/LPRS2_2026/Robo_Hand_RS485/ROS2/robo_hand_ws/install/xarm_api', 'merge_install': False, 'path': '/home/berenic/Documents/LPRS2_2026/Robo_Hand_RS485/ROS2/robo_hand_ws/src/xarm_ros2/xarm_api', 'symlink_install': True, 'test_result_base': None}
[0.548s] Level 5:colcon.colcon_core.verb:set package 'xarm_controller' build argument 'cmake_args' from command line to 'None'
[0.548s] Level 5:colcon.colcon_core.verb:set package 'xarm_controller' build argument 'cmake_target' from command line to 'None'
[0.548s] Level 5:colcon.colcon_core.verb:set package 'xarm_controller' build argument 'cmake_target_skip_unavailable' from command line to 'False'
[0.548s] Level 5:colcon.colcon_core.verb:set package 'xarm_controller' build argument 'cmake_clean_cache' from command line to 'False'
[0.548s] Level 5:colcon.colcon_core.verb:set package 'xarm_controller' build argument 'cmake_clean_first' from command line to 'False'
[0.548s] Level 5:colcon.colcon_core.verb:set package 'xarm_controller' build argument 'cmake_force_configure' from command line to 'False'
[0.548s] Level 5:colcon.colcon_core.verb:set package 'xarm_controller' build argument 'ament_cmake_args' from command line to 'None'
[0.548s] Level 5:colcon.colcon_core.verb:set package 'xarm_controller' build argument 'catkin_cmake_args' from command line to 'None'
[0.548s] Level 5:colcon.colcon_core.verb:set package 'xarm_controller' build argument 'catkin_skip_building_tests' from command line to 'False'
[0.548s] DEBUG:colcon.colcon_core.verb:Building package 'xarm_controller' with the following arguments: {'ament_cmake_args': None, 'build_base': '/home/berenic/Documents/LPRS2_2026/Robo_Hand_RS485/ROS2/robo_hand_ws/build/xarm_controller', 'catkin_cmake_args': None, 'catkin_skip_building_tests': False, 'cmake_args': None, 'cmake_clean_cache': False, 'cmake_clean_first': False, 'cmake_force_configure': False, 'cmake_target': None, 'cmake_target_skip_unavailable': False, 'install_base': '/home/berenic/Documents/LPRS2_2026/Robo_Hand_RS485/ROS2/robo_hand_ws/install/xarm_controller', 'merge_install': False, 'path': '/home/berenic/Documents/LPRS2_2026/Robo_Hand_RS485/ROS2/robo_hand_ws/src/xarm_ros2/xarm_controller', 'symlink_install': True, 'test_result_base': None}
[0.549s] Level 5:colcon.colcon_core.verb:set package 'xarm_gazebo' build argument 'cmake_args' from command line to 'None'
[0.549s] Level 5:colcon.colcon_core.verb:set package 'xarm_gazebo' build argument 'cmake_target' from command line to 'None'
[0.549s] Level 5:colcon.colcon_core.verb:set package 'xarm_gazebo' build argument 'cmake_target_skip_unavailable' from command line to 'False'
[0.549s] Level 5:colcon.colcon_core.verb:set package 'xarm_gazebo' build argument 'cmake_clean_cache' from command line to 'False'
[0.549s] Level 5:colcon.colcon_core.verb:set package 'xarm_gazebo' build argument 'cmake_clean_first' from command line to 'False'
[0.549s] Level 5:colcon.colcon_core.verb:set package 'xarm_gazebo' build argument 'cmake_force_configure' from command line to 'False'
[0.549s] Level 5:colcon.colcon_core.verb:set package 'xarm_gazebo' build argument 'ament_cmake_args' from command line to 'None'
[0.549s] Level 5:colcon.colcon_core.verb:set package 'xarm_gazebo' build argument 'catkin_cmake_args' from command line to 'None'
[0.549s] Level 5:colcon.colcon_core.verb:set package 'xarm_gazebo' build argument 'catkin_skip_building_tests' from command line to 'False'
[0.549s] DEBUG:colcon.colcon_core.verb:Building package 'xarm_gazebo' with the following arguments: {'ament_cmake_args': None, 'build_base': '/home/berenic/Documents/LPRS2_2026/Robo_Hand_RS485/ROS2/robo_hand_ws/build/xarm_gazebo', 'catkin_cmake_args': None, 'catkin_skip_building_tests': False, 'cmake_args': None, 'cmake_clean_cache': False, 'cmake_clean_first': False, 'cmake_force_configure': False, 'cmake_target': None, 'cmake_target_skip_unavailable': False, 'install_base': '/home/berenic/Documents/LPRS2_2026/Robo_Hand_RS485/ROS2/robo_hand_ws/install/xarm_gazebo', 'merge_install': False, 'path': '/home/berenic/Documents/LPRS2_2026/Robo_Hand_RS485/ROS2/robo_hand_ws/src/xarm_ros2/xarm_gazebo', 'symlink_install': True, 'test_result_base': None}
[0.550s] Level 5:colcon.colcon_core.verb:set package 'xarm_moveit_config' build argument 'cmake_args' from command line to 'None'
[0.550s] Level 5:colcon.colcon_core.verb:set package 'xarm_moveit_config' build argument 'cmake_target' from command line to 'None'
[0.550s] Level 5:colcon.colcon_core.verb:set package 'xarm_moveit_config' build argument 'cmake_target_skip_unavailable' from command line to 'False'
[0.550s] Level 5:colcon.colcon_core.verb:set package 'xarm_moveit_config' build argument 'cmake_clean_cache' from command line to 'False'
[0.550s] Level 5:colcon.colcon_core.verb:set package 'xarm_moveit_config' build argument 'cmake_clean_first' from command line to 'False'
[0.550s] Level 5:colcon.colcon_core.verb:set package 'xarm_moveit_config' build argument 'cmake_force_configure' from command line to 'False'
[0.550s] Level 5:colcon.colcon_core.verb:set package 'xarm_moveit_config' build argument 'ament_cmake_args' from command line to 'None'
[0.550s] Level 5:colcon.colcon_core.verb:set package 'xarm_moveit_config' build argument 'catkin_cmake_args' from command line to 'None'
[0.550s] Level 5:colcon.colcon_core.verb:set package 'xarm_moveit_config' build argument 'catkin_skip_building_tests' from command line to 'False'
[0.550s] DEBUG:colcon.colcon_core.verb:Building package 'xarm_moveit_config' with the following arguments: {'ament_cmake_args': None, 'build_base': '/home/berenic/Documents/LPRS2_2026/Robo_Hand_RS485/ROS2/robo_hand_ws/build/xarm_moveit_config', 'catkin_cmake_args': None, 'catkin_skip_building_tests': False, 'cmake_args': None, 'cmake_clean_cache': False, 'cmake_clean_first': False, 'cmake_force_configure': False, 'cmake_target': None, 'cmake_target_skip_unavailable': False, 'install_base': '/home/berenic/Documents/LPRS2_2026/Robo_Hand_RS485/ROS2/robo_hand_ws/install/xarm_moveit_config', 'merge_install': False, 'path': '/home/berenic/Documents/LPRS2_2026/Robo_Hand_RS485/ROS2/robo_hand_ws/src/xarm_ros2/xarm_moveit_config', 'symlink_install': True, 'test_result_base': None}
[0.550s] Level 5:colcon.colcon_core.verb:set package 'xarm_moveit_servo' build argument 'cmake_args' from command line to 'None'
[0.550s] Level 5:colcon.colcon_core.verb:set package 'xarm_moveit_servo' build argument 'cmake_target' from command line to 'None'
[0.550s] Level 5:colcon.colcon_core.verb:set package 'xarm_moveit_servo' build argument 'cmake_target_skip_unavailable' from command line to 'False'
[0.550s] Level 5:colcon.colcon_core.verb:set package 'xarm_moveit_servo' build argument 'cmake_clean_cache' from command line to 'False'
[0.551s] Level 5:colcon.colcon_core.verb:set package 'xarm_moveit_servo' build argument 'cmake_clean_first' from command line to 'False'
[0.551s] Level 5:colcon.colcon_core.verb:set package 'xarm_moveit_servo' build argument 'cmake_force_configure' from command line to 'False'
[0.551s] Level 5:colcon.colcon_core.verb:set package 'xarm_moveit_servo' build argument 'ament_cmake_args' from command line to 'None'
[0.551s] Level 5:colcon.colcon_core.verb:set package 'xarm_moveit_servo' build argument 'catkin_cmake_args' from command line to 'None'
[0.551s] Level 5:colcon.colcon_core.verb:set package 'xarm_moveit_servo' build argument 'catkin_skip_building_tests' from command line to 'False'
[0.551s] DEBUG:colcon.colcon_core.verb:Building package 'xarm_moveit_servo' with the following arguments: {'ament_cmake_args': None, 'build_base': '/home/berenic/Documents/LPRS2_2026/Robo_Hand_RS485/ROS2/robo_hand_ws/build/xarm_moveit_servo', 'catkin_cmake_args': None, 'catkin_skip_building_tests': False, 'cmake_args': None, 'cmake_clean_cache': False, 'cmake_clean_first': False, 'cmake_force_configure': False, 'cmake_target': None, 'cmake_target_skip_unavailable': False, 'install_base': '/home/berenic/Documents/LPRS2_2026/Robo_Hand_RS485/ROS2/robo_hand_ws/install/xarm_moveit_servo', 'merge_install': False, 'path': '/home/berenic/Documents/LPRS2_2026/Robo_Hand_RS485/ROS2/robo_hand_ws/src/xarm_ros2/xarm_moveit_servo', 'symlink_install': True, 'test_result_base': None}
[0.551s] Level 5:colcon.colcon_core.verb:set package 'xarm_planner' build argument 'cmake_args' from command line to 'None'
[0.551s] Level 5:colcon.colcon_core.verb:set package 'xarm_planner' build argument 'cmake_target' from command line to 'None'
[0.551s] Level 5:colcon.colcon_core.verb:set package 'xarm_planner' build argument 'cmake_target_skip_unavailable' from command line to 'False'
[0.551s] Level 5:colcon.colcon_core.verb:set package 'xarm_planner' build argument 'cmake_clean_cache' from command line to 'False'
[0.551s] Level 5:colcon.colcon_core.verb:set package 'xarm_planner' build argument 'cmake_clean_first' from command line to 'False'
[0.551s] Level 5:colcon.colcon_core.verb:set package 'xarm_planner' build argument 'cmake_force_configure' from command line to 'False'
[0.551s] Level 5:colcon.colcon_core.verb:set package 'xarm_planner' build argument 'ament_cmake_args' from command line to 'None'
[0.551s] Level 5:colcon.colcon_core.verb:set package 'xarm_planner' build argument 'catkin_cmake_args' from command line to 'None'
[0.552s] Level 5:colcon.colcon_core.verb:set package 'xarm_planner' build argument 'catkin_skip_building_tests' from command line to 'False'
[0.552s] DEBUG:colcon.colcon_core.verb:Building package 'xarm_planner' with the following arguments: {'ament_cmake_args': None, 'build_base': '/home/berenic/Documents/LPRS2_2026/Robo_Hand_RS485/ROS2/robo_hand_ws/build/xarm_planner', 'catkin_cmake_args': None, 'catkin_skip_building_tests': False, 'cmake_args': None, 'cmake_clean_cache': False, 'cmake_clean_first': False, 'cmake_force_configure': False, 'cmake_target': None, 'cmake_target_skip_unavailable': False, 'install_base': '/home/berenic/Documents/LPRS2_2026/Robo_Hand_RS485/ROS2/robo_hand_ws/install/xarm_planner', 'merge_install': False, 'path': '/home/berenic/Documents/LPRS2_2026/Robo_Hand_RS485/ROS2/robo_hand_ws/src/xarm_ros2/xarm_planner', 'symlink_install': True, 'test_result_base': None}
[0.552s] Level 5:colcon.colcon_core.verb:set package 'glue_events_routines' build argument 'cmake_args' from command line to 'None'
[0.552s] Level 5:colcon.colcon_core.verb:set package 'glue_events_routines' build argument 'cmake_target' from command line to 'None'
[0.552s] Level 5:colcon.colcon_core.verb:set package 'glue_events_routines' build argument 'cmake_target_skip_unavailable' from command line to 'False'
[0.552s] Level 5:colcon.colcon_core.verb:set package 'glue_events_routines' build argument 'cmake_clean_cache' from command line to 'False'
[0.552s] Level 5:colcon.colcon_core.verb:set package 'glue_events_routines' build argument 'cmake_clean_first' from command line to 'False'
[0.552s] Level 5:colcon.colcon_core.verb:set package 'glue_events_routines' build argument 'cmake_force_configure' from command line to 'False'
[0.552s] Level 5:colcon.colcon_core.verb:set package 'glue_events_routines' build argument 'ament_cmake_args' from command line to 'None'
[0.552s] Level 5:colcon.colcon_core.verb:set package 'glue_events_routines' build argument 'catkin_cmake_args' from command line to 'None'
[0.552s] Level 5:colcon.colcon_core.verb:set package 'glue_events_routines' build argument 'catkin_skip_building_tests' from command line to 'False'
[0.552s] DEBUG:colcon.colcon_core.verb:Building package 'glue_events_routines' with the following arguments: {'ament_cmake_args': None, 'build_base': '/home/berenic/Documents/LPRS2_2026/Robo_Hand_RS485/ROS2/robo_hand_ws/build/glue_events_routines', 'catkin_cmake_args': None, 'catkin_skip_building_tests': False, 'cmake_args': None, 'cmake_clean_cache': False, 'cmake_clean_first': False, 'cmake_force_configure': False, 'cmake_target': None, 'cmake_target_skip_unavailable': False, 'install_base': '/home/berenic/Documents/LPRS2_2026/Robo_Hand_RS485/ROS2/robo_hand_ws/install/glue_events_routines', 'merge_install': False, 'path': '/home/berenic/Documents/LPRS2_2026/Robo_Hand_RS485/ROS2/robo_hand_ws/src/custom/glue_events_routines', 'symlink_install': True, 'test_result_base': None}
[0.553s] INFO:colcon.colcon_core.executor:Executing jobs using 'parallel' executor
[0.554s] DEBUG:colcon.colcon_parallel_executor.executor.parallel:run_until_complete
[0.555s] INFO:colcon.colcon_ros.task.ament_cmake.build:Building ROS package in '/home/berenic/Documents/LPRS2_2026/Robo_Hand_RS485/ROS2/robo_hand_ws/src/xarm_ros2/xarm_description' with build type 'ament_cmake'
[0.555s] INFO:colcon.colcon_cmake.task.cmake.build:Building CMake package in '/home/berenic/Documents/LPRS2_2026/Robo_Hand_RS485/ROS2/robo_hand_ws/src/xarm_ros2/xarm_description'
[0.560s] INFO:colcon.colcon_core.plugin_system:Skipping extension 'colcon_core.shell.bat': Not used on non-Windows systems
[0.560s] INFO:colcon.colcon_core.shell:Skip shell extension 'powershell' for command environment: Not usable outside of PowerShell
[0.561s] DEBUG:colcon.colcon_core.shell:Skip shell extension 'dsv' for command environment
[0.570s] INFO:colcon.colcon_ros.task.ament_cmake.build:Building ROS package in '/home/berenic/Documents/LPRS2_2026/Robo_Hand_RS485/ROS2/robo_hand_ws/src/xarm_ros2/xarm_msgs' with build type 'ament_cmake'
[0.570s] INFO:colcon.colcon_cmake.task.cmake.build:Building CMake package in '/home/berenic/Documents/LPRS2_2026/Robo_Hand_RS485/ROS2/robo_hand_ws/src/xarm_ros2/xarm_msgs'
[0.571s] INFO:colcon.colcon_core.shell:Skip shell extension 'powershell' for command environment: Not usable outside of PowerShell
[0.571s] DEBUG:colcon.colcon_core.shell:Skip shell extension 'dsv' for command environment
[0.578s] INFO:colcon.colcon_ros.task.ament_cmake.build:Building ROS package in '/home/berenic/Documents/LPRS2_2026/Robo_Hand_RS485/ROS2/robo_hand_ws/src/xarm_ros2/xarm_sdk' with build type 'ament_cmake'
[0.578s] INFO:colcon.colcon_cmake.task.cmake.build:Building CMake package in '/home/berenic/Documents/LPRS2_2026/Robo_Hand_RS485/ROS2/robo_hand_ws/src/xarm_ros2/xarm_sdk'
[0.579s] INFO:colcon.colcon_core.shell:Skip shell extension 'powershell' for command environment: Not usable outside of PowerShell
[0.579s] DEBUG:colcon.colcon_core.shell:Skip shell extension 'dsv' for command environment
[0.587s] INFO:colcon.colcon_ros.task.ament_python.build:Building ROS package in '/home/berenic/Documents/LPRS2_2026/Robo_Hand_RS485/ROS2/robo_hand_ws/src/xarm_ros2/uf_ros_lib' with build type 'ament_python'
[0.588s] Level 1:colcon.colcon_core.shell:create_environment_hook('uf_ros_lib', 'ament_prefix_path')
[0.588s] INFO:colcon.colcon_core.shell:Creating environment hook '/home/berenic/Documents/LPRS2_2026/Robo_Hand_RS485/ROS2/robo_hand_ws/install/uf_ros_lib/share/uf_ros_lib/hook/ament_prefix_path.ps1'
[0.589s] INFO:colcon.colcon_core.shell:Creating environment descriptor '/home/berenic/Documents/LPRS2_2026/Robo_Hand_RS485/ROS2/robo_hand_ws/install/uf_ros_lib/share/uf_ros_lib/hook/ament_prefix_path.dsv'
[0.590s] INFO:colcon.colcon_core.shell:Creating environment hook '/home/berenic/Documents/LPRS2_2026/Robo_Hand_RS485/ROS2/robo_hand_ws/install/uf_ros_lib/share/uf_ros_lib/hook/ament_prefix_path.sh'
[0.591s] INFO:colcon.colcon_core.shell:Skip shell extension 'powershell' for command environment: Not usable outside of PowerShell
[0.591s] DEBUG:colcon.colcon_core.shell:Skip shell extension 'dsv' for command environment
[0.599s] INFO:colcon.colcon_ros.task.ament_cmake.build:Building ROS package in '/home/berenic/Documents/LPRS2_2026/Robo_Hand_RS485/ROS2/robo_hand_ws/src/xarm_ros2/thirdparty/realsense_gazebo_plugin' with build type 'ament_cmake'
[0.599s] INFO:colcon.colcon_cmake.task.cmake.build:Building CMake package in '/home/berenic/Documents/LPRS2_2026/Robo_Hand_RS485/ROS2/robo_hand_ws/src/xarm_ros2/thirdparty/realsense_gazebo_plugin'
[0.600s] INFO:colcon.colcon_core.shell:Skip shell extension 'powershell' for command environment: Not usable outside of PowerShell
[0.600s] DEBUG:colcon.colcon_core.shell:Skip shell extension 'dsv' for command environment
[0.617s] DEBUG:colcon.colcon_core.event_handler.log_command:Invoking command in '/home/berenic/Documents/LPRS2_2026/Robo_Hand_RS485/ROS2/robo_hand_ws/build/xarm_description': CMAKE_PREFIX_PATH=${CMAKE_PREFIX_PATH}:/home/berenic/Documents/LPRS2_2026/Robo_Hand_RS485/ROS2/robo_hand_ws/install/uf_ros_lib:/opt/ros/jazzy DEBUGINFOD_URLS=https://debuginfod.ubuntu.com /usr/bin/cmake --build /home/berenic/Documents/LPRS2_2026/Robo_Hand_RS485/ROS2/robo_hand_ws/build/xarm_description -- -j12 -l12
[0.621s] DEBUG:colcon.colcon_core.event_handler.log_command:Invoking command in '/home/berenic/Documents/LPRS2_2026/Robo_Hand_RS485/ROS2/robo_hand_ws/build/xarm_msgs': CMAKE_PREFIX_PATH=${CMAKE_PREFIX_PATH}:/home/berenic/Documents/LPRS2_2026/Robo_Hand_RS485/ROS2/robo_hand_ws/install/uf_ros_lib:/opt/ros/jazzy DEBUGINFOD_URLS=https://debuginfod.ubuntu.com /usr/bin/cmake --build /home/berenic/Documents/LPRS2_2026/Robo_Hand_RS485/ROS2/robo_hand_ws/build/xarm_msgs -- -j12 -l12
[0.625s] DEBUG:colcon.colcon_core.event_handler.log_command:Invoking command in '/home/berenic/Documents/LPRS2_2026/Robo_Hand_RS485/ROS2/robo_hand_ws/build/xarm_sdk': CMAKE_PREFIX_PATH=${CMAKE_PREFIX_PATH}:/home/berenic/Documents/LPRS2_2026/Robo_Hand_RS485/ROS2/robo_hand_ws/install/uf_ros_lib:/opt/ros/jazzy DEBUGINFOD_URLS=https://debuginfod.ubuntu.com /usr/bin/cmake --build /home/berenic/Documents/LPRS2_2026/Robo_Hand_RS485/ROS2/robo_hand_ws/build/xarm_sdk -- -j12 -l12
[1.063s] INFO:colcon.colcon_core.task.python.build:Building Python package in '/home/berenic/Documents/LPRS2_2026/Robo_Hand_RS485/ROS2/robo_hand_ws/src/xarm_ros2/uf_ros_lib'
[1.063s] INFO:colcon.colcon_core.shell:Skip shell extension 'powershell' for command environment: Not usable outside of PowerShell
[1.063s] DEBUG:colcon.colcon_core.shell:Skip shell extension 'dsv' for command environment
[1.080s] DEBUG:colcon.colcon_core.event_handler.log_command:Invoked command in '/home/berenic/Documents/LPRS2_2026/Robo_Hand_RS485/ROS2/robo_hand_ws/build/xarm_description' returned '0': CMAKE_PREFIX_PATH=${CMAKE_PREFIX_PATH}:/home/berenic/Documents/LPRS2_2026/Robo_Hand_RS485/ROS2/robo_hand_ws/install/uf_ros_lib:/opt/ros/jazzy DEBUGINFOD_URLS=https://debuginfod.ubuntu.com /usr/bin/cmake --build /home/berenic/Documents/LPRS2_2026/Robo_Hand_RS485/ROS2/robo_hand_ws/build/xarm_description -- -j12 -l12
[1.103s] DEBUG:colcon.colcon_core.event_handler.log_command:Invoking command in '/home/berenic/Documents/LPRS2_2026/Robo_Hand_RS485/ROS2/robo_hand_ws/build/xarm_description': CMAKE_PREFIX_PATH=${CMAKE_PREFIX_PATH}:/home/berenic/Documents/LPRS2_2026/Robo_Hand_RS485/ROS2/robo_hand_ws/install/uf_ros_lib:/opt/ros/jazzy DEBUGINFOD_URLS=https://debuginfod.ubuntu.com /usr/bin/cmake --install /home/berenic/Documents/LPRS2_2026/Robo_Hand_RS485/ROS2/robo_hand_ws/build/xarm_description
[1.109s] DEBUG:colcon.colcon_core.event_handler.log_command:Invoking command in '/home/berenic/Documents/LPRS2_2026/Robo_Hand_RS485/ROS2/robo_hand_ws/build/realsense_gazebo_plugin': CMAKE_PREFIX_PATH=${CMAKE_PREFIX_PATH}:/home/berenic/Documents/LPRS2_2026/Robo_Hand_RS485/ROS2/robo_hand_ws/install/uf_ros_lib:/opt/ros/jazzy DEBUGINFOD_URLS=https://debuginfod.ubuntu.com /usr/bin/cmake --build /home/berenic/Documents/LPRS2_2026/Robo_Hand_RS485/ROS2/robo_hand_ws/build/realsense_gazebo_plugin -- -j12 -l12
[1.110s] DEBUG:colcon.colcon_core.event_handler.log_command:Invoked command in '/home/berenic/Documents/LPRS2_2026/Robo_Hand_RS485/ROS2/robo_hand_ws/build/xarm_sdk' returned '0': CMAKE_PREFIX_PATH=${CMAKE_PREFIX_PATH}:/home/berenic/Documents/LPRS2_2026/Robo_Hand_RS485/ROS2/robo_hand_ws/install/uf_ros_lib:/opt/ros/jazzy DEBUGINFOD_URLS=https://debuginfod.ubuntu.com /usr/bin/cmake --build /home/berenic/Documents/LPRS2_2026/Robo_Hand_RS485/ROS2/robo_hand_ws/build/xarm_sdk -- -j12 -l12
[1.112s] DEBUG:colcon.colcon_core.event_handler.log_command:Invoking command in '/home/berenic/Documents/LPRS2_2026/Robo_Hand_RS485/ROS2/robo_hand_ws/build/xarm_sdk': CMAKE_PREFIX_PATH=${CMAKE_PREFIX_PATH}:/home/berenic/Documents/LPRS2_2026/Robo_Hand_RS485/ROS2/robo_hand_ws/install/uf_ros_lib:/opt/ros/jazzy DEBUGINFOD_URLS=https://debuginfod.ubuntu.com /usr/bin/cmake --install /home/berenic/Documents/LPRS2_2026/Robo_Hand_RS485/ROS2/robo_hand_ws/build/xarm_sdk
[1.175s] Level 1:colcon.colcon_core.environment:create_environment_scripts_only(xarm_sdk)
[1.180s] DEBUG:colcon.colcon_core.event_handler.log_command:Invoked command in '/home/berenic/Documents/LPRS2_2026/Robo_Hand_RS485/ROS2/robo_hand_ws/build/xarm_sdk' returned '0': CMAKE_PREFIX_PATH=${CMAKE_PREFIX_PATH}:/home/berenic/Documents/LPRS2_2026/Robo_Hand_RS485/ROS2/robo_hand_ws/install/uf_ros_lib:/opt/ros/jazzy DEBUGINFOD_URLS=https://debuginfod.ubuntu.com /usr/bin/cmake --install /home/berenic/Documents/LPRS2_2026/Robo_Hand_RS485/ROS2/robo_hand_ws/build/xarm_sdk
[1.230s] Level 1:colcon.colcon_core.environment:checking '/home/berenic/Documents/LPRS2_2026/Robo_Hand_RS485/ROS2/robo_hand_ws/install/xarm_sdk' for CMake module files
[1.236s] Level 1:colcon.colcon_core.environment:checking '/home/berenic/Documents/LPRS2_2026/Robo_Hand_RS485/ROS2/robo_hand_ws/install/xarm_sdk' for CMake config files
[1.236s] Level 1:colcon.colcon_core.shell:create_environment_hook('xarm_sdk', 'cmake_prefix_path')
[1.237s] INFO:colcon.colcon_core.shell:Creating environment hook '/home/berenic/Documents/LPRS2_2026/Robo_Hand_RS485/ROS2/robo_hand_ws/install/xarm_sdk/share/xarm_sdk/hook/cmake_prefix_path.ps1'
[1.237s] INFO:colcon.colcon_core.shell:Creating environment descriptor '/home/berenic/Documents/LPRS2_2026/Robo_Hand_RS485/ROS2/robo_hand_ws/install/xarm_sdk/share/xarm_sdk/hook/cmake_prefix_path.dsv'
[1.238s] INFO:colcon.colcon_core.shell:Creating environment hook '/home/berenic/Documents/LPRS2_2026/Robo_Hand_RS485/ROS2/robo_hand_ws/install/xarm_sdk/share/xarm_sdk/hook/cmake_prefix_path.sh'
[1.239s] Level 1:colcon.colcon_core.environment:checking '/home/berenic/Documents/LPRS2_2026/Robo_Hand_RS485/ROS2/robo_hand_ws/install/xarm_sdk/lib'
[1.240s] Level 1:colcon.colcon_core.shell:create_environment_hook('xarm_sdk', 'ld_library_path_lib')
[1.240s] INFO:colcon.colcon_core.shell:Creating environment hook '/home/berenic/Documents/LPRS2_2026/Robo_Hand_RS485/ROS2/robo_hand_ws/install/xarm_sdk/share/xarm_sdk/hook/ld_library_path_lib.ps1'
[1.241s] INFO:colcon.colcon_core.shell:Creating environment descriptor '/home/berenic/Documents/LPRS2_2026/Robo_Hand_RS485/ROS2/robo_hand_ws/install/xarm_sdk/share/xarm_sdk/hook/ld_library_path_lib.dsv'
[1.241s] INFO:colcon.colcon_core.shell:Creating environment hook '/home/berenic/Documents/LPRS2_2026/Robo_Hand_RS485/ROS2/robo_hand_ws/install/xarm_sdk/share/xarm_sdk/hook/ld_library_path_lib.sh'
[1.242s] Level 1:colcon.colcon_core.environment:checking '/home/berenic/Documents/LPRS2_2026/Robo_Hand_RS485/ROS2/robo_hand_ws/install/xarm_sdk/bin'
[1.242s] Level 1:colcon.colcon_core.environment:checking '/home/berenic/Documents/LPRS2_2026/Robo_Hand_RS485/ROS2/robo_hand_ws/install/xarm_sdk/lib/pkgconfig/xarm_sdk.pc'
[1.242s] Level 1:colcon.colcon_core.environment:checking '/home/berenic/Documents/LPRS2_2026/Robo_Hand_RS485/ROS2/robo_hand_ws/install/xarm_sdk/lib/python3.12/site-packages'
[1.243s] Level 1:colcon.colcon_core.environment:checking '/home/berenic/Documents/LPRS2_2026/Robo_Hand_RS485/ROS2/robo_hand_ws/install/xarm_sdk/bin'
[1.243s] INFO:colcon.colcon_core.shell:Creating package script '/home/berenic/Documents/LPRS2_2026/Robo_Hand_RS485/ROS2/robo_hand_ws/install/xarm_sdk/share/xarm_sdk/package.ps1'
[1.245s] INFO:colcon.colcon_core.shell:Creating package descriptor '/home/berenic/Documents/LPRS2_2026/Robo_Hand_RS485/ROS2/robo_hand_ws/install/xarm_sdk/share/xarm_sdk/package.dsv'
[1.245s] INFO:colcon.colcon_core.shell:Creating package script '/home/berenic/Documents/LPRS2_2026/Robo_Hand_RS485/ROS2/robo_hand_ws/install/xarm_sdk/share/xarm_sdk/package.sh'
[1.246s] INFO:colcon.colcon_core.shell:Creating package script '/home/berenic/Documents/LPRS2_2026/Robo_Hand_RS485/ROS2/robo_hand_ws/install/xarm_sdk/share/xarm_sdk/package.bash'
[1.247s] INFO:colcon.colcon_core.shell:Creating package script '/home/berenic/Documents/LPRS2_2026/Robo_Hand_RS485/ROS2/robo_hand_ws/install/xarm_sdk/share/xarm_sdk/package.zsh'
[1.248s] Level 1:colcon.colcon_core.environment:create_file_with_runtime_dependencies(/home/berenic/Documents/LPRS2_2026/Robo_Hand_RS485/ROS2/robo_hand_ws/install/xarm_sdk/share/colcon-core/packages/xarm_sdk)
[1.249s] Level 1:colcon.colcon_core.environment:create_environment_scripts_only(xarm_sdk)
[1.249s] Level 1:colcon.colcon_core.environment:checking '/home/berenic/Documents/LPRS2_2026/Robo_Hand_RS485/ROS2/robo_hand_ws/install/xarm_sdk' for CMake module files
[1.250s] Level 1:colcon.colcon_core.environment:checking '/home/berenic/Documents/LPRS2_2026/Robo_Hand_RS485/ROS2/robo_hand_ws/install/xarm_sdk' for CMake config files
[1.251s] Level 1:colcon.colcon_core.shell:create_environment_hook('xarm_sdk', 'cmake_prefix_path')
[1.251s] INFO:colcon.colcon_core.shell:Creating environment hook '/home/berenic/Documents/LPRS2_2026/Robo_Hand_RS485/ROS2/robo_hand_ws/install/xarm_sdk/share/xarm_sdk/hook/cmake_prefix_path.ps1'
[1.252s] INFO:colcon.colcon_core.shell:Creating environment descriptor '/home/berenic/Documents/LPRS2_2026/Robo_Hand_RS485/ROS2/robo_hand_ws/install/xarm_sdk/share/xarm_sdk/hook/cmake_prefix_path.dsv'
[1.253s] INFO:colcon.colcon_core.shell:Creating environment hook '/home/berenic/Documents/LPRS2_2026/Robo_Hand_RS485/ROS2/robo_hand_ws/install/xarm_sdk/share/xarm_sdk/hook/cmake_prefix_path.sh'
[1.254s] Level 1:colcon.colcon_core.environment:checking '/home/berenic/Documents/LPRS2_2026/Robo_Hand_RS485/ROS2/robo_hand_ws/install/xarm_sdk/lib'
[1.254s] Level 1:colcon.colcon_core.shell:create_environment_hook('xarm_sdk', 'ld_library_path_lib')
[1.254s] INFO:colcon.colcon_core.shell:Creating environment hook '/home/berenic/Documents/LPRS2_2026/Robo_Hand_RS485/ROS2/robo_hand_ws/install/xarm_sdk/share/xarm_sdk/hook/ld_library_path_lib.ps1'
[1.255s] INFO:colcon.colcon_core.shell:Creating environment descriptor '/home/berenic/Documents/LPRS2_2026/Robo_Hand_RS485/ROS2/robo_hand_ws/install/xarm_sdk/share/xarm_sdk/hook/ld_library_path_lib.dsv'
[1.256s] INFO:colcon.colcon_core.shell:Creating environment hook '/home/berenic/Documents/LPRS2_2026/Robo_Hand_RS485/ROS2/robo_hand_ws/install/xarm_sdk/share/xarm_sdk/hook/ld_library_path_lib.sh'
[1.257s] Level 1:colcon.colcon_core.environment:checking '/home/berenic/Documents/LPRS2_2026/Robo_Hand_RS485/ROS2/robo_hand_ws/install/xarm_sdk/bin'
[1.257s] Level 1:colcon.colcon_core.environment:checking '/home/berenic/Documents/LPRS2_2026/Robo_Hand_RS485/ROS2/robo_hand_ws/install/xarm_sdk/lib/pkgconfig/xarm_sdk.pc'
[1.257s] Level 1:colcon.colcon_core.environment:checking '/home/berenic/Documents/LPRS2_2026/Robo_Hand_RS485/ROS2/robo_hand_ws/install/xarm_sdk/lib/python3.12/site-packages'
[1.258s] Level 1:colcon.colcon_core.environment:checking '/home/berenic/Documents/LPRS2_2026/Robo_Hand_RS485/ROS2/robo_hand_ws/install/xarm_sdk/bin'
[1.259s] INFO:colcon.colcon_core.shell:Creating package script '/home/berenic/Documents/LPRS2_2026/Robo_Hand_RS485/ROS2/robo_hand_ws/install/xarm_sdk/share/xarm_sdk/package.ps1'
[1.261s] INFO:colcon.colcon_core.shell:Creating package descriptor '/home/berenic/Documents/LPRS2_2026/Robo_Hand_RS485/ROS2/robo_hand_ws/install/xarm_sdk/share/xarm_sdk/package.dsv'
[1.263s] INFO:colcon.colcon_core.shell:Creating package script '/home/berenic/Documents/LPRS2_2026/Robo_Hand_RS485/ROS2/robo_hand_ws/install/xarm_sdk/share/xarm_sdk/package.sh'
[1.264s] INFO:colcon.colcon_core.shell:Creating package script '/home/berenic/Documents/LPRS2_2026/Robo_Hand_RS485/ROS2/robo_hand_ws/install/xarm_sdk/share/xarm_sdk/package.bash'
[1.265s] INFO:colcon.colcon_core.shell:Creating package script '/home/berenic/Documents/LPRS2_2026/Robo_Hand_RS485/ROS2/robo_hand_ws/install/xarm_sdk/share/xarm_sdk/package.zsh'
[1.266s] Level 1:colcon.colcon_core.environment:create_file_with_runtime_dependencies(/home/berenic/Documents/LPRS2_2026/Robo_Hand_RS485/ROS2/robo_hand_ws/install/xarm_sdk/share/colcon-core/packages/xarm_sdk)
[1.270s] DEBUG:colcon.colcon_core.event_handler.log_command:Invoked command in '/home/berenic/Documents/LPRS2_2026/Robo_Hand_RS485/ROS2/robo_hand_ws/build/realsense_gazebo_plugin' returned '0': CMAKE_PREFIX_PATH=${CMAKE_PREFIX_PATH}:/home/berenic/Documents/LPRS2_2026/Robo_Hand_RS485/ROS2/robo_hand_ws/install/uf_ros_lib:/opt/ros/jazzy DEBUGINFOD_URLS=https://debuginfod.ubuntu.com /usr/bin/cmake --build /home/berenic/Documents/LPRS2_2026/Robo_Hand_RS485/ROS2/robo_hand_ws/build/realsense_gazebo_plugin -- -j12 -l12
[1.272s] DEBUG:colcon.colcon_core.event_handler.log_command:Invoking command in '/home/berenic/Documents/LPRS2_2026/Robo_Hand_RS485/ROS2/robo_hand_ws/build/realsense_gazebo_plugin': CMAKE_PREFIX_PATH=${CMAKE_PREFIX_PATH}:/home/berenic/Documents/LPRS2_2026/Robo_Hand_RS485/ROS2/robo_hand_ws/install/uf_ros_lib:/opt/ros/jazzy DEBUGINFOD_URLS=https://debuginfod.ubuntu.com /usr/bin/cmake --install /home/berenic/Documents/LPRS2_2026/Robo_Hand_RS485/ROS2/robo_hand_ws/build/realsense_gazebo_plugin
[1.273s] Level 1:colcon.colcon_core.environment:create_environment_scripts_only(xarm_description)
[1.273s] Level 1:colcon.colcon_core.environment:checking '/home/berenic/Documents/LPRS2_2026/Robo_Hand_RS485/ROS2/robo_hand_ws/install/xarm_description' for CMake module files
[1.275s] DEBUG:colcon.colcon_core.event_handler.log_command:Invoked command in '/home/berenic/Documents/LPRS2_2026/Robo_Hand_RS485/ROS2/robo_hand_ws/build/xarm_description' returned '0': CMAKE_PREFIX_PATH=${CMAKE_PREFIX_PATH}:/home/berenic/Documents/LPRS2_2026/Robo_Hand_RS485/ROS2/robo_hand_ws/install/uf_ros_lib:/opt/ros/jazzy DEBUGINFOD_URLS=https://debuginfod.ubuntu.com /usr/bin/cmake --install /home/berenic/Documents/LPRS2_2026/Robo_Hand_RS485/ROS2/robo_hand_ws/build/xarm_description
[1.276s] Level 1:colcon.colcon_core.environment:checking '/home/berenic/Documents/LPRS2_2026/Robo_Hand_RS485/ROS2/robo_hand_ws/install/xarm_description' for CMake config files
[1.276s] Level 1:colcon.colcon_core.shell:create_environment_hook('xarm_description', 'cmake_prefix_path')
[1.277s] INFO:colcon.colcon_core.shell:Creating environment hook '/home/berenic/Documents/LPRS2_2026/Robo_Hand_RS485/ROS2/robo_hand_ws/install/xarm_description/share/xarm_description/hook/cmake_prefix_path.ps1'
[1.278s] INFO:colcon.colcon_core.shell:Creating environment descriptor '/home/berenic/Documents/LPRS2_2026/Robo_Hand_RS485/ROS2/robo_hand_ws/install/xarm_description/share/xarm_description/hook/cmake_prefix_path.dsv'
[1.278s] INFO:colcon.colcon_core.shell:Creating environment hook '/home/berenic/Documents/LPRS2_2026/Robo_Hand_RS485/ROS2/robo_hand_ws/install/xarm_description/share/xarm_description/hook/cmake_prefix_path.sh'
[1.280s] Level 1:colcon.colcon_core.environment:checking '/home/berenic/Documents/LPRS2_2026/Robo_Hand_RS485/ROS2/robo_hand_ws/install/xarm_description/bin'
[1.280s] Level 1:colcon.colcon_core.environment:checking '/home/berenic/Documents/LPRS2_2026/Robo_Hand_RS485/ROS2/robo_hand_ws/install/xarm_description/lib/pkgconfig/xarm_description.pc'
[1.281s] Level 1:colcon.colcon_core.environment:checking '/home/berenic/Documents/LPRS2_2026/Robo_Hand_RS485/ROS2/robo_hand_ws/install/xarm_description/lib/python3.12/site-packages'
[1.281s] Level 1:colcon.colcon_core.environment:checking '/home/berenic/Documents/LPRS2_2026/Robo_Hand_RS485/ROS2/robo_hand_ws/install/xarm_description/bin'
[1.282s] INFO:colcon.colcon_core.shell:Creating package script '/home/berenic/Documents/LPRS2_2026/Robo_Hand_RS485/ROS2/robo_hand_ws/install/xarm_description/share/xarm_description/package.ps1'
[1.283s] INFO:colcon.colcon_core.shell:Creating package descriptor '/home/berenic/Documents/LPRS2_2026/Robo_Hand_RS485/ROS2/robo_hand_ws/install/xarm_description/share/xarm_description/package.dsv'
[1.284s] INFO:colcon.colcon_core.shell:Creating package script '/home/berenic/Documents/LPRS2_2026/Robo_Hand_RS485/ROS2/robo_hand_ws/install/xarm_description/share/xarm_description/package.sh'
[1.284s] INFO:colcon.colcon_core.shell:Creating package script '/home/berenic/Documents/LPRS2_2026/Robo_Hand_RS485/ROS2/robo_hand_ws/install/xarm_description/share/xarm_description/package.bash'
[1.285s] INFO:colcon.colcon_core.shell:Creating package script '/home/berenic/Documents/LPRS2_2026/Robo_Hand_RS485/ROS2/robo_hand_ws/install/xarm_description/share/xarm_description/package.zsh'
[1.286s] Level 1:colcon.colcon_core.environment:create_file_with_runtime_dependencies(/home/berenic/Documents/LPRS2_2026/Robo_Hand_RS485/ROS2/robo_hand_ws/install/xarm_description/share/colcon-core/packages/xarm_description)
[1.287s] Level 1:colcon.colcon_core.environment:create_environment_scripts_only(xarm_description)
[1.287s] Level 1:colcon.colcon_core.environment:checking '/home/berenic/Documents/LPRS2_2026/Robo_Hand_RS485/ROS2/robo_hand_ws/install/xarm_description' for CMake module files
[1.289s] Level 1:colcon.colcon_core.environment:checking '/home/berenic/Documents/LPRS2_2026/Robo_Hand_RS485/ROS2/robo_hand_ws/install/xarm_description' for CMake config files
[1.289s] Level 1:colcon.colcon_core.shell:create_environment_hook('xarm_description', 'cmake_prefix_path')
[1.290s] INFO:colcon.colcon_core.shell:Creating environment hook '/home/berenic/Documents/LPRS2_2026/Robo_Hand_RS485/ROS2/robo_hand_ws/install/xarm_description/share/xarm_description/hook/cmake_prefix_path.ps1'
[1.290s] INFO:colcon.colcon_core.shell:Creating environment descriptor '/home/berenic/Documents/LPRS2_2026/Robo_Hand_RS485/ROS2/robo_hand_ws/install/xarm_description/share/xarm_description/hook/cmake_prefix_path.dsv'
[1.292s] INFO:colcon.colcon_core.shell:Creating environment hook '/home/berenic/Documents/LPRS2_2026/Robo_Hand_RS485/ROS2/robo_hand_ws/install/xarm_description/share/xarm_description/hook/cmake_prefix_path.sh'
[1.294s] Level 1:colcon.colcon_core.environment:checking '/home/berenic/Documents/LPRS2_2026/Robo_Hand_RS485/ROS2/robo_hand_ws/install/xarm_description/bin'
[1.295s] Level 1:colcon.colcon_core.environment:checking '/home/berenic/Documents/LPRS2_2026/Robo_Hand_RS485/ROS2/robo_hand_ws/install/xarm_description/lib/pkgconfig/xarm_description.pc'
[1.295s] Level 1:colcon.colcon_core.environment:checking '/home/berenic/Documents/LPRS2_2026/Robo_Hand_RS485/ROS2/robo_hand_ws/install/xarm_description/lib/python3.12/site-packages'
[1.296s] Level 1:colcon.colcon_core.environment:checking '/home/berenic/Documents/LPRS2_2026/Robo_Hand_RS485/ROS2/robo_hand_ws/install/xarm_description/bin'
[1.298s] INFO:colcon.colcon_core.shell:Creating package script '/home/berenic/Documents/LPRS2_2026/Robo_Hand_RS485/ROS2/robo_hand_ws/install/xarm_description/share/xarm_description/package.ps1'
[1.302s] INFO:colcon.colcon_core.shell:Creating package descriptor '/home/berenic/Documents/LPRS2_2026/Robo_Hand_RS485/ROS2/robo_hand_ws/install/xarm_description/share/xarm_description/package.dsv'
[1.305s] INFO:colcon.colcon_core.shell:Creating package script '/home/berenic/Documents/LPRS2_2026/Robo_Hand_RS485/ROS2/robo_hand_ws/install/xarm_description/share/xarm_description/package.sh'
[1.306s] INFO:colcon.colcon_core.shell:Creating package script '/home/berenic/Documents/LPRS2_2026/Robo_Hand_RS485/ROS2/robo_hand_ws/install/xarm_description/share/xarm_description/package.bash'
[1.307s] INFO:colcon.colcon_core.shell:Creating package script '/home/berenic/Documents/LPRS2_2026/Robo_Hand_RS485/ROS2/robo_hand_ws/install/xarm_description/share/xarm_description/package.zsh'
[1.308s] Level 1:colcon.colcon_core.environment:create_file_with_runtime_dependencies(/home/berenic/Documents/LPRS2_2026/Robo_Hand_RS485/ROS2/robo_hand_ws/install/xarm_description/share/colcon-core/packages/xarm_description)
[1.328s] Level 1:colcon.colcon_core.environment:create_environment_scripts_only(realsense_gazebo_plugin)
[1.329s] Level 1:colcon.colcon_core.environment:checking '/home/berenic/Documents/LPRS2_2026/Robo_Hand_RS485/ROS2/robo_hand_ws/install/realsense_gazebo_plugin' for CMake module files
[1.330s] DEBUG:colcon.colcon_core.event_handler.log_command:Invoked command in '/home/berenic/Documents/LPRS2_2026/Robo_Hand_RS485/ROS2/robo_hand_ws/build/realsense_gazebo_plugin' returned '0': CMAKE_PREFIX_PATH=${CMAKE_PREFIX_PATH}:/home/berenic/Documents/LPRS2_2026/Robo_Hand_RS485/ROS2/robo_hand_ws/install/uf_ros_lib:/opt/ros/jazzy DEBUGINFOD_URLS=https://debuginfod.ubuntu.com /usr/bin/cmake --install /home/berenic/Documents/LPRS2_2026/Robo_Hand_RS485/ROS2/robo_hand_ws/build/realsense_gazebo_plugin
[1.330s] Level 1:colcon.colcon_core.environment:checking '/home/berenic/Documents/LPRS2_2026/Robo_Hand_RS485/ROS2/robo_hand_ws/install/realsense_gazebo_plugin' for CMake config files
[1.331s] Level 1:colcon.colcon_core.shell:create_environment_hook('realsense_gazebo_plugin', 'cmake_prefix_path')
[1.331s] INFO:colcon.colcon_core.shell:Creating environment hook '/home/berenic/Documents/LPRS2_2026/Robo_Hand_RS485/ROS2/robo_hand_ws/install/realsense_gazebo_plugin/share/realsense_gazebo_plugin/hook/cmake_prefix_path.ps1'
[1.332s] INFO:colcon.colcon_core.shell:Creating environment descriptor '/home/berenic/Documents/LPRS2_2026/Robo_Hand_RS485/ROS2/robo_hand_ws/install/realsense_gazebo_plugin/share/realsense_gazebo_plugin/hook/cmake_prefix_path.dsv'
[1.333s] INFO:colcon.colcon_core.shell:Creating environment hook '/home/berenic/Documents/LPRS2_2026/Robo_Hand_RS485/ROS2/robo_hand_ws/install/realsense_gazebo_plugin/share/realsense_gazebo_plugin/hook/cmake_prefix_path.sh'
[1.335s] Level 1:colcon.colcon_core.environment:checking '/home/berenic/Documents/LPRS2_2026/Robo_Hand_RS485/ROS2/robo_hand_ws/install/realsense_gazebo_plugin/bin'
[1.335s] Level 1:colcon.colcon_core.environment:checking '/home/berenic/Documents/LPRS2_2026/Robo_Hand_RS485/ROS2/robo_hand_ws/install/realsense_gazebo_plugin/lib/pkgconfig/realsense_gazebo_plugin.pc'
[1.335s] Level 1:colcon.colcon_core.environment:checking '/home/berenic/Documents/LPRS2_2026/Robo_Hand_RS485/ROS2/robo_hand_ws/install/realsense_gazebo_plugin/lib/python3.12/site-packages'
[1.336s] Level 1:colcon.colcon_core.environment:checking '/home/berenic/Documents/LPRS2_2026/Robo_Hand_RS485/ROS2/robo_hand_ws/install/realsense_gazebo_plugin/bin'
[1.336s] INFO:colcon.colcon_core.shell:Creating package script '/home/berenic/Documents/LPRS2_2026/Robo_Hand_RS485/ROS2/robo_hand_ws/install/realsense_gazebo_plugin/share/realsense_gazebo_plugin/package.ps1'
[1.337s] INFO:colcon.colcon_core.shell:Creating package descriptor '/home/berenic/Documents/LPRS2_2026/Robo_Hand_RS485/ROS2/robo_hand_ws/install/realsense_gazebo_plugin/share/realsense_gazebo_plugin/package.dsv'
[1.338s] INFO:colcon.colcon_core.shell:Creating package script '/home/berenic/Documents/LPRS2_2026/Robo_Hand_RS485/ROS2/robo_hand_ws/install/realsense_gazebo_plugin/share/realsense_gazebo_plugin/package.sh'
[1.339s] INFO:colcon.colcon_core.shell:Creating package script '/home/berenic/Documents/LPRS2_2026/Robo_Hand_RS485/ROS2/robo_hand_ws/install/realsense_gazebo_plugin/share/realsense_gazebo_plugin/package.bash'
[1.339s] INFO:colcon.colcon_core.shell:Creating package script '/home/berenic/Documents/LPRS2_2026/Robo_Hand_RS485/ROS2/robo_hand_ws/install/realsense_gazebo_plugin/share/realsense_gazebo_plugin/package.zsh'
[1.340s] Level 1:colcon.colcon_core.environment:create_file_with_runtime_dependencies(/home/berenic/Documents/LPRS2_2026/Robo_Hand_RS485/ROS2/robo_hand_ws/install/realsense_gazebo_plugin/share/colcon-core/packages/realsense_gazebo_plugin)
[1.341s] Level 1:colcon.colcon_core.environment:create_environment_scripts_only(realsense_gazebo_plugin)
[1.341s] Level 1:colcon.colcon_core.environment:checking '/home/berenic/Documents/LPRS2_2026/Robo_Hand_RS485/ROS2/robo_hand_ws/install/realsense_gazebo_plugin' for CMake module files
[1.342s] Level 1:colcon.colcon_core.environment:checking '/home/berenic/Documents/LPRS2_2026/Robo_Hand_RS485/ROS2/robo_hand_ws/install/realsense_gazebo_plugin' for CMake config files
[1.343s] Level 1:colcon.colcon_core.shell:create_environment_hook('realsense_gazebo_plugin', 'cmake_prefix_path')
[1.343s] INFO:colcon.colcon_core.shell:Creating environment hook '/home/berenic/Documents/LPRS2_2026/Robo_Hand_RS485/ROS2/robo_hand_ws/install/realsense_gazebo_plugin/share/realsense_gazebo_plugin/hook/cmake_prefix_path.ps1'
[1.344s] INFO:colcon.colcon_core.shell:Creating environment descriptor '/home/berenic/Documents/LPRS2_2026/Robo_Hand_RS485/ROS2/robo_hand_ws/install/realsense_gazebo_plugin/share/realsense_gazebo_plugin/hook/cmake_prefix_path.dsv'
[1.345s] INFO:colcon.colcon_core.shell:Creating environment hook '/home/berenic/Documents/LPRS2_2026/Robo_Hand_RS485/ROS2/robo_hand_ws/install/realsense_gazebo_plugin/share/realsense_gazebo_plugin/hook/cmake_prefix_path.sh'
[1.346s] Level 1:colcon.colcon_core.environment:checking '/home/berenic/Documents/LPRS2_2026/Robo_Hand_RS485/ROS2/robo_hand_ws/install/realsense_gazebo_plugin/bin'
[1.346s] Level 1:colcon.colcon_core.environment:checking '/home/berenic/Documents/LPRS2_2026/Robo_Hand_RS485/ROS2/robo_hand_ws/install/realsense_gazebo_plugin/lib/pkgconfig/realsense_gazebo_plugin.pc'
[1.346s] Level 1:colcon.colcon_core.environment:checking '/home/berenic/Documents/LPRS2_2026/Robo_Hand_RS485/ROS2/robo_hand_ws/install/realsense_gazebo_plugin/lib/python3.12/site-packages'
[1.347s] Level 1:colcon.colcon_core.environment:checking '/home/berenic/Documents/LPRS2_2026/Robo_Hand_RS485/ROS2/robo_hand_ws/install/realsense_gazebo_plugin/bin'
[1.347s] INFO:colcon.colcon_core.shell:Creating package script '/home/berenic/Documents/LPRS2_2026/Robo_Hand_RS485/ROS2/robo_hand_ws/install/realsense_gazebo_plugin/share/realsense_gazebo_plugin/package.ps1'
[1.348s] INFO:colcon.colcon_core.shell:Creating package descriptor '/home/berenic/Documents/LPRS2_2026/Robo_Hand_RS485/ROS2/robo_hand_ws/install/realsense_gazebo_plugin/share/realsense_gazebo_plugin/package.dsv'
[1.349s] INFO:colcon.colcon_core.shell:Creating package script '/home/berenic/Documents/LPRS2_2026/Robo_Hand_RS485/ROS2/robo_hand_ws/install/realsense_gazebo_plugin/share/realsense_gazebo_plugin/package.sh'
[1.350s] INFO:colcon.colcon_core.shell:Creating package script '/home/berenic/Documents/LPRS2_2026/Robo_Hand_RS485/ROS2/robo_hand_ws/install/realsense_gazebo_plugin/share/realsense_gazebo_plugin/package.bash'
[1.351s] INFO:colcon.colcon_core.shell:Creating package script '/home/berenic/Documents/LPRS2_2026/Robo_Hand_RS485/ROS2/robo_hand_ws/install/realsense_gazebo_plugin/share/realsense_gazebo_plugin/package.zsh'
[1.352s] Level 1:colcon.colcon_core.environment:create_file_with_runtime_dependencies(/home/berenic/Documents/LPRS2_2026/Robo_Hand_RS485/ROS2/robo_hand_ws/install/realsense_gazebo_plugin/share/colcon-core/packages/realsense_gazebo_plugin)
[1.593s] DEBUG:colcon.colcon_core.event_handler.log_command:Invoked command in '/home/berenic/Documents/LPRS2_2026/Robo_Hand_RS485/ROS2/robo_hand_ws/build/xarm_msgs' returned '0': CMAKE_PREFIX_PATH=${CMAKE_PREFIX_PATH}:/home/berenic/Documents/LPRS2_2026/Robo_Hand_RS485/ROS2/robo_hand_ws/install/uf_ros_lib:/opt/ros/jazzy DEBUGINFOD_URLS=https://debuginfod.ubuntu.com /usr/bin/cmake --build /home/berenic/Documents/LPRS2_2026/Robo_Hand_RS485/ROS2/robo_hand_ws/build/xarm_msgs -- -j12 -l12
[1.596s] DEBUG:colcon.colcon_core.event_handler.log_command:Invoking command in '/home/berenic/Documents/LPRS2_2026/Robo_Hand_RS485/ROS2/robo_hand_ws/build/xarm_msgs': CMAKE_PREFIX_PATH=${CMAKE_PREFIX_PATH}:/home/berenic/Documents/LPRS2_2026/Robo_Hand_RS485/ROS2/robo_hand_ws/install/uf_ros_lib:/opt/ros/jazzy DEBUGINFOD_URLS=https://debuginfod.ubuntu.com /usr/bin/cmake --install /home/berenic/Documents/LPRS2_2026/Robo_Hand_RS485/ROS2/robo_hand_ws/build/xarm_msgs
[2.085s] Level 1:colcon.colcon_core.environment:create_environment_scripts_only(xarm_msgs)
[2.086s] DEBUG:colcon.colcon_core.event_handler.log_command:Invoked command in '/home/berenic/Documents/LPRS2_2026/Robo_Hand_RS485/ROS2/robo_hand_ws/build/xarm_msgs' returned '0': CMAKE_PREFIX_PATH=${CMAKE_PREFIX_PATH}:/home/berenic/Documents/LPRS2_2026/Robo_Hand_RS485/ROS2/robo_hand_ws/install/uf_ros_lib:/opt/ros/jazzy DEBUGINFOD_URLS=https://debuginfod.ubuntu.com /usr/bin/cmake --install /home/berenic/Documents/LPRS2_2026/Robo_Hand_RS485/ROS2/robo_hand_ws/build/xarm_msgs
[2.086s] Level 1:colcon.colcon_core.environment:checking '/home/berenic/Documents/LPRS2_2026/Robo_Hand_RS485/ROS2/robo_hand_ws/install/xarm_msgs' for CMake module files
[2.087s] Level 1:colcon.colcon_core.environment:checking '/home/berenic/Documents/LPRS2_2026/Robo_Hand_RS485/ROS2/robo_hand_ws/install/xarm_msgs' for CMake config files
[2.088s] Level 1:colcon.colcon_core.shell:create_environment_hook('xarm_msgs', 'cmake_prefix_path')
[2.089s] INFO:colcon.colcon_core.shell:Creating environment hook '/home/berenic/Documents/LPRS2_2026/Robo_Hand_RS485/ROS2/robo_hand_ws/install/xarm_msgs/share/xarm_msgs/hook/cmake_prefix_path.ps1'
[2.089s] INFO:colcon.colcon_core.shell:Creating environment descriptor '/home/berenic/Documents/LPRS2_2026/Robo_Hand_RS485/ROS2/robo_hand_ws/install/xarm_msgs/share/xarm_msgs/hook/cmake_prefix_path.dsv'
[2.090s] INFO:colcon.colcon_core.shell:Creating environment hook '/home/berenic/Documents/LPRS2_2026/Robo_Hand_RS485/ROS2/robo_hand_ws/install/xarm_msgs/share/xarm_msgs/hook/cmake_prefix_path.sh'
[2.091s] Level 1:colcon.colcon_core.environment:checking '/home/berenic/Documents/LPRS2_2026/Robo_Hand_RS485/ROS2/robo_hand_ws/install/xarm_msgs/lib'
[2.092s] Level 1:colcon.colcon_core.shell:create_environment_hook('xarm_msgs', 'ld_library_path_lib')
[2.092s] INFO:colcon.colcon_core.shell:Creating environment hook '/home/berenic/Documents/LPRS2_2026/Robo_Hand_RS485/ROS2/robo_hand_ws/install/xarm_msgs/share/xarm_msgs/hook/ld_library_path_lib.ps1'
[2.093s] INFO:colcon.colcon_core.shell:Creating environment descriptor '/home/berenic/Documents/LPRS2_2026/Robo_Hand_RS485/ROS2/robo_hand_ws/install/xarm_msgs/share/xarm_msgs/hook/ld_library_path_lib.dsv'
[2.094s] INFO:colcon.colcon_core.shell:Creating environment hook '/home/berenic/Documents/LPRS2_2026/Robo_Hand_RS485/ROS2/robo_hand_ws/install/xarm_msgs/share/xarm_msgs/hook/ld_library_path_lib.sh'
[2.094s] Level 1:colcon.colcon_core.environment:checking '/home/berenic/Documents/LPRS2_2026/Robo_Hand_RS485/ROS2/robo_hand_ws/install/xarm_msgs/bin'
[2.095s] Level 1:colcon.colcon_core.environment:checking '/home/berenic/Documents/LPRS2_2026/Robo_Hand_RS485/ROS2/robo_hand_ws/install/xarm_msgs/lib/pkgconfig/xarm_msgs.pc'
[2.095s] Level 1:colcon.colcon_core.environment:checking '/home/berenic/Documents/LPRS2_2026/Robo_Hand_RS485/ROS2/robo_hand_ws/install/xarm_msgs/lib/python3.12/site-packages'
[2.095s] Level 1:colcon.colcon_core.shell:create_environment_hook('xarm_msgs', 'pythonpath')
[2.096s] INFO:colcon.colcon_core.shell:Creating environment hook '/home/berenic/Documents/LPRS2_2026/Robo_Hand_RS485/ROS2/robo_hand_ws/install/xarm_msgs/share/xarm_msgs/hook/pythonpath.ps1'
[2.096s] INFO:colcon.colcon_core.shell:Creating environment descriptor '/home/berenic/Documents/LPRS2_2026/Robo_Hand_RS485/ROS2/robo_hand_ws/install/xarm_msgs/share/xarm_msgs/hook/pythonpath.dsv'
[2.097s] INFO:colcon.colcon_core.shell:Creating environment hook '/home/berenic/Documents/LPRS2_2026/Robo_Hand_RS485/ROS2/robo_hand_ws/install/xarm_msgs/share/xarm_msgs/hook/pythonpath.sh'
[2.098s] Level 1:colcon.colcon_core.environment:checking '/home/berenic/Documents/LPRS2_2026/Robo_Hand_RS485/ROS2/robo_hand_ws/install/xarm_msgs/bin'
[2.099s] INFO:colcon.colcon_core.shell:Creating package script '/home/berenic/Documents/LPRS2_2026/Robo_Hand_RS485/ROS2/robo_hand_ws/install/xarm_msgs/share/xarm_msgs/package.ps1'
[2.100s] INFO:colcon.colcon_core.shell:Creating package descriptor '/home/berenic/Documents/LPRS2_2026/Robo_Hand_RS485/ROS2/robo_hand_ws/install/xarm_msgs/share/xarm_msgs/package.dsv'
[2.101s] INFO:colcon.colcon_core.shell:Creating package script '/home/berenic/Documents/LPRS2_2026/Robo_Hand_RS485/ROS2/robo_hand_ws/install/xarm_msgs/share/xarm_msgs/package.sh'
[2.102s] INFO:colcon.colcon_core.shell:Creating package script '/home/berenic/Documents/LPRS2_2026/Robo_Hand_RS485/ROS2/robo_hand_ws/install/xarm_msgs/share/xarm_msgs/package.bash'
[2.103s] INFO:colcon.colcon_core.shell:Creating package script '/home/berenic/Documents/LPRS2_2026/Robo_Hand_RS485/ROS2/robo_hand_ws/install/xarm_msgs/share/xarm_msgs/package.zsh'
[2.104s] Level 1:colcon.colcon_core.environment:create_file_with_runtime_dependencies(/home/berenic/Documents/LPRS2_2026/Robo_Hand_RS485/ROS2/robo_hand_ws/install/xarm_msgs/share/colcon-core/packages/xarm_msgs)
[2.105s] Level 1:colcon.colcon_core.environment:create_environment_scripts_only(xarm_msgs)
[2.105s] Level 1:colcon.colcon_core.environment:checking '/home/berenic/Documents/LPRS2_2026/Robo_Hand_RS485/ROS2/robo_hand_ws/install/xarm_msgs' for CMake module files
[2.106s] Level 1:colcon.colcon_core.environment:checking '/home/berenic/Documents/LPRS2_2026/Robo_Hand_RS485/ROS2/robo_hand_ws/install/xarm_msgs' for CMake config files
[2.107s] Level 1:colcon.colcon_core.shell:create_environment_hook('xarm_msgs', 'cmake_prefix_path')
[2.107s] INFO:colcon.colcon_core.shell:Creating environment hook '/home/berenic/Documents/LPRS2_2026/Robo_Hand_RS485/ROS2/robo_hand_ws/install/xarm_msgs/share/xarm_msgs/hook/cmake_prefix_path.ps1'
[2.108s] INFO:colcon.colcon_core.shell:Creating environment descriptor '/home/berenic/Documents/LPRS2_2026/Robo_Hand_RS485/ROS2/robo_hand_ws/install/xarm_msgs/share/xarm_msgs/hook/cmake_prefix_path.dsv'
[2.109s] INFO:colcon.colcon_core.shell:Creating environment hook '/home/berenic/Documents/LPRS2_2026/Robo_Hand_RS485/ROS2/robo_hand_ws/install/xarm_msgs/share/xarm_msgs/hook/cmake_prefix_path.sh'
[2.110s] Level 1:colcon.colcon_core.environment:checking '/home/berenic/Documents/LPRS2_2026/Robo_Hand_RS485/ROS2/robo_hand_ws/install/xarm_msgs/lib'
[2.110s] Level 1:colcon.colcon_core.shell:create_environment_hook('xarm_msgs', 'ld_library_path_lib')
[2.111s] INFO:colcon.colcon_core.shell:Creating environment hook '/home/berenic/Documents/LPRS2_2026/Robo_Hand_RS485/ROS2/robo_hand_ws/install/xarm_msgs/share/xarm_msgs/hook/ld_library_path_lib.ps1'
[2.111s] INFO:colcon.colcon_core.shell:Creating environment descriptor '/home/berenic/Documents/LPRS2_2026/Robo_Hand_RS485/ROS2/robo_hand_ws/install/xarm_msgs/share/xarm_msgs/hook/ld_library_path_lib.dsv'
[2.112s] INFO:colcon.colcon_core.shell:Creating environment hook '/home/berenic/Documents/LPRS2_2026/Robo_Hand_RS485/ROS2/robo_hand_ws/install/xarm_msgs/share/xarm_msgs/hook/ld_library_path_lib.sh'
[2.113s] Level 1:colcon.colcon_core.environment:checking '/home/berenic/Documents/LPRS2_2026/Robo_Hand_RS485/ROS2/robo_hand_ws/install/xarm_msgs/bin'
[2.113s] Level 1:colcon.colcon_core.environment:checking '/home/berenic/Documents/LPRS2_2026/Robo_Hand_RS485/ROS2/robo_hand_ws/install/xarm_msgs/lib/pkgconfig/xarm_msgs.pc'
[2.113s] Level 1:colcon.colcon_core.environment:checking '/home/berenic/Documents/LPRS2_2026/Robo_Hand_RS485/ROS2/robo_hand_ws/install/xarm_msgs/lib/python3.12/site-packages'
[2.114s] Level 1:colcon.colcon_core.shell:create_environment_hook('xarm_msgs', 'pythonpath')
[2.114s] INFO:colcon.colcon_core.shell:Creating environment hook '/home/berenic/Documents/LPRS2_2026/Robo_Hand_RS485/ROS2/robo_hand_ws/install/xarm_msgs/share/xarm_msgs/hook/pythonpath.ps1'
[2.115s] INFO:colcon.colcon_core.shell:Creating environment descriptor '/home/berenic/Documents/LPRS2_2026/Robo_Hand_RS485/ROS2/robo_hand_ws/install/xarm_msgs/share/xarm_msgs/hook/pythonpath.dsv'
[2.115s] INFO:colcon.colcon_core.shell:Creating environment hook '/home/berenic/Documents/LPRS2_2026/Robo_Hand_RS485/ROS2/robo_hand_ws/install/xarm_msgs/share/xarm_msgs/hook/pythonpath.sh'
[2.117s] Level 1:colcon.colcon_core.environment:checking '/home/berenic/Documents/LPRS2_2026/Robo_Hand_RS485/ROS2/robo_hand_ws/install/xarm_msgs/bin'
[2.117s] INFO:colcon.colcon_core.shell:Creating package script '/home/berenic/Documents/LPRS2_2026/Robo_Hand_RS485/ROS2/robo_hand_ws/install/xarm_msgs/share/xarm_msgs/package.ps1'
[2.118s] INFO:colcon.colcon_core.shell:Creating package descriptor '/home/berenic/Documents/LPRS2_2026/Robo_Hand_RS485/ROS2/robo_hand_ws/install/xarm_msgs/share/xarm_msgs/package.dsv'
[2.119s] INFO:colcon.colcon_core.shell:Creating package script '/home/berenic/Documents/LPRS2_2026/Robo_Hand_RS485/ROS2/robo_hand_ws/install/xarm_msgs/share/xarm_msgs/package.sh'
[2.120s] INFO:colcon.colcon_core.shell:Creating package script '/home/berenic/Documents/LPRS2_2026/Robo_Hand_RS485/ROS2/robo_hand_ws/install/xarm_msgs/share/xarm_msgs/package.bash'
[2.121s] INFO:colcon.colcon_core.shell:Creating package script '/home/berenic/Documents/LPRS2_2026/Robo_Hand_RS485/ROS2/robo_hand_ws/install/xarm_msgs/share/xarm_msgs/package.zsh'
[2.122s] Level 1:colcon.colcon_core.environment:create_file_with_runtime_dependencies(/home/berenic/Documents/LPRS2_2026/Robo_Hand_RS485/ROS2/robo_hand_ws/install/xarm_msgs/share/colcon-core/packages/xarm_msgs)
[2.123s] INFO:colcon.colcon_ros.task.ament_cmake.build:Building ROS package in '/home/berenic/Documents/LPRS2_2026/Robo_Hand_RS485/ROS2/robo_hand_ws/src/xarm_ros2/xarm_api' with build type 'ament_cmake'
[2.123s] INFO:colcon.colcon_cmake.task.cmake.build:Building CMake package in '/home/berenic/Documents/LPRS2_2026/Robo_Hand_RS485/ROS2/robo_hand_ws/src/xarm_ros2/xarm_api'
[2.123s] INFO:colcon.colcon_core.shell:Skip shell extension 'powershell' for command environment: Not usable outside of PowerShell
[2.123s] DEBUG:colcon.colcon_core.shell:Skip shell extension 'dsv' for command environment
[2.153s] DEBUG:colcon.colcon_core.event_handler.log_command:Invoking command in '/home/berenic/Documents/LPRS2_2026/Robo_Hand_RS485/ROS2/robo_hand_ws/build/xarm_api': CMAKE_PREFIX_PATH=/home/berenic/Documents/LPRS2_2026/Robo_Hand_RS485/ROS2/robo_hand_ws/install/xarm_sdk:/home/berenic/Documents/LPRS2_2026/Robo_Hand_RS485/ROS2/robo_hand_ws/install/xarm_msgs:/home/berenic/Documents/LPRS2_2026/Robo_Hand_RS485/ROS2/robo_hand_ws/install/xarm_description:/home/berenic/Documents/LPRS2_2026/Robo_Hand_RS485/ROS2/robo_hand_ws/install/glue_events_routines:/home/berenic/Documents/LPRS2_2026/Robo_Hand_RS485/ROS2/robo_hand_ws/install/xarm_planner:/home/berenic/Documents/LPRS2_2026/Robo_Hand_RS485/ROS2/robo_hand_ws/install/xarm_moveit_servo:/home/berenic/Documents/LPRS2_2026/Robo_Hand_RS485/ROS2/robo_hand_ws/install/xarm_moveit_config:/home/berenic/Documents/LPRS2_2026/Robo_Hand_RS485/ROS2/robo_hand_ws/install/xarm_gazebo:/home/berenic/Documents/LPRS2_2026/Robo_Hand_RS485/ROS2/robo_hand_ws/install/xarm_controller:/home/berenic/Documents/LPRS2_2026/Robo_Hand_RS485/ROS2/robo_hand_ws/install/xarm_api:/home/berenic/Documents/LPRS2_2026/Robo_Hand_RS485/ROS2/robo_hand_ws/install/mbot_demo:/home/berenic/Documents/LPRS2_2026/Robo_Hand_RS485/ROS2/robo_hand_ws/install/realsense_gazebo_plugin:/opt/ros/jazzy/opt/gz_sim_vendor:/opt/ros/jazzy/opt/gz_sensors_vendor:/opt/ros/jazzy/opt/gz_physics_vendor:/opt/ros/jazzy/opt/sdformat_vendor:/opt/ros/jazzy/opt/gz_gui_vendor:/opt/ros/jazzy/opt/gz_transport_vendor:/opt/ros/jazzy/opt/gz_rendering_vendor:/opt/ros/jazzy/opt/gz_plugin_vendor:/opt/ros/jazzy/opt/gz_fuel_tools_vendor:/opt/ros/jazzy/opt/gz_msgs_vendor:/opt/ros/jazzy/opt/gz_common_vendor:/opt/ros/jazzy/opt/gz_math_vendor:/opt/ros/jazzy/opt/gz_utils_vendor:/opt/ros/jazzy/opt/gz_tools_vendor:/opt/ros/jazzy/opt/gz_ogre_next_vendor:/opt/ros/jazzy/opt/gz_dartsim_vendor:/opt/ros/jazzy/opt/gz_cmake_vendor:/home/berenic/Documents/LPRS2_2026/Robo_Hand_RS485/ROS2/robo_hand_ws/install/uf_ros_lib:/opt/ros/jazzy DEBUGINFOD_URLS=https://debuginfod.ubuntu.com LD_LIBRARY_PATH=/home/berenic/Documents/LPRS2_2026/Robo_Hand_RS485/ROS2/robo_hand_ws/install/xarm_sdk/lib:/home/berenic/Documents/LPRS2_2026/Robo_Hand_RS485/ROS2/robo_hand_ws/install/xarm_msgs/lib:/home/berenic/Documents/LPRS2_2026/Robo_Hand_RS485/ROS2/robo_hand_ws/install/xarm_planner/lib:/home/berenic/Documents/LPRS2_2026/Robo_Hand_RS485/ROS2/robo_hand_ws/install/xarm_moveit_servo/lib:/home/berenic/Documents/LPRS2_2026/Robo_Hand_RS485/ROS2/robo_hand_ws/install/xarm_gazebo/lib:/home/berenic/Documents/LPRS2_2026/Robo_Hand_RS485/ROS2/robo_hand_ws/install/xarm_controller/lib:/home/berenic/Documents/LPRS2_2026/Robo_Hand_RS485/ROS2/robo_hand_ws/install/xarm_api/lib:/home/berenic/Documents/LPRS2_2026/Robo_Hand_RS485/ROS2/robo_hand_ws/install/realsense_gazebo_plugin/lib:/opt/ros/jazzy/opt/gz_sim_vendor/lib:/opt/ros/jazzy/opt/gz_sensors_vendor/lib:/opt/ros/jazzy/opt/gz_physics_vendor/lib:/opt/ros/jazzy/opt/sdformat_vendor/lib:/opt/ros/jazzy/opt/rviz_ogre_vendor/lib:/opt/ros/jazzy/lib/x86_64-linux-gnu:/opt/ros/jazzy/opt/gz_gui_vendor/lib:/opt/ros/jazzy/opt/gz_transport_vendor/lib:/opt/ros/jazzy/opt/gz_rendering_vendor/lib:/opt/ros/jazzy/opt/gz_plugin_vendor/lib:/opt/ros/jazzy/opt/gz_fuel_tools_vendor/lib:/opt/ros/jazzy/opt/gz_msgs_vendor/lib:/opt/ros/jazzy/opt/gz_common_vendor/lib:/opt/ros/jazzy/opt/gz_math_vendor/lib:/opt/ros/jazzy/opt/gz_utils_vendor/lib:/opt/ros/jazzy/opt/gz_tools_vendor/lib:/opt/ros/jazzy/opt/gz_ogre_next_vendor/lib:/opt/ros/jazzy/opt/gz_dartsim_vendor/lib:/opt/ros/jazzy/opt/gz_cmake_vendor/lib:/opt/ros/jazzy/lib /usr/bin/cmake --build /home/berenic/Documents/LPRS2_2026/Robo_Hand_RS485/ROS2/robo_hand_ws/build/xarm_api -- -j12 -l12
[2.387s] DEBUG:colcon.colcon_core.event_handler.log_command:Invoked command in '/home/berenic/Documents/LPRS2_2026/Robo_Hand_RS485/ROS2/robo_hand_ws/build/xarm_api' returned '0': CMAKE_PREFIX_PATH=/home/berenic/Documents/LPRS2_2026/Robo_Hand_RS485/ROS2/robo_hand_ws/install/xarm_sdk:/home/berenic/Documents/LPRS2_2026/Robo_Hand_RS485/ROS2/robo_hand_ws/install/xarm_msgs:/home/berenic/Documents/LPRS2_2026/Robo_Hand_RS485/ROS2/robo_hand_ws/install/xarm_description:/home/berenic/Documents/LPRS2_2026/Robo_Hand_RS485/ROS2/robo_hand_ws/install/glue_events_routines:/home/berenic/Documents/LPRS2_2026/Robo_Hand_RS485/ROS2/robo_hand_ws/install/xarm_planner:/home/berenic/Documents/LPRS2_2026/Robo_Hand_RS485/ROS2/robo_hand_ws/install/xarm_moveit_servo:/home/berenic/Documents/LPRS2_2026/Robo_Hand_RS485/ROS2/robo_hand_ws/install/xarm_moveit_config:/home/berenic/Documents/LPRS2_2026/Robo_Hand_RS485/ROS2/robo_hand_ws/install/xarm_gazebo:/home/berenic/Documents/LPRS2_2026/Robo_Hand_RS485/ROS2/robo_hand_ws/install/xarm_controller:/home/berenic/Documents/LPRS2_2026/Robo_Hand_RS485/ROS2/robo_hand_ws/install/xarm_api:/home/berenic/Documents/LPRS2_2026/Robo_Hand_RS485/ROS2/robo_hand_ws/install/mbot_demo:/home/berenic/Documents/LPRS2_2026/Robo_Hand_RS485/ROS2/robo_hand_ws/install/realsense_gazebo_plugin:/opt/ros/jazzy/opt/gz_sim_vendor:/opt/ros/jazzy/opt/gz_sensors_vendor:/opt/ros/jazzy/opt/gz_physics_vendor:/opt/ros/jazzy/opt/sdformat_vendor:/opt/ros/jazzy/opt/gz_gui_vendor:/opt/ros/jazzy/opt/gz_transport_vendor:/opt/ros/jazzy/opt/gz_rendering_vendor:/opt/ros/jazzy/opt/gz_plugin_vendor:/opt/ros/jazzy/opt/gz_fuel_tools_vendor:/opt/ros/jazzy/opt/gz_msgs_vendor:/opt/ros/jazzy/opt/gz_common_vendor:/opt/ros/jazzy/opt/gz_math_vendor:/opt/ros/jazzy/opt/gz_utils_vendor:/opt/ros/jazzy/opt/gz_tools_vendor:/opt/ros/jazzy/opt/gz_ogre_next_vendor:/opt/ros/jazzy/opt/gz_dartsim_vendor:/opt/ros/jazzy/opt/gz_cmake_vendor:/home/berenic/Documents/LPRS2_2026/Robo_Hand_RS485/ROS2/robo_hand_ws/install/uf_ros_lib:/opt/ros/jazzy DEBUGINFOD_URLS=https://debuginfod.ubuntu.com LD_LIBRARY_PATH=/home/berenic/Documents/LPRS2_2026/Robo_Hand_RS485/ROS2/robo_hand_ws/install/xarm_sdk/lib:/home/berenic/Documents/LPRS2_2026/Robo_Hand_RS485/ROS2/robo_hand_ws/install/xarm_msgs/lib:/home/berenic/Documents/LPRS2_2026/Robo_Hand_RS485/ROS2/robo_hand_ws/install/xarm_planner/lib:/home/berenic/Documents/LPRS2_2026/Robo_Hand_RS485/ROS2/robo_hand_ws/install/xarm_moveit_servo/lib:/home/berenic/Documents/LPRS2_2026/Robo_Hand_RS485/ROS2/robo_hand_ws/install/xarm_gazebo/lib:/home/berenic/Documents/LPRS2_2026/Robo_Hand_RS485/ROS2/robo_hand_ws/install/xarm_controller/lib:/home/berenic/Documents/LPRS2_2026/Robo_Hand_RS485/ROS2/robo_hand_ws/install/xarm_api/lib:/home/berenic/Documents/LPRS2_2026/Robo_Hand_RS485/ROS2/robo_hand_ws/install/realsense_gazebo_plugin/lib:/opt/ros/jazzy/opt/gz_sim_vendor/lib:/opt/ros/jazzy/opt/gz_sensors_vendor/lib:/opt/ros/jazzy/opt/gz_physics_vendor/lib:/opt/ros/jazzy/opt/sdformat_vendor/lib:/opt/ros/jazzy/opt/rviz_ogre_vendor/lib:/opt/ros/jazzy/lib/x86_64-linux-gnu:/opt/ros/jazzy/opt/gz_gui_vendor/lib:/opt/ros/jazzy/opt/gz_transport_vendor/lib:/opt/ros/jazzy/opt/gz_rendering_vendor/lib:/opt/ros/jazzy/opt/gz_plugin_vendor/lib:/opt/ros/jazzy/opt/gz_fuel_tools_vendor/lib:/opt/ros/jazzy/opt/gz_msgs_vendor/lib:/opt/ros/jazzy/opt/gz_common_vendor/lib:/opt/ros/jazzy/opt/gz_math_vendor/lib:/opt/ros/jazzy/opt/gz_utils_vendor/lib:/opt/ros/jazzy/opt/gz_tools_vendor/lib:/opt/ros/jazzy/opt/gz_ogre_next_vendor/lib:/opt/ros/jazzy/opt/gz_dartsim_vendor/lib:/opt/ros/jazzy/opt/gz_cmake_vendor/lib:/opt/ros/jazzy/lib /usr/bin/cmake --build /home/berenic/Documents/LPRS2_2026/Robo_Hand_RS485/ROS2/robo_hand_ws/build/xarm_api -- -j12 -l12
[2.390s] DEBUG:colcon.colcon_core.event_handler.log_command:Invoking command in '/home/berenic/Documents/LPRS2_2026/Robo_Hand_RS485/ROS2/robo_hand_ws/build/xarm_api': CMAKE_PREFIX_PATH=/home/berenic/Documents/LPRS2_2026/Robo_Hand_RS485/ROS2/robo_hand_ws/install/xarm_sdk:/home/berenic/Documents/LPRS2_2026/Robo_Hand_RS485/ROS2/robo_hand_ws/install/xarm_msgs:/home/berenic/Documents/LPRS2_2026/Robo_Hand_RS485/ROS2/robo_hand_ws/install/xarm_description:/home/berenic/Documents/LPRS2_2026/Robo_Hand_RS485/ROS2/robo_hand_ws/install/glue_events_routines:/home/berenic/Documents/LPRS2_2026/Robo_Hand_RS485/ROS2/robo_hand_ws/install/xarm_planner:/home/berenic/Documents/LPRS2_2026/Robo_Hand_RS485/ROS2/robo_hand_ws/install/xarm_moveit_servo:/home/berenic/Documents/LPRS2_2026/Robo_Hand_RS485/ROS2/robo_hand_ws/install/xarm_moveit_config:/home/berenic/Documents/LPRS2_2026/Robo_Hand_RS485/ROS2/robo_hand_ws/install/xarm_gazebo:/home/berenic/Documents/LPRS2_2026/Robo_Hand_RS485/ROS2/robo_hand_ws/install/xarm_controller:/home/berenic/Documents/LPRS2_2026/Robo_Hand_RS485/ROS2/robo_hand_ws/install/xarm_api:/home/berenic/Documents/LPRS2_2026/Robo_Hand_RS485/ROS2/robo_hand_ws/install/mbot_demo:/home/berenic/Documents/LPRS2_2026/Robo_Hand_RS485/ROS2/robo_hand_ws/install/realsense_gazebo_plugin:/opt/ros/jazzy/opt/gz_sim_vendor:/opt/ros/jazzy/opt/gz_sensors_vendor:/opt/ros/jazzy/opt/gz_physics_vendor:/opt/ros/jazzy/opt/sdformat_vendor:/opt/ros/jazzy/opt/gz_gui_vendor:/opt/ros/jazzy/opt/gz_transport_vendor:/opt/ros/jazzy/opt/gz_rendering_vendor:/opt/ros/jazzy/opt/gz_plugin_vendor:/opt/ros/jazzy/opt/gz_fuel_tools_vendor:/opt/ros/jazzy/opt/gz_msgs_vendor:/opt/ros/jazzy/opt/gz_common_vendor:/opt/ros/jazzy/opt/gz_math_vendor:/opt/ros/jazzy/opt/gz_utils_vendor:/opt/ros/jazzy/opt/gz_tools_vendor:/opt/ros/jazzy/opt/gz_ogre_next_vendor:/opt/ros/jazzy/opt/gz_dartsim_vendor:/opt/ros/jazzy/opt/gz_cmake_vendor:/home/berenic/Documents/LPRS2_2026/Robo_Hand_RS485/ROS2/robo_hand_ws/install/uf_ros_lib:/opt/ros/jazzy DEBUGINFOD_URLS=https://debuginfod.ubuntu.com LD_LIBRARY_PATH=/home/berenic/Documents/LPRS2_2026/Robo_Hand_RS485/ROS2/robo_hand_ws/install/xarm_sdk/lib:/home/berenic/Documents/LPRS2_2026/Robo_Hand_RS485/ROS2/robo_hand_ws/install/xarm_msgs/lib:/home/berenic/Documents/LPRS2_2026/Robo_Hand_RS485/ROS2/robo_hand_ws/install/xarm_planner/lib:/home/berenic/Documents/LPRS2_2026/Robo_Hand_RS485/ROS2/robo_hand_ws/install/xarm_moveit_servo/lib:/home/berenic/Documents/LPRS2_2026/Robo_Hand_RS485/ROS2/robo_hand_ws/install/xarm_gazebo/lib:/home/berenic/Documents/LPRS2_2026/Robo_Hand_RS485/ROS2/robo_hand_ws/install/xarm_controller/lib:/home/berenic/Documents/LPRS2_2026/Robo_Hand_RS485/ROS2/robo_hand_ws/install/xarm_api/lib:/home/berenic/Documents/LPRS2_2026/Robo_Hand_RS485/ROS2/robo_hand_ws/install/realsense_gazebo_plugin/lib:/opt/ros/jazzy/opt/gz_sim_vendor/lib:/opt/ros/jazzy/opt/gz_sensors_vendor/lib:/opt/ros/jazzy/opt/gz_physics_vendor/lib:/opt/ros/jazzy/opt/sdformat_vendor/lib:/opt/ros/jazzy/opt/rviz_ogre_vendor/lib:/opt/ros/jazzy/lib/x86_64-linux-gnu:/opt/ros/jazzy/opt/gz_gui_vendor/lib:/opt/ros/jazzy/opt/gz_transport_vendor/lib:/opt/ros/jazzy/opt/gz_rendering_vendor/lib:/opt/ros/jazzy/opt/gz_plugin_vendor/lib:/opt/ros/jazzy/opt/gz_fuel_tools_vendor/lib:/opt/ros/jazzy/opt/gz_msgs_vendor/lib:/opt/ros/jazzy/opt/gz_common_vendor/lib:/opt/ros/jazzy/opt/gz_math_vendor/lib:/opt/ros/jazzy/opt/gz_utils_vendor/lib:/opt/ros/jazzy/opt/gz_tools_vendor/lib:/opt/ros/jazzy/opt/gz_ogre_next_vendor/lib:/opt/ros/jazzy/opt/gz_dartsim_vendor/lib:/opt/ros/jazzy/opt/gz_cmake_vendor/lib:/opt/ros/jazzy/lib /usr/bin/cmake --install /home/berenic/Documents/LPRS2_2026/Robo_Hand_RS485/ROS2/robo_hand_ws/build/xarm_api
[2.392s] DEBUG:colcon.colcon_core.event_handler.log_command:Invoking command in '/home/berenic/Documents/LPRS2_2026/Robo_Hand_RS485/ROS2/robo_hand_ws/build/uf_ros_lib': DEBUGINFOD_URLS=https://debuginfod.ubuntu.com PYTHONPATH=/home/berenic/Documents/LPRS2_2026/Robo_Hand_RS485/ROS2/robo_hand_ws/build/uf_ros_lib/prefix_override:/usr/lib/python3/dist-packages/colcon_core/task/python/colcon_distutils_commands:/home/berenic/Documents/LPRS2_2026/Robo_Hand_RS485/ROS2/robo_hand_ws/install/uf_ros_lib/lib/python3.12/site-packages:${PYTHONPATH} /usr/bin/python3 -W ignore:setup.py install is deprecated -W ignore:easy_install command is deprecated setup.py develop --editable --build-directory /home/berenic/Documents/LPRS2_2026/Robo_Hand_RS485/ROS2/robo_hand_ws/build/uf_ros_lib/build --no-deps symlink_data
[2.445s] Level 1:colcon.colcon_core.environment:create_environment_scripts_only(xarm_api)
[2.446s] Level 1:colcon.colcon_core.environment:checking '/home/berenic/Documents/LPRS2_2026/Robo_Hand_RS485/ROS2/robo_hand_ws/install/xarm_api' for CMake module files
[2.447s] DEBUG:colcon.colcon_core.event_handler.log_command:Invoked command in '/home/berenic/Documents/LPRS2_2026/Robo_Hand_RS485/ROS2/robo_hand_ws/build/xarm_api' returned '0': CMAKE_PREFIX_PATH=/home/berenic/Documents/LPRS2_2026/Robo_Hand_RS485/ROS2/robo_hand_ws/install/xarm_sdk:/home/berenic/Documents/LPRS2_2026/Robo_Hand_RS485/ROS2/robo_hand_ws/install/xarm_msgs:/home/berenic/Documents/LPRS2_2026/Robo_Hand_RS485/ROS2/robo_hand_ws/install/xarm_description:/home/berenic/Documents/LPRS2_2026/Robo_Hand_RS485/ROS2/robo_hand_ws/install/glue_events_routines:/home/berenic/Documents/LPRS2_2026/Robo_Hand_RS485/ROS2/robo_hand_ws/install/xarm_planner:/home/berenic/Documents/LPRS2_2026/Robo_Hand_RS485/ROS2/robo_hand_ws/install/xarm_moveit_servo:/home/berenic/Documents/LPRS2_2026/Robo_Hand_RS485/ROS2/robo_hand_ws/install/xarm_moveit_config:/home/berenic/Documents/LPRS2_2026/Robo_Hand_RS485/ROS2/robo_hand_ws/install/xarm_gazebo:/home/berenic/Documents/LPRS2_2026/Robo_Hand_RS485/ROS2/robo_hand_ws/install/xarm_controller:/home/berenic/Documents/LPRS2_2026/Robo_Hand_RS485/ROS2/robo_hand_ws/install/xarm_api:/home/berenic/Documents/LPRS2_2026/Robo_Hand_RS485/ROS2/robo_hand_ws/install/mbot_demo:/home/berenic/Documents/LPRS2_2026/Robo_Hand_RS485/ROS2/robo_hand_ws/install/realsense_gazebo_plugin:/opt/ros/jazzy/opt/gz_sim_vendor:/opt/ros/jazzy/opt/gz_sensors_vendor:/opt/ros/jazzy/opt/gz_physics_vendor:/opt/ros/jazzy/opt/sdformat_vendor:/opt/ros/jazzy/opt/gz_gui_vendor:/opt/ros/jazzy/opt/gz_transport_vendor:/opt/ros/jazzy/opt/gz_rendering_vendor:/opt/ros/jazzy/opt/gz_plugin_vendor:/opt/ros/jazzy/opt/gz_fuel_tools_vendor:/opt/ros/jazzy/opt/gz_msgs_vendor:/opt/ros/jazzy/opt/gz_common_vendor:/opt/ros/jazzy/opt/gz_math_vendor:/opt/ros/jazzy/opt/gz_utils_vendor:/opt/ros/jazzy/opt/gz_tools_vendor:/opt/ros/jazzy/opt/gz_ogre_next_vendor:/opt/ros/jazzy/opt/gz_dartsim_vendor:/opt/ros/jazzy/opt/gz_cmake_vendor:/home/berenic/Documents/LPRS2_2026/Robo_Hand_RS485/ROS2/robo_hand_ws/install/uf_ros_lib:/opt/ros/jazzy DEBUGINFOD_URLS=https://debuginfod.ubuntu.com LD_LIBRARY_PATH=/home/berenic/Documents/LPRS2_2026/Robo_Hand_RS485/ROS2/robo_hand_ws/install/xarm_sdk/lib:/home/berenic/Documents/LPRS2_2026/Robo_Hand_RS485/ROS2/robo_hand_ws/install/xarm_msgs/lib:/home/berenic/Documents/LPRS2_2026/Robo_Hand_RS485/ROS2/robo_hand_ws/install/xarm_planner/lib:/home/berenic/Documents/LPRS2_2026/Robo_Hand_RS485/ROS2/robo_hand_ws/install/xarm_moveit_servo/lib:/home/berenic/Documents/LPRS2_2026/Robo_Hand_RS485/ROS2/robo_hand_ws/install/xarm_gazebo/lib:/home/berenic/Documents/LPRS2_2026/Robo_Hand_RS485/ROS2/robo_hand_ws/install/xarm_controller/lib:/home/berenic/Documents/LPRS2_2026/Robo_Hand_RS485/ROS2/robo_hand_ws/install/xarm_api/lib:/home/berenic/Documents/LPRS2_2026/Robo_Hand_RS485/ROS2/robo_hand_ws/install/realsense_gazebo_plugin/lib:/opt/ros/jazzy/opt/gz_sim_vendor/lib:/opt/ros/jazzy/opt/gz_sensors_vendor/lib:/opt/ros/jazzy/opt/gz_physics_vendor/lib:/opt/ros/jazzy/opt/sdformat_vendor/lib:/opt/ros/jazzy/opt/rviz_ogre_vendor/lib:/opt/ros/jazzy/lib/x86_64-linux-gnu:/opt/ros/jazzy/opt/gz_gui_vendor/lib:/opt/ros/jazzy/opt/gz_transport_vendor/lib:/opt/ros/jazzy/opt/gz_rendering_vendor/lib:/opt/ros/jazzy/opt/gz_plugin_vendor/lib:/opt/ros/jazzy/opt/gz_fuel_tools_vendor/lib:/opt/ros/jazzy/opt/gz_msgs_vendor/lib:/opt/ros/jazzy/opt/gz_common_vendor/lib:/opt/ros/jazzy/opt/gz_math_vendor/lib:/opt/ros/jazzy/opt/gz_utils_vendor/lib:/opt/ros/jazzy/opt/gz_tools_vendor/lib:/opt/ros/jazzy/opt/gz_ogre_next_vendor/lib:/opt/ros/jazzy/opt/gz_dartsim_vendor/lib:/opt/ros/jazzy/opt/gz_cmake_vendor/lib:/opt/ros/jazzy/lib /usr/bin/cmake --install /home/berenic/Documents/LPRS2_2026/Robo_Hand_RS485/ROS2/robo_hand_ws/build/xarm_api
[2.448s] Level 1:colcon.colcon_core.environment:checking '/home/berenic/Documents/LPRS2_2026/Robo_Hand_RS485/ROS2/robo_hand_ws/install/xarm_api' for CMake config files
[2.448s] Level 1:colcon.colcon_core.shell:create_environment_hook('xarm_api', 'cmake_prefix_path')
[2.449s] INFO:colcon.colcon_core.shell:Creating environment hook '/home/berenic/Documents/LPRS2_2026/Robo_Hand_RS485/ROS2/robo_hand_ws/install/xarm_api/share/xarm_api/hook/cmake_prefix_path.ps1'
[2.449s] INFO:colcon.colcon_core.shell:Creating environment descriptor '/home/berenic/Documents/LPRS2_2026/Robo_Hand_RS485/ROS2/robo_hand_ws/install/xarm_api/share/xarm_api/hook/cmake_prefix_path.dsv'
[2.450s] INFO:colcon.colcon_core.shell:Creating environment hook '/home/berenic/Documents/LPRS2_2026/Robo_Hand_RS485/ROS2/robo_hand_ws/install/xarm_api/share/xarm_api/hook/cmake_prefix_path.sh'
[2.451s] Level 1:colcon.colcon_core.environment:checking '/home/berenic/Documents/LPRS2_2026/Robo_Hand_RS485/ROS2/robo_hand_ws/install/xarm_api/lib'
[2.451s] Level 1:colcon.colcon_core.shell:create_environment_hook('xarm_api', 'ld_library_path_lib')
[2.452s] INFO:colcon.colcon_core.shell:Creating environment hook '/home/berenic/Documents/LPRS2_2026/Robo_Hand_RS485/ROS2/robo_hand_ws/install/xarm_api/share/xarm_api/hook/ld_library_path_lib.ps1'
[2.452s] INFO:colcon.colcon_core.shell:Creating environment descriptor '/home/berenic/Documents/LPRS2_2026/Robo_Hand_RS485/ROS2/robo_hand_ws/install/xarm_api/share/xarm_api/hook/ld_library_path_lib.dsv'
[2.453s] INFO:colcon.colcon_core.shell:Creating environment hook '/home/berenic/Documents/LPRS2_2026/Robo_Hand_RS485/ROS2/robo_hand_ws/install/xarm_api/share/xarm_api/hook/ld_library_path_lib.sh'
[2.453s] Level 1:colcon.colcon_core.environment:checking '/home/berenic/Documents/LPRS2_2026/Robo_Hand_RS485/ROS2/robo_hand_ws/install/xarm_api/bin'
[2.454s] Level 1:colcon.colcon_core.environment:checking '/home/berenic/Documents/LPRS2_2026/Robo_Hand_RS485/ROS2/robo_hand_ws/install/xarm_api/lib/pkgconfig/xarm_api.pc'
[2.454s] Level 1:colcon.colcon_core.environment:checking '/home/berenic/Documents/LPRS2_2026/Robo_Hand_RS485/ROS2/robo_hand_ws/install/xarm_api/lib/python3.12/site-packages'
[2.455s] Level 1:colcon.colcon_core.environment:checking '/home/berenic/Documents/LPRS2_2026/Robo_Hand_RS485/ROS2/robo_hand_ws/install/xarm_api/bin'
[2.455s] INFO:colcon.colcon_core.shell:Creating package script '/home/berenic/Documents/LPRS2_2026/Robo_Hand_RS485/ROS2/robo_hand_ws/install/xarm_api/share/xarm_api/package.ps1'
[2.456s] INFO:colcon.colcon_core.shell:Creating package descriptor '/home/berenic/Documents/LPRS2_2026/Robo_Hand_RS485/ROS2/robo_hand_ws/install/xarm_api/share/xarm_api/package.dsv'
[2.457s] INFO:colcon.colcon_core.shell:Creating package script '/home/berenic/Documents/LPRS2_2026/Robo_Hand_RS485/ROS2/robo_hand_ws/install/xarm_api/share/xarm_api/package.sh'
[2.458s] INFO:colcon.colcon_core.shell:Creating package script '/home/berenic/Documents/LPRS2_2026/Robo_Hand_RS485/ROS2/robo_hand_ws/install/xarm_api/share/xarm_api/package.bash'
[2.458s] INFO:colcon.colcon_core.shell:Creating package script '/home/berenic/Documents/LPRS2_2026/Robo_Hand_RS485/ROS2/robo_hand_ws/install/xarm_api/share/xarm_api/package.zsh'
[2.459s] Level 1:colcon.colcon_core.environment:create_file_with_runtime_dependencies(/home/berenic/Documents/LPRS2_2026/Robo_Hand_RS485/ROS2/robo_hand_ws/install/xarm_api/share/colcon-core/packages/xarm_api)
[2.460s] Level 1:colcon.colcon_core.environment:create_environment_scripts_only(xarm_api)
[2.460s] Level 1:colcon.colcon_core.environment:checking '/home/berenic/Documents/LPRS2_2026/Robo_Hand_RS485/ROS2/robo_hand_ws/install/xarm_api' for CMake module files
[2.462s] Level 1:colcon.colcon_core.environment:checking '/home/berenic/Documents/LPRS2_2026/Robo_Hand_RS485/ROS2/robo_hand_ws/install/xarm_api' for CMake config files
[2.463s] Level 1:colcon.colcon_core.shell:create_environment_hook('xarm_api', 'cmake_prefix_path')
[2.463s] INFO:colcon.colcon_core.shell:Creating environment hook '/home/berenic/Documents/LPRS2_2026/Robo_Hand_RS485/ROS2/robo_hand_ws/install/xarm_api/share/xarm_api/hook/cmake_prefix_path.ps1'
[2.464s] INFO:colcon.colcon_core.shell:Creating environment descriptor '/home/berenic/Documents/LPRS2_2026/Robo_Hand_RS485/ROS2/robo_hand_ws/install/xarm_api/share/xarm_api/hook/cmake_prefix_path.dsv'
[2.465s] INFO:colcon.colcon_core.shell:Creating environment hook '/home/berenic/Documents/LPRS2_2026/Robo_Hand_RS485/ROS2/robo_hand_ws/install/xarm_api/share/xarm_api/hook/cmake_prefix_path.sh'
[2.466s] Level 1:colcon.colcon_core.environment:checking '/home/berenic/Documents/LPRS2_2026/Robo_Hand_RS485/ROS2/robo_hand_ws/install/xarm_api/lib'
[2.466s] Level 1:colcon.colcon_core.shell:create_environment_hook('xarm_api', 'ld_library_path_lib')
[2.466s] INFO:colcon.colcon_core.shell:Creating environment hook '/home/berenic/Documents/LPRS2_2026/Robo_Hand_RS485/ROS2/robo_hand_ws/install/xarm_api/share/xarm_api/hook/ld_library_path_lib.ps1'
[2.467s] INFO:colcon.colcon_core.shell:Creating environment descriptor '/home/berenic/Documents/LPRS2_2026/Robo_Hand_RS485/ROS2/robo_hand_ws/install/xarm_api/share/xarm_api/hook/ld_library_path_lib.dsv'
[2.467s] INFO:colcon.colcon_core.shell:Creating environment hook '/home/berenic/Documents/LPRS2_2026/Robo_Hand_RS485/ROS2/robo_hand_ws/install/xarm_api/share/xarm_api/hook/ld_library_path_lib.sh'
[2.468s] Level 1:colcon.colcon_core.environment:checking '/home/berenic/Documents/LPRS2_2026/Robo_Hand_RS485/ROS2/robo_hand_ws/install/xarm_api/bin'
[2.468s] Level 1:colcon.colcon_core.environment:checking '/home/berenic/Documents/LPRS2_2026/Robo_Hand_RS485/ROS2/robo_hand_ws/install/xarm_api/lib/pkgconfig/xarm_api.pc'
[2.469s] Level 1:colcon.colcon_core.environment:checking '/home/berenic/Documents/LPRS2_2026/Robo_Hand_RS485/ROS2/robo_hand_ws/install/xarm_api/lib/python3.12/site-packages'
[2.469s] Level 1:colcon.colcon_core.environment:checking '/home/berenic/Documents/LPRS2_2026/Robo_Hand_RS485/ROS2/robo_hand_ws/install/xarm_api/bin'
[2.470s] INFO:colcon.colcon_core.shell:Creating package script '/home/berenic/Documents/LPRS2_2026/Robo_Hand_RS485/ROS2/robo_hand_ws/install/xarm_api/share/xarm_api/package.ps1'
[2.471s] INFO:colcon.colcon_core.shell:Creating package descriptor '/home/berenic/Documents/LPRS2_2026/Robo_Hand_RS485/ROS2/robo_hand_ws/install/xarm_api/share/xarm_api/package.dsv'
[2.471s] INFO:colcon.colcon_core.shell:Creating package script '/home/berenic/Documents/LPRS2_2026/Robo_Hand_RS485/ROS2/robo_hand_ws/install/xarm_api/share/xarm_api/package.sh'
[2.472s] INFO:colcon.colcon_core.shell:Creating package script '/home/berenic/Documents/LPRS2_2026/Robo_Hand_RS485/ROS2/robo_hand_ws/install/xarm_api/share/xarm_api/package.bash'
[2.473s] INFO:colcon.colcon_core.shell:Creating package script '/home/berenic/Documents/LPRS2_2026/Robo_Hand_RS485/ROS2/robo_hand_ws/install/xarm_api/share/xarm_api/package.zsh'
[2.474s] Level 1:colcon.colcon_core.environment:create_file_with_runtime_dependencies(/home/berenic/Documents/LPRS2_2026/Robo_Hand_RS485/ROS2/robo_hand_ws/install/xarm_api/share/colcon-core/packages/xarm_api)
[2.475s] INFO:colcon.colcon_ros.task.ament_cmake.build:Building ROS package in '/home/berenic/Documents/LPRS2_2026/Robo_Hand_RS485/ROS2/robo_hand_ws/src/xarm_ros2/xarm_controller' with build type 'ament_cmake'
[2.475s] INFO:colcon.colcon_cmake.task.cmake.build:Building CMake package in '/home/berenic/Documents/LPRS2_2026/Robo_Hand_RS485/ROS2/robo_hand_ws/src/xarm_ros2/xarm_controller'
[2.475s] INFO:colcon.colcon_core.shell:Skip shell extension 'powershell' for command environment: Not usable outside of PowerShell
[2.475s] DEBUG:colcon.colcon_core.shell:Skip shell extension 'dsv' for command environment
[2.510s] DEBUG:colcon.colcon_core.event_handler.log_command:Invoking command in '/home/berenic/Documents/LPRS2_2026/Robo_Hand_RS485/ROS2/robo_hand_ws/build/xarm_controller': CMAKE_PREFIX_PATH=/home/berenic/Documents/LPRS2_2026/Robo_Hand_RS485/ROS2/robo_hand_ws/install/xarm_api:/home/berenic/Documents/LPRS2_2026/Robo_Hand_RS485/ROS2/robo_hand_ws/install/xarm_sdk:/home/berenic/Documents/LPRS2_2026/Robo_Hand_RS485/ROS2/robo_hand_ws/install/xarm_msgs:/home/berenic/Documents/LPRS2_2026/Robo_Hand_RS485/ROS2/robo_hand_ws/install/xarm_description:/home/berenic/Documents/LPRS2_2026/Robo_Hand_RS485/ROS2/robo_hand_ws/install/glue_events_routines:/home/berenic/Documents/LPRS2_2026/Robo_Hand_RS485/ROS2/robo_hand_ws/install/xarm_planner:/home/berenic/Documents/LPRS2_2026/Robo_Hand_RS485/ROS2/robo_hand_ws/install/xarm_moveit_servo:/home/berenic/Documents/LPRS2_2026/Robo_Hand_RS485/ROS2/robo_hand_ws/install/xarm_moveit_config:/home/berenic/Documents/LPRS2_2026/Robo_Hand_RS485/ROS2/robo_hand_ws/install/xarm_gazebo:/home/berenic/Documents/LPRS2_2026/Robo_Hand_RS485/ROS2/robo_hand_ws/install/xarm_controller:/home/berenic/Documents/LPRS2_2026/Robo_Hand_RS485/ROS2/robo_hand_ws/install/mbot_demo:/home/berenic/Documents/LPRS2_2026/Robo_Hand_RS485/ROS2/robo_hand_ws/install/realsense_gazebo_plugin:/opt/ros/jazzy/opt/gz_sim_vendor:/opt/ros/jazzy/opt/gz_sensors_vendor:/opt/ros/jazzy/opt/gz_physics_vendor:/opt/ros/jazzy/opt/sdformat_vendor:/opt/ros/jazzy/opt/gz_gui_vendor:/opt/ros/jazzy/opt/gz_transport_vendor:/opt/ros/jazzy/opt/gz_rendering_vendor:/opt/ros/jazzy/opt/gz_plugin_vendor:/opt/ros/jazzy/opt/gz_fuel_tools_vendor:/opt/ros/jazzy/opt/gz_msgs_vendor:/opt/ros/jazzy/opt/gz_common_vendor:/opt/ros/jazzy/opt/gz_math_vendor:/opt/ros/jazzy/opt/gz_utils_vendor:/opt/ros/jazzy/opt/gz_tools_vendor:/opt/ros/jazzy/opt/gz_ogre_next_vendor:/opt/ros/jazzy/opt/gz_dartsim_vendor:/opt/ros/jazzy/opt/gz_cmake_vendor:/home/berenic/Documents/LPRS2_2026/Robo_Hand_RS485/ROS2/robo_hand_ws/install/uf_ros_lib:/opt/ros/jazzy DEBUGINFOD_URLS=https://debuginfod.ubuntu.com LD_LIBRARY_PATH=/home/berenic/Documents/LPRS2_2026/Robo_Hand_RS485/ROS2/robo_hand_ws/install/xarm_api/lib:/home/berenic/Documents/LPRS2_2026/Robo_Hand_RS485/ROS2/robo_hand_ws/install/xarm_sdk/lib:/home/berenic/Documents/LPRS2_2026/Robo_Hand_RS485/ROS2/robo_hand_ws/install/xarm_msgs/lib:/home/berenic/Documents/LPRS2_2026/Robo_Hand_RS485/ROS2/robo_hand_ws/install/xarm_planner/lib:/home/berenic/Documents/LPRS2_2026/Robo_Hand_RS485/ROS2/robo_hand_ws/install/xarm_moveit_servo/lib:/home/berenic/Documents/LPRS2_2026/Robo_Hand_RS485/ROS2/robo_hand_ws/install/xarm_gazebo/lib:/home/berenic/Documents/LPRS2_2026/Robo_Hand_RS485/ROS2/robo_hand_ws/install/xarm_controller/lib:/home/berenic/Documents/LPRS2_2026/Robo_Hand_RS485/ROS2/robo_hand_ws/install/realsense_gazebo_plugin/lib:/opt/ros/jazzy/opt/gz_sim_vendor/lib:/opt/ros/jazzy/opt/gz_sensors_vendor/lib:/opt/ros/jazzy/opt/gz_physics_vendor/lib:/opt/ros/jazzy/opt/sdformat_vendor/lib:/opt/ros/jazzy/opt/rviz_ogre_vendor/lib:/opt/ros/jazzy/lib/x86_64-linux-gnu:/opt/ros/jazzy/opt/gz_gui_vendor/lib:/opt/ros/jazzy/opt/gz_transport_vendor/lib:/opt/ros/jazzy/opt/gz_rendering_vendor/lib:/opt/ros/jazzy/opt/gz_plugin_vendor/lib:/opt/ros/jazzy/opt/gz_fuel_tools_vendor/lib:/opt/ros/jazzy/opt/gz_msgs_vendor/lib:/opt/ros/jazzy/opt/gz_common_vendor/lib:/opt/ros/jazzy/opt/gz_math_vendor/lib:/opt/ros/jazzy/opt/gz_utils_vendor/lib:/opt/ros/jazzy/opt/gz_tools_vendor/lib:/opt/ros/jazzy/opt/gz_ogre_next_vendor/lib:/opt/ros/jazzy/opt/gz_dartsim_vendor/lib:/opt/ros/jazzy/opt/gz_cmake_vendor/lib:/opt/ros/jazzy/lib /usr/bin/cmake --build /home/berenic/Documents/LPRS2_2026/Robo_Hand_RS485/ROS2/robo_hand_ws/build/xarm_controller -- -j12 -l12
[2.694s] DEBUG:colcon.colcon_core.event_handler.log_command:Invoked command in '/home/berenic/Documents/LPRS2_2026/Robo_Hand_RS485/ROS2/robo_hand_ws/build/xarm_controller' returned '0': CMAKE_PREFIX_PATH=/home/berenic/Documents/LPRS2_2026/Robo_Hand_RS485/ROS2/robo_hand_ws/install/xarm_api:/home/berenic/Documents/LPRS2_2026/Robo_Hand_RS485/ROS2/robo_hand_ws/install/xarm_sdk:/home/berenic/Documents/LPRS2_2026/Robo_Hand_RS485/ROS2/robo_hand_ws/install/xarm_msgs:/home/berenic/Documents/LPRS2_2026/Robo_Hand_RS485/ROS2/robo_hand_ws/install/xarm_description:/home/berenic/Documents/LPRS2_2026/Robo_Hand_RS485/ROS2/robo_hand_ws/install/glue_events_routines:/home/berenic/Documents/LPRS2_2026/Robo_Hand_RS485/ROS2/robo_hand_ws/install/xarm_planner:/home/berenic/Documents/LPRS2_2026/Robo_Hand_RS485/ROS2/robo_hand_ws/install/xarm_moveit_servo:/home/berenic/Documents/LPRS2_2026/Robo_Hand_RS485/ROS2/robo_hand_ws/install/xarm_moveit_config:/home/berenic/Documents/LPRS2_2026/Robo_Hand_RS485/ROS2/robo_hand_ws/install/xarm_gazebo:/home/berenic/Documents/LPRS2_2026/Robo_Hand_RS485/ROS2/robo_hand_ws/install/xarm_controller:/home/berenic/Documents/LPRS2_2026/Robo_Hand_RS485/ROS2/robo_hand_ws/install/mbot_demo:/home/berenic/Documents/LPRS2_2026/Robo_Hand_RS485/ROS2/robo_hand_ws/install/realsense_gazebo_plugin:/opt/ros/jazzy/opt/gz_sim_vendor:/opt/ros/jazzy/opt/gz_sensors_vendor:/opt/ros/jazzy/opt/gz_physics_vendor:/opt/ros/jazzy/opt/sdformat_vendor:/opt/ros/jazzy/opt/gz_gui_vendor:/opt/ros/jazzy/opt/gz_transport_vendor:/opt/ros/jazzy/opt/gz_rendering_vendor:/opt/ros/jazzy/opt/gz_plugin_vendor:/opt/ros/jazzy/opt/gz_fuel_tools_vendor:/opt/ros/jazzy/opt/gz_msgs_vendor:/opt/ros/jazzy/opt/gz_common_vendor:/opt/ros/jazzy/opt/gz_math_vendor:/opt/ros/jazzy/opt/gz_utils_vendor:/opt/ros/jazzy/opt/gz_tools_vendor:/opt/ros/jazzy/opt/gz_ogre_next_vendor:/opt/ros/jazzy/opt/gz_dartsim_vendor:/opt/ros/jazzy/opt/gz_cmake_vendor:/home/berenic/Documents/LPRS2_2026/Robo_Hand_RS485/ROS2/robo_hand_ws/install/uf_ros_lib:/opt/ros/jazzy DEBUGINFOD_URLS=https://debuginfod.ubuntu.com LD_LIBRARY_PATH=/home/berenic/Documents/LPRS2_2026/Robo_Hand_RS485/ROS2/robo_hand_ws/install/xarm_api/lib:/home/berenic/Documents/LPRS2_2026/Robo_Hand_RS485/ROS2/robo_hand_ws/install/xarm_sdk/lib:/home/berenic/Documents/LPRS2_2026/Robo_Hand_RS485/ROS2/robo_hand_ws/install/xarm_msgs/lib:/home/berenic/Documents/LPRS2_2026/Robo_Hand_RS485/ROS2/robo_hand_ws/install/xarm_planner/lib:/home/berenic/Documents/LPRS2_2026/Robo_Hand_RS485/ROS2/robo_hand_ws/install/xarm_moveit_servo/lib:/home/berenic/Documents/LPRS2_2026/Robo_Hand_RS485/ROS2/robo_hand_ws/install/xarm_gazebo/lib:/home/berenic/Documents/LPRS2_2026/Robo_Hand_RS485/ROS2/robo_hand_ws/install/xarm_controller/lib:/home/berenic/Documents/LPRS2_2026/Robo_Hand_RS485/ROS2/robo_hand_ws/install/realsense_gazebo_plugin/lib:/opt/ros/jazzy/opt/gz_sim_vendor/lib:/opt/ros/jazzy/opt/gz_sensors_vendor/lib:/opt/ros/jazzy/opt/gz_physics_vendor/lib:/opt/ros/jazzy/opt/sdformat_vendor/lib:/opt/ros/jazzy/opt/rviz_ogre_vendor/lib:/opt/ros/jazzy/lib/x86_64-linux-gnu:/opt/ros/jazzy/opt/gz_gui_vendor/lib:/opt/ros/jazzy/opt/gz_transport_vendor/lib:/opt/ros/jazzy/opt/gz_rendering_vendor/lib:/opt/ros/jazzy/opt/gz_plugin_vendor/lib:/opt/ros/jazzy/opt/gz_fuel_tools_vendor/lib:/opt/ros/jazzy/opt/gz_msgs_vendor/lib:/opt/ros/jazzy/opt/gz_common_vendor/lib:/opt/ros/jazzy/opt/gz_math_vendor/lib:/opt/ros/jazzy/opt/gz_utils_vendor/lib:/opt/ros/jazzy/opt/gz_tools_vendor/lib:/opt/ros/jazzy/opt/gz_ogre_next_vendor/lib:/opt/ros/jazzy/opt/gz_dartsim_vendor/lib:/opt/ros/jazzy/opt/gz_cmake_vendor/lib:/opt/ros/jazzy/lib /usr/bin/cmake --build /home/berenic/Documents/LPRS2_2026/Robo_Hand_RS485/ROS2/robo_hand_ws/build/xarm_controller -- -j12 -l12
[2.696s] DEBUG:colcon.colcon_core.event_handler.log_command:Invoking command in '/home/berenic/Documents/LPRS2_2026/Robo_Hand_RS485/ROS2/robo_hand_ws/build/xarm_controller': CMAKE_PREFIX_PATH=/home/berenic/Documents/LPRS2_2026/Robo_Hand_RS485/ROS2/robo_hand_ws/install/xarm_api:/home/berenic/Documents/LPRS2_2026/Robo_Hand_RS485/ROS2/robo_hand_ws/install/xarm_sdk:/home/berenic/Documents/LPRS2_2026/Robo_Hand_RS485/ROS2/robo_hand_ws/install/xarm_msgs:/home/berenic/Documents/LPRS2_2026/Robo_Hand_RS485/ROS2/robo_hand_ws/install/xarm_description:/home/berenic/Documents/LPRS2_2026/Robo_Hand_RS485/ROS2/robo_hand_ws/install/glue_events_routines:/home/berenic/Documents/LPRS2_2026/Robo_Hand_RS485/ROS2/robo_hand_ws/install/xarm_planner:/home/berenic/Documents/LPRS2_2026/Robo_Hand_RS485/ROS2/robo_hand_ws/install/xarm_moveit_servo:/home/berenic/Documents/LPRS2_2026/Robo_Hand_RS485/ROS2/robo_hand_ws/install/xarm_moveit_config:/home/berenic/Documents/LPRS2_2026/Robo_Hand_RS485/ROS2/robo_hand_ws/install/xarm_gazebo:/home/berenic/Documents/LPRS2_2026/Robo_Hand_RS485/ROS2/robo_hand_ws/install/xarm_controller:/home/berenic/Documents/LPRS2_2026/Robo_Hand_RS485/ROS2/robo_hand_ws/install/mbot_demo:/home/berenic/Documents/LPRS2_2026/Robo_Hand_RS485/ROS2/robo_hand_ws/install/realsense_gazebo_plugin:/opt/ros/jazzy/opt/gz_sim_vendor:/opt/ros/jazzy/opt/gz_sensors_vendor:/opt/ros/jazzy/opt/gz_physics_vendor:/opt/ros/jazzy/opt/sdformat_vendor:/opt/ros/jazzy/opt/gz_gui_vendor:/opt/ros/jazzy/opt/gz_transport_vendor:/opt/ros/jazzy/opt/gz_rendering_vendor:/opt/ros/jazzy/opt/gz_plugin_vendor:/opt/ros/jazzy/opt/gz_fuel_tools_vendor:/opt/ros/jazzy/opt/gz_msgs_vendor:/opt/ros/jazzy/opt/gz_common_vendor:/opt/ros/jazzy/opt/gz_math_vendor:/opt/ros/jazzy/opt/gz_utils_vendor:/opt/ros/jazzy/opt/gz_tools_vendor:/opt/ros/jazzy/opt/gz_ogre_next_vendor:/opt/ros/jazzy/opt/gz_dartsim_vendor:/opt/ros/jazzy/opt/gz_cmake_vendor:/home/berenic/Documents/LPRS2_2026/Robo_Hand_RS485/ROS2/robo_hand_ws/install/uf_ros_lib:/opt/ros/jazzy DEBUGINFOD_URLS=https://debuginfod.ubuntu.com LD_LIBRARY_PATH=/home/berenic/Documents/LPRS2_2026/Robo_Hand_RS485/ROS2/robo_hand_ws/install/xarm_api/lib:/home/berenic/Documents/LPRS2_2026/Robo_Hand_RS485/ROS2/robo_hand_ws/install/xarm_sdk/lib:/home/berenic/Documents/LPRS2_2026/Robo_Hand_RS485/ROS2/robo_hand_ws/install/xarm_msgs/lib:/home/berenic/Documents/LPRS2_2026/Robo_Hand_RS485/ROS2/robo_hand_ws/install/xarm_planner/lib:/home/berenic/Documents/LPRS2_2026/Robo_Hand_RS485/ROS2/robo_hand_ws/install/xarm_moveit_servo/lib:/home/berenic/Documents/LPRS2_2026/Robo_Hand_RS485/ROS2/robo_hand_ws/install/xarm_gazebo/lib:/home/berenic/Documents/LPRS2_2026/Robo_Hand_RS485/ROS2/robo_hand_ws/install/xarm_controller/lib:/home/berenic/Documents/LPRS2_2026/Robo_Hand_RS485/ROS2/robo_hand_ws/install/realsense_gazebo_plugin/lib:/opt/ros/jazzy/opt/gz_sim_vendor/lib:/opt/ros/jazzy/opt/gz_sensors_vendor/lib:/opt/ros/jazzy/opt/gz_physics_vendor/lib:/opt/ros/jazzy/opt/sdformat_vendor/lib:/opt/ros/jazzy/opt/rviz_ogre_vendor/lib:/opt/ros/jazzy/lib/x86_64-linux-gnu:/opt/ros/jazzy/opt/gz_gui_vendor/lib:/opt/ros/jazzy/opt/gz_transport_vendor/lib:/opt/ros/jazzy/opt/gz_rendering_vendor/lib:/opt/ros/jazzy/opt/gz_plugin_vendor/lib:/opt/ros/jazzy/opt/gz_fuel_tools_vendor/lib:/opt/ros/jazzy/opt/gz_msgs_vendor/lib:/opt/ros/jazzy/opt/gz_common_vendor/lib:/opt/ros/jazzy/opt/gz_math_vendor/lib:/opt/ros/jazzy/opt/gz_utils_vendor/lib:/opt/ros/jazzy/opt/gz_tools_vendor/lib:/opt/ros/jazzy/opt/gz_ogre_next_vendor/lib:/opt/ros/jazzy/opt/gz_dartsim_vendor/lib:/opt/ros/jazzy/opt/gz_cmake_vendor/lib:/opt/ros/jazzy/lib /usr/bin/cmake --install /home/berenic/Documents/LPRS2_2026/Robo_Hand_RS485/ROS2/robo_hand_ws/build/xarm_controller
[2.755s] Level 1:colcon.colcon_core.environment:create_environment_scripts_only(xarm_controller)
[2.755s] Level 1:colcon.colcon_core.environment:checking '/home/berenic/Documents/LPRS2_2026/Robo_Hand_RS485/ROS2/robo_hand_ws/install/xarm_controller' for CMake module files
[2.756s] DEBUG:colcon.colcon_core.event_handler.log_command:Invoked command in '/home/berenic/Documents/LPRS2_2026/Robo_Hand_RS485/ROS2/robo_hand_ws/build/xarm_controller' returned '0': CMAKE_PREFIX_PATH=/home/berenic/Documents/LPRS2_2026/Robo_Hand_RS485/ROS2/robo_hand_ws/install/xarm_api:/home/berenic/Documents/LPRS2_2026/Robo_Hand_RS485/ROS2/robo_hand_ws/install/xarm_sdk:/home/berenic/Documents/LPRS2_2026/Robo_Hand_RS485/ROS2/robo_hand_ws/install/xarm_msgs:/home/berenic/Documents/LPRS2_2026/Robo_Hand_RS485/ROS2/robo_hand_ws/install/xarm_description:/home/berenic/Documents/LPRS2_2026/Robo_Hand_RS485/ROS2/robo_hand_ws/install/glue_events_routines:/home/berenic/Documents/LPRS2_2026/Robo_Hand_RS485/ROS2/robo_hand_ws/install/xarm_planner:/home/berenic/Documents/LPRS2_2026/Robo_Hand_RS485/ROS2/robo_hand_ws/install/xarm_moveit_servo:/home/berenic/Documents/LPRS2_2026/Robo_Hand_RS485/ROS2/robo_hand_ws/install/xarm_moveit_config:/home/berenic/Documents/LPRS2_2026/Robo_Hand_RS485/ROS2/robo_hand_ws/install/xarm_gazebo:/home/berenic/Documents/LPRS2_2026/Robo_Hand_RS485/ROS2/robo_hand_ws/install/xarm_controller:/home/berenic/Documents/LPRS2_2026/Robo_Hand_RS485/ROS2/robo_hand_ws/install/mbot_demo:/home/berenic/Documents/LPRS2_2026/Robo_Hand_RS485/ROS2/robo_hand_ws/install/realsense_gazebo_plugin:/opt/ros/jazzy/opt/gz_sim_vendor:/opt/ros/jazzy/opt/gz_sensors_vendor:/opt/ros/jazzy/opt/gz_physics_vendor:/opt/ros/jazzy/opt/sdformat_vendor:/opt/ros/jazzy/opt/gz_gui_vendor:/opt/ros/jazzy/opt/gz_transport_vendor:/opt/ros/jazzy/opt/gz_rendering_vendor:/opt/ros/jazzy/opt/gz_plugin_vendor:/opt/ros/jazzy/opt/gz_fuel_tools_vendor:/opt/ros/jazzy/opt/gz_msgs_vendor:/opt/ros/jazzy/opt/gz_common_vendor:/opt/ros/jazzy/opt/gz_math_vendor:/opt/ros/jazzy/opt/gz_utils_vendor:/opt/ros/jazzy/opt/gz_tools_vendor:/opt/ros/jazzy/opt/gz_ogre_next_vendor:/opt/ros/jazzy/opt/gz_dartsim_vendor:/opt/ros/jazzy/opt/gz_cmake_vendor:/home/berenic/Documents/LPRS2_2026/Robo_Hand_RS485/ROS2/robo_hand_ws/install/uf_ros_lib:/opt/ros/jazzy DEBUGINFOD_URLS=https://debuginfod.ubuntu.com LD_LIBRARY_PATH=/home/berenic/Documents/LPRS2_2026/Robo_Hand_RS485/ROS2/robo_hand_ws/install/xarm_api/lib:/home/berenic/Documents/LPRS2_2026/Robo_Hand_RS485/ROS2/robo_hand_ws/install/xarm_sdk/lib:/home/berenic/Documents/LPRS2_2026/Robo_Hand_RS485/ROS2/robo_hand_ws/install/xarm_msgs/lib:/home/berenic/Documents/LPRS2_2026/Robo_Hand_RS485/ROS2/robo_hand_ws/install/xarm_planner/lib:/home/berenic/Documents/LPRS2_2026/Robo_Hand_RS485/ROS2/robo_hand_ws/install/xarm_moveit_servo/lib:/home/berenic/Documents/LPRS2_2026/Robo_Hand_RS485/ROS2/robo_hand_ws/install/xarm_gazebo/lib:/home/berenic/Documents/LPRS2_2026/Robo_Hand_RS485/ROS2/robo_hand_ws/install/xarm_controller/lib:/home/berenic/Documents/LPRS2_2026/Robo_Hand_RS485/ROS2/robo_hand_ws/install/realsense_gazebo_plugin/lib:/opt/ros/jazzy/opt/gz_sim_vendor/lib:/opt/ros/jazzy/opt/gz_sensors_vendor/lib:/opt/ros/jazzy/opt/gz_physics_vendor/lib:/opt/ros/jazzy/opt/sdformat_vendor/lib:/opt/ros/jazzy/opt/rviz_ogre_vendor/lib:/opt/ros/jazzy/lib/x86_64-linux-gnu:/opt/ros/jazzy/opt/gz_gui_vendor/lib:/opt/ros/jazzy/opt/gz_transport_vendor/lib:/opt/ros/jazzy/opt/gz_rendering_vendor/lib:/opt/ros/jazzy/opt/gz_plugin_vendor/lib:/opt/ros/jazzy/opt/gz_fuel_tools_vendor/lib:/opt/ros/jazzy/opt/gz_msgs_vendor/lib:/opt/ros/jazzy/opt/gz_common_vendor/lib:/opt/ros/jazzy/opt/gz_math_vendor/lib:/opt/ros/jazzy/opt/gz_utils_vendor/lib:/opt/ros/jazzy/opt/gz_tools_vendor/lib:/opt/ros/jazzy/opt/gz_ogre_next_vendor/lib:/opt/ros/jazzy/opt/gz_dartsim_vendor/lib:/opt/ros/jazzy/opt/gz_cmake_vendor/lib:/opt/ros/jazzy/lib /usr/bin/cmake --install /home/berenic/Documents/LPRS2_2026/Robo_Hand_RS485/ROS2/robo_hand_ws/build/xarm_controller
[2.757s] Level 1:colcon.colcon_core.environment:checking '/home/berenic/Documents/LPRS2_2026/Robo_Hand_RS485/ROS2/robo_hand_ws/install/xarm_controller' for CMake config files
[2.757s] Level 1:colcon.colcon_core.shell:create_environment_hook('xarm_controller', 'cmake_prefix_path')
[2.758s] INFO:colcon.colcon_core.shell:Creating environment hook '/home/berenic/Documents/LPRS2_2026/Robo_Hand_RS485/ROS2/robo_hand_ws/install/xarm_controller/share/xarm_controller/hook/cmake_prefix_path.ps1'
[2.759s] INFO:colcon.colcon_core.shell:Creating environment descriptor '/home/berenic/Documents/LPRS2_2026/Robo_Hand_RS485/ROS2/robo_hand_ws/install/xarm_controller/share/xarm_controller/hook/cmake_prefix_path.dsv'
[2.759s] INFO:colcon.colcon_core.shell:Creating environment hook '/home/berenic/Documents/LPRS2_2026/Robo_Hand_RS485/ROS2/robo_hand_ws/install/xarm_controller/share/xarm_controller/hook/cmake_prefix_path.sh'
[2.760s] Level 1:colcon.colcon_core.environment:checking '/home/berenic/Documents/LPRS2_2026/Robo_Hand_RS485/ROS2/robo_hand_ws/install/xarm_controller/lib'
[2.760s] Level 1:colcon.colcon_core.shell:create_environment_hook('xarm_controller', 'ld_library_path_lib')
[2.761s] INFO:colcon.colcon_core.shell:Creating environment hook '/home/berenic/Documents/LPRS2_2026/Robo_Hand_RS485/ROS2/robo_hand_ws/install/xarm_controller/share/xarm_controller/hook/ld_library_path_lib.ps1'
[2.761s] INFO:colcon.colcon_core.shell:Creating environment descriptor '/home/berenic/Documents/LPRS2_2026/Robo_Hand_RS485/ROS2/robo_hand_ws/install/xarm_controller/share/xarm_controller/hook/ld_library_path_lib.dsv'
[2.762s] INFO:colcon.colcon_core.shell:Creating environment hook '/home/berenic/Documents/LPRS2_2026/Robo_Hand_RS485/ROS2/robo_hand_ws/install/xarm_controller/share/xarm_controller/hook/ld_library_path_lib.sh'
[2.763s] Level 1:colcon.colcon_core.environment:checking '/home/berenic/Documents/LPRS2_2026/Robo_Hand_RS485/ROS2/robo_hand_ws/install/xarm_controller/bin'
[2.763s] Level 1:colcon.colcon_core.environment:checking '/home/berenic/Documents/LPRS2_2026/Robo_Hand_RS485/ROS2/robo_hand_ws/install/xarm_controller/lib/pkgconfig/xarm_controller.pc'
[2.764s] Level 1:colcon.colcon_core.environment:checking '/home/berenic/Documents/LPRS2_2026/Robo_Hand_RS485/ROS2/robo_hand_ws/install/xarm_controller/lib/python3.12/site-packages'
[2.764s] Level 1:colcon.colcon_core.environment:checking '/home/berenic/Documents/LPRS2_2026/Robo_Hand_RS485/ROS2/robo_hand_ws/install/xarm_controller/bin'
[2.765s] INFO:colcon.colcon_core.shell:Creating package script '/home/berenic/Documents/LPRS2_2026/Robo_Hand_RS485/ROS2/robo_hand_ws/install/xarm_controller/share/xarm_controller/package.ps1'
[2.766s] INFO:colcon.colcon_core.shell:Creating package descriptor '/home/berenic/Documents/LPRS2_2026/Robo_Hand_RS485/ROS2/robo_hand_ws/install/xarm_controller/share/xarm_controller/package.dsv'
[2.767s] INFO:colcon.colcon_core.shell:Creating package script '/home/berenic/Documents/LPRS2_2026/Robo_Hand_RS485/ROS2/robo_hand_ws/install/xarm_controller/share/xarm_controller/package.sh'
[2.767s] INFO:colcon.colcon_core.shell:Creating package script '/home/berenic/Documents/LPRS2_2026/Robo_Hand_RS485/ROS2/robo_hand_ws/install/xarm_controller/share/xarm_controller/package.bash'
[2.768s] INFO:colcon.colcon_core.shell:Creating package script '/home/berenic/Documents/LPRS2_2026/Robo_Hand_RS485/ROS2/robo_hand_ws/install/xarm_controller/share/xarm_controller/package.zsh'
[2.769s] Level 1:colcon.colcon_core.environment:create_file_with_runtime_dependencies(/home/berenic/Documents/LPRS2_2026/Robo_Hand_RS485/ROS2/robo_hand_ws/install/xarm_controller/share/colcon-core/packages/xarm_controller)
[2.770s] Level 1:colcon.colcon_core.environment:create_environment_scripts_only(xarm_controller)
[2.770s] Level 1:colcon.colcon_core.environment:checking '/home/berenic/Documents/LPRS2_2026/Robo_Hand_RS485/ROS2/robo_hand_ws/install/xarm_controller' for CMake module files
[2.771s] Level 1:colcon.colcon_core.environment:checking '/home/berenic/Documents/LPRS2_2026/Robo_Hand_RS485/ROS2/robo_hand_ws/install/xarm_controller' for CMake config files
[2.772s] Level 1:colcon.colcon_core.shell:create_environment_hook('xarm_controller', 'cmake_prefix_path')
[2.772s] INFO:colcon.colcon_core.shell:Creating environment hook '/home/berenic/Documents/LPRS2_2026/Robo_Hand_RS485/ROS2/robo_hand_ws/install/xarm_controller/share/xarm_controller/hook/cmake_prefix_path.ps1'
[2.773s] INFO:colcon.colcon_core.shell:Creating environment descriptor '/home/berenic/Documents/LPRS2_2026/Robo_Hand_RS485/ROS2/robo_hand_ws/install/xarm_controller/share/xarm_controller/hook/cmake_prefix_path.dsv'
[2.773s] INFO:colcon.colcon_core.shell:Creating environment hook '/home/berenic/Documents/LPRS2_2026/Robo_Hand_RS485/ROS2/robo_hand_ws/install/xarm_controller/share/xarm_controller/hook/cmake_prefix_path.sh'
[2.774s] Level 1:colcon.colcon_core.environment:checking '/home/berenic/Documents/LPRS2_2026/Robo_Hand_RS485/ROS2/robo_hand_ws/install/xarm_controller/lib'
[2.774s] Level 1:colcon.colcon_core.shell:create_environment_hook('xarm_controller', 'ld_library_path_lib')
[2.774s] INFO:colcon.colcon_core.shell:Creating environment hook '/home/berenic/Documents/LPRS2_2026/Robo_Hand_RS485/ROS2/robo_hand_ws/install/xarm_controller/share/xarm_controller/hook/ld_library_path_lib.ps1'
[2.775s] INFO:colcon.colcon_core.shell:Creating environment descriptor '/home/berenic/Documents/LPRS2_2026/Robo_Hand_RS485/ROS2/robo_hand_ws/install/xarm_controller/share/xarm_controller/hook/ld_library_path_lib.dsv'
[2.776s] INFO:colcon.colcon_core.shell:Creating environment hook '/home/berenic/Documents/LPRS2_2026/Robo_Hand_RS485/ROS2/robo_hand_ws/install/xarm_controller/share/xarm_controller/hook/ld_library_path_lib.sh'
[2.777s] Level 1:colcon.colcon_core.environment:checking '/home/berenic/Documents/LPRS2_2026/Robo_Hand_RS485/ROS2/robo_hand_ws/install/xarm_controller/bin'
[2.777s] Level 1:colcon.colcon_core.environment:checking '/home/berenic/Documents/LPRS2_2026/Robo_Hand_RS485/ROS2/robo_hand_ws/install/xarm_controller/lib/pkgconfig/xarm_controller.pc'
[2.778s] Level 1:colcon.colcon_core.environment:checking '/home/berenic/Documents/LPRS2_2026/Robo_Hand_RS485/ROS2/robo_hand_ws/install/xarm_controller/lib/python3.12/site-packages'
[2.778s] Level 1:colcon.colcon_core.environment:checking '/home/berenic/Documents/LPRS2_2026/Robo_Hand_RS485/ROS2/robo_hand_ws/install/xarm_controller/bin'
[2.779s] INFO:colcon.colcon_core.shell:Creating package script '/home/berenic/Documents/LPRS2_2026/Robo_Hand_RS485/ROS2/robo_hand_ws/install/xarm_controller/share/xarm_controller/package.ps1'
[2.779s] INFO:colcon.colcon_core.shell:Creating package descriptor '/home/berenic/Documents/LPRS2_2026/Robo_Hand_RS485/ROS2/robo_hand_ws/install/xarm_controller/share/xarm_controller/package.dsv'
[2.780s] INFO:colcon.colcon_core.shell:Creating package script '/home/berenic/Documents/LPRS2_2026/Robo_Hand_RS485/ROS2/robo_hand_ws/install/xarm_controller/share/xarm_controller/package.sh'
[2.781s] INFO:colcon.colcon_core.shell:Creating package script '/home/berenic/Documents/LPRS2_2026/Robo_Hand_RS485/ROS2/robo_hand_ws/install/xarm_controller/share/xarm_controller/package.bash'
[2.782s] INFO:colcon.colcon_core.shell:Creating package script '/home/berenic/Documents/LPRS2_2026/Robo_Hand_RS485/ROS2/robo_hand_ws/install/xarm_controller/share/xarm_controller/package.zsh'
[2.783s] Level 1:colcon.colcon_core.environment:create_file_with_runtime_dependencies(/home/berenic/Documents/LPRS2_2026/Robo_Hand_RS485/ROS2/robo_hand_ws/install/xarm_controller/share/colcon-core/packages/xarm_controller)
[3.794s] Level 1:colcon.colcon_core.shell:create_environment_hook('uf_ros_lib', 'pythonpath_develop')
[3.794s] DEBUG:colcon.colcon_core.event_handler.log_command:Invoked command in '/home/berenic/Documents/LPRS2_2026/Robo_Hand_RS485/ROS2/robo_hand_ws/build/uf_ros_lib' returned '0': DEBUGINFOD_URLS=https://debuginfod.ubuntu.com PYTHONPATH=/home/berenic/Documents/LPRS2_2026/Robo_Hand_RS485/ROS2/robo_hand_ws/build/uf_ros_lib/prefix_override:/usr/lib/python3/dist-packages/colcon_core/task/python/colcon_distutils_commands:/home/berenic/Documents/LPRS2_2026/Robo_Hand_RS485/ROS2/robo_hand_ws/install/uf_ros_lib/lib/python3.12/site-packages:${PYTHONPATH} /usr/bin/python3 -W ignore:setup.py install is deprecated -W ignore:easy_install command is deprecated setup.py develop --editable --build-directory /home/berenic/Documents/LPRS2_2026/Robo_Hand_RS485/ROS2/robo_hand_ws/build/uf_ros_lib/build --no-deps symlink_data
[3.795s] INFO:colcon.colcon_core.shell:Creating environment hook '/home/berenic/Documents/LPRS2_2026/Robo_Hand_RS485/ROS2/robo_hand_ws/build/uf_ros_lib/share/uf_ros_lib/hook/pythonpath_develop.ps1'
[3.796s] INFO:colcon.colcon_core.shell:Creating environment descriptor '/home/berenic/Documents/LPRS2_2026/Robo_Hand_RS485/ROS2/robo_hand_ws/build/uf_ros_lib/share/uf_ros_lib/hook/pythonpath_develop.dsv'
[3.797s] INFO:colcon.colcon_core.shell:Creating environment hook '/home/berenic/Documents/LPRS2_2026/Robo_Hand_RS485/ROS2/robo_hand_ws/build/uf_ros_lib/share/uf_ros_lib/hook/pythonpath_develop.sh'
[3.798s] Level 1:colcon.colcon_core.environment:checking '/home/berenic/Documents/LPRS2_2026/Robo_Hand_RS485/ROS2/robo_hand_ws/install/uf_ros_lib' for CMake module files
[3.798s] Level 1:colcon.colcon_core.environment:checking '/home/berenic/Documents/LPRS2_2026/Robo_Hand_RS485/ROS2/robo_hand_ws/install/uf_ros_lib' for CMake config files
[3.800s] Level 1:colcon.colcon_core.environment:checking '/home/berenic/Documents/LPRS2_2026/Robo_Hand_RS485/ROS2/robo_hand_ws/install/uf_ros_lib/lib'
[3.800s] Level 1:colcon.colcon_core.environment:checking '/home/berenic/Documents/LPRS2_2026/Robo_Hand_RS485/ROS2/robo_hand_ws/install/uf_ros_lib/bin'
[3.800s] Level 1:colcon.colcon_core.environment:checking '/home/berenic/Documents/LPRS2_2026/Robo_Hand_RS485/ROS2/robo_hand_ws/install/uf_ros_lib/lib/pkgconfig/uf_ros_lib.pc'
[3.800s] Level 1:colcon.colcon_core.environment:checking '/home/berenic/Documents/LPRS2_2026/Robo_Hand_RS485/ROS2/robo_hand_ws/install/uf_ros_lib/lib/python3.12/site-packages'
[3.801s] Level 1:colcon.colcon_core.shell:create_environment_hook('uf_ros_lib', 'pythonpath')
[3.801s] INFO:colcon.colcon_core.shell:Creating environment hook '/home/berenic/Documents/LPRS2_2026/Robo_Hand_RS485/ROS2/robo_hand_ws/install/uf_ros_lib/share/uf_ros_lib/hook/pythonpath.ps1'
[3.802s] INFO:colcon.colcon_core.shell:Creating environment descriptor '/home/berenic/Documents/LPRS2_2026/Robo_Hand_RS485/ROS2/robo_hand_ws/install/uf_ros_lib/share/uf_ros_lib/hook/pythonpath.dsv'
[3.802s] INFO:colcon.colcon_core.shell:Creating environment hook '/home/berenic/Documents/LPRS2_2026/Robo_Hand_RS485/ROS2/robo_hand_ws/install/uf_ros_lib/share/uf_ros_lib/hook/pythonpath.sh'
[3.804s] Level 1:colcon.colcon_core.environment:checking '/home/berenic/Documents/LPRS2_2026/Robo_Hand_RS485/ROS2/robo_hand_ws/install/uf_ros_lib/bin'
[3.804s] Level 1:colcon.colcon_core.environment:create_environment_scripts_only(uf_ros_lib)
[3.804s] INFO:colcon.colcon_core.shell:Creating package script '/home/berenic/Documents/LPRS2_2026/Robo_Hand_RS485/ROS2/robo_hand_ws/install/uf_ros_lib/share/uf_ros_lib/package.ps1'
[3.805s] INFO:colcon.colcon_core.shell:Creating package descriptor '/home/berenic/Documents/LPRS2_2026/Robo_Hand_RS485/ROS2/robo_hand_ws/install/uf_ros_lib/share/uf_ros_lib/package.dsv'
[3.806s] INFO:colcon.colcon_core.shell:Creating package script '/home/berenic/Documents/LPRS2_2026/Robo_Hand_RS485/ROS2/robo_hand_ws/install/uf_ros_lib/share/uf_ros_lib/package.sh'
[3.807s] INFO:colcon.colcon_core.shell:Creating package script '/home/berenic/Documents/LPRS2_2026/Robo_Hand_RS485/ROS2/robo_hand_ws/install/uf_ros_lib/share/uf_ros_lib/package.bash'
[3.807s] INFO:colcon.colcon_core.shell:Creating package script '/home/berenic/Documents/LPRS2_2026/Robo_Hand_RS485/ROS2/robo_hand_ws/install/uf_ros_lib/share/uf_ros_lib/package.zsh'
[3.808s] Level 1:colcon.colcon_core.environment:create_file_with_runtime_dependencies(/home/berenic/Documents/LPRS2_2026/Robo_Hand_RS485/ROS2/robo_hand_ws/install/uf_ros_lib/share/colcon-core/packages/uf_ros_lib)
[3.809s] INFO:colcon.colcon_ros.task.ament_cmake.build:Building ROS package in '/home/berenic/Documents/LPRS2_2026/Robo_Hand_RS485/ROS2/robo_hand_ws/src/xarm_ros2/xarm_gazebo' with build type 'ament_cmake'
[3.809s] INFO:colcon.colcon_cmake.task.cmake.build:Building CMake package in '/home/berenic/Documents/LPRS2_2026/Robo_Hand_RS485/ROS2/robo_hand_ws/src/xarm_ros2/xarm_gazebo'
[3.810s] INFO:colcon.colcon_core.shell:Skip shell extension 'powershell' for command environment: Not usable outside of PowerShell
[3.810s] DEBUG:colcon.colcon_core.shell:Skip shell extension 'dsv' for command environment
[3.819s] INFO:colcon.colcon_ros.task.ament_cmake.build:Building ROS package in '/home/berenic/Documents/LPRS2_2026/Robo_Hand_RS485/ROS2/robo_hand_ws/src/xarm_ros2/demo/mbot_demo' with build type 'ament_cmake'
[3.819s] INFO:colcon.colcon_cmake.task.cmake.build:Building CMake package in '/home/berenic/Documents/LPRS2_2026/Robo_Hand_RS485/ROS2/robo_hand_ws/src/xarm_ros2/demo/mbot_demo'
[3.819s] INFO:colcon.colcon_core.shell:Skip shell extension 'powershell' for command environment: Not usable outside of PowerShell
[3.819s] DEBUG:colcon.colcon_core.shell:Skip shell extension 'dsv' for command environment
[3.839s] DEBUG:colcon.colcon_core.event_handler.log_command:Invoking command in '/home/berenic/Documents/LPRS2_2026/Robo_Hand_RS485/ROS2/robo_hand_ws/build/mbot_demo': AMENT_PREFIX_PATH=/home/berenic/Documents/LPRS2_2026/Robo_Hand_RS485/ROS2/robo_hand_ws/install/uf_ros_lib:/home/berenic/Documents/LPRS2_2026/Robo_Hand_RS485/ROS2/robo_hand_ws/install/glue_events_routines:/home/berenic/Documents/LPRS2_2026/Robo_Hand_RS485/ROS2/robo_hand_ws/install/xarm_planner:/home/berenic/Documents/LPRS2_2026/Robo_Hand_RS485/ROS2/robo_hand_ws/install/xarm_moveit_servo:/home/berenic/Documents/LPRS2_2026/Robo_Hand_RS485/ROS2/robo_hand_ws/install/xarm_moveit_config:/home/berenic/Documents/LPRS2_2026/Robo_Hand_RS485/ROS2/robo_hand_ws/install/xarm_gazebo:/home/berenic/Documents/LPRS2_2026/Robo_Hand_RS485/ROS2/robo_hand_ws/install/xarm_controller:/home/berenic/Documents/LPRS2_2026/Robo_Hand_RS485/ROS2/robo_hand_ws/install/xarm_api:/home/berenic/Documents/LPRS2_2026/Robo_Hand_RS485/ROS2/robo_hand_ws/install/xarm_sdk:/home/berenic/Documents/LPRS2_2026/Robo_Hand_RS485/ROS2/robo_hand_ws/install/xarm_msgs:/home/berenic/Documents/LPRS2_2026/Robo_Hand_RS485/ROS2/robo_hand_ws/install/xarm_description:/home/berenic/Documents/LPRS2_2026/Robo_Hand_RS485/ROS2/robo_hand_ws/install/mbot_demo:/home/berenic/Documents/LPRS2_2026/Robo_Hand_RS485/ROS2/robo_hand_ws/install/realsense_gazebo_plugin:/opt/ros/jazzy CMAKE_PREFIX_PATH=${CMAKE_PREFIX_PATH}:/home/berenic/Documents/LPRS2_2026/Robo_Hand_RS485/ROS2/robo_hand_ws/install/uf_ros_lib:/opt/ros/jazzy DEBUGINFOD_URLS=https://debuginfod.ubuntu.com PYTHONPATH=/home/berenic/Documents/LPRS2_2026/Robo_Hand_RS485/ROS2/robo_hand_ws/build/uf_ros_lib:/home/berenic/Documents/LPRS2_2026/Robo_Hand_RS485/ROS2/robo_hand_ws/install/uf_ros_lib/lib/python3.12/site-packages:/home/berenic/Documents/LPRS2_2026/Robo_Hand_RS485/ROS2/robo_hand_ws/install/xarm_msgs/lib/python3.12/site-packages:/opt/ros/jazzy/lib/python3.12/site-packages /usr/bin/cmake --build /home/berenic/Documents/LPRS2_2026/Robo_Hand_RS485/ROS2/robo_hand_ws/build/mbot_demo -- -j12 -l12
[3.852s] DEBUG:colcon.colcon_core.event_handler.log_command:Invoking command in '/home/berenic/Documents/LPRS2_2026/Robo_Hand_RS485/ROS2/robo_hand_ws/build/xarm_gazebo': AMENT_PREFIX_PATH=/home/berenic/Documents/LPRS2_2026/Robo_Hand_RS485/ROS2/robo_hand_ws/install/uf_ros_lib:/home/berenic/Documents/LPRS2_2026/Robo_Hand_RS485/ROS2/robo_hand_ws/install/glue_events_routines:/home/berenic/Documents/LPRS2_2026/Robo_Hand_RS485/ROS2/robo_hand_ws/install/xarm_planner:/home/berenic/Documents/LPRS2_2026/Robo_Hand_RS485/ROS2/robo_hand_ws/install/xarm_moveit_servo:/home/berenic/Documents/LPRS2_2026/Robo_Hand_RS485/ROS2/robo_hand_ws/install/xarm_moveit_config:/home/berenic/Documents/LPRS2_2026/Robo_Hand_RS485/ROS2/robo_hand_ws/install/xarm_gazebo:/home/berenic/Documents/LPRS2_2026/Robo_Hand_RS485/ROS2/robo_hand_ws/install/xarm_controller:/home/berenic/Documents/LPRS2_2026/Robo_Hand_RS485/ROS2/robo_hand_ws/install/xarm_api:/home/berenic/Documents/LPRS2_2026/Robo_Hand_RS485/ROS2/robo_hand_ws/install/xarm_sdk:/home/berenic/Documents/LPRS2_2026/Robo_Hand_RS485/ROS2/robo_hand_ws/install/xarm_msgs:/home/berenic/Documents/LPRS2_2026/Robo_Hand_RS485/ROS2/robo_hand_ws/install/xarm_description:/home/berenic/Documents/LPRS2_2026/Robo_Hand_RS485/ROS2/robo_hand_ws/install/mbot_demo:/home/berenic/Documents/LPRS2_2026/Robo_Hand_RS485/ROS2/robo_hand_ws/install/realsense_gazebo_plugin:/opt/ros/jazzy CMAKE_PREFIX_PATH=/home/berenic/Documents/LPRS2_2026/Robo_Hand_RS485/ROS2/robo_hand_ws/install/xarm_controller:/home/berenic/Documents/LPRS2_2026/Robo_Hand_RS485/ROS2/robo_hand_ws/install/xarm_api:/home/berenic/Documents/LPRS2_2026/Robo_Hand_RS485/ROS2/robo_hand_ws/install/xarm_sdk:/home/berenic/Documents/LPRS2_2026/Robo_Hand_RS485/ROS2/robo_hand_ws/install/xarm_msgs:/home/berenic/Documents/LPRS2_2026/Robo_Hand_RS485/ROS2/robo_hand_ws/install/xarm_description:/home/berenic/Documents/LPRS2_2026/Robo_Hand_RS485/ROS2/robo_hand_ws/install/glue_events_routines:/home/berenic/Documents/LPRS2_2026/Robo_Hand_RS485/ROS2/robo_hand_ws/install/xarm_planner:/home/berenic/Documents/LPRS2_2026/Robo_Hand_RS485/ROS2/robo_hand_ws/install/xarm_moveit_servo:/home/berenic/Documents/LPRS2_2026/Robo_Hand_RS485/ROS2/robo_hand_ws/install/xarm_moveit_config:/home/berenic/Documents/LPRS2_2026/Robo_Hand_RS485/ROS2/robo_hand_ws/install/xarm_gazebo:/home/berenic/Documents/LPRS2_2026/Robo_Hand_RS485/ROS2/robo_hand_ws/install/mbot_demo:/home/berenic/Documents/LPRS2_2026/Robo_Hand_RS485/ROS2/robo_hand_ws/install/realsense_gazebo_plugin:/opt/ros/jazzy/opt/gz_sim_vendor:/opt/ros/jazzy/opt/gz_sensors_vendor:/opt/ros/jazzy/opt/gz_physics_vendor:/opt/ros/jazzy/opt/sdformat_vendor:/opt/ros/jazzy/opt/gz_gui_vendor:/opt/ros/jazzy/opt/gz_transport_vendor:/opt/ros/jazzy/opt/gz_rendering_vendor:/opt/ros/jazzy/opt/gz_plugin_vendor:/opt/ros/jazzy/opt/gz_fuel_tools_vendor:/opt/ros/jazzy/opt/gz_msgs_vendor:/opt/ros/jazzy/opt/gz_common_vendor:/opt/ros/jazzy/opt/gz_math_vendor:/opt/ros/jazzy/opt/gz_utils_vendor:/opt/ros/jazzy/opt/gz_tools_vendor:/opt/ros/jazzy/opt/gz_ogre_next_vendor:/opt/ros/jazzy/opt/gz_dartsim_vendor:/opt/ros/jazzy/opt/gz_cmake_vendor:/home/berenic/Documents/LPRS2_2026/Robo_Hand_RS485/ROS2/robo_hand_ws/install/uf_ros_lib:/opt/ros/jazzy DEBUGINFOD_URLS=https://debuginfod.ubuntu.com LD_LIBRARY_PATH=/home/berenic/Documents/LPRS2_2026/Robo_Hand_RS485/ROS2/robo_hand_ws/install/xarm_controller/lib:/home/berenic/Documents/LPRS2_2026/Robo_Hand_RS485/ROS2/robo_hand_ws/install/xarm_api/lib:/home/berenic/Documents/LPRS2_2026/Robo_Hand_RS485/ROS2/robo_hand_ws/install/xarm_sdk/lib:/home/berenic/Documents/LPRS2_2026/Robo_Hand_RS485/ROS2/robo_hand_ws/install/xarm_msgs/lib:/home/berenic/Documents/LPRS2_2026/Robo_Hand_RS485/ROS2/robo_hand_ws/install/xarm_planner/lib:/home/berenic/Documents/LPRS2_2026/Robo_Hand_RS485/ROS2/robo_hand_ws/install/xarm_moveit_servo/lib:/home/berenic/Documents/LPRS2_2026/Robo_Hand_RS485/ROS2/robo_hand_ws/install/xarm_gazebo/lib:/home/berenic/Documents/LPRS2_2026/Robo_Hand_RS485/ROS2/robo_hand_ws/install/realsense_gazebo_plugin/lib:/opt/ros/jazzy/opt/gz_sim_vendor/lib:/opt/ros/jazzy/opt/gz_sensors_vendor/lib:/opt/ros/jazzy/opt/gz_physics_vendor/lib:/opt/ros/jazzy/opt/sdformat_vendor/lib:/opt/ros/jazzy/opt/rviz_ogre_vendor/lib:/opt/ros/jazzy/lib/x86_64-linux-gnu:/opt/ros/jazzy/opt/gz_gui_vendor/lib:/opt/ros/jazzy/opt/gz_transport_vendor/lib:/opt/ros/jazzy/opt/gz_rendering_vendor/lib:/opt/ros/jazzy/opt/gz_plugin_vendor/lib:/opt/ros/jazzy/opt/gz_fuel_tools_vendor/lib:/opt/ros/jazzy/opt/gz_msgs_vendor/lib:/opt/ros/jazzy/opt/gz_common_vendor/lib:/opt/ros/jazzy/opt/gz_math_vendor/lib:/opt/ros/jazzy/opt/gz_utils_vendor/lib:/opt/ros/jazzy/opt/gz_tools_vendor/lib:/opt/ros/jazzy/opt/gz_ogre_next_vendor/lib:/opt/ros/jazzy/opt/gz_dartsim_vendor/lib:/opt/ros/jazzy/opt/gz_cmake_vendor/lib:/opt/ros/jazzy/lib /usr/bin/cmake --build /home/berenic/Documents/LPRS2_2026/Robo_Hand_RS485/ROS2/robo_hand_ws/build/xarm_gazebo -- -j12 -l12
[3.930s] DEBUG:colcon.colcon_core.event_handler.log_command:Invoked command in '/home/berenic/Documents/LPRS2_2026/Robo_Hand_RS485/ROS2/robo_hand_ws/build/mbot_demo' returned '0': AMENT_PREFIX_PATH=/home/berenic/Documents/LPRS2_2026/Robo_Hand_RS485/ROS2/robo_hand_ws/install/uf_ros_lib:/home/berenic/Documents/LPRS2_2026/Robo_Hand_RS485/ROS2/robo_hand_ws/install/glue_events_routines:/home/berenic/Documents/LPRS2_2026/Robo_Hand_RS485/ROS2/robo_hand_ws/install/xarm_planner:/home/berenic/Documents/LPRS2_2026/Robo_Hand_RS485/ROS2/robo_hand_ws/install/xarm_moveit_servo:/home/berenic/Documents/LPRS2_2026/Robo_Hand_RS485/ROS2/robo_hand_ws/install/xarm_moveit_config:/home/berenic/Documents/LPRS2_2026/Robo_Hand_RS485/ROS2/robo_hand_ws/install/xarm_gazebo:/home/berenic/Documents/LPRS2_2026/Robo_Hand_RS485/ROS2/robo_hand_ws/install/xarm_controller:/home/berenic/Documents/LPRS2_2026/Robo_Hand_RS485/ROS2/robo_hand_ws/install/xarm_api:/home/berenic/Documents/LPRS2_2026/Robo_Hand_RS485/ROS2/robo_hand_ws/install/xarm_sdk:/home/berenic/Documents/LPRS2_2026/Robo_Hand_RS485/ROS2/robo_hand_ws/install/xarm_msgs:/home/berenic/Documents/LPRS2_2026/Robo_Hand_RS485/ROS2/robo_hand_ws/install/xarm_description:/home/berenic/Documents/LPRS2_2026/Robo_Hand_RS485/ROS2/robo_hand_ws/install/mbot_demo:/home/berenic/Documents/LPRS2_2026/Robo_Hand_RS485/ROS2/robo_hand_ws/install/realsense_gazebo_plugin:/opt/ros/jazzy CMAKE_PREFIX_PATH=${CMAKE_PREFIX_PATH}:/home/berenic/Documents/LPRS2_2026/Robo_Hand_RS485/ROS2/robo_hand_ws/install/uf_ros_lib:/opt/ros/jazzy DEBUGINFOD_URLS=https://debuginfod.ubuntu.com PYTHONPATH=/home/berenic/Documents/LPRS2_2026/Robo_Hand_RS485/ROS2/robo_hand_ws/build/uf_ros_lib:/home/berenic/Documents/LPRS2_2026/Robo_Hand_RS485/ROS2/robo_hand_ws/install/uf_ros_lib/lib/python3.12/site-packages:/home/berenic/Documents/LPRS2_2026/Robo_Hand_RS485/ROS2/robo_hand_ws/install/xarm_msgs/lib/python3.12/site-packages:/opt/ros/jazzy/lib/python3.12/site-packages /usr/bin/cmake --build /home/berenic/Documents/LPRS2_2026/Robo_Hand_RS485/ROS2/robo_hand_ws/build/mbot_demo -- -j12 -l12
[3.932s] DEBUG:colcon.colcon_core.event_handler.log_command:Invoking command in '/home/berenic/Documents/LPRS2_2026/Robo_Hand_RS485/ROS2/robo_hand_ws/build/mbot_demo': AMENT_PREFIX_PATH=/home/berenic/Documents/LPRS2_2026/Robo_Hand_RS485/ROS2/robo_hand_ws/install/uf_ros_lib:/home/berenic/Documents/LPRS2_2026/Robo_Hand_RS485/ROS2/robo_hand_ws/install/glue_events_routines:/home/berenic/Documents/LPRS2_2026/Robo_Hand_RS485/ROS2/robo_hand_ws/install/xarm_planner:/home/berenic/Documents/LPRS2_2026/Robo_Hand_RS485/ROS2/robo_hand_ws/install/xarm_moveit_servo:/home/berenic/Documents/LPRS2_2026/Robo_Hand_RS485/ROS2/robo_hand_ws/install/xarm_moveit_config:/home/berenic/Documents/LPRS2_2026/Robo_Hand_RS485/ROS2/robo_hand_ws/install/xarm_gazebo:/home/berenic/Documents/LPRS2_2026/Robo_Hand_RS485/ROS2/robo_hand_ws/install/xarm_controller:/home/berenic/Documents/LPRS2_2026/Robo_Hand_RS485/ROS2/robo_hand_ws/install/xarm_api:/home/berenic/Documents/LPRS2_2026/Robo_Hand_RS485/ROS2/robo_hand_ws/install/xarm_sdk:/home/berenic/Documents/LPRS2_2026/Robo_Hand_RS485/ROS2/robo_hand_ws/install/xarm_msgs:/home/berenic/Documents/LPRS2_2026/Robo_Hand_RS485/ROS2/robo_hand_ws/install/xarm_description:/home/berenic/Documents/LPRS2_2026/Robo_Hand_RS485/ROS2/robo_hand_ws/install/mbot_demo:/home/berenic/Documents/LPRS2_2026/Robo_Hand_RS485/ROS2/robo_hand_ws/install/realsense_gazebo_plugin:/opt/ros/jazzy CMAKE_PREFIX_PATH=${CMAKE_PREFIX_PATH}:/home/berenic/Documents/LPRS2_2026/Robo_Hand_RS485/ROS2/robo_hand_ws/install/uf_ros_lib:/opt/ros/jazzy DEBUGINFOD_URLS=https://debuginfod.ubuntu.com PYTHONPATH=/home/berenic/Documents/LPRS2_2026/Robo_Hand_RS485/ROS2/robo_hand_ws/build/uf_ros_lib:/home/berenic/Documents/LPRS2_2026/Robo_Hand_RS485/ROS2/robo_hand_ws/install/uf_ros_lib/lib/python3.12/site-packages:/home/berenic/Documents/LPRS2_2026/Robo_Hand_RS485/ROS2/robo_hand_ws/install/xarm_msgs/lib/python3.12/site-packages:/opt/ros/jazzy/lib/python3.12/site-packages /usr/bin/cmake --install /home/berenic/Documents/LPRS2_2026/Robo_Hand_RS485/ROS2/robo_hand_ws/build/mbot_demo
[3.987s] Level 1:colcon.colcon_core.environment:create_environment_scripts_only(mbot_demo)
[3.987s] Level 1:colcon.colcon_core.environment:checking '/home/berenic/Documents/LPRS2_2026/Robo_Hand_RS485/ROS2/robo_hand_ws/install/mbot_demo' for CMake module files
[3.989s] DEBUG:colcon.colcon_core.event_handler.log_command:Invoked command in '/home/berenic/Documents/LPRS2_2026/Robo_Hand_RS485/ROS2/robo_hand_ws/build/mbot_demo' returned '0': AMENT_PREFIX_PATH=/home/berenic/Documents/LPRS2_2026/Robo_Hand_RS485/ROS2/robo_hand_ws/install/uf_ros_lib:/home/berenic/Documents/LPRS2_2026/Robo_Hand_RS485/ROS2/robo_hand_ws/install/glue_events_routines:/home/berenic/Documents/LPRS2_2026/Robo_Hand_RS485/ROS2/robo_hand_ws/install/xarm_planner:/home/berenic/Documents/LPRS2_2026/Robo_Hand_RS485/ROS2/robo_hand_ws/install/xarm_moveit_servo:/home/berenic/Documents/LPRS2_2026/Robo_Hand_RS485/ROS2/robo_hand_ws/install/xarm_moveit_config:/home/berenic/Documents/LPRS2_2026/Robo_Hand_RS485/ROS2/robo_hand_ws/install/xarm_gazebo:/home/berenic/Documents/LPRS2_2026/Robo_Hand_RS485/ROS2/robo_hand_ws/install/xarm_controller:/home/berenic/Documents/LPRS2_2026/Robo_Hand_RS485/ROS2/robo_hand_ws/install/xarm_api:/home/berenic/Documents/LPRS2_2026/Robo_Hand_RS485/ROS2/robo_hand_ws/install/xarm_sdk:/home/berenic/Documents/LPRS2_2026/Robo_Hand_RS485/ROS2/robo_hand_ws/install/xarm_msgs:/home/berenic/Documents/LPRS2_2026/Robo_Hand_RS485/ROS2/robo_hand_ws/install/xarm_description:/home/berenic/Documents/LPRS2_2026/Robo_Hand_RS485/ROS2/robo_hand_ws/install/mbot_demo:/home/berenic/Documents/LPRS2_2026/Robo_Hand_RS485/ROS2/robo_hand_ws/install/realsense_gazebo_plugin:/opt/ros/jazzy CMAKE_PREFIX_PATH=${CMAKE_PREFIX_PATH}:/home/berenic/Documents/LPRS2_2026/Robo_Hand_RS485/ROS2/robo_hand_ws/install/uf_ros_lib:/opt/ros/jazzy DEBUGINFOD_URLS=https://debuginfod.ubuntu.com PYTHONPATH=/home/berenic/Documents/LPRS2_2026/Robo_Hand_RS485/ROS2/robo_hand_ws/build/uf_ros_lib:/home/berenic/Documents/LPRS2_2026/Robo_Hand_RS485/ROS2/robo_hand_ws/install/uf_ros_lib/lib/python3.12/site-packages:/home/berenic/Documents/LPRS2_2026/Robo_Hand_RS485/ROS2/robo_hand_ws/install/xarm_msgs/lib/python3.12/site-packages:/opt/ros/jazzy/lib/python3.12/site-packages /usr/bin/cmake --install /home/berenic/Documents/LPRS2_2026/Robo_Hand_RS485/ROS2/robo_hand_ws/build/mbot_demo
[3.989s] Level 1:colcon.colcon_core.environment:checking '/home/berenic/Documents/LPRS2_2026/Robo_Hand_RS485/ROS2/robo_hand_ws/install/mbot_demo' for CMake config files
[3.990s] Level 1:colcon.colcon_core.shell:create_environment_hook('mbot_demo', 'cmake_prefix_path')
[3.991s] INFO:colcon.colcon_core.shell:Creating environment hook '/home/berenic/Documents/LPRS2_2026/Robo_Hand_RS485/ROS2/robo_hand_ws/install/mbot_demo/share/mbot_demo/hook/cmake_prefix_path.ps1'
[3.992s] INFO:colcon.colcon_core.shell:Creating environment descriptor '/home/berenic/Documents/LPRS2_2026/Robo_Hand_RS485/ROS2/robo_hand_ws/install/mbot_demo/share/mbot_demo/hook/cmake_prefix_path.dsv'
[3.992s] INFO:colcon.colcon_core.shell:Creating environment hook '/home/berenic/Documents/LPRS2_2026/Robo_Hand_RS485/ROS2/robo_hand_ws/install/mbot_demo/share/mbot_demo/hook/cmake_prefix_path.sh'
[3.994s] Level 1:colcon.colcon_core.environment:checking '/home/berenic/Documents/LPRS2_2026/Robo_Hand_RS485/ROS2/robo_hand_ws/install/mbot_demo/bin'
[3.994s] Level 1:colcon.colcon_core.environment:checking '/home/berenic/Documents/LPRS2_2026/Robo_Hand_RS485/ROS2/robo_hand_ws/install/mbot_demo/lib/pkgconfig/mbot_demo.pc'
[3.994s] Level 1:colcon.colcon_core.environment:checking '/home/berenic/Documents/LPRS2_2026/Robo_Hand_RS485/ROS2/robo_hand_ws/install/mbot_demo/lib/python3.12/site-packages'
[3.995s] Level 1:colcon.colcon_core.environment:checking '/home/berenic/Documents/LPRS2_2026/Robo_Hand_RS485/ROS2/robo_hand_ws/install/mbot_demo/bin'
[3.995s] INFO:colcon.colcon_core.shell:Creating package script '/home/berenic/Documents/LPRS2_2026/Robo_Hand_RS485/ROS2/robo_hand_ws/install/mbot_demo/share/mbot_demo/package.ps1'
[3.996s] INFO:colcon.colcon_core.shell:Creating package descriptor '/home/berenic/Documents/LPRS2_2026/Robo_Hand_RS485/ROS2/robo_hand_ws/install/mbot_demo/share/mbot_demo/package.dsv'
[3.997s] INFO:colcon.colcon_core.shell:Creating package script '/home/berenic/Documents/LPRS2_2026/Robo_Hand_RS485/ROS2/robo_hand_ws/install/mbot_demo/share/mbot_demo/package.sh'
[3.998s] INFO:colcon.colcon_core.shell:Creating package script '/home/berenic/Documents/LPRS2_2026/Robo_Hand_RS485/ROS2/robo_hand_ws/install/mbot_demo/share/mbot_demo/package.bash'
[3.998s] INFO:colcon.colcon_core.shell:Creating package script '/home/berenic/Documents/LPRS2_2026/Robo_Hand_RS485/ROS2/robo_hand_ws/install/mbot_demo/share/mbot_demo/package.zsh'
[3.999s] Level 1:colcon.colcon_core.environment:create_file_with_runtime_dependencies(/home/berenic/Documents/LPRS2_2026/Robo_Hand_RS485/ROS2/robo_hand_ws/install/mbot_demo/share/colcon-core/packages/mbot_demo)
[4.000s] Level 1:colcon.colcon_core.environment:create_environment_scripts_only(mbot_demo)
[4.000s] Level 1:colcon.colcon_core.environment:checking '/home/berenic/Documents/LPRS2_2026/Robo_Hand_RS485/ROS2/robo_hand_ws/install/mbot_demo' for CMake module files
[4.001s] Level 1:colcon.colcon_core.environment:checking '/home/berenic/Documents/LPRS2_2026/Robo_Hand_RS485/ROS2/robo_hand_ws/install/mbot_demo' for CMake config files
[4.002s] Level 1:colcon.colcon_core.shell:create_environment_hook('mbot_demo', 'cmake_prefix_path')
[4.002s] INFO:colcon.colcon_core.shell:Creating environment hook '/home/berenic/Documents/LPRS2_2026/Robo_Hand_RS485/ROS2/robo_hand_ws/install/mbot_demo/share/mbot_demo/hook/cmake_prefix_path.ps1'
[4.003s] INFO:colcon.colcon_core.shell:Creating environment descriptor '/home/berenic/Documents/LPRS2_2026/Robo_Hand_RS485/ROS2/robo_hand_ws/install/mbot_demo/share/mbot_demo/hook/cmake_prefix_path.dsv'
[4.004s] INFO:colcon.colcon_core.shell:Creating environment hook '/home/berenic/Documents/LPRS2_2026/Robo_Hand_RS485/ROS2/robo_hand_ws/install/mbot_demo/share/mbot_demo/hook/cmake_prefix_path.sh'
[4.005s] Level 1:colcon.colcon_core.environment:checking '/home/berenic/Documents/LPRS2_2026/Robo_Hand_RS485/ROS2/robo_hand_ws/install/mbot_demo/bin'
[4.005s] Level 1:colcon.colcon_core.environment:checking '/home/berenic/Documents/LPRS2_2026/Robo_Hand_RS485/ROS2/robo_hand_ws/install/mbot_demo/lib/pkgconfig/mbot_demo.pc'
[4.005s] Level 1:colcon.colcon_core.environment:checking '/home/berenic/Documents/LPRS2_2026/Robo_Hand_RS485/ROS2/robo_hand_ws/install/mbot_demo/lib/python3.12/site-packages'
[4.006s] Level 1:colcon.colcon_core.environment:checking '/home/berenic/Documents/LPRS2_2026/Robo_Hand_RS485/ROS2/robo_hand_ws/install/mbot_demo/bin'
[4.006s] INFO:colcon.colcon_core.shell:Creating package script '/home/berenic/Documents/LPRS2_2026/Robo_Hand_RS485/ROS2/robo_hand_ws/install/mbot_demo/share/mbot_demo/package.ps1'
[4.007s] INFO:colcon.colcon_core.shell:Creating package descriptor '/home/berenic/Documents/LPRS2_2026/Robo_Hand_RS485/ROS2/robo_hand_ws/install/mbot_demo/share/mbot_demo/package.dsv'
[4.008s] INFO:colcon.colcon_core.shell:Creating package script '/home/berenic/Documents/LPRS2_2026/Robo_Hand_RS485/ROS2/robo_hand_ws/install/mbot_demo/share/mbot_demo/package.sh'
[4.009s] INFO:colcon.colcon_core.shell:Creating package script '/home/berenic/Documents/LPRS2_2026/Robo_Hand_RS485/ROS2/robo_hand_ws/install/mbot_demo/share/mbot_demo/package.bash'
[4.010s] INFO:colcon.colcon_core.shell:Creating package script '/home/berenic/Documents/LPRS2_2026/Robo_Hand_RS485/ROS2/robo_hand_ws/install/mbot_demo/share/mbot_demo/package.zsh'
[4.011s] Level 1:colcon.colcon_core.environment:create_file_with_runtime_dependencies(/home/berenic/Documents/LPRS2_2026/Robo_Hand_RS485/ROS2/robo_hand_ws/install/mbot_demo/share/colcon-core/packages/mbot_demo)
[4.016s] DEBUG:colcon.colcon_core.event_handler.log_command:Invoked command in '/home/berenic/Documents/LPRS2_2026/Robo_Hand_RS485/ROS2/robo_hand_ws/build/xarm_gazebo' returned '0': AMENT_PREFIX_PATH=/home/berenic/Documents/LPRS2_2026/Robo_Hand_RS485/ROS2/robo_hand_ws/install/uf_ros_lib:/home/berenic/Documents/LPRS2_2026/Robo_Hand_RS485/ROS2/robo_hand_ws/install/glue_events_routines:/home/berenic/Documents/LPRS2_2026/Robo_Hand_RS485/ROS2/robo_hand_ws/install/xarm_planner:/home/berenic/Documents/LPRS2_2026/Robo_Hand_RS485/ROS2/robo_hand_ws/install/xarm_moveit_servo:/home/berenic/Documents/LPRS2_2026/Robo_Hand_RS485/ROS2/robo_hand_ws/install/xarm_moveit_config:/home/berenic/Documents/LPRS2_2026/Robo_Hand_RS485/ROS2/robo_hand_ws/install/xarm_gazebo:/home/berenic/Documents/LPRS2_2026/Robo_Hand_RS485/ROS2/robo_hand_ws/install/xarm_controller:/home/berenic/Documents/LPRS2_2026/Robo_Hand_RS485/ROS2/robo_hand_ws/install/xarm_api:/home/berenic/Documents/LPRS2_2026/Robo_Hand_RS485/ROS2/robo_hand_ws/install/xarm_sdk:/home/berenic/Documents/LPRS2_2026/Robo_Hand_RS485/ROS2/robo_hand_ws/install/xarm_msgs:/home/berenic/Documents/LPRS2_2026/Robo_Hand_RS485/ROS2/robo_hand_ws/install/xarm_description:/home/berenic/Documents/LPRS2_2026/Robo_Hand_RS485/ROS2/robo_hand_ws/install/mbot_demo:/home/berenic/Documents/LPRS2_2026/Robo_Hand_RS485/ROS2/robo_hand_ws/install/realsense_gazebo_plugin:/opt/ros/jazzy CMAKE_PREFIX_PATH=/home/berenic/Documents/LPRS2_2026/Robo_Hand_RS485/ROS2/robo_hand_ws/install/xarm_controller:/home/berenic/Documents/LPRS2_2026/Robo_Hand_RS485/ROS2/robo_hand_ws/install/xarm_api:/home/berenic/Documents/LPRS2_2026/Robo_Hand_RS485/ROS2/robo_hand_ws/install/xarm_sdk:/home/berenic/Documents/LPRS2_2026/Robo_Hand_RS485/ROS2/robo_hand_ws/install/xarm_msgs:/home/berenic/Documents/LPRS2_2026/Robo_Hand_RS485/ROS2/robo_hand_ws/install/xarm_description:/home/berenic/Documents/LPRS2_2026/Robo_Hand_RS485/ROS2/robo_hand_ws/install/glue_events_routines:/home/berenic/Documents/LPRS2_2026/Robo_Hand_RS485/ROS2/robo_hand_ws/install/xarm_planner:/home/berenic/Documents/LPRS2_2026/Robo_Hand_RS485/ROS2/robo_hand_ws/install/xarm_moveit_servo:/home/berenic/Documents/LPRS2_2026/Robo_Hand_RS485/ROS2/robo_hand_ws/install/xarm_moveit_config:/home/berenic/Documents/LPRS2_2026/Robo_Hand_RS485/ROS2/robo_hand_ws/install/xarm_gazebo:/home/berenic/Documents/LPRS2_2026/Robo_Hand_RS485/ROS2/robo_hand_ws/install/mbot_demo:/home/berenic/Documents/LPRS2_2026/Robo_Hand_RS485/ROS2/robo_hand_ws/install/realsense_gazebo_plugin:/opt/ros/jazzy/opt/gz_sim_vendor:/opt/ros/jazzy/opt/gz_sensors_vendor:/opt/ros/jazzy/opt/gz_physics_vendor:/opt/ros/jazzy/opt/sdformat_vendor:/opt/ros/jazzy/opt/gz_gui_vendor:/opt/ros/jazzy/opt/gz_transport_vendor:/opt/ros/jazzy/opt/gz_rendering_vendor:/opt/ros/jazzy/opt/gz_plugin_vendor:/opt/ros/jazzy/opt/gz_fuel_tools_vendor:/opt/ros/jazzy/opt/gz_msgs_vendor:/opt/ros/jazzy/opt/gz_common_vendor:/opt/ros/jazzy/opt/gz_math_vendor:/opt/ros/jazzy/opt/gz_utils_vendor:/opt/ros/jazzy/opt/gz_tools_vendor:/opt/ros/jazzy/opt/gz_ogre_next_vendor:/opt/ros/jazzy/opt/gz_dartsim_vendor:/opt/ros/jazzy/opt/gz_cmake_vendor:/home/berenic/Documents/LPRS2_2026/Robo_Hand_RS485/ROS2/robo_hand_ws/install/uf_ros_lib:/opt/ros/jazzy DEBUGINFOD_URLS=https://debuginfod.ubuntu.com LD_LIBRARY_PATH=/home/berenic/Documents/LPRS2_2026/Robo_Hand_RS485/ROS2/robo_hand_ws/install/xarm_controller/lib:/home/berenic/Documents/LPRS2_2026/Robo_Hand_RS485/ROS2/robo_hand_ws/install/xarm_api/lib:/home/berenic/Documents/LPRS2_2026/Robo_Hand_RS485/ROS2/robo_hand_ws/install/xarm_sdk/lib:/home/berenic/Documents/LPRS2_2026/Robo_Hand_RS485/ROS2/robo_hand_ws/install/xarm_msgs/lib:/home/berenic/Documents/LPRS2_2026/Robo_Hand_RS485/ROS2/robo_hand_ws/install/xarm_planner/lib:/home/berenic/Documents/LPRS2_2026/Robo_Hand_RS485/ROS2/robo_hand_ws/install/xarm_moveit_servo/lib:/home/berenic/Documents/LPRS2_2026/Robo_Hand_RS485/ROS2/robo_hand_ws/install/xarm_gazebo/lib:/home/berenic/Documents/LPRS2_2026/Robo_Hand_RS485/ROS2/robo_hand_ws/install/realsense_gazebo_plugin/lib:/opt/ros/jazzy/opt/gz_sim_vendor/lib:/opt/ros/jazzy/opt/gz_sensors_vendor/lib:/opt/ros/jazzy/opt/gz_physics_vendor/lib:/opt/ros/jazzy/opt/sdformat_vendor/lib:/opt/ros/jazzy/opt/rviz_ogre_vendor/lib:/opt/ros/jazzy/lib/x86_64-linux-gnu:/opt/ros/jazzy/opt/gz_gui_vendor/lib:/opt/ros/jazzy/opt/gz_transport_vendor/lib:/opt/ros/jazzy/opt/gz_rendering_vendor/lib:/opt/ros/jazzy/opt/gz_plugin_vendor/lib:/opt/ros/jazzy/opt/gz_fuel_tools_vendor/lib:/opt/ros/jazzy/opt/gz_msgs_vendor/lib:/opt/ros/jazzy/opt/gz_common_vendor/lib:/opt/ros/jazzy/opt/gz_math_vendor/lib:/opt/ros/jazzy/opt/gz_utils_vendor/lib:/opt/ros/jazzy/opt/gz_tools_vendor/lib:/opt/ros/jazzy/opt/gz_ogre_next_vendor/lib:/opt/ros/jazzy/opt/gz_dartsim_vendor/lib:/opt/ros/jazzy/opt/gz_cmake_vendor/lib:/opt/ros/jazzy/lib /usr/bin/cmake --build /home/berenic/Documents/LPRS2_2026/Robo_Hand_RS485/ROS2/robo_hand_ws/build/xarm_gazebo -- -j12 -l12
[4.022s] DEBUG:colcon.colcon_core.event_handler.log_command:Invoking command in '/home/berenic/Documents/LPRS2_2026/Robo_Hand_RS485/ROS2/robo_hand_ws/build/xarm_gazebo': AMENT_PREFIX_PATH=/home/berenic/Documents/LPRS2_2026/Robo_Hand_RS485/ROS2/robo_hand_ws/install/uf_ros_lib:/home/berenic/Documents/LPRS2_2026/Robo_Hand_RS485/ROS2/robo_hand_ws/install/glue_events_routines:/home/berenic/Documents/LPRS2_2026/Robo_Hand_RS485/ROS2/robo_hand_ws/install/xarm_planner:/home/berenic/Documents/LPRS2_2026/Robo_Hand_RS485/ROS2/robo_hand_ws/install/xarm_moveit_servo:/home/berenic/Documents/LPRS2_2026/Robo_Hand_RS485/ROS2/robo_hand_ws/install/xarm_moveit_config:/home/berenic/Documents/LPRS2_2026/Robo_Hand_RS485/ROS2/robo_hand_ws/install/xarm_gazebo:/home/berenic/Documents/LPRS2_2026/Robo_Hand_RS485/ROS2/robo_hand_ws/install/xarm_controller:/home/berenic/Documents/LPRS2_2026/Robo_Hand_RS485/ROS2/robo_hand_ws/install/xarm_api:/home/berenic/Documents/LPRS2_2026/Robo_Hand_RS485/ROS2/robo_hand_ws/install/xarm_sdk:/home/berenic/Documents/LPRS2_2026/Robo_Hand_RS485/ROS2/robo_hand_ws/install/xarm_msgs:/home/berenic/Documents/LPRS2_2026/Robo_Hand_RS485/ROS2/robo_hand_ws/install/xarm_description:/home/berenic/Documents/LPRS2_2026/Robo_Hand_RS485/ROS2/robo_hand_ws/install/mbot_demo:/home/berenic/Documents/LPRS2_2026/Robo_Hand_RS485/ROS2/robo_hand_ws/install/realsense_gazebo_plugin:/opt/ros/jazzy CMAKE_PREFIX_PATH=/home/berenic/Documents/LPRS2_2026/Robo_Hand_RS485/ROS2/robo_hand_ws/install/xarm_controller:/home/berenic/Documents/LPRS2_2026/Robo_Hand_RS485/ROS2/robo_hand_ws/install/xarm_api:/home/berenic/Documents/LPRS2_2026/Robo_Hand_RS485/ROS2/robo_hand_ws/install/xarm_sdk:/home/berenic/Documents/LPRS2_2026/Robo_Hand_RS485/ROS2/robo_hand_ws/install/xarm_msgs:/home/berenic/Documents/LPRS2_2026/Robo_Hand_RS485/ROS2/robo_hand_ws/install/xarm_description:/home/berenic/Documents/LPRS2_2026/Robo_Hand_RS485/ROS2/robo_hand_ws/install/glue_events_routines:/home/berenic/Documents/LPRS2_2026/Robo_Hand_RS485/ROS2/robo_hand_ws/install/xarm_planner:/home/berenic/Documents/LPRS2_2026/Robo_Hand_RS485/ROS2/robo_hand_ws/install/xarm_moveit_servo:/home/berenic/Documents/LPRS2_2026/Robo_Hand_RS485/ROS2/robo_hand_ws/install/xarm_moveit_config:/home/berenic/Documents/LPRS2_2026/Robo_Hand_RS485/ROS2/robo_hand_ws/install/xarm_gazebo:/home/berenic/Documents/LPRS2_2026/Robo_Hand_RS485/ROS2/robo_hand_ws/install/mbot_demo:/home/berenic/Documents/LPRS2_2026/Robo_Hand_RS485/ROS2/robo_hand_ws/install/realsense_gazebo_plugin:/opt/ros/jazzy/opt/gz_sim_vendor:/opt/ros/jazzy/opt/gz_sensors_vendor:/opt/ros/jazzy/opt/gz_physics_vendor:/opt/ros/jazzy/opt/sdformat_vendor:/opt/ros/jazzy/opt/gz_gui_vendor:/opt/ros/jazzy/opt/gz_transport_vendor:/opt/ros/jazzy/opt/gz_rendering_vendor:/opt/ros/jazzy/opt/gz_plugin_vendor:/opt/ros/jazzy/opt/gz_fuel_tools_vendor:/opt/ros/jazzy/opt/gz_msgs_vendor:/opt/ros/jazzy/opt/gz_common_vendor:/opt/ros/jazzy/opt/gz_math_vendor:/opt/ros/jazzy/opt/gz_utils_vendor:/opt/ros/jazzy/opt/gz_tools_vendor:/opt/ros/jazzy/opt/gz_ogre_next_vendor:/opt/ros/jazzy/opt/gz_dartsim_vendor:/opt/ros/jazzy/opt/gz_cmake_vendor:/home/berenic/Documents/LPRS2_2026/Robo_Hand_RS485/ROS2/robo_hand_ws/install/uf_ros_lib:/opt/ros/jazzy DEBUGINFOD_URLS=https://debuginfod.ubuntu.com LD_LIBRARY_PATH=/home/berenic/Documents/LPRS2_2026/Robo_Hand_RS485/ROS2/robo_hand_ws/install/xarm_controller/lib:/home/berenic/Documents/LPRS2_2026/Robo_Hand_RS485/ROS2/robo_hand_ws/install/xarm_api/lib:/home/berenic/Documents/LPRS2_2026/Robo_Hand_RS485/ROS2/robo_hand_ws/install/xarm_sdk/lib:/home/berenic/Documents/LPRS2_2026/Robo_Hand_RS485/ROS2/robo_hand_ws/install/xarm_msgs/lib:/home/berenic/Documents/LPRS2_2026/Robo_Hand_RS485/ROS2/robo_hand_ws/install/xarm_planner/lib:/home/berenic/Documents/LPRS2_2026/Robo_Hand_RS485/ROS2/robo_hand_ws/install/xarm_moveit_servo/lib:/home/berenic/Documents/LPRS2_2026/Robo_Hand_RS485/ROS2/robo_hand_ws/install/xarm_gazebo/lib:/home/berenic/Documents/LPRS2_2026/Robo_Hand_RS485/ROS2/robo_hand_ws/install/realsense_gazebo_plugin/lib:/opt/ros/jazzy/opt/gz_sim_vendor/lib:/opt/ros/jazzy/opt/gz_sensors_vendor/lib:/opt/ros/jazzy/opt/gz_physics_vendor/lib:/opt/ros/jazzy/opt/sdformat_vendor/lib:/opt/ros/jazzy/opt/rviz_ogre_vendor/lib:/opt/ros/jazzy/lib/x86_64-linux-gnu:/opt/ros/jazzy/opt/gz_gui_vendor/lib:/opt/ros/jazzy/opt/gz_transport_vendor/lib:/opt/ros/jazzy/opt/gz_rendering_vendor/lib:/opt/ros/jazzy/opt/gz_plugin_vendor/lib:/opt/ros/jazzy/opt/gz_fuel_tools_vendor/lib:/opt/ros/jazzy/opt/gz_msgs_vendor/lib:/opt/ros/jazzy/opt/gz_common_vendor/lib:/opt/ros/jazzy/opt/gz_math_vendor/lib:/opt/ros/jazzy/opt/gz_utils_vendor/lib:/opt/ros/jazzy/opt/gz_tools_vendor/lib:/opt/ros/jazzy/opt/gz_ogre_next_vendor/lib:/opt/ros/jazzy/opt/gz_dartsim_vendor/lib:/opt/ros/jazzy/opt/gz_cmake_vendor/lib:/opt/ros/jazzy/lib /usr/bin/cmake --install /home/berenic/Documents/LPRS2_2026/Robo_Hand_RS485/ROS2/robo_hand_ws/build/xarm_gazebo
[4.086s] Level 1:colcon.colcon_core.environment:create_environment_scripts_only(xarm_gazebo)
[4.086s] Level 1:colcon.colcon_core.environment:checking '/home/berenic/Documents/LPRS2_2026/Robo_Hand_RS485/ROS2/robo_hand_ws/install/xarm_gazebo' for CMake module files
[4.088s] DEBUG:colcon.colcon_core.event_handler.log_command:Invoked command in '/home/berenic/Documents/LPRS2_2026/Robo_Hand_RS485/ROS2/robo_hand_ws/build/xarm_gazebo' returned '0': AMENT_PREFIX_PATH=/home/berenic/Documents/LPRS2_2026/Robo_Hand_RS485/ROS2/robo_hand_ws/install/uf_ros_lib:/home/berenic/Documents/LPRS2_2026/Robo_Hand_RS485/ROS2/robo_hand_ws/install/glue_events_routines:/home/berenic/Documents/LPRS2_2026/Robo_Hand_RS485/ROS2/robo_hand_ws/install/xarm_planner:/home/berenic/Documents/LPRS2_2026/Robo_Hand_RS485/ROS2/robo_hand_ws/install/xarm_moveit_servo:/home/berenic/Documents/LPRS2_2026/Robo_Hand_RS485/ROS2/robo_hand_ws/install/xarm_moveit_config:/home/berenic/Documents/LPRS2_2026/Robo_Hand_RS485/ROS2/robo_hand_ws/install/xarm_gazebo:/home/berenic/Documents/LPRS2_2026/Robo_Hand_RS485/ROS2/robo_hand_ws/install/xarm_controller:/home/berenic/Documents/LPRS2_2026/Robo_Hand_RS485/ROS2/robo_hand_ws/install/xarm_api:/home/berenic/Documents/LPRS2_2026/Robo_Hand_RS485/ROS2/robo_hand_ws/install/xarm_sdk:/home/berenic/Documents/LPRS2_2026/Robo_Hand_RS485/ROS2/robo_hand_ws/install/xarm_msgs:/home/berenic/Documents/LPRS2_2026/Robo_Hand_RS485/ROS2/robo_hand_ws/install/xarm_description:/home/berenic/Documents/LPRS2_2026/Robo_Hand_RS485/ROS2/robo_hand_ws/install/mbot_demo:/home/berenic/Documents/LPRS2_2026/Robo_Hand_RS485/ROS2/robo_hand_ws/install/realsense_gazebo_plugin:/opt/ros/jazzy CMAKE_PREFIX_PATH=/home/berenic/Documents/LPRS2_2026/Robo_Hand_RS485/ROS2/robo_hand_ws/install/xarm_controller:/home/berenic/Documents/LPRS2_2026/Robo_Hand_RS485/ROS2/robo_hand_ws/install/xarm_api:/home/berenic/Documents/LPRS2_2026/Robo_Hand_RS485/ROS2/robo_hand_ws/install/xarm_sdk:/home/berenic/Documents/LPRS2_2026/Robo_Hand_RS485/ROS2/robo_hand_ws/install/xarm_msgs:/home/berenic/Documents/LPRS2_2026/Robo_Hand_RS485/ROS2/robo_hand_ws/install/xarm_description:/home/berenic/Documents/LPRS2_2026/Robo_Hand_RS485/ROS2/robo_hand_ws/install/glue_events_routines:/home/berenic/Documents/LPRS2_2026/Robo_Hand_RS485/ROS2/robo_hand_ws/install/xarm_planner:/home/berenic/Documents/LPRS2_2026/Robo_Hand_RS485/ROS2/robo_hand_ws/install/xarm_moveit_servo:/home/berenic/Documents/LPRS2_2026/Robo_Hand_RS485/ROS2/robo_hand_ws/install/xarm_moveit_config:/home/berenic/Documents/LPRS2_2026/Robo_Hand_RS485/ROS2/robo_hand_ws/install/xarm_gazebo:/home/berenic/Documents/LPRS2_2026/Robo_Hand_RS485/ROS2/robo_hand_ws/install/mbot_demo:/home/berenic/Documents/LPRS2_2026/Robo_Hand_RS485/ROS2/robo_hand_ws/install/realsense_gazebo_plugin:/opt/ros/jazzy/opt/gz_sim_vendor:/opt/ros/jazzy/opt/gz_sensors_vendor:/opt/ros/jazzy/opt/gz_physics_vendor:/opt/ros/jazzy/opt/sdformat_vendor:/opt/ros/jazzy/opt/gz_gui_vendor:/opt/ros/jazzy/opt/gz_transport_vendor:/opt/ros/jazzy/opt/gz_rendering_vendor:/opt/ros/jazzy/opt/gz_plugin_vendor:/opt/ros/jazzy/opt/gz_fuel_tools_vendor:/opt/ros/jazzy/opt/gz_msgs_vendor:/opt/ros/jazzy/opt/gz_common_vendor:/opt/ros/jazzy/opt/gz_math_vendor:/opt/ros/jazzy/opt/gz_utils_vendor:/opt/ros/jazzy/opt/gz_tools_vendor:/opt/ros/jazzy/opt/gz_ogre_next_vendor:/opt/ros/jazzy/opt/gz_dartsim_vendor:/opt/ros/jazzy/opt/gz_cmake_vendor:/home/berenic/Documents/LPRS2_2026/Robo_Hand_RS485/ROS2/robo_hand_ws/install/uf_ros_lib:/opt/ros/jazzy DEBUGINFOD_URLS=https://debuginfod.ubuntu.com LD_LIBRARY_PATH=/home/berenic/Documents/LPRS2_2026/Robo_Hand_RS485/ROS2/robo_hand_ws/install/xarm_controller/lib:/home/berenic/Documents/LPRS2_2026/Robo_Hand_RS485/ROS2/robo_hand_ws/install/xarm_api/lib:/home/berenic/Documents/LPRS2_2026/Robo_Hand_RS485/ROS2/robo_hand_ws/install/xarm_sdk/lib:/home/berenic/Documents/LPRS2_2026/Robo_Hand_RS485/ROS2/robo_hand_ws/install/xarm_msgs/lib:/home/berenic/Documents/LPRS2_2026/Robo_Hand_RS485/ROS2/robo_hand_ws/install/xarm_planner/lib:/home/berenic/Documents/LPRS2_2026/Robo_Hand_RS485/ROS2/robo_hand_ws/install/xarm_moveit_servo/lib:/home/berenic/Documents/LPRS2_2026/Robo_Hand_RS485/ROS2/robo_hand_ws/install/xarm_gazebo/lib:/home/berenic/Documents/LPRS2_2026/Robo_Hand_RS485/ROS2/robo_hand_ws/install/realsense_gazebo_plugin/lib:/opt/ros/jazzy/opt/gz_sim_vendor/lib:/opt/ros/jazzy/opt/gz_sensors_vendor/lib:/opt/ros/jazzy/opt/gz_physics_vendor/lib:/opt/ros/jazzy/opt/sdformat_vendor/lib:/opt/ros/jazzy/opt/rviz_ogre_vendor/lib:/opt/ros/jazzy/lib/x86_64-linux-gnu:/opt/ros/jazzy/opt/gz_gui_vendor/lib:/opt/ros/jazzy/opt/gz_transport_vendor/lib:/opt/ros/jazzy/opt/gz_rendering_vendor/lib:/opt/ros/jazzy/opt/gz_plugin_vendor/lib:/opt/ros/jazzy/opt/gz_fuel_tools_vendor/lib:/opt/ros/jazzy/opt/gz_msgs_vendor/lib:/opt/ros/jazzy/opt/gz_common_vendor/lib:/opt/ros/jazzy/opt/gz_math_vendor/lib:/opt/ros/jazzy/opt/gz_utils_vendor/lib:/opt/ros/jazzy/opt/gz_tools_vendor/lib:/opt/ros/jazzy/opt/gz_ogre_next_vendor/lib:/opt/ros/jazzy/opt/gz_dartsim_vendor/lib:/opt/ros/jazzy/opt/gz_cmake_vendor/lib:/opt/ros/jazzy/lib /usr/bin/cmake --install /home/berenic/Documents/LPRS2_2026/Robo_Hand_RS485/ROS2/robo_hand_ws/build/xarm_gazebo
[4.088s] Level 1:colcon.colcon_core.environment:checking '/home/berenic/Documents/LPRS2_2026/Robo_Hand_RS485/ROS2/robo_hand_ws/install/xarm_gazebo' for CMake config files
[4.089s] Level 1:colcon.colcon_core.shell:create_environment_hook('xarm_gazebo', 'cmake_prefix_path')
[4.089s] INFO:colcon.colcon_core.shell:Creating environment hook '/home/berenic/Documents/LPRS2_2026/Robo_Hand_RS485/ROS2/robo_hand_ws/install/xarm_gazebo/share/xarm_gazebo/hook/cmake_prefix_path.ps1'
[4.090s] INFO:colcon.colcon_core.shell:Creating environment descriptor '/home/berenic/Documents/LPRS2_2026/Robo_Hand_RS485/ROS2/robo_hand_ws/install/xarm_gazebo/share/xarm_gazebo/hook/cmake_prefix_path.dsv'
[4.091s] INFO:colcon.colcon_core.shell:Creating environment hook '/home/berenic/Documents/LPRS2_2026/Robo_Hand_RS485/ROS2/robo_hand_ws/install/xarm_gazebo/share/xarm_gazebo/hook/cmake_prefix_path.sh'
[4.092s] Level 1:colcon.colcon_core.environment:checking '/home/berenic/Documents/LPRS2_2026/Robo_Hand_RS485/ROS2/robo_hand_ws/install/xarm_gazebo/lib'
[4.092s] Level 1:colcon.colcon_core.shell:create_environment_hook('xarm_gazebo', 'ld_library_path_lib')
[4.092s] INFO:colcon.colcon_core.shell:Creating environment hook '/home/berenic/Documents/LPRS2_2026/Robo_Hand_RS485/ROS2/robo_hand_ws/install/xarm_gazebo/share/xarm_gazebo/hook/ld_library_path_lib.ps1'
[4.093s] INFO:colcon.colcon_core.shell:Creating environment descriptor '/home/berenic/Documents/LPRS2_2026/Robo_Hand_RS485/ROS2/robo_hand_ws/install/xarm_gazebo/share/xarm_gazebo/hook/ld_library_path_lib.dsv'
[4.093s] INFO:colcon.colcon_core.shell:Creating environment hook '/home/berenic/Documents/LPRS2_2026/Robo_Hand_RS485/ROS2/robo_hand_ws/install/xarm_gazebo/share/xarm_gazebo/hook/ld_library_path_lib.sh'
[4.094s] Level 1:colcon.colcon_core.environment:checking '/home/berenic/Documents/LPRS2_2026/Robo_Hand_RS485/ROS2/robo_hand_ws/install/xarm_gazebo/bin'
[4.094s] Level 1:colcon.colcon_core.environment:checking '/home/berenic/Documents/LPRS2_2026/Robo_Hand_RS485/ROS2/robo_hand_ws/install/xarm_gazebo/lib/pkgconfig/xarm_gazebo.pc'
[4.095s] Level 1:colcon.colcon_core.environment:checking '/home/berenic/Documents/LPRS2_2026/Robo_Hand_RS485/ROS2/robo_hand_ws/install/xarm_gazebo/lib/python3.12/site-packages'
[4.095s] Level 1:colcon.colcon_core.environment:checking '/home/berenic/Documents/LPRS2_2026/Robo_Hand_RS485/ROS2/robo_hand_ws/install/xarm_gazebo/bin'
[4.096s] INFO:colcon.colcon_core.shell:Creating package script '/home/berenic/Documents/LPRS2_2026/Robo_Hand_RS485/ROS2/robo_hand_ws/install/xarm_gazebo/share/xarm_gazebo/package.ps1'
[4.096s] INFO:colcon.colcon_core.shell:Creating package descriptor '/home/berenic/Documents/LPRS2_2026/Robo_Hand_RS485/ROS2/robo_hand_ws/install/xarm_gazebo/share/xarm_gazebo/package.dsv'
[4.097s] INFO:colcon.colcon_core.shell:Creating package script '/home/berenic/Documents/LPRS2_2026/Robo_Hand_RS485/ROS2/robo_hand_ws/install/xarm_gazebo/share/xarm_gazebo/package.sh'
[4.098s] INFO:colcon.colcon_core.shell:Creating package script '/home/berenic/Documents/LPRS2_2026/Robo_Hand_RS485/ROS2/robo_hand_ws/install/xarm_gazebo/share/xarm_gazebo/package.bash'
[4.099s] INFO:colcon.colcon_core.shell:Creating package script '/home/berenic/Documents/LPRS2_2026/Robo_Hand_RS485/ROS2/robo_hand_ws/install/xarm_gazebo/share/xarm_gazebo/package.zsh'
[4.100s] Level 1:colcon.colcon_core.environment:create_file_with_runtime_dependencies(/home/berenic/Documents/LPRS2_2026/Robo_Hand_RS485/ROS2/robo_hand_ws/install/xarm_gazebo/share/colcon-core/packages/xarm_gazebo)
[4.101s] Level 1:colcon.colcon_core.environment:create_environment_scripts_only(xarm_gazebo)
[4.101s] Level 1:colcon.colcon_core.environment:checking '/home/berenic/Documents/LPRS2_2026/Robo_Hand_RS485/ROS2/robo_hand_ws/install/xarm_gazebo' for CMake module files
[4.102s] Level 1:colcon.colcon_core.environment:checking '/home/berenic/Documents/LPRS2_2026/Robo_Hand_RS485/ROS2/robo_hand_ws/install/xarm_gazebo' for CMake config files
[4.103s] Level 1:colcon.colcon_core.shell:create_environment_hook('xarm_gazebo', 'cmake_prefix_path')
[4.103s] INFO:colcon.colcon_core.shell:Creating environment hook '/home/berenic/Documents/LPRS2_2026/Robo_Hand_RS485/ROS2/robo_hand_ws/install/xarm_gazebo/share/xarm_gazebo/hook/cmake_prefix_path.ps1'
[4.103s] INFO:colcon.colcon_core.shell:Creating environment descriptor '/home/berenic/Documents/LPRS2_2026/Robo_Hand_RS485/ROS2/robo_hand_ws/install/xarm_gazebo/share/xarm_gazebo/hook/cmake_prefix_path.dsv'
[4.104s] INFO:colcon.colcon_core.shell:Creating environment hook '/home/berenic/Documents/LPRS2_2026/Robo_Hand_RS485/ROS2/robo_hand_ws/install/xarm_gazebo/share/xarm_gazebo/hook/cmake_prefix_path.sh'
[4.105s] Level 1:colcon.colcon_core.environment:checking '/home/berenic/Documents/LPRS2_2026/Robo_Hand_RS485/ROS2/robo_hand_ws/install/xarm_gazebo/lib'
[4.105s] Level 1:colcon.colcon_core.shell:create_environment_hook('xarm_gazebo', 'ld_library_path_lib')
[4.106s] INFO:colcon.colcon_core.shell:Creating environment hook '/home/berenic/Documents/LPRS2_2026/Robo_Hand_RS485/ROS2/robo_hand_ws/install/xarm_gazebo/share/xarm_gazebo/hook/ld_library_path_lib.ps1'
[4.106s] INFO:colcon.colcon_core.shell:Creating environment descriptor '/home/berenic/Documents/LPRS2_2026/Robo_Hand_RS485/ROS2/robo_hand_ws/install/xarm_gazebo/share/xarm_gazebo/hook/ld_library_path_lib.dsv'
[4.107s] INFO:colcon.colcon_core.shell:Creating environment hook '/home/berenic/Documents/LPRS2_2026/Robo_Hand_RS485/ROS2/robo_hand_ws/install/xarm_gazebo/share/xarm_gazebo/hook/ld_library_path_lib.sh'
[4.108s] Level 1:colcon.colcon_core.environment:checking '/home/berenic/Documents/LPRS2_2026/Robo_Hand_RS485/ROS2/robo_hand_ws/install/xarm_gazebo/bin'
[4.108s] Level 1:colcon.colcon_core.environment:checking '/home/berenic/Documents/LPRS2_2026/Robo_Hand_RS485/ROS2/robo_hand_ws/install/xarm_gazebo/lib/pkgconfig/xarm_gazebo.pc'
[4.108s] Level 1:colcon.colcon_core.environment:checking '/home/berenic/Documents/LPRS2_2026/Robo_Hand_RS485/ROS2/robo_hand_ws/install/xarm_gazebo/lib/python3.12/site-packages'
[4.109s] Level 1:colcon.colcon_core.environment:checking '/home/berenic/Documents/LPRS2_2026/Robo_Hand_RS485/ROS2/robo_hand_ws/install/xarm_gazebo/bin'
[4.109s] INFO:colcon.colcon_core.shell:Creating package script '/home/berenic/Documents/LPRS2_2026/Robo_Hand_RS485/ROS2/robo_hand_ws/install/xarm_gazebo/share/xarm_gazebo/package.ps1'
[4.110s] INFO:colcon.colcon_core.shell:Creating package descriptor '/home/berenic/Documents/LPRS2_2026/Robo_Hand_RS485/ROS2/robo_hand_ws/install/xarm_gazebo/share/xarm_gazebo/package.dsv'
[4.111s] INFO:colcon.colcon_core.shell:Creating package script '/home/berenic/Documents/LPRS2_2026/Robo_Hand_RS485/ROS2/robo_hand_ws/install/xarm_gazebo/share/xarm_gazebo/package.sh'
[4.112s] INFO:colcon.colcon_core.shell:Creating package script '/home/berenic/Documents/LPRS2_2026/Robo_Hand_RS485/ROS2/robo_hand_ws/install/xarm_gazebo/share/xarm_gazebo/package.bash'
[4.112s] INFO:colcon.colcon_core.shell:Creating package script '/home/berenic/Documents/LPRS2_2026/Robo_Hand_RS485/ROS2/robo_hand_ws/install/xarm_gazebo/share/xarm_gazebo/package.zsh'
[4.113s] Level 1:colcon.colcon_core.environment:create_file_with_runtime_dependencies(/home/berenic/Documents/LPRS2_2026/Robo_Hand_RS485/ROS2/robo_hand_ws/install/xarm_gazebo/share/colcon-core/packages/xarm_gazebo)
[4.114s] INFO:colcon.colcon_ros.task.ament_cmake.build:Building ROS package in '/home/berenic/Documents/LPRS2_2026/Robo_Hand_RS485/ROS2/robo_hand_ws/src/xarm_ros2/xarm_moveit_config' with build type 'ament_cmake'
[4.114s] INFO:colcon.colcon_cmake.task.cmake.build:Building CMake package in '/home/berenic/Documents/LPRS2_2026/Robo_Hand_RS485/ROS2/robo_hand_ws/src/xarm_ros2/xarm_moveit_config'
[4.114s] INFO:colcon.colcon_core.shell:Skip shell extension 'powershell' for command environment: Not usable outside of PowerShell
[4.114s] DEBUG:colcon.colcon_core.shell:Skip shell extension 'dsv' for command environment
[4.162s] DEBUG:colcon.colcon_core.event_handler.log_command:Invoking command in '/home/berenic/Documents/LPRS2_2026/Robo_Hand_RS485/ROS2/robo_hand_ws/build/xarm_moveit_config': AMENT_PREFIX_PATH=/home/berenic/Documents/LPRS2_2026/Robo_Hand_RS485/ROS2/robo_hand_ws/install/uf_ros_lib:/home/berenic/Documents/LPRS2_2026/Robo_Hand_RS485/ROS2/robo_hand_ws/install/glue_events_routines:/home/berenic/Documents/LPRS2_2026/Robo_Hand_RS485/ROS2/robo_hand_ws/install/xarm_planner:/home/berenic/Documents/LPRS2_2026/Robo_Hand_RS485/ROS2/robo_hand_ws/install/xarm_moveit_servo:/home/berenic/Documents/LPRS2_2026/Robo_Hand_RS485/ROS2/robo_hand_ws/install/xarm_moveit_config:/home/berenic/Documents/LPRS2_2026/Robo_Hand_RS485/ROS2/robo_hand_ws/install/xarm_gazebo:/home/berenic/Documents/LPRS2_2026/Robo_Hand_RS485/ROS2/robo_hand_ws/install/xarm_controller:/home/berenic/Documents/LPRS2_2026/Robo_Hand_RS485/ROS2/robo_hand_ws/install/xarm_api:/home/berenic/Documents/LPRS2_2026/Robo_Hand_RS485/ROS2/robo_hand_ws/install/xarm_sdk:/home/berenic/Documents/LPRS2_2026/Robo_Hand_RS485/ROS2/robo_hand_ws/install/xarm_msgs:/home/berenic/Documents/LPRS2_2026/Robo_Hand_RS485/ROS2/robo_hand_ws/install/xarm_description:/home/berenic/Documents/LPRS2_2026/Robo_Hand_RS485/ROS2/robo_hand_ws/install/mbot_demo:/home/berenic/Documents/LPRS2_2026/Robo_Hand_RS485/ROS2/robo_hand_ws/install/realsense_gazebo_plugin:/opt/ros/jazzy CMAKE_PREFIX_PATH=/home/berenic/Documents/LPRS2_2026/Robo_Hand_RS485/ROS2/robo_hand_ws/install/xarm_gazebo:/home/berenic/Documents/LPRS2_2026/Robo_Hand_RS485/ROS2/robo_hand_ws/install/xarm_controller:/home/berenic/Documents/LPRS2_2026/Robo_Hand_RS485/ROS2/robo_hand_ws/install/xarm_api:/home/berenic/Documents/LPRS2_2026/Robo_Hand_RS485/ROS2/robo_hand_ws/install/xarm_sdk:/home/berenic/Documents/LPRS2_2026/Robo_Hand_RS485/ROS2/robo_hand_ws/install/xarm_msgs:/home/berenic/Documents/LPRS2_2026/Robo_Hand_RS485/ROS2/robo_hand_ws/install/xarm_description:/home/berenic/Documents/LPRS2_2026/Robo_Hand_RS485/ROS2/robo_hand_ws/install/glue_events_routines:/home/berenic/Documents/LPRS2_2026/Robo_Hand_RS485/ROS2/robo_hand_ws/install/xarm_planner:/home/berenic/Documents/LPRS2_2026/Robo_Hand_RS485/ROS2/robo_hand_ws/install/xarm_moveit_servo:/home/berenic/Documents/LPRS2_2026/Robo_Hand_RS485/ROS2/robo_hand_ws/install/xarm_moveit_config:/home/berenic/Documents/LPRS2_2026/Robo_Hand_RS485/ROS2/robo_hand_ws/install/mbot_demo:/home/berenic/Documents/LPRS2_2026/Robo_Hand_RS485/ROS2/robo_hand_ws/install/realsense_gazebo_plugin:/opt/ros/jazzy/opt/gz_sim_vendor:/opt/ros/jazzy/opt/gz_sensors_vendor:/opt/ros/jazzy/opt/gz_physics_vendor:/opt/ros/jazzy/opt/sdformat_vendor:/opt/ros/jazzy/opt/gz_gui_vendor:/opt/ros/jazzy/opt/gz_transport_vendor:/opt/ros/jazzy/opt/gz_rendering_vendor:/opt/ros/jazzy/opt/gz_plugin_vendor:/opt/ros/jazzy/opt/gz_fuel_tools_vendor:/opt/ros/jazzy/opt/gz_msgs_vendor:/opt/ros/jazzy/opt/gz_common_vendor:/opt/ros/jazzy/opt/gz_math_vendor:/opt/ros/jazzy/opt/gz_utils_vendor:/opt/ros/jazzy/opt/gz_tools_vendor:/opt/ros/jazzy/opt/gz_ogre_next_vendor:/opt/ros/jazzy/opt/gz_dartsim_vendor:/opt/ros/jazzy/opt/gz_cmake_vendor:/home/berenic/Documents/LPRS2_2026/Robo_Hand_RS485/ROS2/robo_hand_ws/install/uf_ros_lib:/opt/ros/jazzy DEBUGINFOD_URLS=https://debuginfod.ubuntu.com LD_LIBRARY_PATH=/home/berenic/Documents/LPRS2_2026/Robo_Hand_RS485/ROS2/robo_hand_ws/install/xarm_gazebo/lib:/home/berenic/Documents/LPRS2_2026/Robo_Hand_RS485/ROS2/robo_hand_ws/install/xarm_controller/lib:/home/berenic/Documents/LPRS2_2026/Robo_Hand_RS485/ROS2/robo_hand_ws/install/xarm_api/lib:/home/berenic/Documents/LPRS2_2026/Robo_Hand_RS485/ROS2/robo_hand_ws/install/xarm_sdk/lib:/home/berenic/Documents/LPRS2_2026/Robo_Hand_RS485/ROS2/robo_hand_ws/install/xarm_msgs/lib:/home/berenic/Documents/LPRS2_2026/Robo_Hand_RS485/ROS2/robo_hand_ws/install/xarm_planner/lib:/home/berenic/Documents/LPRS2_2026/Robo_Hand_RS485/ROS2/robo_hand_ws/install/xarm_moveit_servo/lib:/home/berenic/Documents/LPRS2_2026/Robo_Hand_RS485/ROS2/robo_hand_ws/install/realsense_gazebo_plugin/lib:/opt/ros/jazzy/opt/gz_sim_vendor/lib:/opt/ros/jazzy/opt/gz_sensors_vendor/lib:/opt/ros/jazzy/opt/gz_physics_vendor/lib:/opt/ros/jazzy/opt/sdformat_vendor/lib:/opt/ros/jazzy/opt/rviz_ogre_vendor/lib:/opt/ros/jazzy/lib/x86_64-linux-gnu:/opt/ros/jazzy/opt/gz_gui_vendor/lib:/opt/ros/jazzy/opt/gz_transport_vendor/lib:/opt/ros/jazzy/opt/gz_rendering_vendor/lib:/opt/ros/jazzy/opt/gz_plugin_vendor/lib:/opt/ros/jazzy/opt/gz_fuel_tools_vendor/lib:/opt/ros/jazzy/opt/gz_msgs_vendor/lib:/opt/ros/jazzy/opt/gz_common_vendor/lib:/opt/ros/jazzy/opt/gz_math_vendor/lib:/opt/ros/jazzy/opt/gz_utils_vendor/lib:/opt/ros/jazzy/opt/gz_tools_vendor/lib:/opt/ros/jazzy/opt/gz_ogre_next_vendor/lib:/opt/ros/jazzy/opt/gz_dartsim_vendor/lib:/opt/ros/jazzy/opt/gz_cmake_vendor/lib:/opt/ros/jazzy/lib /usr/bin/cmake --build /home/berenic/Documents/LPRS2_2026/Robo_Hand_RS485/ROS2/robo_hand_ws/build/xarm_moveit_config -- -j12 -l12
[4.252s] DEBUG:colcon.colcon_core.event_handler.log_command:Invoked command in '/home/berenic/Documents/LPRS2_2026/Robo_Hand_RS485/ROS2/robo_hand_ws/build/xarm_moveit_config' returned '0': AMENT_PREFIX_PATH=/home/berenic/Documents/LPRS2_2026/Robo_Hand_RS485/ROS2/robo_hand_ws/install/uf_ros_lib:/home/berenic/Documents/LPRS2_2026/Robo_Hand_RS485/ROS2/robo_hand_ws/install/glue_events_routines:/home/berenic/Documents/LPRS2_2026/Robo_Hand_RS485/ROS2/robo_hand_ws/install/xarm_planner:/home/berenic/Documents/LPRS2_2026/Robo_Hand_RS485/ROS2/robo_hand_ws/install/xarm_moveit_servo:/home/berenic/Documents/LPRS2_2026/Robo_Hand_RS485/ROS2/robo_hand_ws/install/xarm_moveit_config:/home/berenic/Documents/LPRS2_2026/Robo_Hand_RS485/ROS2/robo_hand_ws/install/xarm_gazebo:/home/berenic/Documents/LPRS2_2026/Robo_Hand_RS485/ROS2/robo_hand_ws/install/xarm_controller:/home/berenic/Documents/LPRS2_2026/Robo_Hand_RS485/ROS2/robo_hand_ws/install/xarm_api:/home/berenic/Documents/LPRS2_2026/Robo_Hand_RS485/ROS2/robo_hand_ws/install/xarm_sdk:/home/berenic/Documents/LPRS2_2026/Robo_Hand_RS485/ROS2/robo_hand_ws/install/xarm_msgs:/home/berenic/Documents/LPRS2_2026/Robo_Hand_RS485/ROS2/robo_hand_ws/install/xarm_description:/home/berenic/Documents/LPRS2_2026/Robo_Hand_RS485/ROS2/robo_hand_ws/install/mbot_demo:/home/berenic/Documents/LPRS2_2026/Robo_Hand_RS485/ROS2/robo_hand_ws/install/realsense_gazebo_plugin:/opt/ros/jazzy CMAKE_PREFIX_PATH=/home/berenic/Documents/LPRS2_2026/Robo_Hand_RS485/ROS2/robo_hand_ws/install/xarm_gazebo:/home/berenic/Documents/LPRS2_2026/Robo_Hand_RS485/ROS2/robo_hand_ws/install/xarm_controller:/home/berenic/Documents/LPRS2_2026/Robo_Hand_RS485/ROS2/robo_hand_ws/install/xarm_api:/home/berenic/Documents/LPRS2_2026/Robo_Hand_RS485/ROS2/robo_hand_ws/install/xarm_sdk:/home/berenic/Documents/LPRS2_2026/Robo_Hand_RS485/ROS2/robo_hand_ws/install/xarm_msgs:/home/berenic/Documents/LPRS2_2026/Robo_Hand_RS485/ROS2/robo_hand_ws/install/xarm_description:/home/berenic/Documents/LPRS2_2026/Robo_Hand_RS485/ROS2/robo_hand_ws/install/glue_events_routines:/home/berenic/Documents/LPRS2_2026/Robo_Hand_RS485/ROS2/robo_hand_ws/install/xarm_planner:/home/berenic/Documents/LPRS2_2026/Robo_Hand_RS485/ROS2/robo_hand_ws/install/xarm_moveit_servo:/home/berenic/Documents/LPRS2_2026/Robo_Hand_RS485/ROS2/robo_hand_ws/install/xarm_moveit_config:/home/berenic/Documents/LPRS2_2026/Robo_Hand_RS485/ROS2/robo_hand_ws/install/mbot_demo:/home/berenic/Documents/LPRS2_2026/Robo_Hand_RS485/ROS2/robo_hand_ws/install/realsense_gazebo_plugin:/opt/ros/jazzy/opt/gz_sim_vendor:/opt/ros/jazzy/opt/gz_sensors_vendor:/opt/ros/jazzy/opt/gz_physics_vendor:/opt/ros/jazzy/opt/sdformat_vendor:/opt/ros/jazzy/opt/gz_gui_vendor:/opt/ros/jazzy/opt/gz_transport_vendor:/opt/ros/jazzy/opt/gz_rendering_vendor:/opt/ros/jazzy/opt/gz_plugin_vendor:/opt/ros/jazzy/opt/gz_fuel_tools_vendor:/opt/ros/jazzy/opt/gz_msgs_vendor:/opt/ros/jazzy/opt/gz_common_vendor:/opt/ros/jazzy/opt/gz_math_vendor:/opt/ros/jazzy/opt/gz_utils_vendor:/opt/ros/jazzy/opt/gz_tools_vendor:/opt/ros/jazzy/opt/gz_ogre_next_vendor:/opt/ros/jazzy/opt/gz_dartsim_vendor:/opt/ros/jazzy/opt/gz_cmake_vendor:/home/berenic/Documents/LPRS2_2026/Robo_Hand_RS485/ROS2/robo_hand_ws/install/uf_ros_lib:/opt/ros/jazzy DEBUGINFOD_URLS=https://debuginfod.ubuntu.com LD_LIBRARY_PATH=/home/berenic/Documents/LPRS2_2026/Robo_Hand_RS485/ROS2/robo_hand_ws/install/xarm_gazebo/lib:/home/berenic/Documents/LPRS2_2026/Robo_Hand_RS485/ROS2/robo_hand_ws/install/xarm_controller/lib:/home/berenic/Documents/LPRS2_2026/Robo_Hand_RS485/ROS2/robo_hand_ws/install/xarm_api/lib:/home/berenic/Documents/LPRS2_2026/Robo_Hand_RS485/ROS2/robo_hand_ws/install/xarm_sdk/lib:/home/berenic/Documents/LPRS2_2026/Robo_Hand_RS485/ROS2/robo_hand_ws/install/xarm_msgs/lib:/home/berenic/Documents/LPRS2_2026/Robo_Hand_RS485/ROS2/robo_hand_ws/install/xarm_planner/lib:/home/berenic/Documents/LPRS2_2026/Robo_Hand_RS485/ROS2/robo_hand_ws/install/xarm_moveit_servo/lib:/home/berenic/Documents/LPRS2_2026/Robo_Hand_RS485/ROS2/robo_hand_ws/install/realsense_gazebo_plugin/lib:/opt/ros/jazzy/opt/gz_sim_vendor/lib:/opt/ros/jazzy/opt/gz_sensors_vendor/lib:/opt/ros/jazzy/opt/gz_physics_vendor/lib:/opt/ros/jazzy/opt/sdformat_vendor/lib:/opt/ros/jazzy/opt/rviz_ogre_vendor/lib:/opt/ros/jazzy/lib/x86_64-linux-gnu:/opt/ros/jazzy/opt/gz_gui_vendor/lib:/opt/ros/jazzy/opt/gz_transport_vendor/lib:/opt/ros/jazzy/opt/gz_rendering_vendor/lib:/opt/ros/jazzy/opt/gz_plugin_vendor/lib:/opt/ros/jazzy/opt/gz_fuel_tools_vendor/lib:/opt/ros/jazzy/opt/gz_msgs_vendor/lib:/opt/ros/jazzy/opt/gz_common_vendor/lib:/opt/ros/jazzy/opt/gz_math_vendor/lib:/opt/ros/jazzy/opt/gz_utils_vendor/lib:/opt/ros/jazzy/opt/gz_tools_vendor/lib:/opt/ros/jazzy/opt/gz_ogre_next_vendor/lib:/opt/ros/jazzy/opt/gz_dartsim_vendor/lib:/opt/ros/jazzy/opt/gz_cmake_vendor/lib:/opt/ros/jazzy/lib /usr/bin/cmake --build /home/berenic/Documents/LPRS2_2026/Robo_Hand_RS485/ROS2/robo_hand_ws/build/xarm_moveit_config -- -j12 -l12
[4.254s] DEBUG:colcon.colcon_core.event_handler.log_command:Invoking command in '/home/berenic/Documents/LPRS2_2026/Robo_Hand_RS485/ROS2/robo_hand_ws/build/xarm_moveit_config': AMENT_PREFIX_PATH=/home/berenic/Documents/LPRS2_2026/Robo_Hand_RS485/ROS2/robo_hand_ws/install/uf_ros_lib:/home/berenic/Documents/LPRS2_2026/Robo_Hand_RS485/ROS2/robo_hand_ws/install/glue_events_routines:/home/berenic/Documents/LPRS2_2026/Robo_Hand_RS485/ROS2/robo_hand_ws/install/xarm_planner:/home/berenic/Documents/LPRS2_2026/Robo_Hand_RS485/ROS2/robo_hand_ws/install/xarm_moveit_servo:/home/berenic/Documents/LPRS2_2026/Robo_Hand_RS485/ROS2/robo_hand_ws/install/xarm_moveit_config:/home/berenic/Documents/LPRS2_2026/Robo_Hand_RS485/ROS2/robo_hand_ws/install/xarm_gazebo:/home/berenic/Documents/LPRS2_2026/Robo_Hand_RS485/ROS2/robo_hand_ws/install/xarm_controller:/home/berenic/Documents/LPRS2_2026/Robo_Hand_RS485/ROS2/robo_hand_ws/install/xarm_api:/home/berenic/Documents/LPRS2_2026/Robo_Hand_RS485/ROS2/robo_hand_ws/install/xarm_sdk:/home/berenic/Documents/LPRS2_2026/Robo_Hand_RS485/ROS2/robo_hand_ws/install/xarm_msgs:/home/berenic/Documents/LPRS2_2026/Robo_Hand_RS485/ROS2/robo_hand_ws/install/xarm_description:/home/berenic/Documents/LPRS2_2026/Robo_Hand_RS485/ROS2/robo_hand_ws/install/mbot_demo:/home/berenic/Documents/LPRS2_2026/Robo_Hand_RS485/ROS2/robo_hand_ws/install/realsense_gazebo_plugin:/opt/ros/jazzy CMAKE_PREFIX_PATH=/home/berenic/Documents/LPRS2_2026/Robo_Hand_RS485/ROS2/robo_hand_ws/install/xarm_gazebo:/home/berenic/Documents/LPRS2_2026/Robo_Hand_RS485/ROS2/robo_hand_ws/install/xarm_controller:/home/berenic/Documents/LPRS2_2026/Robo_Hand_RS485/ROS2/robo_hand_ws/install/xarm_api:/home/berenic/Documents/LPRS2_2026/Robo_Hand_RS485/ROS2/robo_hand_ws/install/xarm_sdk:/home/berenic/Documents/LPRS2_2026/Robo_Hand_RS485/ROS2/robo_hand_ws/install/xarm_msgs:/home/berenic/Documents/LPRS2_2026/Robo_Hand_RS485/ROS2/robo_hand_ws/install/xarm_description:/home/berenic/Documents/LPRS2_2026/Robo_Hand_RS485/ROS2/robo_hand_ws/install/glue_events_routines:/home/berenic/Documents/LPRS2_2026/Robo_Hand_RS485/ROS2/robo_hand_ws/install/xarm_planner:/home/berenic/Documents/LPRS2_2026/Robo_Hand_RS485/ROS2/robo_hand_ws/install/xarm_moveit_servo:/home/berenic/Documents/LPRS2_2026/Robo_Hand_RS485/ROS2/robo_hand_ws/install/xarm_moveit_config:/home/berenic/Documents/LPRS2_2026/Robo_Hand_RS485/ROS2/robo_hand_ws/install/mbot_demo:/home/berenic/Documents/LPRS2_2026/Robo_Hand_RS485/ROS2/robo_hand_ws/install/realsense_gazebo_plugin:/opt/ros/jazzy/opt/gz_sim_vendor:/opt/ros/jazzy/opt/gz_sensors_vendor:/opt/ros/jazzy/opt/gz_physics_vendor:/opt/ros/jazzy/opt/sdformat_vendor:/opt/ros/jazzy/opt/gz_gui_vendor:/opt/ros/jazzy/opt/gz_transport_vendor:/opt/ros/jazzy/opt/gz_rendering_vendor:/opt/ros/jazzy/opt/gz_plugin_vendor:/opt/ros/jazzy/opt/gz_fuel_tools_vendor:/opt/ros/jazzy/opt/gz_msgs_vendor:/opt/ros/jazzy/opt/gz_common_vendor:/opt/ros/jazzy/opt/gz_math_vendor:/opt/ros/jazzy/opt/gz_utils_vendor:/opt/ros/jazzy/opt/gz_tools_vendor:/opt/ros/jazzy/opt/gz_ogre_next_vendor:/opt/ros/jazzy/opt/gz_dartsim_vendor:/opt/ros/jazzy/opt/gz_cmake_vendor:/home/berenic/Documents/LPRS2_2026/Robo_Hand_RS485/ROS2/robo_hand_ws/install/uf_ros_lib:/opt/ros/jazzy DEBUGINFOD_URLS=https://debuginfod.ubuntu.com LD_LIBRARY_PATH=/home/berenic/Documents/LPRS2_2026/Robo_Hand_RS485/ROS2/robo_hand_ws/install/xarm_gazebo/lib:/home/berenic/Documents/LPRS2_2026/Robo_Hand_RS485/ROS2/robo_hand_ws/install/xarm_controller/lib:/home/berenic/Documents/LPRS2_2026/Robo_Hand_RS485/ROS2/robo_hand_ws/install/xarm_api/lib:/home/berenic/Documents/LPRS2_2026/Robo_Hand_RS485/ROS2/robo_hand_ws/install/xarm_sdk/lib:/home/berenic/Documents/LPRS2_2026/Robo_Hand_RS485/ROS2/robo_hand_ws/install/xarm_msgs/lib:/home/berenic/Documents/LPRS2_2026/Robo_Hand_RS485/ROS2/robo_hand_ws/install/xarm_planner/lib:/home/berenic/Documents/LPRS2_2026/Robo_Hand_RS485/ROS2/robo_hand_ws/install/xarm_moveit_servo/lib:/home/berenic/Documents/LPRS2_2026/Robo_Hand_RS485/ROS2/robo_hand_ws/install/realsense_gazebo_plugin/lib:/opt/ros/jazzy/opt/gz_sim_vendor/lib:/opt/ros/jazzy/opt/gz_sensors_vendor/lib:/opt/ros/jazzy/opt/gz_physics_vendor/lib:/opt/ros/jazzy/opt/sdformat_vendor/lib:/opt/ros/jazzy/opt/rviz_ogre_vendor/lib:/opt/ros/jazzy/lib/x86_64-linux-gnu:/opt/ros/jazzy/opt/gz_gui_vendor/lib:/opt/ros/jazzy/opt/gz_transport_vendor/lib:/opt/ros/jazzy/opt/gz_rendering_vendor/lib:/opt/ros/jazzy/opt/gz_plugin_vendor/lib:/opt/ros/jazzy/opt/gz_fuel_tools_vendor/lib:/opt/ros/jazzy/opt/gz_msgs_vendor/lib:/opt/ros/jazzy/opt/gz_common_vendor/lib:/opt/ros/jazzy/opt/gz_math_vendor/lib:/opt/ros/jazzy/opt/gz_utils_vendor/lib:/opt/ros/jazzy/opt/gz_tools_vendor/lib:/opt/ros/jazzy/opt/gz_ogre_next_vendor/lib:/opt/ros/jazzy/opt/gz_dartsim_vendor/lib:/opt/ros/jazzy/opt/gz_cmake_vendor/lib:/opt/ros/jazzy/lib /usr/bin/cmake --install /home/berenic/Documents/LPRS2_2026/Robo_Hand_RS485/ROS2/robo_hand_ws/build/xarm_moveit_config
[4.344s] Level 1:colcon.colcon_core.environment:create_environment_scripts_only(xarm_moveit_config)
[4.345s] Level 1:colcon.colcon_core.environment:checking '/home/berenic/Documents/LPRS2_2026/Robo_Hand_RS485/ROS2/robo_hand_ws/install/xarm_moveit_config' for CMake module files
[4.346s] DEBUG:colcon.colcon_core.event_handler.log_command:Invoked command in '/home/berenic/Documents/LPRS2_2026/Robo_Hand_RS485/ROS2/robo_hand_ws/build/xarm_moveit_config' returned '0': AMENT_PREFIX_PATH=/home/berenic/Documents/LPRS2_2026/Robo_Hand_RS485/ROS2/robo_hand_ws/install/uf_ros_lib:/home/berenic/Documents/LPRS2_2026/Robo_Hand_RS485/ROS2/robo_hand_ws/install/glue_events_routines:/home/berenic/Documents/LPRS2_2026/Robo_Hand_RS485/ROS2/robo_hand_ws/install/xarm_planner:/home/berenic/Documents/LPRS2_2026/Robo_Hand_RS485/ROS2/robo_hand_ws/install/xarm_moveit_servo:/home/berenic/Documents/LPRS2_2026/Robo_Hand_RS485/ROS2/robo_hand_ws/install/xarm_moveit_config:/home/berenic/Documents/LPRS2_2026/Robo_Hand_RS485/ROS2/robo_hand_ws/install/xarm_gazebo:/home/berenic/Documents/LPRS2_2026/Robo_Hand_RS485/ROS2/robo_hand_ws/install/xarm_controller:/home/berenic/Documents/LPRS2_2026/Robo_Hand_RS485/ROS2/robo_hand_ws/install/xarm_api:/home/berenic/Documents/LPRS2_2026/Robo_Hand_RS485/ROS2/robo_hand_ws/install/xarm_sdk:/home/berenic/Documents/LPRS2_2026/Robo_Hand_RS485/ROS2/robo_hand_ws/install/xarm_msgs:/home/berenic/Documents/LPRS2_2026/Robo_Hand_RS485/ROS2/robo_hand_ws/install/xarm_description:/home/berenic/Documents/LPRS2_2026/Robo_Hand_RS485/ROS2/robo_hand_ws/install/mbot_demo:/home/berenic/Documents/LPRS2_2026/Robo_Hand_RS485/ROS2/robo_hand_ws/install/realsense_gazebo_plugin:/opt/ros/jazzy CMAKE_PREFIX_PATH=/home/berenic/Documents/LPRS2_2026/Robo_Hand_RS485/ROS2/robo_hand_ws/install/xarm_gazebo:/home/berenic/Documents/LPRS2_2026/Robo_Hand_RS485/ROS2/robo_hand_ws/install/xarm_controller:/home/berenic/Documents/LPRS2_2026/Robo_Hand_RS485/ROS2/robo_hand_ws/install/xarm_api:/home/berenic/Documents/LPRS2_2026/Robo_Hand_RS485/ROS2/robo_hand_ws/install/xarm_sdk:/home/berenic/Documents/LPRS2_2026/Robo_Hand_RS485/ROS2/robo_hand_ws/install/xarm_msgs:/home/berenic/Documents/LPRS2_2026/Robo_Hand_RS485/ROS2/robo_hand_ws/install/xarm_description:/home/berenic/Documents/LPRS2_2026/Robo_Hand_RS485/ROS2/robo_hand_ws/install/glue_events_routines:/home/berenic/Documents/LPRS2_2026/Robo_Hand_RS485/ROS2/robo_hand_ws/install/xarm_planner:/home/berenic/Documents/LPRS2_2026/Robo_Hand_RS485/ROS2/robo_hand_ws/install/xarm_moveit_servo:/home/berenic/Documents/LPRS2_2026/Robo_Hand_RS485/ROS2/robo_hand_ws/install/xarm_moveit_config:/home/berenic/Documents/LPRS2_2026/Robo_Hand_RS485/ROS2/robo_hand_ws/install/mbot_demo:/home/berenic/Documents/LPRS2_2026/Robo_Hand_RS485/ROS2/robo_hand_ws/install/realsense_gazebo_plugin:/opt/ros/jazzy/opt/gz_sim_vendor:/opt/ros/jazzy/opt/gz_sensors_vendor:/opt/ros/jazzy/opt/gz_physics_vendor:/opt/ros/jazzy/opt/sdformat_vendor:/opt/ros/jazzy/opt/gz_gui_vendor:/opt/ros/jazzy/opt/gz_transport_vendor:/opt/ros/jazzy/opt/gz_rendering_vendor:/opt/ros/jazzy/opt/gz_plugin_vendor:/opt/ros/jazzy/opt/gz_fuel_tools_vendor:/opt/ros/jazzy/opt/gz_msgs_vendor:/opt/ros/jazzy/opt/gz_common_vendor:/opt/ros/jazzy/opt/gz_math_vendor:/opt/ros/jazzy/opt/gz_utils_vendor:/opt/ros/jazzy/opt/gz_tools_vendor:/opt/ros/jazzy/opt/gz_ogre_next_vendor:/opt/ros/jazzy/opt/gz_dartsim_vendor:/opt/ros/jazzy/opt/gz_cmake_vendor:/home/berenic/Documents/LPRS2_2026/Robo_Hand_RS485/ROS2/robo_hand_ws/install/uf_ros_lib:/opt/ros/jazzy DEBUGINFOD_URLS=https://debuginfod.ubuntu.com LD_LIBRARY_PATH=/home/berenic/Documents/LPRS2_2026/Robo_Hand_RS485/ROS2/robo_hand_ws/install/xarm_gazebo/lib:/home/berenic/Documents/LPRS2_2026/Robo_Hand_RS485/ROS2/robo_hand_ws/install/xarm_controller/lib:/home/berenic/Documents/LPRS2_2026/Robo_Hand_RS485/ROS2/robo_hand_ws/install/xarm_api/lib:/home/berenic/Documents/LPRS2_2026/Robo_Hand_RS485/ROS2/robo_hand_ws/install/xarm_sdk/lib:/home/berenic/Documents/LPRS2_2026/Robo_Hand_RS485/ROS2/robo_hand_ws/install/xarm_msgs/lib:/home/berenic/Documents/LPRS2_2026/Robo_Hand_RS485/ROS2/robo_hand_ws/install/xarm_planner/lib:/home/berenic/Documents/LPRS2_2026/Robo_Hand_RS485/ROS2/robo_hand_ws/install/xarm_moveit_servo/lib:/home/berenic/Documents/LPRS2_2026/Robo_Hand_RS485/ROS2/robo_hand_ws/install/realsense_gazebo_plugin/lib:/opt/ros/jazzy/opt/gz_sim_vendor/lib:/opt/ros/jazzy/opt/gz_sensors_vendor/lib:/opt/ros/jazzy/opt/gz_physics_vendor/lib:/opt/ros/jazzy/opt/sdformat_vendor/lib:/opt/ros/jazzy/opt/rviz_ogre_vendor/lib:/opt/ros/jazzy/lib/x86_64-linux-gnu:/opt/ros/jazzy/opt/gz_gui_vendor/lib:/opt/ros/jazzy/opt/gz_transport_vendor/lib:/opt/ros/jazzy/opt/gz_rendering_vendor/lib:/opt/ros/jazzy/opt/gz_plugin_vendor/lib:/opt/ros/jazzy/opt/gz_fuel_tools_vendor/lib:/opt/ros/jazzy/opt/gz_msgs_vendor/lib:/opt/ros/jazzy/opt/gz_common_vendor/lib:/opt/ros/jazzy/opt/gz_math_vendor/lib:/opt/ros/jazzy/opt/gz_utils_vendor/lib:/opt/ros/jazzy/opt/gz_tools_vendor/lib:/opt/ros/jazzy/opt/gz_ogre_next_vendor/lib:/opt/ros/jazzy/opt/gz_dartsim_vendor/lib:/opt/ros/jazzy/opt/gz_cmake_vendor/lib:/opt/ros/jazzy/lib /usr/bin/cmake --install /home/berenic/Documents/LPRS2_2026/Robo_Hand_RS485/ROS2/robo_hand_ws/build/xarm_moveit_config
[4.347s] Level 1:colcon.colcon_core.environment:checking '/home/berenic/Documents/LPRS2_2026/Robo_Hand_RS485/ROS2/robo_hand_ws/install/xarm_moveit_config' for CMake config files
[4.347s] Level 1:colcon.colcon_core.shell:create_environment_hook('xarm_moveit_config', 'cmake_prefix_path')
[4.348s] INFO:colcon.colcon_core.shell:Creating environment hook '/home/berenic/Documents/LPRS2_2026/Robo_Hand_RS485/ROS2/robo_hand_ws/install/xarm_moveit_config/share/xarm_moveit_config/hook/cmake_prefix_path.ps1'
[4.348s] INFO:colcon.colcon_core.shell:Creating environment descriptor '/home/berenic/Documents/LPRS2_2026/Robo_Hand_RS485/ROS2/robo_hand_ws/install/xarm_moveit_config/share/xarm_moveit_config/hook/cmake_prefix_path.dsv'
[4.349s] INFO:colcon.colcon_core.shell:Creating environment hook '/home/berenic/Documents/LPRS2_2026/Robo_Hand_RS485/ROS2/robo_hand_ws/install/xarm_moveit_config/share/xarm_moveit_config/hook/cmake_prefix_path.sh'
[4.350s] Level 1:colcon.colcon_core.environment:checking '/home/berenic/Documents/LPRS2_2026/Robo_Hand_RS485/ROS2/robo_hand_ws/install/xarm_moveit_config/bin'
[4.350s] Level 1:colcon.colcon_core.environment:checking '/home/berenic/Documents/LPRS2_2026/Robo_Hand_RS485/ROS2/robo_hand_ws/install/xarm_moveit_config/lib/pkgconfig/xarm_moveit_config.pc'
[4.351s] Level 1:colcon.colcon_core.environment:checking '/home/berenic/Documents/LPRS2_2026/Robo_Hand_RS485/ROS2/robo_hand_ws/install/xarm_moveit_config/lib/python3.12/site-packages'
[4.351s] Level 1:colcon.colcon_core.environment:checking '/home/berenic/Documents/LPRS2_2026/Robo_Hand_RS485/ROS2/robo_hand_ws/install/xarm_moveit_config/bin'
[4.351s] INFO:colcon.colcon_core.shell:Creating package script '/home/berenic/Documents/LPRS2_2026/Robo_Hand_RS485/ROS2/robo_hand_ws/install/xarm_moveit_config/share/xarm_moveit_config/package.ps1'
[4.352s] INFO:colcon.colcon_core.shell:Creating package descriptor '/home/berenic/Documents/LPRS2_2026/Robo_Hand_RS485/ROS2/robo_hand_ws/install/xarm_moveit_config/share/xarm_moveit_config/package.dsv'
[4.353s] INFO:colcon.colcon_core.shell:Creating package script '/home/berenic/Documents/LPRS2_2026/Robo_Hand_RS485/ROS2/robo_hand_ws/install/xarm_moveit_config/share/xarm_moveit_config/package.sh'
[4.354s] INFO:colcon.colcon_core.shell:Creating package script '/home/berenic/Documents/LPRS2_2026/Robo_Hand_RS485/ROS2/robo_hand_ws/install/xarm_moveit_config/share/xarm_moveit_config/package.bash'
[4.354s] INFO:colcon.colcon_core.shell:Creating package script '/home/berenic/Documents/LPRS2_2026/Robo_Hand_RS485/ROS2/robo_hand_ws/install/xarm_moveit_config/share/xarm_moveit_config/package.zsh'
[4.355s] Level 1:colcon.colcon_core.environment:create_file_with_runtime_dependencies(/home/berenic/Documents/LPRS2_2026/Robo_Hand_RS485/ROS2/robo_hand_ws/install/xarm_moveit_config/share/colcon-core/packages/xarm_moveit_config)
[4.356s] Level 1:colcon.colcon_core.environment:create_environment_scripts_only(xarm_moveit_config)
[4.356s] Level 1:colcon.colcon_core.environment:checking '/home/berenic/Documents/LPRS2_2026/Robo_Hand_RS485/ROS2/robo_hand_ws/install/xarm_moveit_config' for CMake module files
[4.357s] Level 1:colcon.colcon_core.environment:checking '/home/berenic/Documents/LPRS2_2026/Robo_Hand_RS485/ROS2/robo_hand_ws/install/xarm_moveit_config' for CMake config files
[4.357s] Level 1:colcon.colcon_core.shell:create_environment_hook('xarm_moveit_config', 'cmake_prefix_path')
[4.358s] INFO:colcon.colcon_core.shell:Creating environment hook '/home/berenic/Documents/LPRS2_2026/Robo_Hand_RS485/ROS2/robo_hand_ws/install/xarm_moveit_config/share/xarm_moveit_config/hook/cmake_prefix_path.ps1'
[4.358s] INFO:colcon.colcon_core.shell:Creating environment descriptor '/home/berenic/Documents/LPRS2_2026/Robo_Hand_RS485/ROS2/robo_hand_ws/install/xarm_moveit_config/share/xarm_moveit_config/hook/cmake_prefix_path.dsv'
[4.359s] INFO:colcon.colcon_core.shell:Creating environment hook '/home/berenic/Documents/LPRS2_2026/Robo_Hand_RS485/ROS2/robo_hand_ws/install/xarm_moveit_config/share/xarm_moveit_config/hook/cmake_prefix_path.sh'
[4.360s] Level 1:colcon.colcon_core.environment:checking '/home/berenic/Documents/LPRS2_2026/Robo_Hand_RS485/ROS2/robo_hand_ws/install/xarm_moveit_config/bin'
[4.360s] Level 1:colcon.colcon_core.environment:checking '/home/berenic/Documents/LPRS2_2026/Robo_Hand_RS485/ROS2/robo_hand_ws/install/xarm_moveit_config/lib/pkgconfig/xarm_moveit_config.pc'
[4.361s] Level 1:colcon.colcon_core.environment:checking '/home/berenic/Documents/LPRS2_2026/Robo_Hand_RS485/ROS2/robo_hand_ws/install/xarm_moveit_config/lib/python3.12/site-packages'
[4.361s] Level 1:colcon.colcon_core.environment:checking '/home/berenic/Documents/LPRS2_2026/Robo_Hand_RS485/ROS2/robo_hand_ws/install/xarm_moveit_config/bin'
[4.361s] INFO:colcon.colcon_core.shell:Creating package script '/home/berenic/Documents/LPRS2_2026/Robo_Hand_RS485/ROS2/robo_hand_ws/install/xarm_moveit_config/share/xarm_moveit_config/package.ps1'
[4.362s] INFO:colcon.colcon_core.shell:Creating package descriptor '/home/berenic/Documents/LPRS2_2026/Robo_Hand_RS485/ROS2/robo_hand_ws/install/xarm_moveit_config/share/xarm_moveit_config/package.dsv'
[4.363s] INFO:colcon.colcon_core.shell:Creating package script '/home/berenic/Documents/LPRS2_2026/Robo_Hand_RS485/ROS2/robo_hand_ws/install/xarm_moveit_config/share/xarm_moveit_config/package.sh'
[4.365s] INFO:colcon.colcon_core.shell:Creating package script '/home/berenic/Documents/LPRS2_2026/Robo_Hand_RS485/ROS2/robo_hand_ws/install/xarm_moveit_config/share/xarm_moveit_config/package.bash'
[4.365s] INFO:colcon.colcon_core.shell:Creating package script '/home/berenic/Documents/LPRS2_2026/Robo_Hand_RS485/ROS2/robo_hand_ws/install/xarm_moveit_config/share/xarm_moveit_config/package.zsh'
[4.366s] Level 1:colcon.colcon_core.environment:create_file_with_runtime_dependencies(/home/berenic/Documents/LPRS2_2026/Robo_Hand_RS485/ROS2/robo_hand_ws/install/xarm_moveit_config/share/colcon-core/packages/xarm_moveit_config)
[4.367s] INFO:colcon.colcon_ros.task.ament_cmake.build:Building ROS package in '/home/berenic/Documents/LPRS2_2026/Robo_Hand_RS485/ROS2/robo_hand_ws/src/xarm_ros2/xarm_moveit_servo' with build type 'ament_cmake'
[4.367s] INFO:colcon.colcon_cmake.task.cmake.build:Building CMake package in '/home/berenic/Documents/LPRS2_2026/Robo_Hand_RS485/ROS2/robo_hand_ws/src/xarm_ros2/xarm_moveit_servo'
[4.368s] INFO:colcon.colcon_core.shell:Skip shell extension 'powershell' for command environment: Not usable outside of PowerShell
[4.368s] DEBUG:colcon.colcon_core.shell:Skip shell extension 'dsv' for command environment
[4.379s] INFO:colcon.colcon_ros.task.ament_cmake.build:Building ROS package in '/home/berenic/Documents/LPRS2_2026/Robo_Hand_RS485/ROS2/robo_hand_ws/src/xarm_ros2/xarm_planner' with build type 'ament_cmake'
[4.379s] INFO:colcon.colcon_cmake.task.cmake.build:Building CMake package in '/home/berenic/Documents/LPRS2_2026/Robo_Hand_RS485/ROS2/robo_hand_ws/src/xarm_ros2/xarm_planner'
[4.380s] INFO:colcon.colcon_core.shell:Skip shell extension 'powershell' for command environment: Not usable outside of PowerShell
[4.380s] DEBUG:colcon.colcon_core.shell:Skip shell extension 'dsv' for command environment
[4.416s] DEBUG:colcon.colcon_core.event_handler.log_command:Invoking command in '/home/berenic/Documents/LPRS2_2026/Robo_Hand_RS485/ROS2/robo_hand_ws/build/xarm_moveit_servo': AMENT_PREFIX_PATH=/home/berenic/Documents/LPRS2_2026/Robo_Hand_RS485/ROS2/robo_hand_ws/install/uf_ros_lib:/home/berenic/Documents/LPRS2_2026/Robo_Hand_RS485/ROS2/robo_hand_ws/install/glue_events_routines:/home/berenic/Documents/LPRS2_2026/Robo_Hand_RS485/ROS2/robo_hand_ws/install/xarm_planner:/home/berenic/Documents/LPRS2_2026/Robo_Hand_RS485/ROS2/robo_hand_ws/install/xarm_moveit_servo:/home/berenic/Documents/LPRS2_2026/Robo_Hand_RS485/ROS2/robo_hand_ws/install/xarm_moveit_config:/home/berenic/Documents/LPRS2_2026/Robo_Hand_RS485/ROS2/robo_hand_ws/install/xarm_gazebo:/home/berenic/Documents/LPRS2_2026/Robo_Hand_RS485/ROS2/robo_hand_ws/install/xarm_controller:/home/berenic/Documents/LPRS2_2026/Robo_Hand_RS485/ROS2/robo_hand_ws/install/xarm_api:/home/berenic/Documents/LPRS2_2026/Robo_Hand_RS485/ROS2/robo_hand_ws/install/xarm_sdk:/home/berenic/Documents/LPRS2_2026/Robo_Hand_RS485/ROS2/robo_hand_ws/install/xarm_msgs:/home/berenic/Documents/LPRS2_2026/Robo_Hand_RS485/ROS2/robo_hand_ws/install/xarm_description:/home/berenic/Documents/LPRS2_2026/Robo_Hand_RS485/ROS2/robo_hand_ws/install/mbot_demo:/home/berenic/Documents/LPRS2_2026/Robo_Hand_RS485/ROS2/robo_hand_ws/install/realsense_gazebo_plugin:/opt/ros/jazzy CMAKE_PREFIX_PATH=/home/berenic/Documents/LPRS2_2026/Robo_Hand_RS485/ROS2/robo_hand_ws/install/xarm_moveit_config:/home/berenic/Documents/LPRS2_2026/Robo_Hand_RS485/ROS2/robo_hand_ws/install/xarm_gazebo:/home/berenic/Documents/LPRS2_2026/Robo_Hand_RS485/ROS2/robo_hand_ws/install/xarm_controller:/home/berenic/Documents/LPRS2_2026/Robo_Hand_RS485/ROS2/robo_hand_ws/install/xarm_api:/home/berenic/Documents/LPRS2_2026/Robo_Hand_RS485/ROS2/robo_hand_ws/install/xarm_sdk:/home/berenic/Documents/LPRS2_2026/Robo_Hand_RS485/ROS2/robo_hand_ws/install/xarm_msgs:/home/berenic/Documents/LPRS2_2026/Robo_Hand_RS485/ROS2/robo_hand_ws/install/xarm_description:/home/berenic/Documents/LPRS2_2026/Robo_Hand_RS485/ROS2/robo_hand_ws/install/glue_events_routines:/home/berenic/Documents/LPRS2_2026/Robo_Hand_RS485/ROS2/robo_hand_ws/install/xarm_planner:/home/berenic/Documents/LPRS2_2026/Robo_Hand_RS485/ROS2/robo_hand_ws/install/xarm_moveit_servo:/home/berenic/Documents/LPRS2_2026/Robo_Hand_RS485/ROS2/robo_hand_ws/install/mbot_demo:/home/berenic/Documents/LPRS2_2026/Robo_Hand_RS485/ROS2/robo_hand_ws/install/realsense_gazebo_plugin:/opt/ros/jazzy/opt/gz_sim_vendor:/opt/ros/jazzy/opt/gz_sensors_vendor:/opt/ros/jazzy/opt/gz_physics_vendor:/opt/ros/jazzy/opt/sdformat_vendor:/opt/ros/jazzy/opt/gz_gui_vendor:/opt/ros/jazzy/opt/gz_transport_vendor:/opt/ros/jazzy/opt/gz_rendering_vendor:/opt/ros/jazzy/opt/gz_plugin_vendor:/opt/ros/jazzy/opt/gz_fuel_tools_vendor:/opt/ros/jazzy/opt/gz_msgs_vendor:/opt/ros/jazzy/opt/gz_common_vendor:/opt/ros/jazzy/opt/gz_math_vendor:/opt/ros/jazzy/opt/gz_utils_vendor:/opt/ros/jazzy/opt/gz_tools_vendor:/opt/ros/jazzy/opt/gz_ogre_next_vendor:/opt/ros/jazzy/opt/gz_dartsim_vendor:/opt/ros/jazzy/opt/gz_cmake_vendor:/home/berenic/Documents/LPRS2_2026/Robo_Hand_RS485/ROS2/robo_hand_ws/install/uf_ros_lib:/opt/ros/jazzy DEBUGINFOD_URLS=https://debuginfod.ubuntu.com LD_LIBRARY_PATH=/home/berenic/Documents/LPRS2_2026/Robo_Hand_RS485/ROS2/robo_hand_ws/install/xarm_gazebo/lib:/home/berenic/Documents/LPRS2_2026/Robo_Hand_RS485/ROS2/robo_hand_ws/install/xarm_controller/lib:/home/berenic/Documents/LPRS2_2026/Robo_Hand_RS485/ROS2/robo_hand_ws/install/xarm_api/lib:/home/berenic/Documents/LPRS2_2026/Robo_Hand_RS485/ROS2/robo_hand_ws/install/xarm_sdk/lib:/home/berenic/Documents/LPRS2_2026/Robo_Hand_RS485/ROS2/robo_hand_ws/install/xarm_msgs/lib:/home/berenic/Documents/LPRS2_2026/Robo_Hand_RS485/ROS2/robo_hand_ws/install/xarm_planner/lib:/home/berenic/Documents/LPRS2_2026/Robo_Hand_RS485/ROS2/robo_hand_ws/install/xarm_moveit_servo/lib:/home/berenic/Documents/LPRS2_2026/Robo_Hand_RS485/ROS2/robo_hand_ws/install/realsense_gazebo_plugin/lib:/opt/ros/jazzy/opt/gz_sim_vendor/lib:/opt/ros/jazzy/opt/gz_sensors_vendor/lib:/opt/ros/jazzy/opt/gz_physics_vendor/lib:/opt/ros/jazzy/opt/sdformat_vendor/lib:/opt/ros/jazzy/opt/rviz_ogre_vendor/lib:/opt/ros/jazzy/lib/x86_64-linux-gnu:/opt/ros/jazzy/opt/gz_gui_vendor/lib:/opt/ros/jazzy/opt/gz_transport_vendor/lib:/opt/ros/jazzy/opt/gz_rendering_vendor/lib:/opt/ros/jazzy/opt/gz_plugin_vendor/lib:/opt/ros/jazzy/opt/gz_fuel_tools_vendor/lib:/opt/ros/jazzy/opt/gz_msgs_vendor/lib:/opt/ros/jazzy/opt/gz_common_vendor/lib:/opt/ros/jazzy/opt/gz_math_vendor/lib:/opt/ros/jazzy/opt/gz_utils_vendor/lib:/opt/ros/jazzy/opt/gz_tools_vendor/lib:/opt/ros/jazzy/opt/gz_ogre_next_vendor/lib:/opt/ros/jazzy/opt/gz_dartsim_vendor/lib:/opt/ros/jazzy/opt/gz_cmake_vendor/lib:/opt/ros/jazzy/lib /usr/bin/cmake --build /home/berenic/Documents/LPRS2_2026/Robo_Hand_RS485/ROS2/robo_hand_ws/build/xarm_moveit_servo -- -j12 -l12
[4.426s] DEBUG:colcon.colcon_core.event_handler.log_command:Invoking command in '/home/berenic/Documents/LPRS2_2026/Robo_Hand_RS485/ROS2/robo_hand_ws/build/xarm_planner': AMENT_PREFIX_PATH=/home/berenic/Documents/LPRS2_2026/Robo_Hand_RS485/ROS2/robo_hand_ws/install/uf_ros_lib:/home/berenic/Documents/LPRS2_2026/Robo_Hand_RS485/ROS2/robo_hand_ws/install/glue_events_routines:/home/berenic/Documents/LPRS2_2026/Robo_Hand_RS485/ROS2/robo_hand_ws/install/xarm_planner:/home/berenic/Documents/LPRS2_2026/Robo_Hand_RS485/ROS2/robo_hand_ws/install/xarm_moveit_servo:/home/berenic/Documents/LPRS2_2026/Robo_Hand_RS485/ROS2/robo_hand_ws/install/xarm_moveit_config:/home/berenic/Documents/LPRS2_2026/Robo_Hand_RS485/ROS2/robo_hand_ws/install/xarm_gazebo:/home/berenic/Documents/LPRS2_2026/Robo_Hand_RS485/ROS2/robo_hand_ws/install/xarm_controller:/home/berenic/Documents/LPRS2_2026/Robo_Hand_RS485/ROS2/robo_hand_ws/install/xarm_api:/home/berenic/Documents/LPRS2_2026/Robo_Hand_RS485/ROS2/robo_hand_ws/install/xarm_sdk:/home/berenic/Documents/LPRS2_2026/Robo_Hand_RS485/ROS2/robo_hand_ws/install/xarm_msgs:/home/berenic/Documents/LPRS2_2026/Robo_Hand_RS485/ROS2/robo_hand_ws/install/xarm_description:/home/berenic/Documents/LPRS2_2026/Robo_Hand_RS485/ROS2/robo_hand_ws/install/mbot_demo:/home/berenic/Documents/LPRS2_2026/Robo_Hand_RS485/ROS2/robo_hand_ws/install/realsense_gazebo_plugin:/opt/ros/jazzy CMAKE_PREFIX_PATH=/home/berenic/Documents/LPRS2_2026/Robo_Hand_RS485/ROS2/robo_hand_ws/install/xarm_moveit_config:/home/berenic/Documents/LPRS2_2026/Robo_Hand_RS485/ROS2/robo_hand_ws/install/xarm_gazebo:/home/berenic/Documents/LPRS2_2026/Robo_Hand_RS485/ROS2/robo_hand_ws/install/xarm_controller:/home/berenic/Documents/LPRS2_2026/Robo_Hand_RS485/ROS2/robo_hand_ws/install/xarm_api:/home/berenic/Documents/LPRS2_2026/Robo_Hand_RS485/ROS2/robo_hand_ws/install/xarm_sdk:/home/berenic/Documents/LPRS2_2026/Robo_Hand_RS485/ROS2/robo_hand_ws/install/xarm_msgs:/home/berenic/Documents/LPRS2_2026/Robo_Hand_RS485/ROS2/robo_hand_ws/install/xarm_description:/home/berenic/Documents/LPRS2_2026/Robo_Hand_RS485/ROS2/robo_hand_ws/install/glue_events_routines:/home/berenic/Documents/LPRS2_2026/Robo_Hand_RS485/ROS2/robo_hand_ws/install/xarm_planner:/home/berenic/Documents/LPRS2_2026/Robo_Hand_RS485/ROS2/robo_hand_ws/install/xarm_moveit_servo:/home/berenic/Documents/LPRS2_2026/Robo_Hand_RS485/ROS2/robo_hand_ws/install/mbot_demo:/home/berenic/Documents/LPRS2_2026/Robo_Hand_RS485/ROS2/robo_hand_ws/install/realsense_gazebo_plugin:/opt/ros/jazzy/opt/gz_sim_vendor:/opt/ros/jazzy/opt/gz_sensors_vendor:/opt/ros/jazzy/opt/gz_physics_vendor:/opt/ros/jazzy/opt/sdformat_vendor:/opt/ros/jazzy/opt/gz_gui_vendor:/opt/ros/jazzy/opt/gz_transport_vendor:/opt/ros/jazzy/opt/gz_rendering_vendor:/opt/ros/jazzy/opt/gz_plugin_vendor:/opt/ros/jazzy/opt/gz_fuel_tools_vendor:/opt/ros/jazzy/opt/gz_msgs_vendor:/opt/ros/jazzy/opt/gz_common_vendor:/opt/ros/jazzy/opt/gz_math_vendor:/opt/ros/jazzy/opt/gz_utils_vendor:/opt/ros/jazzy/opt/gz_tools_vendor:/opt/ros/jazzy/opt/gz_ogre_next_vendor:/opt/ros/jazzy/opt/gz_dartsim_vendor:/opt/ros/jazzy/opt/gz_cmake_vendor:/home/berenic/Documents/LPRS2_2026/Robo_Hand_RS485/ROS2/robo_hand_ws/install/uf_ros_lib:/opt/ros/jazzy DEBUGINFOD_URLS=https://debuginfod.ubuntu.com LD_LIBRARY_PATH=/home/berenic/Documents/LPRS2_2026/Robo_Hand_RS485/ROS2/robo_hand_ws/install/xarm_gazebo/lib:/home/berenic/Documents/LPRS2_2026/Robo_Hand_RS485/ROS2/robo_hand_ws/install/xarm_controller/lib:/home/berenic/Documents/LPRS2_2026/Robo_Hand_RS485/ROS2/robo_hand_ws/install/xarm_api/lib:/home/berenic/Documents/LPRS2_2026/Robo_Hand_RS485/ROS2/robo_hand_ws/install/xarm_sdk/lib:/home/berenic/Documents/LPRS2_2026/Robo_Hand_RS485/ROS2/robo_hand_ws/install/xarm_msgs/lib:/home/berenic/Documents/LPRS2_2026/Robo_Hand_RS485/ROS2/robo_hand_ws/install/xarm_planner/lib:/home/berenic/Documents/LPRS2_2026/Robo_Hand_RS485/ROS2/robo_hand_ws/install/xarm_moveit_servo/lib:/home/berenic/Documents/LPRS2_2026/Robo_Hand_RS485/ROS2/robo_hand_ws/install/realsense_gazebo_plugin/lib:/opt/ros/jazzy/opt/gz_sim_vendor/lib:/opt/ros/jazzy/opt/gz_sensors_vendor/lib:/opt/ros/jazzy/opt/gz_physics_vendor/lib:/opt/ros/jazzy/opt/sdformat_vendor/lib:/opt/ros/jazzy/opt/rviz_ogre_vendor/lib:/opt/ros/jazzy/lib/x86_64-linux-gnu:/opt/ros/jazzy/opt/gz_gui_vendor/lib:/opt/ros/jazzy/opt/gz_transport_vendor/lib:/opt/ros/jazzy/opt/gz_rendering_vendor/lib:/opt/ros/jazzy/opt/gz_plugin_vendor/lib:/opt/ros/jazzy/opt/gz_fuel_tools_vendor/lib:/opt/ros/jazzy/opt/gz_msgs_vendor/lib:/opt/ros/jazzy/opt/gz_common_vendor/lib:/opt/ros/jazzy/opt/gz_math_vendor/lib:/opt/ros/jazzy/opt/gz_utils_vendor/lib:/opt/ros/jazzy/opt/gz_tools_vendor/lib:/opt/ros/jazzy/opt/gz_ogre_next_vendor/lib:/opt/ros/jazzy/opt/gz_dartsim_vendor/lib:/opt/ros/jazzy/opt/gz_cmake_vendor/lib:/opt/ros/jazzy/lib /usr/bin/cmake --build /home/berenic/Documents/LPRS2_2026/Robo_Hand_RS485/ROS2/robo_hand_ws/build/xarm_planner -- -j12 -l12
[4.590s] DEBUG:colcon.colcon_core.event_handler.log_command:Invoked command in '/home/berenic/Documents/LPRS2_2026/Robo_Hand_RS485/ROS2/robo_hand_ws/build/xarm_moveit_servo' returned '0': AMENT_PREFIX_PATH=/home/berenic/Documents/LPRS2_2026/Robo_Hand_RS485/ROS2/robo_hand_ws/install/uf_ros_lib:/home/berenic/Documents/LPRS2_2026/Robo_Hand_RS485/ROS2/robo_hand_ws/install/glue_events_routines:/home/berenic/Documents/LPRS2_2026/Robo_Hand_RS485/ROS2/robo_hand_ws/install/xarm_planner:/home/berenic/Documents/LPRS2_2026/Robo_Hand_RS485/ROS2/robo_hand_ws/install/xarm_moveit_servo:/home/berenic/Documents/LPRS2_2026/Robo_Hand_RS485/ROS2/robo_hand_ws/install/xarm_moveit_config:/home/berenic/Documents/LPRS2_2026/Robo_Hand_RS485/ROS2/robo_hand_ws/install/xarm_gazebo:/home/berenic/Documents/LPRS2_2026/Robo_Hand_RS485/ROS2/robo_hand_ws/install/xarm_controller:/home/berenic/Documents/LPRS2_2026/Robo_Hand_RS485/ROS2/robo_hand_ws/install/xarm_api:/home/berenic/Documents/LPRS2_2026/Robo_Hand_RS485/ROS2/robo_hand_ws/install/xarm_sdk:/home/berenic/Documents/LPRS2_2026/Robo_Hand_RS485/ROS2/robo_hand_ws/install/xarm_msgs:/home/berenic/Documents/LPRS2_2026/Robo_Hand_RS485/ROS2/robo_hand_ws/install/xarm_description:/home/berenic/Documents/LPRS2_2026/Robo_Hand_RS485/ROS2/robo_hand_ws/install/mbot_demo:/home/berenic/Documents/LPRS2_2026/Robo_Hand_RS485/ROS2/robo_hand_ws/install/realsense_gazebo_plugin:/opt/ros/jazzy CMAKE_PREFIX_PATH=/home/berenic/Documents/LPRS2_2026/Robo_Hand_RS485/ROS2/robo_hand_ws/install/xarm_moveit_config:/home/berenic/Documents/LPRS2_2026/Robo_Hand_RS485/ROS2/robo_hand_ws/install/xarm_gazebo:/home/berenic/Documents/LPRS2_2026/Robo_Hand_RS485/ROS2/robo_hand_ws/install/xarm_controller:/home/berenic/Documents/LPRS2_2026/Robo_Hand_RS485/ROS2/robo_hand_ws/install/xarm_api:/home/berenic/Documents/LPRS2_2026/Robo_Hand_RS485/ROS2/robo_hand_ws/install/xarm_sdk:/home/berenic/Documents/LPRS2_2026/Robo_Hand_RS485/ROS2/robo_hand_ws/install/xarm_msgs:/home/berenic/Documents/LPRS2_2026/Robo_Hand_RS485/ROS2/robo_hand_ws/install/xarm_description:/home/berenic/Documents/LPRS2_2026/Robo_Hand_RS485/ROS2/robo_hand_ws/install/glue_events_routines:/home/berenic/Documents/LPRS2_2026/Robo_Hand_RS485/ROS2/robo_hand_ws/install/xarm_planner:/home/berenic/Documents/LPRS2_2026/Robo_Hand_RS485/ROS2/robo_hand_ws/install/xarm_moveit_servo:/home/berenic/Documents/LPRS2_2026/Robo_Hand_RS485/ROS2/robo_hand_ws/install/mbot_demo:/home/berenic/Documents/LPRS2_2026/Robo_Hand_RS485/ROS2/robo_hand_ws/install/realsense_gazebo_plugin:/opt/ros/jazzy/opt/gz_sim_vendor:/opt/ros/jazzy/opt/gz_sensors_vendor:/opt/ros/jazzy/opt/gz_physics_vendor:/opt/ros/jazzy/opt/sdformat_vendor:/opt/ros/jazzy/opt/gz_gui_vendor:/opt/ros/jazzy/opt/gz_transport_vendor:/opt/ros/jazzy/opt/gz_rendering_vendor:/opt/ros/jazzy/opt/gz_plugin_vendor:/opt/ros/jazzy/opt/gz_fuel_tools_vendor:/opt/ros/jazzy/opt/gz_msgs_vendor:/opt/ros/jazzy/opt/gz_common_vendor:/opt/ros/jazzy/opt/gz_math_vendor:/opt/ros/jazzy/opt/gz_utils_vendor:/opt/ros/jazzy/opt/gz_tools_vendor:/opt/ros/jazzy/opt/gz_ogre_next_vendor:/opt/ros/jazzy/opt/gz_dartsim_vendor:/opt/ros/jazzy/opt/gz_cmake_vendor:/home/berenic/Documents/LPRS2_2026/Robo_Hand_RS485/ROS2/robo_hand_ws/install/uf_ros_lib:/opt/ros/jazzy DEBUGINFOD_URLS=https://debuginfod.ubuntu.com LD_LIBRARY_PATH=/home/berenic/Documents/LPRS2_2026/Robo_Hand_RS485/ROS2/robo_hand_ws/install/xarm_gazebo/lib:/home/berenic/Documents/LPRS2_2026/Robo_Hand_RS485/ROS2/robo_hand_ws/install/xarm_controller/lib:/home/berenic/Documents/LPRS2_2026/Robo_Hand_RS485/ROS2/robo_hand_ws/install/xarm_api/lib:/home/berenic/Documents/LPRS2_2026/Robo_Hand_RS485/ROS2/robo_hand_ws/install/xarm_sdk/lib:/home/berenic/Documents/LPRS2_2026/Robo_Hand_RS485/ROS2/robo_hand_ws/install/xarm_msgs/lib:/home/berenic/Documents/LPRS2_2026/Robo_Hand_RS485/ROS2/robo_hand_ws/install/xarm_planner/lib:/home/berenic/Documents/LPRS2_2026/Robo_Hand_RS485/ROS2/robo_hand_ws/install/xarm_moveit_servo/lib:/home/berenic/Documents/LPRS2_2026/Robo_Hand_RS485/ROS2/robo_hand_ws/install/realsense_gazebo_plugin/lib:/opt/ros/jazzy/opt/gz_sim_vendor/lib:/opt/ros/jazzy/opt/gz_sensors_vendor/lib:/opt/ros/jazzy/opt/gz_physics_vendor/lib:/opt/ros/jazzy/opt/sdformat_vendor/lib:/opt/ros/jazzy/opt/rviz_ogre_vendor/lib:/opt/ros/jazzy/lib/x86_64-linux-gnu:/opt/ros/jazzy/opt/gz_gui_vendor/lib:/opt/ros/jazzy/opt/gz_transport_vendor/lib:/opt/ros/jazzy/opt/gz_rendering_vendor/lib:/opt/ros/jazzy/opt/gz_plugin_vendor/lib:/opt/ros/jazzy/opt/gz_fuel_tools_vendor/lib:/opt/ros/jazzy/opt/gz_msgs_vendor/lib:/opt/ros/jazzy/opt/gz_common_vendor/lib:/opt/ros/jazzy/opt/gz_math_vendor/lib:/opt/ros/jazzy/opt/gz_utils_vendor/lib:/opt/ros/jazzy/opt/gz_tools_vendor/lib:/opt/ros/jazzy/opt/gz_ogre_next_vendor/lib:/opt/ros/jazzy/opt/gz_dartsim_vendor/lib:/opt/ros/jazzy/opt/gz_cmake_vendor/lib:/opt/ros/jazzy/lib /usr/bin/cmake --build /home/berenic/Documents/LPRS2_2026/Robo_Hand_RS485/ROS2/robo_hand_ws/build/xarm_moveit_servo -- -j12 -l12
[4.592s] DEBUG:colcon.colcon_core.event_handler.log_command:Invoking command in '/home/berenic/Documents/LPRS2_2026/Robo_Hand_RS485/ROS2/robo_hand_ws/build/xarm_moveit_servo': AMENT_PREFIX_PATH=/home/berenic/Documents/LPRS2_2026/Robo_Hand_RS485/ROS2/robo_hand_ws/install/uf_ros_lib:/home/berenic/Documents/LPRS2_2026/Robo_Hand_RS485/ROS2/robo_hand_ws/install/glue_events_routines:/home/berenic/Documents/LPRS2_2026/Robo_Hand_RS485/ROS2/robo_hand_ws/install/xarm_planner:/home/berenic/Documents/LPRS2_2026/Robo_Hand_RS485/ROS2/robo_hand_ws/install/xarm_moveit_servo:/home/berenic/Documents/LPRS2_2026/Robo_Hand_RS485/ROS2/robo_hand_ws/install/xarm_moveit_config:/home/berenic/Documents/LPRS2_2026/Robo_Hand_RS485/ROS2/robo_hand_ws/install/xarm_gazebo:/home/berenic/Documents/LPRS2_2026/Robo_Hand_RS485/ROS2/robo_hand_ws/install/xarm_controller:/home/berenic/Documents/LPRS2_2026/Robo_Hand_RS485/ROS2/robo_hand_ws/install/xarm_api:/home/berenic/Documents/LPRS2_2026/Robo_Hand_RS485/ROS2/robo_hand_ws/install/xarm_sdk:/home/berenic/Documents/LPRS2_2026/Robo_Hand_RS485/ROS2/robo_hand_ws/install/xarm_msgs:/home/berenic/Documents/LPRS2_2026/Robo_Hand_RS485/ROS2/robo_hand_ws/install/xarm_description:/home/berenic/Documents/LPRS2_2026/Robo_Hand_RS485/ROS2/robo_hand_ws/install/mbot_demo:/home/berenic/Documents/LPRS2_2026/Robo_Hand_RS485/ROS2/robo_hand_ws/install/realsense_gazebo_plugin:/opt/ros/jazzy CMAKE_PREFIX_PATH=/home/berenic/Documents/LPRS2_2026/Robo_Hand_RS485/ROS2/robo_hand_ws/install/xarm_moveit_config:/home/berenic/Documents/LPRS2_2026/Robo_Hand_RS485/ROS2/robo_hand_ws/install/xarm_gazebo:/home/berenic/Documents/LPRS2_2026/Robo_Hand_RS485/ROS2/robo_hand_ws/install/xarm_controller:/home/berenic/Documents/LPRS2_2026/Robo_Hand_RS485/ROS2/robo_hand_ws/install/xarm_api:/home/berenic/Documents/LPRS2_2026/Robo_Hand_RS485/ROS2/robo_hand_ws/install/xarm_sdk:/home/berenic/Documents/LPRS2_2026/Robo_Hand_RS485/ROS2/robo_hand_ws/install/xarm_msgs:/home/berenic/Documents/LPRS2_2026/Robo_Hand_RS485/ROS2/robo_hand_ws/install/xarm_description:/home/berenic/Documents/LPRS2_2026/Robo_Hand_RS485/ROS2/robo_hand_ws/install/glue_events_routines:/home/berenic/Documents/LPRS2_2026/Robo_Hand_RS485/ROS2/robo_hand_ws/install/xarm_planner:/home/berenic/Documents/LPRS2_2026/Robo_Hand_RS485/ROS2/robo_hand_ws/install/xarm_moveit_servo:/home/berenic/Documents/LPRS2_2026/Robo_Hand_RS485/ROS2/robo_hand_ws/install/mbot_demo:/home/berenic/Documents/LPRS2_2026/Robo_Hand_RS485/ROS2/robo_hand_ws/install/realsense_gazebo_plugin:/opt/ros/jazzy/opt/gz_sim_vendor:/opt/ros/jazzy/opt/gz_sensors_vendor:/opt/ros/jazzy/opt/gz_physics_vendor:/opt/ros/jazzy/opt/sdformat_vendor:/opt/ros/jazzy/opt/gz_gui_vendor:/opt/ros/jazzy/opt/gz_transport_vendor:/opt/ros/jazzy/opt/gz_rendering_vendor:/opt/ros/jazzy/opt/gz_plugin_vendor:/opt/ros/jazzy/opt/gz_fuel_tools_vendor:/opt/ros/jazzy/opt/gz_msgs_vendor:/opt/ros/jazzy/opt/gz_common_vendor:/opt/ros/jazzy/opt/gz_math_vendor:/opt/ros/jazzy/opt/gz_utils_vendor:/opt/ros/jazzy/opt/gz_tools_vendor:/opt/ros/jazzy/opt/gz_ogre_next_vendor:/opt/ros/jazzy/opt/gz_dartsim_vendor:/opt/ros/jazzy/opt/gz_cmake_vendor:/home/berenic/Documents/LPRS2_2026/Robo_Hand_RS485/ROS2/robo_hand_ws/install/uf_ros_lib:/opt/ros/jazzy DEBUGINFOD_URLS=https://debuginfod.ubuntu.com LD_LIBRARY_PATH=/home/berenic/Documents/LPRS2_2026/Robo_Hand_RS485/ROS2/robo_hand_ws/install/xarm_gazebo/lib:/home/berenic/Documents/LPRS2_2026/Robo_Hand_RS485/ROS2/robo_hand_ws/install/xarm_controller/lib:/home/berenic/Documents/LPRS2_2026/Robo_Hand_RS485/ROS2/robo_hand_ws/install/xarm_api/lib:/home/berenic/Documents/LPRS2_2026/Robo_Hand_RS485/ROS2/robo_hand_ws/install/xarm_sdk/lib:/home/berenic/Documents/LPRS2_2026/Robo_Hand_RS485/ROS2/robo_hand_ws/install/xarm_msgs/lib:/home/berenic/Documents/LPRS2_2026/Robo_Hand_RS485/ROS2/robo_hand_ws/install/xarm_planner/lib:/home/berenic/Documents/LPRS2_2026/Robo_Hand_RS485/ROS2/robo_hand_ws/install/xarm_moveit_servo/lib:/home/berenic/Documents/LPRS2_2026/Robo_Hand_RS485/ROS2/robo_hand_ws/install/realsense_gazebo_plugin/lib:/opt/ros/jazzy/opt/gz_sim_vendor/lib:/opt/ros/jazzy/opt/gz_sensors_vendor/lib:/opt/ros/jazzy/opt/gz_physics_vendor/lib:/opt/ros/jazzy/opt/sdformat_vendor/lib:/opt/ros/jazzy/opt/rviz_ogre_vendor/lib:/opt/ros/jazzy/lib/x86_64-linux-gnu:/opt/ros/jazzy/opt/gz_gui_vendor/lib:/opt/ros/jazzy/opt/gz_transport_vendor/lib:/opt/ros/jazzy/opt/gz_rendering_vendor/lib:/opt/ros/jazzy/opt/gz_plugin_vendor/lib:/opt/ros/jazzy/opt/gz_fuel_tools_vendor/lib:/opt/ros/jazzy/opt/gz_msgs_vendor/lib:/opt/ros/jazzy/opt/gz_common_vendor/lib:/opt/ros/jazzy/opt/gz_math_vendor/lib:/opt/ros/jazzy/opt/gz_utils_vendor/lib:/opt/ros/jazzy/opt/gz_tools_vendor/lib:/opt/ros/jazzy/opt/gz_ogre_next_vendor/lib:/opt/ros/jazzy/opt/gz_dartsim_vendor/lib:/opt/ros/jazzy/opt/gz_cmake_vendor/lib:/opt/ros/jazzy/lib /usr/bin/cmake --install /home/berenic/Documents/LPRS2_2026/Robo_Hand_RS485/ROS2/robo_hand_ws/build/xarm_moveit_servo
[4.657s] Level 1:colcon.colcon_core.environment:create_environment_scripts_only(xarm_moveit_servo)
[4.658s] Level 1:colcon.colcon_core.environment:checking '/home/berenic/Documents/LPRS2_2026/Robo_Hand_RS485/ROS2/robo_hand_ws/install/xarm_moveit_servo' for CMake module files
[4.659s] DEBUG:colcon.colcon_core.event_handler.log_command:Invoked command in '/home/berenic/Documents/LPRS2_2026/Robo_Hand_RS485/ROS2/robo_hand_ws/build/xarm_moveit_servo' returned '0': AMENT_PREFIX_PATH=/home/berenic/Documents/LPRS2_2026/Robo_Hand_RS485/ROS2/robo_hand_ws/install/uf_ros_lib:/home/berenic/Documents/LPRS2_2026/Robo_Hand_RS485/ROS2/robo_hand_ws/install/glue_events_routines:/home/berenic/Documents/LPRS2_2026/Robo_Hand_RS485/ROS2/robo_hand_ws/install/xarm_planner:/home/berenic/Documents/LPRS2_2026/Robo_Hand_RS485/ROS2/robo_hand_ws/install/xarm_moveit_servo:/home/berenic/Documents/LPRS2_2026/Robo_Hand_RS485/ROS2/robo_hand_ws/install/xarm_moveit_config:/home/berenic/Documents/LPRS2_2026/Robo_Hand_RS485/ROS2/robo_hand_ws/install/xarm_gazebo:/home/berenic/Documents/LPRS2_2026/Robo_Hand_RS485/ROS2/robo_hand_ws/install/xarm_controller:/home/berenic/Documents/LPRS2_2026/Robo_Hand_RS485/ROS2/robo_hand_ws/install/xarm_api:/home/berenic/Documents/LPRS2_2026/Robo_Hand_RS485/ROS2/robo_hand_ws/install/xarm_sdk:/home/berenic/Documents/LPRS2_2026/Robo_Hand_RS485/ROS2/robo_hand_ws/install/xarm_msgs:/home/berenic/Documents/LPRS2_2026/Robo_Hand_RS485/ROS2/robo_hand_ws/install/xarm_description:/home/berenic/Documents/LPRS2_2026/Robo_Hand_RS485/ROS2/robo_hand_ws/install/mbot_demo:/home/berenic/Documents/LPRS2_2026/Robo_Hand_RS485/ROS2/robo_hand_ws/install/realsense_gazebo_plugin:/opt/ros/jazzy CMAKE_PREFIX_PATH=/home/berenic/Documents/LPRS2_2026/Robo_Hand_RS485/ROS2/robo_hand_ws/install/xarm_moveit_config:/home/berenic/Documents/LPRS2_2026/Robo_Hand_RS485/ROS2/robo_hand_ws/install/xarm_gazebo:/home/berenic/Documents/LPRS2_2026/Robo_Hand_RS485/ROS2/robo_hand_ws/install/xarm_controller:/home/berenic/Documents/LPRS2_2026/Robo_Hand_RS485/ROS2/robo_hand_ws/install/xarm_api:/home/berenic/Documents/LPRS2_2026/Robo_Hand_RS485/ROS2/robo_hand_ws/install/xarm_sdk:/home/berenic/Documents/LPRS2_2026/Robo_Hand_RS485/ROS2/robo_hand_ws/install/xarm_msgs:/home/berenic/Documents/LPRS2_2026/Robo_Hand_RS485/ROS2/robo_hand_ws/install/xarm_description:/home/berenic/Documents/LPRS2_2026/Robo_Hand_RS485/ROS2/robo_hand_ws/install/glue_events_routines:/home/berenic/Documents/LPRS2_2026/Robo_Hand_RS485/ROS2/robo_hand_ws/install/xarm_planner:/home/berenic/Documents/LPRS2_2026/Robo_Hand_RS485/ROS2/robo_hand_ws/install/xarm_moveit_servo:/home/berenic/Documents/LPRS2_2026/Robo_Hand_RS485/ROS2/robo_hand_ws/install/mbot_demo:/home/berenic/Documents/LPRS2_2026/Robo_Hand_RS485/ROS2/robo_hand_ws/install/realsense_gazebo_plugin:/opt/ros/jazzy/opt/gz_sim_vendor:/opt/ros/jazzy/opt/gz_sensors_vendor:/opt/ros/jazzy/opt/gz_physics_vendor:/opt/ros/jazzy/opt/sdformat_vendor:/opt/ros/jazzy/opt/gz_gui_vendor:/opt/ros/jazzy/opt/gz_transport_vendor:/opt/ros/jazzy/opt/gz_rendering_vendor:/opt/ros/jazzy/opt/gz_plugin_vendor:/opt/ros/jazzy/opt/gz_fuel_tools_vendor:/opt/ros/jazzy/opt/gz_msgs_vendor:/opt/ros/jazzy/opt/gz_common_vendor:/opt/ros/jazzy/opt/gz_math_vendor:/opt/ros/jazzy/opt/gz_utils_vendor:/opt/ros/jazzy/opt/gz_tools_vendor:/opt/ros/jazzy/opt/gz_ogre_next_vendor:/opt/ros/jazzy/opt/gz_dartsim_vendor:/opt/ros/jazzy/opt/gz_cmake_vendor:/home/berenic/Documents/LPRS2_2026/Robo_Hand_RS485/ROS2/robo_hand_ws/install/uf_ros_lib:/opt/ros/jazzy DEBUGINFOD_URLS=https://debuginfod.ubuntu.com LD_LIBRARY_PATH=/home/berenic/Documents/LPRS2_2026/Robo_Hand_RS485/ROS2/robo_hand_ws/install/xarm_gazebo/lib:/home/berenic/Documents/LPRS2_2026/Robo_Hand_RS485/ROS2/robo_hand_ws/install/xarm_controller/lib:/home/berenic/Documents/LPRS2_2026/Robo_Hand_RS485/ROS2/robo_hand_ws/install/xarm_api/lib:/home/berenic/Documents/LPRS2_2026/Robo_Hand_RS485/ROS2/robo_hand_ws/install/xarm_sdk/lib:/home/berenic/Documents/LPRS2_2026/Robo_Hand_RS485/ROS2/robo_hand_ws/install/xarm_msgs/lib:/home/berenic/Documents/LPRS2_2026/Robo_Hand_RS485/ROS2/robo_hand_ws/install/xarm_planner/lib:/home/berenic/Documents/LPRS2_2026/Robo_Hand_RS485/ROS2/robo_hand_ws/install/xarm_moveit_servo/lib:/home/berenic/Documents/LPRS2_2026/Robo_Hand_RS485/ROS2/robo_hand_ws/install/realsense_gazebo_plugin/lib:/opt/ros/jazzy/opt/gz_sim_vendor/lib:/opt/ros/jazzy/opt/gz_sensors_vendor/lib:/opt/ros/jazzy/opt/gz_physics_vendor/lib:/opt/ros/jazzy/opt/sdformat_vendor/lib:/opt/ros/jazzy/opt/rviz_ogre_vendor/lib:/opt/ros/jazzy/lib/x86_64-linux-gnu:/opt/ros/jazzy/opt/gz_gui_vendor/lib:/opt/ros/jazzy/opt/gz_transport_vendor/lib:/opt/ros/jazzy/opt/gz_rendering_vendor/lib:/opt/ros/jazzy/opt/gz_plugin_vendor/lib:/opt/ros/jazzy/opt/gz_fuel_tools_vendor/lib:/opt/ros/jazzy/opt/gz_msgs_vendor/lib:/opt/ros/jazzy/opt/gz_common_vendor/lib:/opt/ros/jazzy/opt/gz_math_vendor/lib:/opt/ros/jazzy/opt/gz_utils_vendor/lib:/opt/ros/jazzy/opt/gz_tools_vendor/lib:/opt/ros/jazzy/opt/gz_ogre_next_vendor/lib:/opt/ros/jazzy/opt/gz_dartsim_vendor/lib:/opt/ros/jazzy/opt/gz_cmake_vendor/lib:/opt/ros/jazzy/lib /usr/bin/cmake --install /home/berenic/Documents/LPRS2_2026/Robo_Hand_RS485/ROS2/robo_hand_ws/build/xarm_moveit_servo
[4.660s] Level 1:colcon.colcon_core.environment:checking '/home/berenic/Documents/LPRS2_2026/Robo_Hand_RS485/ROS2/robo_hand_ws/install/xarm_moveit_servo' for CMake config files
[4.661s] Level 1:colcon.colcon_core.shell:create_environment_hook('xarm_moveit_servo', 'cmake_prefix_path')
[4.662s] INFO:colcon.colcon_core.shell:Creating environment hook '/home/berenic/Documents/LPRS2_2026/Robo_Hand_RS485/ROS2/robo_hand_ws/install/xarm_moveit_servo/share/xarm_moveit_servo/hook/cmake_prefix_path.ps1'
[4.663s] INFO:colcon.colcon_core.shell:Creating environment descriptor '/home/berenic/Documents/LPRS2_2026/Robo_Hand_RS485/ROS2/robo_hand_ws/install/xarm_moveit_servo/share/xarm_moveit_servo/hook/cmake_prefix_path.dsv'
[4.664s] INFO:colcon.colcon_core.shell:Creating environment hook '/home/berenic/Documents/LPRS2_2026/Robo_Hand_RS485/ROS2/robo_hand_ws/install/xarm_moveit_servo/share/xarm_moveit_servo/hook/cmake_prefix_path.sh'
[4.665s] Level 1:colcon.colcon_core.environment:checking '/home/berenic/Documents/LPRS2_2026/Robo_Hand_RS485/ROS2/robo_hand_ws/install/xarm_moveit_servo/lib'
[4.666s] Level 1:colcon.colcon_core.shell:create_environment_hook('xarm_moveit_servo', 'ld_library_path_lib')
[4.666s] INFO:colcon.colcon_core.shell:Creating environment hook '/home/berenic/Documents/LPRS2_2026/Robo_Hand_RS485/ROS2/robo_hand_ws/install/xarm_moveit_servo/share/xarm_moveit_servo/hook/ld_library_path_lib.ps1'
[4.668s] INFO:colcon.colcon_core.shell:Creating environment descriptor '/home/berenic/Documents/LPRS2_2026/Robo_Hand_RS485/ROS2/robo_hand_ws/install/xarm_moveit_servo/share/xarm_moveit_servo/hook/ld_library_path_lib.dsv'
[4.669s] INFO:colcon.colcon_core.shell:Creating environment hook '/home/berenic/Documents/LPRS2_2026/Robo_Hand_RS485/ROS2/robo_hand_ws/install/xarm_moveit_servo/share/xarm_moveit_servo/hook/ld_library_path_lib.sh'
[4.669s] Level 1:colcon.colcon_core.environment:checking '/home/berenic/Documents/LPRS2_2026/Robo_Hand_RS485/ROS2/robo_hand_ws/install/xarm_moveit_servo/bin'
[4.670s] Level 1:colcon.colcon_core.environment:checking '/home/berenic/Documents/LPRS2_2026/Robo_Hand_RS485/ROS2/robo_hand_ws/install/xarm_moveit_servo/lib/pkgconfig/xarm_moveit_servo.pc'
[4.670s] Level 1:colcon.colcon_core.environment:checking '/home/berenic/Documents/LPRS2_2026/Robo_Hand_RS485/ROS2/robo_hand_ws/install/xarm_moveit_servo/lib/python3.12/site-packages'
[4.671s] Level 1:colcon.colcon_core.environment:checking '/home/berenic/Documents/LPRS2_2026/Robo_Hand_RS485/ROS2/robo_hand_ws/install/xarm_moveit_servo/bin'
[4.672s] INFO:colcon.colcon_core.shell:Creating package script '/home/berenic/Documents/LPRS2_2026/Robo_Hand_RS485/ROS2/robo_hand_ws/install/xarm_moveit_servo/share/xarm_moveit_servo/package.ps1'
[4.675s] INFO:colcon.colcon_core.shell:Creating package descriptor '/home/berenic/Documents/LPRS2_2026/Robo_Hand_RS485/ROS2/robo_hand_ws/install/xarm_moveit_servo/share/xarm_moveit_servo/package.dsv'
[4.676s] INFO:colcon.colcon_core.shell:Creating package script '/home/berenic/Documents/LPRS2_2026/Robo_Hand_RS485/ROS2/robo_hand_ws/install/xarm_moveit_servo/share/xarm_moveit_servo/package.sh'
[4.677s] INFO:colcon.colcon_core.shell:Creating package script '/home/berenic/Documents/LPRS2_2026/Robo_Hand_RS485/ROS2/robo_hand_ws/install/xarm_moveit_servo/share/xarm_moveit_servo/package.bash'
[4.678s] INFO:colcon.colcon_core.shell:Creating package script '/home/berenic/Documents/LPRS2_2026/Robo_Hand_RS485/ROS2/robo_hand_ws/install/xarm_moveit_servo/share/xarm_moveit_servo/package.zsh'
[4.678s] Level 1:colcon.colcon_core.environment:create_file_with_runtime_dependencies(/home/berenic/Documents/LPRS2_2026/Robo_Hand_RS485/ROS2/robo_hand_ws/install/xarm_moveit_servo/share/colcon-core/packages/xarm_moveit_servo)
[4.679s] Level 1:colcon.colcon_core.environment:create_environment_scripts_only(xarm_moveit_servo)
[4.679s] Level 1:colcon.colcon_core.environment:checking '/home/berenic/Documents/LPRS2_2026/Robo_Hand_RS485/ROS2/robo_hand_ws/install/xarm_moveit_servo' for CMake module files
[4.681s] Level 1:colcon.colcon_core.environment:checking '/home/berenic/Documents/LPRS2_2026/Robo_Hand_RS485/ROS2/robo_hand_ws/install/xarm_moveit_servo' for CMake config files
[4.681s] Level 1:colcon.colcon_core.shell:create_environment_hook('xarm_moveit_servo', 'cmake_prefix_path')
[4.682s] INFO:colcon.colcon_core.shell:Creating environment hook '/home/berenic/Documents/LPRS2_2026/Robo_Hand_RS485/ROS2/robo_hand_ws/install/xarm_moveit_servo/share/xarm_moveit_servo/hook/cmake_prefix_path.ps1'
[4.683s] INFO:colcon.colcon_core.shell:Creating environment descriptor '/home/berenic/Documents/LPRS2_2026/Robo_Hand_RS485/ROS2/robo_hand_ws/install/xarm_moveit_servo/share/xarm_moveit_servo/hook/cmake_prefix_path.dsv'
[4.683s] INFO:colcon.colcon_core.shell:Creating environment hook '/home/berenic/Documents/LPRS2_2026/Robo_Hand_RS485/ROS2/robo_hand_ws/install/xarm_moveit_servo/share/xarm_moveit_servo/hook/cmake_prefix_path.sh'
[4.684s] Level 1:colcon.colcon_core.environment:checking '/home/berenic/Documents/LPRS2_2026/Robo_Hand_RS485/ROS2/robo_hand_ws/install/xarm_moveit_servo/lib'
[4.684s] Level 1:colcon.colcon_core.shell:create_environment_hook('xarm_moveit_servo', 'ld_library_path_lib')
[4.685s] INFO:colcon.colcon_core.shell:Creating environment hook '/home/berenic/Documents/LPRS2_2026/Robo_Hand_RS485/ROS2/robo_hand_ws/install/xarm_moveit_servo/share/xarm_moveit_servo/hook/ld_library_path_lib.ps1'
[4.685s] INFO:colcon.colcon_core.shell:Creating environment descriptor '/home/berenic/Documents/LPRS2_2026/Robo_Hand_RS485/ROS2/robo_hand_ws/install/xarm_moveit_servo/share/xarm_moveit_servo/hook/ld_library_path_lib.dsv'
[4.686s] INFO:colcon.colcon_core.shell:Creating environment hook '/home/berenic/Documents/LPRS2_2026/Robo_Hand_RS485/ROS2/robo_hand_ws/install/xarm_moveit_servo/share/xarm_moveit_servo/hook/ld_library_path_lib.sh'
[4.687s] Level 1:colcon.colcon_core.environment:checking '/home/berenic/Documents/LPRS2_2026/Robo_Hand_RS485/ROS2/robo_hand_ws/install/xarm_moveit_servo/bin'
[4.687s] Level 1:colcon.colcon_core.environment:checking '/home/berenic/Documents/LPRS2_2026/Robo_Hand_RS485/ROS2/robo_hand_ws/install/xarm_moveit_servo/lib/pkgconfig/xarm_moveit_servo.pc'
[4.687s] Level 1:colcon.colcon_core.environment:checking '/home/berenic/Documents/LPRS2_2026/Robo_Hand_RS485/ROS2/robo_hand_ws/install/xarm_moveit_servo/lib/python3.12/site-packages'
[4.688s] Level 1:colcon.colcon_core.environment:checking '/home/berenic/Documents/LPRS2_2026/Robo_Hand_RS485/ROS2/robo_hand_ws/install/xarm_moveit_servo/bin'
[4.688s] INFO:colcon.colcon_core.shell:Creating package script '/home/berenic/Documents/LPRS2_2026/Robo_Hand_RS485/ROS2/robo_hand_ws/install/xarm_moveit_servo/share/xarm_moveit_servo/package.ps1'
[4.689s] INFO:colcon.colcon_core.shell:Creating package descriptor '/home/berenic/Documents/LPRS2_2026/Robo_Hand_RS485/ROS2/robo_hand_ws/install/xarm_moveit_servo/share/xarm_moveit_servo/package.dsv'
[4.690s] INFO:colcon.colcon_core.shell:Creating package script '/home/berenic/Documents/LPRS2_2026/Robo_Hand_RS485/ROS2/robo_hand_ws/install/xarm_moveit_servo/share/xarm_moveit_servo/package.sh'
[4.691s] INFO:colcon.colcon_core.shell:Creating package script '/home/berenic/Documents/LPRS2_2026/Robo_Hand_RS485/ROS2/robo_hand_ws/install/xarm_moveit_servo/share/xarm_moveit_servo/package.bash'
[4.692s] INFO:colcon.colcon_core.shell:Creating package script '/home/berenic/Documents/LPRS2_2026/Robo_Hand_RS485/ROS2/robo_hand_ws/install/xarm_moveit_servo/share/xarm_moveit_servo/package.zsh'
[4.692s] Level 1:colcon.colcon_core.environment:create_file_with_runtime_dependencies(/home/berenic/Documents/LPRS2_2026/Robo_Hand_RS485/ROS2/robo_hand_ws/install/xarm_moveit_servo/share/colcon-core/packages/xarm_moveit_servo)
[4.701s] DEBUG:colcon.colcon_core.event_handler.log_command:Invoked command in '/home/berenic/Documents/LPRS2_2026/Robo_Hand_RS485/ROS2/robo_hand_ws/build/xarm_planner' returned '0': AMENT_PREFIX_PATH=/home/berenic/Documents/LPRS2_2026/Robo_Hand_RS485/ROS2/robo_hand_ws/install/uf_ros_lib:/home/berenic/Documents/LPRS2_2026/Robo_Hand_RS485/ROS2/robo_hand_ws/install/glue_events_routines:/home/berenic/Documents/LPRS2_2026/Robo_Hand_RS485/ROS2/robo_hand_ws/install/xarm_planner:/home/berenic/Documents/LPRS2_2026/Robo_Hand_RS485/ROS2/robo_hand_ws/install/xarm_moveit_servo:/home/berenic/Documents/LPRS2_2026/Robo_Hand_RS485/ROS2/robo_hand_ws/install/xarm_moveit_config:/home/berenic/Documents/LPRS2_2026/Robo_Hand_RS485/ROS2/robo_hand_ws/install/xarm_gazebo:/home/berenic/Documents/LPRS2_2026/Robo_Hand_RS485/ROS2/robo_hand_ws/install/xarm_controller:/home/berenic/Documents/LPRS2_2026/Robo_Hand_RS485/ROS2/robo_hand_ws/install/xarm_api:/home/berenic/Documents/LPRS2_2026/Robo_Hand_RS485/ROS2/robo_hand_ws/install/xarm_sdk:/home/berenic/Documents/LPRS2_2026/Robo_Hand_RS485/ROS2/robo_hand_ws/install/xarm_msgs:/home/berenic/Documents/LPRS2_2026/Robo_Hand_RS485/ROS2/robo_hand_ws/install/xarm_description:/home/berenic/Documents/LPRS2_2026/Robo_Hand_RS485/ROS2/robo_hand_ws/install/mbot_demo:/home/berenic/Documents/LPRS2_2026/Robo_Hand_RS485/ROS2/robo_hand_ws/install/realsense_gazebo_plugin:/opt/ros/jazzy CMAKE_PREFIX_PATH=/home/berenic/Documents/LPRS2_2026/Robo_Hand_RS485/ROS2/robo_hand_ws/install/xarm_moveit_config:/home/berenic/Documents/LPRS2_2026/Robo_Hand_RS485/ROS2/robo_hand_ws/install/xarm_gazebo:/home/berenic/Documents/LPRS2_2026/Robo_Hand_RS485/ROS2/robo_hand_ws/install/xarm_controller:/home/berenic/Documents/LPRS2_2026/Robo_Hand_RS485/ROS2/robo_hand_ws/install/xarm_api:/home/berenic/Documents/LPRS2_2026/Robo_Hand_RS485/ROS2/robo_hand_ws/install/xarm_sdk:/home/berenic/Documents/LPRS2_2026/Robo_Hand_RS485/ROS2/robo_hand_ws/install/xarm_msgs:/home/berenic/Documents/LPRS2_2026/Robo_Hand_RS485/ROS2/robo_hand_ws/install/xarm_description:/home/berenic/Documents/LPRS2_2026/Robo_Hand_RS485/ROS2/robo_hand_ws/install/glue_events_routines:/home/berenic/Documents/LPRS2_2026/Robo_Hand_RS485/ROS2/robo_hand_ws/install/xarm_planner:/home/berenic/Documents/LPRS2_2026/Robo_Hand_RS485/ROS2/robo_hand_ws/install/xarm_moveit_servo:/home/berenic/Documents/LPRS2_2026/Robo_Hand_RS485/ROS2/robo_hand_ws/install/mbot_demo:/home/berenic/Documents/LPRS2_2026/Robo_Hand_RS485/ROS2/robo_hand_ws/install/realsense_gazebo_plugin:/opt/ros/jazzy/opt/gz_sim_vendor:/opt/ros/jazzy/opt/gz_sensors_vendor:/opt/ros/jazzy/opt/gz_physics_vendor:/opt/ros/jazzy/opt/sdformat_vendor:/opt/ros/jazzy/opt/gz_gui_vendor:/opt/ros/jazzy/opt/gz_transport_vendor:/opt/ros/jazzy/opt/gz_rendering_vendor:/opt/ros/jazzy/opt/gz_plugin_vendor:/opt/ros/jazzy/opt/gz_fuel_tools_vendor:/opt/ros/jazzy/opt/gz_msgs_vendor:/opt/ros/jazzy/opt/gz_common_vendor:/opt/ros/jazzy/opt/gz_math_vendor:/opt/ros/jazzy/opt/gz_utils_vendor:/opt/ros/jazzy/opt/gz_tools_vendor:/opt/ros/jazzy/opt/gz_ogre_next_vendor:/opt/ros/jazzy/opt/gz_dartsim_vendor:/opt/ros/jazzy/opt/gz_cmake_vendor:/home/berenic/Documents/LPRS2_2026/Robo_Hand_RS485/ROS2/robo_hand_ws/install/uf_ros_lib:/opt/ros/jazzy DEBUGINFOD_URLS=https://debuginfod.ubuntu.com LD_LIBRARY_PATH=/home/berenic/Documents/LPRS2_2026/Robo_Hand_RS485/ROS2/robo_hand_ws/install/xarm_gazebo/lib:/home/berenic/Documents/LPRS2_2026/Robo_Hand_RS485/ROS2/robo_hand_ws/install/xarm_controller/lib:/home/berenic/Documents/LPRS2_2026/Robo_Hand_RS485/ROS2/robo_hand_ws/install/xarm_api/lib:/home/berenic/Documents/LPRS2_2026/Robo_Hand_RS485/ROS2/robo_hand_ws/install/xarm_sdk/lib:/home/berenic/Documents/LPRS2_2026/Robo_Hand_RS485/ROS2/robo_hand_ws/install/xarm_msgs/lib:/home/berenic/Documents/LPRS2_2026/Robo_Hand_RS485/ROS2/robo_hand_ws/install/xarm_planner/lib:/home/berenic/Documents/LPRS2_2026/Robo_Hand_RS485/ROS2/robo_hand_ws/install/xarm_moveit_servo/lib:/home/berenic/Documents/LPRS2_2026/Robo_Hand_RS485/ROS2/robo_hand_ws/install/realsense_gazebo_plugin/lib:/opt/ros/jazzy/opt/gz_sim_vendor/lib:/opt/ros/jazzy/opt/gz_sensors_vendor/lib:/opt/ros/jazzy/opt/gz_physics_vendor/lib:/opt/ros/jazzy/opt/sdformat_vendor/lib:/opt/ros/jazzy/opt/rviz_ogre_vendor/lib:/opt/ros/jazzy/lib/x86_64-linux-gnu:/opt/ros/jazzy/opt/gz_gui_vendor/lib:/opt/ros/jazzy/opt/gz_transport_vendor/lib:/opt/ros/jazzy/opt/gz_rendering_vendor/lib:/opt/ros/jazzy/opt/gz_plugin_vendor/lib:/opt/ros/jazzy/opt/gz_fuel_tools_vendor/lib:/opt/ros/jazzy/opt/gz_msgs_vendor/lib:/opt/ros/jazzy/opt/gz_common_vendor/lib:/opt/ros/jazzy/opt/gz_math_vendor/lib:/opt/ros/jazzy/opt/gz_utils_vendor/lib:/opt/ros/jazzy/opt/gz_tools_vendor/lib:/opt/ros/jazzy/opt/gz_ogre_next_vendor/lib:/opt/ros/jazzy/opt/gz_dartsim_vendor/lib:/opt/ros/jazzy/opt/gz_cmake_vendor/lib:/opt/ros/jazzy/lib /usr/bin/cmake --build /home/berenic/Documents/LPRS2_2026/Robo_Hand_RS485/ROS2/robo_hand_ws/build/xarm_planner -- -j12 -l12
[4.704s] DEBUG:colcon.colcon_core.event_handler.log_command:Invoking command in '/home/berenic/Documents/LPRS2_2026/Robo_Hand_RS485/ROS2/robo_hand_ws/build/xarm_planner': AMENT_PREFIX_PATH=/home/berenic/Documents/LPRS2_2026/Robo_Hand_RS485/ROS2/robo_hand_ws/install/uf_ros_lib:/home/berenic/Documents/LPRS2_2026/Robo_Hand_RS485/ROS2/robo_hand_ws/install/glue_events_routines:/home/berenic/Documents/LPRS2_2026/Robo_Hand_RS485/ROS2/robo_hand_ws/install/xarm_planner:/home/berenic/Documents/LPRS2_2026/Robo_Hand_RS485/ROS2/robo_hand_ws/install/xarm_moveit_servo:/home/berenic/Documents/LPRS2_2026/Robo_Hand_RS485/ROS2/robo_hand_ws/install/xarm_moveit_config:/home/berenic/Documents/LPRS2_2026/Robo_Hand_RS485/ROS2/robo_hand_ws/install/xarm_gazebo:/home/berenic/Documents/LPRS2_2026/Robo_Hand_RS485/ROS2/robo_hand_ws/install/xarm_controller:/home/berenic/Documents/LPRS2_2026/Robo_Hand_RS485/ROS2/robo_hand_ws/install/xarm_api:/home/berenic/Documents/LPRS2_2026/Robo_Hand_RS485/ROS2/robo_hand_ws/install/xarm_sdk:/home/berenic/Documents/LPRS2_2026/Robo_Hand_RS485/ROS2/robo_hand_ws/install/xarm_msgs:/home/berenic/Documents/LPRS2_2026/Robo_Hand_RS485/ROS2/robo_hand_ws/install/xarm_description:/home/berenic/Documents/LPRS2_2026/Robo_Hand_RS485/ROS2/robo_hand_ws/install/mbot_demo:/home/berenic/Documents/LPRS2_2026/Robo_Hand_RS485/ROS2/robo_hand_ws/install/realsense_gazebo_plugin:/opt/ros/jazzy CMAKE_PREFIX_PATH=/home/berenic/Documents/LPRS2_2026/Robo_Hand_RS485/ROS2/robo_hand_ws/install/xarm_moveit_config:/home/berenic/Documents/LPRS2_2026/Robo_Hand_RS485/ROS2/robo_hand_ws/install/xarm_gazebo:/home/berenic/Documents/LPRS2_2026/Robo_Hand_RS485/ROS2/robo_hand_ws/install/xarm_controller:/home/berenic/Documents/LPRS2_2026/Robo_Hand_RS485/ROS2/robo_hand_ws/install/xarm_api:/home/berenic/Documents/LPRS2_2026/Robo_Hand_RS485/ROS2/robo_hand_ws/install/xarm_sdk:/home/berenic/Documents/LPRS2_2026/Robo_Hand_RS485/ROS2/robo_hand_ws/install/xarm_msgs:/home/berenic/Documents/LPRS2_2026/Robo_Hand_RS485/ROS2/robo_hand_ws/install/xarm_description:/home/berenic/Documents/LPRS2_2026/Robo_Hand_RS485/ROS2/robo_hand_ws/install/glue_events_routines:/home/berenic/Documents/LPRS2_2026/Robo_Hand_RS485/ROS2/robo_hand_ws/install/xarm_planner:/home/berenic/Documents/LPRS2_2026/Robo_Hand_RS485/ROS2/robo_hand_ws/install/xarm_moveit_servo:/home/berenic/Documents/LPRS2_2026/Robo_Hand_RS485/ROS2/robo_hand_ws/install/mbot_demo:/home/berenic/Documents/LPRS2_2026/Robo_Hand_RS485/ROS2/robo_hand_ws/install/realsense_gazebo_plugin:/opt/ros/jazzy/opt/gz_sim_vendor:/opt/ros/jazzy/opt/gz_sensors_vendor:/opt/ros/jazzy/opt/gz_physics_vendor:/opt/ros/jazzy/opt/sdformat_vendor:/opt/ros/jazzy/opt/gz_gui_vendor:/opt/ros/jazzy/opt/gz_transport_vendor:/opt/ros/jazzy/opt/gz_rendering_vendor:/opt/ros/jazzy/opt/gz_plugin_vendor:/opt/ros/jazzy/opt/gz_fuel_tools_vendor:/opt/ros/jazzy/opt/gz_msgs_vendor:/opt/ros/jazzy/opt/gz_common_vendor:/opt/ros/jazzy/opt/gz_math_vendor:/opt/ros/jazzy/opt/gz_utils_vendor:/opt/ros/jazzy/opt/gz_tools_vendor:/opt/ros/jazzy/opt/gz_ogre_next_vendor:/opt/ros/jazzy/opt/gz_dartsim_vendor:/opt/ros/jazzy/opt/gz_cmake_vendor:/home/berenic/Documents/LPRS2_2026/Robo_Hand_RS485/ROS2/robo_hand_ws/install/uf_ros_lib:/opt/ros/jazzy DEBUGINFOD_URLS=https://debuginfod.ubuntu.com LD_LIBRARY_PATH=/home/berenic/Documents/LPRS2_2026/Robo_Hand_RS485/ROS2/robo_hand_ws/install/xarm_gazebo/lib:/home/berenic/Documents/LPRS2_2026/Robo_Hand_RS485/ROS2/robo_hand_ws/install/xarm_controller/lib:/home/berenic/Documents/LPRS2_2026/Robo_Hand_RS485/ROS2/robo_hand_ws/install/xarm_api/lib:/home/berenic/Documents/LPRS2_2026/Robo_Hand_RS485/ROS2/robo_hand_ws/install/xarm_sdk/lib:/home/berenic/Documents/LPRS2_2026/Robo_Hand_RS485/ROS2/robo_hand_ws/install/xarm_msgs/lib:/home/berenic/Documents/LPRS2_2026/Robo_Hand_RS485/ROS2/robo_hand_ws/install/xarm_planner/lib:/home/berenic/Documents/LPRS2_2026/Robo_Hand_RS485/ROS2/robo_hand_ws/install/xarm_moveit_servo/lib:/home/berenic/Documents/LPRS2_2026/Robo_Hand_RS485/ROS2/robo_hand_ws/install/realsense_gazebo_plugin/lib:/opt/ros/jazzy/opt/gz_sim_vendor/lib:/opt/ros/jazzy/opt/gz_sensors_vendor/lib:/opt/ros/jazzy/opt/gz_physics_vendor/lib:/opt/ros/jazzy/opt/sdformat_vendor/lib:/opt/ros/jazzy/opt/rviz_ogre_vendor/lib:/opt/ros/jazzy/lib/x86_64-linux-gnu:/opt/ros/jazzy/opt/gz_gui_vendor/lib:/opt/ros/jazzy/opt/gz_transport_vendor/lib:/opt/ros/jazzy/opt/gz_rendering_vendor/lib:/opt/ros/jazzy/opt/gz_plugin_vendor/lib:/opt/ros/jazzy/opt/gz_fuel_tools_vendor/lib:/opt/ros/jazzy/opt/gz_msgs_vendor/lib:/opt/ros/jazzy/opt/gz_common_vendor/lib:/opt/ros/jazzy/opt/gz_math_vendor/lib:/opt/ros/jazzy/opt/gz_utils_vendor/lib:/opt/ros/jazzy/opt/gz_tools_vendor/lib:/opt/ros/jazzy/opt/gz_ogre_next_vendor/lib:/opt/ros/jazzy/opt/gz_dartsim_vendor/lib:/opt/ros/jazzy/opt/gz_cmake_vendor/lib:/opt/ros/jazzy/lib /usr/bin/cmake --install /home/berenic/Documents/LPRS2_2026/Robo_Hand_RS485/ROS2/robo_hand_ws/build/xarm_planner
[4.766s] Level 1:colcon.colcon_core.environment:create_environment_scripts_only(xarm_planner)
[4.766s] Level 1:colcon.colcon_core.environment:checking '/home/berenic/Documents/LPRS2_2026/Robo_Hand_RS485/ROS2/robo_hand_ws/install/xarm_planner' for CMake module files
[4.768s] DEBUG:colcon.colcon_core.event_handler.log_command:Invoked command in '/home/berenic/Documents/LPRS2_2026/Robo_Hand_RS485/ROS2/robo_hand_ws/build/xarm_planner' returned '0': AMENT_PREFIX_PATH=/home/berenic/Documents/LPRS2_2026/Robo_Hand_RS485/ROS2/robo_hand_ws/install/uf_ros_lib:/home/berenic/Documents/LPRS2_2026/Robo_Hand_RS485/ROS2/robo_hand_ws/install/glue_events_routines:/home/berenic/Documents/LPRS2_2026/Robo_Hand_RS485/ROS2/robo_hand_ws/install/xarm_planner:/home/berenic/Documents/LPRS2_2026/Robo_Hand_RS485/ROS2/robo_hand_ws/install/xarm_moveit_servo:/home/berenic/Documents/LPRS2_2026/Robo_Hand_RS485/ROS2/robo_hand_ws/install/xarm_moveit_config:/home/berenic/Documents/LPRS2_2026/Robo_Hand_RS485/ROS2/robo_hand_ws/install/xarm_gazebo:/home/berenic/Documents/LPRS2_2026/Robo_Hand_RS485/ROS2/robo_hand_ws/install/xarm_controller:/home/berenic/Documents/LPRS2_2026/Robo_Hand_RS485/ROS2/robo_hand_ws/install/xarm_api:/home/berenic/Documents/LPRS2_2026/Robo_Hand_RS485/ROS2/robo_hand_ws/install/xarm_sdk:/home/berenic/Documents/LPRS2_2026/Robo_Hand_RS485/ROS2/robo_hand_ws/install/xarm_msgs:/home/berenic/Documents/LPRS2_2026/Robo_Hand_RS485/ROS2/robo_hand_ws/install/xarm_description:/home/berenic/Documents/LPRS2_2026/Robo_Hand_RS485/ROS2/robo_hand_ws/install/mbot_demo:/home/berenic/Documents/LPRS2_2026/Robo_Hand_RS485/ROS2/robo_hand_ws/install/realsense_gazebo_plugin:/opt/ros/jazzy CMAKE_PREFIX_PATH=/home/berenic/Documents/LPRS2_2026/Robo_Hand_RS485/ROS2/robo_hand_ws/install/xarm_moveit_config:/home/berenic/Documents/LPRS2_2026/Robo_Hand_RS485/ROS2/robo_hand_ws/install/xarm_gazebo:/home/berenic/Documents/LPRS2_2026/Robo_Hand_RS485/ROS2/robo_hand_ws/install/xarm_controller:/home/berenic/Documents/LPRS2_2026/Robo_Hand_RS485/ROS2/robo_hand_ws/install/xarm_api:/home/berenic/Documents/LPRS2_2026/Robo_Hand_RS485/ROS2/robo_hand_ws/install/xarm_sdk:/home/berenic/Documents/LPRS2_2026/Robo_Hand_RS485/ROS2/robo_hand_ws/install/xarm_msgs:/home/berenic/Documents/LPRS2_2026/Robo_Hand_RS485/ROS2/robo_hand_ws/install/xarm_description:/home/berenic/Documents/LPRS2_2026/Robo_Hand_RS485/ROS2/robo_hand_ws/install/glue_events_routines:/home/berenic/Documents/LPRS2_2026/Robo_Hand_RS485/ROS2/robo_hand_ws/install/xarm_planner:/home/berenic/Documents/LPRS2_2026/Robo_Hand_RS485/ROS2/robo_hand_ws/install/xarm_moveit_servo:/home/berenic/Documents/LPRS2_2026/Robo_Hand_RS485/ROS2/robo_hand_ws/install/mbot_demo:/home/berenic/Documents/LPRS2_2026/Robo_Hand_RS485/ROS2/robo_hand_ws/install/realsense_gazebo_plugin:/opt/ros/jazzy/opt/gz_sim_vendor:/opt/ros/jazzy/opt/gz_sensors_vendor:/opt/ros/jazzy/opt/gz_physics_vendor:/opt/ros/jazzy/opt/sdformat_vendor:/opt/ros/jazzy/opt/gz_gui_vendor:/opt/ros/jazzy/opt/gz_transport_vendor:/opt/ros/jazzy/opt/gz_rendering_vendor:/opt/ros/jazzy/opt/gz_plugin_vendor:/opt/ros/jazzy/opt/gz_fuel_tools_vendor:/opt/ros/jazzy/opt/gz_msgs_vendor:/opt/ros/jazzy/opt/gz_common_vendor:/opt/ros/jazzy/opt/gz_math_vendor:/opt/ros/jazzy/opt/gz_utils_vendor:/opt/ros/jazzy/opt/gz_tools_vendor:/opt/ros/jazzy/opt/gz_ogre_next_vendor:/opt/ros/jazzy/opt/gz_dartsim_vendor:/opt/ros/jazzy/opt/gz_cmake_vendor:/home/berenic/Documents/LPRS2_2026/Robo_Hand_RS485/ROS2/robo_hand_ws/install/uf_ros_lib:/opt/ros/jazzy DEBUGINFOD_URLS=https://debuginfod.ubuntu.com LD_LIBRARY_PATH=/home/berenic/Documents/LPRS2_2026/Robo_Hand_RS485/ROS2/robo_hand_ws/install/xarm_gazebo/lib:/home/berenic/Documents/LPRS2_2026/Robo_Hand_RS485/ROS2/robo_hand_ws/install/xarm_controller/lib:/home/berenic/Documents/LPRS2_2026/Robo_Hand_RS485/ROS2/robo_hand_ws/install/xarm_api/lib:/home/berenic/Documents/LPRS2_2026/Robo_Hand_RS485/ROS2/robo_hand_ws/install/xarm_sdk/lib:/home/berenic/Documents/LPRS2_2026/Robo_Hand_RS485/ROS2/robo_hand_ws/install/xarm_msgs/lib:/home/berenic/Documents/LPRS2_2026/Robo_Hand_RS485/ROS2/robo_hand_ws/install/xarm_planner/lib:/home/berenic/Documents/LPRS2_2026/Robo_Hand_RS485/ROS2/robo_hand_ws/install/xarm_moveit_servo/lib:/home/berenic/Documents/LPRS2_2026/Robo_Hand_RS485/ROS2/robo_hand_ws/install/realsense_gazebo_plugin/lib:/opt/ros/jazzy/opt/gz_sim_vendor/lib:/opt/ros/jazzy/opt/gz_sensors_vendor/lib:/opt/ros/jazzy/opt/gz_physics_vendor/lib:/opt/ros/jazzy/opt/sdformat_vendor/lib:/opt/ros/jazzy/opt/rviz_ogre_vendor/lib:/opt/ros/jazzy/lib/x86_64-linux-gnu:/opt/ros/jazzy/opt/gz_gui_vendor/lib:/opt/ros/jazzy/opt/gz_transport_vendor/lib:/opt/ros/jazzy/opt/gz_rendering_vendor/lib:/opt/ros/jazzy/opt/gz_plugin_vendor/lib:/opt/ros/jazzy/opt/gz_fuel_tools_vendor/lib:/opt/ros/jazzy/opt/gz_msgs_vendor/lib:/opt/ros/jazzy/opt/gz_common_vendor/lib:/opt/ros/jazzy/opt/gz_math_vendor/lib:/opt/ros/jazzy/opt/gz_utils_vendor/lib:/opt/ros/jazzy/opt/gz_tools_vendor/lib:/opt/ros/jazzy/opt/gz_ogre_next_vendor/lib:/opt/ros/jazzy/opt/gz_dartsim_vendor/lib:/opt/ros/jazzy/opt/gz_cmake_vendor/lib:/opt/ros/jazzy/lib /usr/bin/cmake --install /home/berenic/Documents/LPRS2_2026/Robo_Hand_RS485/ROS2/robo_hand_ws/build/xarm_planner
[4.769s] Level 1:colcon.colcon_core.environment:checking '/home/berenic/Documents/LPRS2_2026/Robo_Hand_RS485/ROS2/robo_hand_ws/install/xarm_planner' for CMake config files
[4.769s] Level 1:colcon.colcon_core.shell:create_environment_hook('xarm_planner', 'cmake_prefix_path')
[4.770s] INFO:colcon.colcon_core.shell:Creating environment hook '/home/berenic/Documents/LPRS2_2026/Robo_Hand_RS485/ROS2/robo_hand_ws/install/xarm_planner/share/xarm_planner/hook/cmake_prefix_path.ps1'
[4.770s] INFO:colcon.colcon_core.shell:Creating environment descriptor '/home/berenic/Documents/LPRS2_2026/Robo_Hand_RS485/ROS2/robo_hand_ws/install/xarm_planner/share/xarm_planner/hook/cmake_prefix_path.dsv'
[4.771s] INFO:colcon.colcon_core.shell:Creating environment hook '/home/berenic/Documents/LPRS2_2026/Robo_Hand_RS485/ROS2/robo_hand_ws/install/xarm_planner/share/xarm_planner/hook/cmake_prefix_path.sh'
[4.772s] Level 1:colcon.colcon_core.environment:checking '/home/berenic/Documents/LPRS2_2026/Robo_Hand_RS485/ROS2/robo_hand_ws/install/xarm_planner/lib'
[4.772s] Level 1:colcon.colcon_core.shell:create_environment_hook('xarm_planner', 'ld_library_path_lib')
[4.773s] INFO:colcon.colcon_core.shell:Creating environment hook '/home/berenic/Documents/LPRS2_2026/Robo_Hand_RS485/ROS2/robo_hand_ws/install/xarm_planner/share/xarm_planner/hook/ld_library_path_lib.ps1'
[4.773s] INFO:colcon.colcon_core.shell:Creating environment descriptor '/home/berenic/Documents/LPRS2_2026/Robo_Hand_RS485/ROS2/robo_hand_ws/install/xarm_planner/share/xarm_planner/hook/ld_library_path_lib.dsv'
[4.774s] INFO:colcon.colcon_core.shell:Creating environment hook '/home/berenic/Documents/LPRS2_2026/Robo_Hand_RS485/ROS2/robo_hand_ws/install/xarm_planner/share/xarm_planner/hook/ld_library_path_lib.sh'
[4.775s] Level 1:colcon.colcon_core.environment:checking '/home/berenic/Documents/LPRS2_2026/Robo_Hand_RS485/ROS2/robo_hand_ws/install/xarm_planner/bin'
[4.775s] Level 1:colcon.colcon_core.environment:checking '/home/berenic/Documents/LPRS2_2026/Robo_Hand_RS485/ROS2/robo_hand_ws/install/xarm_planner/lib/pkgconfig/xarm_planner.pc'
[4.776s] Level 1:colcon.colcon_core.environment:checking '/home/berenic/Documents/LPRS2_2026/Robo_Hand_RS485/ROS2/robo_hand_ws/install/xarm_planner/lib/python3.12/site-packages'
[4.776s] Level 1:colcon.colcon_core.environment:checking '/home/berenic/Documents/LPRS2_2026/Robo_Hand_RS485/ROS2/robo_hand_ws/install/xarm_planner/bin'
[4.777s] INFO:colcon.colcon_core.shell:Creating package script '/home/berenic/Documents/LPRS2_2026/Robo_Hand_RS485/ROS2/robo_hand_ws/install/xarm_planner/share/xarm_planner/package.ps1'
[4.778s] INFO:colcon.colcon_core.shell:Creating package descriptor '/home/berenic/Documents/LPRS2_2026/Robo_Hand_RS485/ROS2/robo_hand_ws/install/xarm_planner/share/xarm_planner/package.dsv'
[4.779s] INFO:colcon.colcon_core.shell:Creating package script '/home/berenic/Documents/LPRS2_2026/Robo_Hand_RS485/ROS2/robo_hand_ws/install/xarm_planner/share/xarm_planner/package.sh'
[4.780s] INFO:colcon.colcon_core.shell:Creating package script '/home/berenic/Documents/LPRS2_2026/Robo_Hand_RS485/ROS2/robo_hand_ws/install/xarm_planner/share/xarm_planner/package.bash'
[4.781s] INFO:colcon.colcon_core.shell:Creating package script '/home/berenic/Documents/LPRS2_2026/Robo_Hand_RS485/ROS2/robo_hand_ws/install/xarm_planner/share/xarm_planner/package.zsh'
[4.781s] Level 1:colcon.colcon_core.environment:create_file_with_runtime_dependencies(/home/berenic/Documents/LPRS2_2026/Robo_Hand_RS485/ROS2/robo_hand_ws/install/xarm_planner/share/colcon-core/packages/xarm_planner)
[4.782s] Level 1:colcon.colcon_core.environment:create_environment_scripts_only(xarm_planner)
[4.783s] Level 1:colcon.colcon_core.environment:checking '/home/berenic/Documents/LPRS2_2026/Robo_Hand_RS485/ROS2/robo_hand_ws/install/xarm_planner' for CMake module files
[4.784s] Level 1:colcon.colcon_core.environment:checking '/home/berenic/Documents/LPRS2_2026/Robo_Hand_RS485/ROS2/robo_hand_ws/install/xarm_planner' for CMake config files
[4.784s] Level 1:colcon.colcon_core.shell:create_environment_hook('xarm_planner', 'cmake_prefix_path')
[4.785s] INFO:colcon.colcon_core.shell:Creating environment hook '/home/berenic/Documents/LPRS2_2026/Robo_Hand_RS485/ROS2/robo_hand_ws/install/xarm_planner/share/xarm_planner/hook/cmake_prefix_path.ps1'
[4.785s] INFO:colcon.colcon_core.shell:Creating environment descriptor '/home/berenic/Documents/LPRS2_2026/Robo_Hand_RS485/ROS2/robo_hand_ws/install/xarm_planner/share/xarm_planner/hook/cmake_prefix_path.dsv'
[4.786s] INFO:colcon.colcon_core.shell:Creating environment hook '/home/berenic/Documents/LPRS2_2026/Robo_Hand_RS485/ROS2/robo_hand_ws/install/xarm_planner/share/xarm_planner/hook/cmake_prefix_path.sh'
[4.787s] Level 1:colcon.colcon_core.environment:checking '/home/berenic/Documents/LPRS2_2026/Robo_Hand_RS485/ROS2/robo_hand_ws/install/xarm_planner/lib'
[4.787s] Level 1:colcon.colcon_core.shell:create_environment_hook('xarm_planner', 'ld_library_path_lib')
[4.787s] INFO:colcon.colcon_core.shell:Creating environment hook '/home/berenic/Documents/LPRS2_2026/Robo_Hand_RS485/ROS2/robo_hand_ws/install/xarm_planner/share/xarm_planner/hook/ld_library_path_lib.ps1'
[4.788s] INFO:colcon.colcon_core.shell:Creating environment descriptor '/home/berenic/Documents/LPRS2_2026/Robo_Hand_RS485/ROS2/robo_hand_ws/install/xarm_planner/share/xarm_planner/hook/ld_library_path_lib.dsv'
[4.789s] INFO:colcon.colcon_core.shell:Creating environment hook '/home/berenic/Documents/LPRS2_2026/Robo_Hand_RS485/ROS2/robo_hand_ws/install/xarm_planner/share/xarm_planner/hook/ld_library_path_lib.sh'
[4.790s] Level 1:colcon.colcon_core.environment:checking '/home/berenic/Documents/LPRS2_2026/Robo_Hand_RS485/ROS2/robo_hand_ws/install/xarm_planner/bin'
[4.790s] Level 1:colcon.colcon_core.environment:checking '/home/berenic/Documents/LPRS2_2026/Robo_Hand_RS485/ROS2/robo_hand_ws/install/xarm_planner/lib/pkgconfig/xarm_planner.pc'
[4.790s] Level 1:colcon.colcon_core.environment:checking '/home/berenic/Documents/LPRS2_2026/Robo_Hand_RS485/ROS2/robo_hand_ws/install/xarm_planner/lib/python3.12/site-packages'
[4.791s] Level 1:colcon.colcon_core.environment:checking '/home/berenic/Documents/LPRS2_2026/Robo_Hand_RS485/ROS2/robo_hand_ws/install/xarm_planner/bin'
[4.791s] INFO:colcon.colcon_core.shell:Creating package script '/home/berenic/Documents/LPRS2_2026/Robo_Hand_RS485/ROS2/robo_hand_ws/install/xarm_planner/share/xarm_planner/package.ps1'
[4.792s] INFO:colcon.colcon_core.shell:Creating package descriptor '/home/berenic/Documents/LPRS2_2026/Robo_Hand_RS485/ROS2/robo_hand_ws/install/xarm_planner/share/xarm_planner/package.dsv'
[4.793s] INFO:colcon.colcon_core.shell:Creating package script '/home/berenic/Documents/LPRS2_2026/Robo_Hand_RS485/ROS2/robo_hand_ws/install/xarm_planner/share/xarm_planner/package.sh'
[4.794s] INFO:colcon.colcon_core.shell:Creating package script '/home/berenic/Documents/LPRS2_2026/Robo_Hand_RS485/ROS2/robo_hand_ws/install/xarm_planner/share/xarm_planner/package.bash'
[4.795s] INFO:colcon.colcon_core.shell:Creating package script '/home/berenic/Documents/LPRS2_2026/Robo_Hand_RS485/ROS2/robo_hand_ws/install/xarm_planner/share/xarm_planner/package.zsh'
[4.796s] Level 1:colcon.colcon_core.environment:create_file_with_runtime_dependencies(/home/berenic/Documents/LPRS2_2026/Robo_Hand_RS485/ROS2/robo_hand_ws/install/xarm_planner/share/colcon-core/packages/xarm_planner)
[4.797s] INFO:colcon.colcon_ros.task.ament_cmake.build:Building ROS package in '/home/berenic/Documents/LPRS2_2026/Robo_Hand_RS485/ROS2/robo_hand_ws/src/custom/glue_events_routines' with build type 'ament_cmake'
[4.797s] INFO:colcon.colcon_cmake.task.cmake.build:Building CMake package in '/home/berenic/Documents/LPRS2_2026/Robo_Hand_RS485/ROS2/robo_hand_ws/src/custom/glue_events_routines'
[4.798s] INFO:colcon.colcon_core.shell:Skip shell extension 'powershell' for command environment: Not usable outside of PowerShell
[4.798s] DEBUG:colcon.colcon_core.shell:Skip shell extension 'dsv' for command environment
[4.848s] DEBUG:colcon.colcon_core.event_handler.log_command:Invoking command in '/home/berenic/Documents/LPRS2_2026/Robo_Hand_RS485/ROS2/robo_hand_ws/build/glue_events_routines': AMENT_PREFIX_PATH=/home/berenic/Documents/LPRS2_2026/Robo_Hand_RS485/ROS2/robo_hand_ws/install/uf_ros_lib:/home/berenic/Documents/LPRS2_2026/Robo_Hand_RS485/ROS2/robo_hand_ws/install/glue_events_routines:/home/berenic/Documents/LPRS2_2026/Robo_Hand_RS485/ROS2/robo_hand_ws/install/xarm_planner:/home/berenic/Documents/LPRS2_2026/Robo_Hand_RS485/ROS2/robo_hand_ws/install/xarm_moveit_servo:/home/berenic/Documents/LPRS2_2026/Robo_Hand_RS485/ROS2/robo_hand_ws/install/xarm_moveit_config:/home/berenic/Documents/LPRS2_2026/Robo_Hand_RS485/ROS2/robo_hand_ws/install/xarm_gazebo:/home/berenic/Documents/LPRS2_2026/Robo_Hand_RS485/ROS2/robo_hand_ws/install/xarm_controller:/home/berenic/Documents/LPRS2_2026/Robo_Hand_RS485/ROS2/robo_hand_ws/install/xarm_api:/home/berenic/Documents/LPRS2_2026/Robo_Hand_RS485/ROS2/robo_hand_ws/install/xarm_sdk:/home/berenic/Documents/LPRS2_2026/Robo_Hand_RS485/ROS2/robo_hand_ws/install/xarm_msgs:/home/berenic/Documents/LPRS2_2026/Robo_Hand_RS485/ROS2/robo_hand_ws/install/xarm_description:/home/berenic/Documents/LPRS2_2026/Robo_Hand_RS485/ROS2/robo_hand_ws/install/mbot_demo:/home/berenic/Documents/LPRS2_2026/Robo_Hand_RS485/ROS2/robo_hand_ws/install/realsense_gazebo_plugin:/opt/ros/jazzy CMAKE_PREFIX_PATH=/home/berenic/Documents/LPRS2_2026/Robo_Hand_RS485/ROS2/robo_hand_ws/install/xarm_planner:/home/berenic/Documents/LPRS2_2026/Robo_Hand_RS485/ROS2/robo_hand_ws/install/xarm_moveit_servo:/home/berenic/Documents/LPRS2_2026/Robo_Hand_RS485/ROS2/robo_hand_ws/install/xarm_moveit_config:/home/berenic/Documents/LPRS2_2026/Robo_Hand_RS485/ROS2/robo_hand_ws/install/xarm_gazebo:/home/berenic/Documents/LPRS2_2026/Robo_Hand_RS485/ROS2/robo_hand_ws/install/xarm_controller:/home/berenic/Documents/LPRS2_2026/Robo_Hand_RS485/ROS2/robo_hand_ws/install/xarm_api:/home/berenic/Documents/LPRS2_2026/Robo_Hand_RS485/ROS2/robo_hand_ws/install/xarm_sdk:/home/berenic/Documents/LPRS2_2026/Robo_Hand_RS485/ROS2/robo_hand_ws/install/xarm_msgs:/home/berenic/Documents/LPRS2_2026/Robo_Hand_RS485/ROS2/robo_hand_ws/install/xarm_description:/home/berenic/Documents/LPRS2_2026/Robo_Hand_RS485/ROS2/robo_hand_ws/install/glue_events_routines:/home/berenic/Documents/LPRS2_2026/Robo_Hand_RS485/ROS2/robo_hand_ws/install/mbot_demo:/home/berenic/Documents/LPRS2_2026/Robo_Hand_RS485/ROS2/robo_hand_ws/install/realsense_gazebo_plugin:/opt/ros/jazzy/opt/gz_sim_vendor:/opt/ros/jazzy/opt/gz_sensors_vendor:/opt/ros/jazzy/opt/gz_physics_vendor:/opt/ros/jazzy/opt/sdformat_vendor:/opt/ros/jazzy/opt/gz_gui_vendor:/opt/ros/jazzy/opt/gz_transport_vendor:/opt/ros/jazzy/opt/gz_rendering_vendor:/opt/ros/jazzy/opt/gz_plugin_vendor:/opt/ros/jazzy/opt/gz_fuel_tools_vendor:/opt/ros/jazzy/opt/gz_msgs_vendor:/opt/ros/jazzy/opt/gz_common_vendor:/opt/ros/jazzy/opt/gz_math_vendor:/opt/ros/jazzy/opt/gz_utils_vendor:/opt/ros/jazzy/opt/gz_tools_vendor:/opt/ros/jazzy/opt/gz_ogre_next_vendor:/opt/ros/jazzy/opt/gz_dartsim_vendor:/opt/ros/jazzy/opt/gz_cmake_vendor:/home/berenic/Documents/LPRS2_2026/Robo_Hand_RS485/ROS2/robo_hand_ws/install/uf_ros_lib:/opt/ros/jazzy DEBUGINFOD_URLS=https://debuginfod.ubuntu.com /usr/bin/cmake --build /home/berenic/Documents/LPRS2_2026/Robo_Hand_RS485/ROS2/robo_hand_ws/build/glue_events_routines -- -j12 -l12
[17.040s] DEBUG:colcon.colcon_core.event_handler.log_command:Invoked command in '/home/berenic/Documents/LPRS2_2026/Robo_Hand_RS485/ROS2/robo_hand_ws/build/glue_events_routines' returned '0': AMENT_PREFIX_PATH=/home/berenic/Documents/LPRS2_2026/Robo_Hand_RS485/ROS2/robo_hand_ws/install/uf_ros_lib:/home/berenic/Documents/LPRS2_2026/Robo_Hand_RS485/ROS2/robo_hand_ws/install/glue_events_routines:/home/berenic/Documents/LPRS2_2026/Robo_Hand_RS485/ROS2/robo_hand_ws/install/xarm_planner:/home/berenic/Documents/LPRS2_2026/Robo_Hand_RS485/ROS2/robo_hand_ws/install/xarm_moveit_servo:/home/berenic/Documents/LPRS2_2026/Robo_Hand_RS485/ROS2/robo_hand_ws/install/xarm_moveit_config:/home/berenic/Documents/LPRS2_2026/Robo_Hand_RS485/ROS2/robo_hand_ws/install/xarm_gazebo:/home/berenic/Documents/LPRS2_2026/Robo_Hand_RS485/ROS2/robo_hand_ws/install/xarm_controller:/home/berenic/Documents/LPRS2_2026/Robo_Hand_RS485/ROS2/robo_hand_ws/install/xarm_api:/home/berenic/Documents/LPRS2_2026/Robo_Hand_RS485/ROS2/robo_hand_ws/install/xarm_sdk:/home/berenic/Documents/LPRS2_2026/Robo_Hand_RS485/ROS2/robo_hand_ws/install/xarm_msgs:/home/berenic/Documents/LPRS2_2026/Robo_Hand_RS485/ROS2/robo_hand_ws/install/xarm_description:/home/berenic/Documents/LPRS2_2026/Robo_Hand_RS485/ROS2/robo_hand_ws/install/mbot_demo:/home/berenic/Documents/LPRS2_2026/Robo_Hand_RS485/ROS2/robo_hand_ws/install/realsense_gazebo_plugin:/opt/ros/jazzy CMAKE_PREFIX_PATH=/home/berenic/Documents/LPRS2_2026/Robo_Hand_RS485/ROS2/robo_hand_ws/install/xarm_planner:/home/berenic/Documents/LPRS2_2026/Robo_Hand_RS485/ROS2/robo_hand_ws/install/xarm_moveit_servo:/home/berenic/Documents/LPRS2_2026/Robo_Hand_RS485/ROS2/robo_hand_ws/install/xarm_moveit_config:/home/berenic/Documents/LPRS2_2026/Robo_Hand_RS485/ROS2/robo_hand_ws/install/xarm_gazebo:/home/berenic/Documents/LPRS2_2026/Robo_Hand_RS485/ROS2/robo_hand_ws/install/xarm_controller:/home/berenic/Documents/LPRS2_2026/Robo_Hand_RS485/ROS2/robo_hand_ws/install/xarm_api:/home/berenic/Documents/LPRS2_2026/Robo_Hand_RS485/ROS2/robo_hand_ws/install/xarm_sdk:/home/berenic/Documents/LPRS2_2026/Robo_Hand_RS485/ROS2/robo_hand_ws/install/xarm_msgs:/home/berenic/Documents/LPRS2_2026/Robo_Hand_RS485/ROS2/robo_hand_ws/install/xarm_description:/home/berenic/Documents/LPRS2_2026/Robo_Hand_RS485/ROS2/robo_hand_ws/install/glue_events_routines:/home/berenic/Documents/LPRS2_2026/Robo_Hand_RS485/ROS2/robo_hand_ws/install/mbot_demo:/home/berenic/Documents/LPRS2_2026/Robo_Hand_RS485/ROS2/robo_hand_ws/install/realsense_gazebo_plugin:/opt/ros/jazzy/opt/gz_sim_vendor:/opt/ros/jazzy/opt/gz_sensors_vendor:/opt/ros/jazzy/opt/gz_physics_vendor:/opt/ros/jazzy/opt/sdformat_vendor:/opt/ros/jazzy/opt/gz_gui_vendor:/opt/ros/jazzy/opt/gz_transport_vendor:/opt/ros/jazzy/opt/gz_rendering_vendor:/opt/ros/jazzy/opt/gz_plugin_vendor:/opt/ros/jazzy/opt/gz_fuel_tools_vendor:/opt/ros/jazzy/opt/gz_msgs_vendor:/opt/ros/jazzy/opt/gz_common_vendor:/opt/ros/jazzy/opt/gz_math_vendor:/opt/ros/jazzy/opt/gz_utils_vendor:/opt/ros/jazzy/opt/gz_tools_vendor:/opt/ros/jazzy/opt/gz_ogre_next_vendor:/opt/ros/jazzy/opt/gz_dartsim_vendor:/opt/ros/jazzy/opt/gz_cmake_vendor:/home/berenic/Documents/LPRS2_2026/Robo_Hand_RS485/ROS2/robo_hand_ws/install/uf_ros_lib:/opt/ros/jazzy DEBUGINFOD_URLS=https://debuginfod.ubuntu.com /usr/bin/cmake --build /home/berenic/Documents/LPRS2_2026/Robo_Hand_RS485/ROS2/robo_hand_ws/build/glue_events_routines -- -j12 -l12
[17.041s] DEBUG:colcon.colcon_core.event_handler.log_command:Invoking command in '/home/berenic/Documents/LPRS2_2026/Robo_Hand_RS485/ROS2/robo_hand_ws/build/glue_events_routines': AMENT_PREFIX_PATH=/home/berenic/Documents/LPRS2_2026/Robo_Hand_RS485/ROS2/robo_hand_ws/install/uf_ros_lib:/home/berenic/Documents/LPRS2_2026/Robo_Hand_RS485/ROS2/robo_hand_ws/install/glue_events_routines:/home/berenic/Documents/LPRS2_2026/Robo_Hand_RS485/ROS2/robo_hand_ws/install/xarm_planner:/home/berenic/Documents/LPRS2_2026/Robo_Hand_RS485/ROS2/robo_hand_ws/install/xarm_moveit_servo:/home/berenic/Documents/LPRS2_2026/Robo_Hand_RS485/ROS2/robo_hand_ws/install/xarm_moveit_config:/home/berenic/Documents/LPRS2_2026/Robo_Hand_RS485/ROS2/robo_hand_ws/install/xarm_gazebo:/home/berenic/Documents/LPRS2_2026/Robo_Hand_RS485/ROS2/robo_hand_ws/install/xarm_controller:/home/berenic/Documents/LPRS2_2026/Robo_Hand_RS485/ROS2/robo_hand_ws/install/xarm_api:/home/berenic/Documents/LPRS2_2026/Robo_Hand_RS485/ROS2/robo_hand_ws/install/xarm_sdk:/home/berenic/Documents/LPRS2_2026/Robo_Hand_RS485/ROS2/robo_hand_ws/install/xarm_msgs:/home/berenic/Documents/LPRS2_2026/Robo_Hand_RS485/ROS2/robo_hand_ws/install/xarm_description:/home/berenic/Documents/LPRS2_2026/Robo_Hand_RS485/ROS2/robo_hand_ws/install/mbot_demo:/home/berenic/Documents/LPRS2_2026/Robo_Hand_RS485/ROS2/robo_hand_ws/install/realsense_gazebo_plugin:/opt/ros/jazzy CMAKE_PREFIX_PATH=/home/berenic/Documents/LPRS2_2026/Robo_Hand_RS485/ROS2/robo_hand_ws/install/xarm_planner:/home/berenic/Documents/LPRS2_2026/Robo_Hand_RS485/ROS2/robo_hand_ws/install/xarm_moveit_servo:/home/berenic/Documents/LPRS2_2026/Robo_Hand_RS485/ROS2/robo_hand_ws/install/xarm_moveit_config:/home/berenic/Documents/LPRS2_2026/Robo_Hand_RS485/ROS2/robo_hand_ws/install/xarm_gazebo:/home/berenic/Documents/LPRS2_2026/Robo_Hand_RS485/ROS2/robo_hand_ws/install/xarm_controller:/home/berenic/Documents/LPRS2_2026/Robo_Hand_RS485/ROS2/robo_hand_ws/install/xarm_api:/home/berenic/Documents/LPRS2_2026/Robo_Hand_RS485/ROS2/robo_hand_ws/install/xarm_sdk:/home/berenic/Documents/LPRS2_2026/Robo_Hand_RS485/ROS2/robo_hand_ws/install/xarm_msgs:/home/berenic/Documents/LPRS2_2026/Robo_Hand_RS485/ROS2/robo_hand_ws/install/xarm_description:/home/berenic/Documents/LPRS2_2026/Robo_Hand_RS485/ROS2/robo_hand_ws/install/glue_events_routines:/home/berenic/Documents/LPRS2_2026/Robo_Hand_RS485/ROS2/robo_hand_ws/install/mbot_demo:/home/berenic/Documents/LPRS2_2026/Robo_Hand_RS485/ROS2/robo_hand_ws/install/realsense_gazebo_plugin:/opt/ros/jazzy/opt/gz_sim_vendor:/opt/ros/jazzy/opt/gz_sensors_vendor:/opt/ros/jazzy/opt/gz_physics_vendor:/opt/ros/jazzy/opt/sdformat_vendor:/opt/ros/jazzy/opt/gz_gui_vendor:/opt/ros/jazzy/opt/gz_transport_vendor:/opt/ros/jazzy/opt/gz_rendering_vendor:/opt/ros/jazzy/opt/gz_plugin_vendor:/opt/ros/jazzy/opt/gz_fuel_tools_vendor:/opt/ros/jazzy/opt/gz_msgs_vendor:/opt/ros/jazzy/opt/gz_common_vendor:/opt/ros/jazzy/opt/gz_math_vendor:/opt/ros/jazzy/opt/gz_utils_vendor:/opt/ros/jazzy/opt/gz_tools_vendor:/opt/ros/jazzy/opt/gz_ogre_next_vendor:/opt/ros/jazzy/opt/gz_dartsim_vendor:/opt/ros/jazzy/opt/gz_cmake_vendor:/home/berenic/Documents/LPRS2_2026/Robo_Hand_RS485/ROS2/robo_hand_ws/install/uf_ros_lib:/opt/ros/jazzy DEBUGINFOD_URLS=https://debuginfod.ubuntu.com /usr/bin/cmake --install /home/berenic/Documents/LPRS2_2026/Robo_Hand_RS485/ROS2/robo_hand_ws/build/glue_events_routines
[17.073s] Level 1:colcon.colcon_core.environment:create_environment_scripts_only(glue_events_routines)
[17.073s] Level 1:colcon.colcon_core.environment:checking '/home/berenic/Documents/LPRS2_2026/Robo_Hand_RS485/ROS2/robo_hand_ws/install/glue_events_routines' for CMake module files
[17.073s] DEBUG:colcon.colcon_core.event_handler.log_command:Invoked command in '/home/berenic/Documents/LPRS2_2026/Robo_Hand_RS485/ROS2/robo_hand_ws/build/glue_events_routines' returned '0': AMENT_PREFIX_PATH=/home/berenic/Documents/LPRS2_2026/Robo_Hand_RS485/ROS2/robo_hand_ws/install/uf_ros_lib:/home/berenic/Documents/LPRS2_2026/Robo_Hand_RS485/ROS2/robo_hand_ws/install/glue_events_routines:/home/berenic/Documents/LPRS2_2026/Robo_Hand_RS485/ROS2/robo_hand_ws/install/xarm_planner:/home/berenic/Documents/LPRS2_2026/Robo_Hand_RS485/ROS2/robo_hand_ws/install/xarm_moveit_servo:/home/berenic/Documents/LPRS2_2026/Robo_Hand_RS485/ROS2/robo_hand_ws/install/xarm_moveit_config:/home/berenic/Documents/LPRS2_2026/Robo_Hand_RS485/ROS2/robo_hand_ws/install/xarm_gazebo:/home/berenic/Documents/LPRS2_2026/Robo_Hand_RS485/ROS2/robo_hand_ws/install/xarm_controller:/home/berenic/Documents/LPRS2_2026/Robo_Hand_RS485/ROS2/robo_hand_ws/install/xarm_api:/home/berenic/Documents/LPRS2_2026/Robo_Hand_RS485/ROS2/robo_hand_ws/install/xarm_sdk:/home/berenic/Documents/LPRS2_2026/Robo_Hand_RS485/ROS2/robo_hand_ws/install/xarm_msgs:/home/berenic/Documents/LPRS2_2026/Robo_Hand_RS485/ROS2/robo_hand_ws/install/xarm_description:/home/berenic/Documents/LPRS2_2026/Robo_Hand_RS485/ROS2/robo_hand_ws/install/mbot_demo:/home/berenic/Documents/LPRS2_2026/Robo_Hand_RS485/ROS2/robo_hand_ws/install/realsense_gazebo_plugin:/opt/ros/jazzy CMAKE_PREFIX_PATH=/home/berenic/Documents/LPRS2_2026/Robo_Hand_RS485/ROS2/robo_hand_ws/install/xarm_planner:/home/berenic/Documents/LPRS2_2026/Robo_Hand_RS485/ROS2/robo_hand_ws/install/xarm_moveit_servo:/home/berenic/Documents/LPRS2_2026/Robo_Hand_RS485/ROS2/robo_hand_ws/install/xarm_moveit_config:/home/berenic/Documents/LPRS2_2026/Robo_Hand_RS485/ROS2/robo_hand_ws/install/xarm_gazebo:/home/berenic/Documents/LPRS2_2026/Robo_Hand_RS485/ROS2/robo_hand_ws/install/xarm_controller:/home/berenic/Documents/LPRS2_2026/Robo_Hand_RS485/ROS2/robo_hand_ws/install/xarm_api:/home/berenic/Documents/LPRS2_2026/Robo_Hand_RS485/ROS2/robo_hand_ws/install/xarm_sdk:/home/berenic/Documents/LPRS2_2026/Robo_Hand_RS485/ROS2/robo_hand_ws/install/xarm_msgs:/home/berenic/Documents/LPRS2_2026/Robo_Hand_RS485/ROS2/robo_hand_ws/install/xarm_description:/home/berenic/Documents/LPRS2_2026/Robo_Hand_RS485/ROS2/robo_hand_ws/install/glue_events_routines:/home/berenic/Documents/LPRS2_2026/Robo_Hand_RS485/ROS2/robo_hand_ws/install/mbot_demo:/home/berenic/Documents/LPRS2_2026/Robo_Hand_RS485/ROS2/robo_hand_ws/install/realsense_gazebo_plugin:/opt/ros/jazzy/opt/gz_sim_vendor:/opt/ros/jazzy/opt/gz_sensors_vendor:/opt/ros/jazzy/opt/gz_physics_vendor:/opt/ros/jazzy/opt/sdformat_vendor:/opt/ros/jazzy/opt/gz_gui_vendor:/opt/ros/jazzy/opt/gz_transport_vendor:/opt/ros/jazzy/opt/gz_rendering_vendor:/opt/ros/jazzy/opt/gz_plugin_vendor:/opt/ros/jazzy/opt/gz_fuel_tools_vendor:/opt/ros/jazzy/opt/gz_msgs_vendor:/opt/ros/jazzy/opt/gz_common_vendor:/opt/ros/jazzy/opt/gz_math_vendor:/opt/ros/jazzy/opt/gz_utils_vendor:/opt/ros/jazzy/opt/gz_tools_vendor:/opt/ros/jazzy/opt/gz_ogre_next_vendor:/opt/ros/jazzy/opt/gz_dartsim_vendor:/opt/ros/jazzy/opt/gz_cmake_vendor:/home/berenic/Documents/LPRS2_2026/Robo_Hand_RS485/ROS2/robo_hand_ws/install/uf_ros_lib:/opt/ros/jazzy DEBUGINFOD_URLS=https://debuginfod.ubuntu.com /usr/bin/cmake --install /home/berenic/Documents/LPRS2_2026/Robo_Hand_RS485/ROS2/robo_hand_ws/build/glue_events_routines
[17.074s] Level 1:colcon.colcon_core.environment:checking '/home/berenic/Documents/LPRS2_2026/Robo_Hand_RS485/ROS2/robo_hand_ws/install/glue_events_routines' for CMake config files
[17.074s] Level 1:colcon.colcon_core.shell:create_environment_hook('glue_events_routines', 'cmake_prefix_path')
[17.074s] INFO:colcon.colcon_core.shell:Creating environment hook '/home/berenic/Documents/LPRS2_2026/Robo_Hand_RS485/ROS2/robo_hand_ws/install/glue_events_routines/share/glue_events_routines/hook/cmake_prefix_path.ps1'
[17.075s] INFO:colcon.colcon_core.shell:Creating environment descriptor '/home/berenic/Documents/LPRS2_2026/Robo_Hand_RS485/ROS2/robo_hand_ws/install/glue_events_routines/share/glue_events_routines/hook/cmake_prefix_path.dsv'
[17.075s] INFO:colcon.colcon_core.shell:Creating environment hook '/home/berenic/Documents/LPRS2_2026/Robo_Hand_RS485/ROS2/robo_hand_ws/install/glue_events_routines/share/glue_events_routines/hook/cmake_prefix_path.sh'
[17.076s] Level 1:colcon.colcon_core.environment:checking '/home/berenic/Documents/LPRS2_2026/Robo_Hand_RS485/ROS2/robo_hand_ws/install/glue_events_routines/lib'
[17.076s] Level 1:colcon.colcon_core.environment:checking '/home/berenic/Documents/LPRS2_2026/Robo_Hand_RS485/ROS2/robo_hand_ws/install/glue_events_routines/bin'
[17.076s] Level 1:colcon.colcon_core.environment:checking '/home/berenic/Documents/LPRS2_2026/Robo_Hand_RS485/ROS2/robo_hand_ws/install/glue_events_routines/lib/pkgconfig/glue_events_routines.pc'
[17.076s] Level 1:colcon.colcon_core.environment:checking '/home/berenic/Documents/LPRS2_2026/Robo_Hand_RS485/ROS2/robo_hand_ws/install/glue_events_routines/lib/python3.12/site-packages'
[17.076s] Level 1:colcon.colcon_core.environment:checking '/home/berenic/Documents/LPRS2_2026/Robo_Hand_RS485/ROS2/robo_hand_ws/install/glue_events_routines/bin'
[17.076s] INFO:colcon.colcon_core.shell:Creating package script '/home/berenic/Documents/LPRS2_2026/Robo_Hand_RS485/ROS2/robo_hand_ws/install/glue_events_routines/share/glue_events_routines/package.ps1'
[17.077s] INFO:colcon.colcon_core.shell:Creating package descriptor '/home/berenic/Documents/LPRS2_2026/Robo_Hand_RS485/ROS2/robo_hand_ws/install/glue_events_routines/share/glue_events_routines/package.dsv'
[17.077s] INFO:colcon.colcon_core.shell:Creating package script '/home/berenic/Documents/LPRS2_2026/Robo_Hand_RS485/ROS2/robo_hand_ws/install/glue_events_routines/share/glue_events_routines/package.sh'
[17.078s] INFO:colcon.colcon_core.shell:Creating package script '/home/berenic/Documents/LPRS2_2026/Robo_Hand_RS485/ROS2/robo_hand_ws/install/glue_events_routines/share/glue_events_routines/package.bash'
[17.078s] INFO:colcon.colcon_core.shell:Creating package script '/home/berenic/Documents/LPRS2_2026/Robo_Hand_RS485/ROS2/robo_hand_ws/install/glue_events_routines/share/glue_events_routines/package.zsh'
[17.078s] Level 1:colcon.colcon_core.environment:create_file_with_runtime_dependencies(/home/berenic/Documents/LPRS2_2026/Robo_Hand_RS485/ROS2/robo_hand_ws/install/glue_events_routines/share/colcon-core/packages/glue_events_routines)
[17.079s] Level 1:colcon.colcon_core.environment:create_environment_scripts_only(glue_events_routines)
[17.079s] Level 1:colcon.colcon_core.environment:checking '/home/berenic/Documents/LPRS2_2026/Robo_Hand_RS485/ROS2/robo_hand_ws/install/glue_events_routines' for CMake module files
[17.079s] Level 1:colcon.colcon_core.environment:checking '/home/berenic/Documents/LPRS2_2026/Robo_Hand_RS485/ROS2/robo_hand_ws/install/glue_events_routines' for CMake config files
[17.080s] Level 1:colcon.colcon_core.shell:create_environment_hook('glue_events_routines', 'cmake_prefix_path')
[17.080s] INFO:colcon.colcon_core.shell:Creating environment hook '/home/berenic/Documents/LPRS2_2026/Robo_Hand_RS485/ROS2/robo_hand_ws/install/glue_events_routines/share/glue_events_routines/hook/cmake_prefix_path.ps1'
[17.080s] INFO:colcon.colcon_core.shell:Creating environment descriptor '/home/berenic/Documents/LPRS2_2026/Robo_Hand_RS485/ROS2/robo_hand_ws/install/glue_events_routines/share/glue_events_routines/hook/cmake_prefix_path.dsv'
[17.080s] INFO:colcon.colcon_core.shell:Creating environment hook '/home/berenic/Documents/LPRS2_2026/Robo_Hand_RS485/ROS2/robo_hand_ws/install/glue_events_routines/share/glue_events_routines/hook/cmake_prefix_path.sh'
[17.081s] Level 1:colcon.colcon_core.environment:checking '/home/berenic/Documents/LPRS2_2026/Robo_Hand_RS485/ROS2/robo_hand_ws/install/glue_events_routines/lib'
[17.081s] Level 1:colcon.colcon_core.environment:checking '/home/berenic/Documents/LPRS2_2026/Robo_Hand_RS485/ROS2/robo_hand_ws/install/glue_events_routines/bin'
[17.081s] Level 1:colcon.colcon_core.environment:checking '/home/berenic/Documents/LPRS2_2026/Robo_Hand_RS485/ROS2/robo_hand_ws/install/glue_events_routines/lib/pkgconfig/glue_events_routines.pc'
[17.081s] Level 1:colcon.colcon_core.environment:checking '/home/berenic/Documents/LPRS2_2026/Robo_Hand_RS485/ROS2/robo_hand_ws/install/glue_events_routines/lib/python3.12/site-packages'
[17.081s] Level 1:colcon.colcon_core.environment:checking '/home/berenic/Documents/LPRS2_2026/Robo_Hand_RS485/ROS2/robo_hand_ws/install/glue_events_routines/bin'
[17.081s] INFO:colcon.colcon_core.shell:Creating package script '/home/berenic/Documents/LPRS2_2026/Robo_Hand_RS485/ROS2/robo_hand_ws/install/glue_events_routines/share/glue_events_routines/package.ps1'
[17.082s] INFO:colcon.colcon_core.shell:Creating package descriptor '/home/berenic/Documents/LPRS2_2026/Robo_Hand_RS485/ROS2/robo_hand_ws/install/glue_events_routines/share/glue_events_routines/package.dsv'
[17.082s] INFO:colcon.colcon_core.shell:Creating package script '/home/berenic/Documents/LPRS2_2026/Robo_Hand_RS485/ROS2/robo_hand_ws/install/glue_events_routines/share/glue_events_routines/package.sh'
[17.083s] INFO:colcon.colcon_core.shell:Creating package script '/home/berenic/Documents/LPRS2_2026/Robo_Hand_RS485/ROS2/robo_hand_ws/install/glue_events_routines/share/glue_events_routines/package.bash'
[17.083s] INFO:colcon.colcon_core.shell:Creating package script '/home/berenic/Documents/LPRS2_2026/Robo_Hand_RS485/ROS2/robo_hand_ws/install/glue_events_routines/share/glue_events_routines/package.zsh'
[17.083s] Level 1:colcon.colcon_core.environment:create_file_with_runtime_dependencies(/home/berenic/Documents/LPRS2_2026/Robo_Hand_RS485/ROS2/robo_hand_ws/install/glue_events_routines/share/colcon-core/packages/glue_events_routines)
[17.084s] DEBUG:colcon.colcon_parallel_executor.executor.parallel:closing loop
[17.084s] DEBUG:colcon.colcon_parallel_executor.executor.parallel:loop closed
[17.084s] DEBUG:colcon.colcon_parallel_executor.executor.parallel:run_until_complete finished with '0'
[17.084s] DEBUG:colcon.colcon_core.event_reactor:joining thread
[17.095s] INFO:colcon.colcon_core.plugin_system:Skipping extension 'colcon_notification.desktop_notification.terminal_notifier': Not used on non-Darwin systems
[17.096s] INFO:colcon.colcon_core.plugin_system:Skipping extension 'colcon_notification.desktop_notification.win32': Not used on non-Windows systems
[17.096s] INFO:colcon.colcon_notification.desktop_notification:Sending desktop notification using 'notify2'
[17.114s] DEBUG:colcon.colcon_core.event_reactor:joined thread
[17.115s] INFO:colcon.colcon_core.shell:Creating prefix script '/home/berenic/Documents/LPRS2_2026/Robo_Hand_RS485/ROS2/robo_hand_ws/install/local_setup.ps1'
[17.116s] INFO:colcon.colcon_core.shell:Creating prefix util module '/home/berenic/Documents/LPRS2_2026/Robo_Hand_RS485/ROS2/robo_hand_ws/install/_local_setup_util_ps1.py'
[17.117s] INFO:colcon.colcon_core.shell:Creating prefix chain script '/home/berenic/Documents/LPRS2_2026/Robo_Hand_RS485/ROS2/robo_hand_ws/install/setup.ps1'
[17.118s] INFO:colcon.colcon_core.shell:Creating prefix script '/home/berenic/Documents/LPRS2_2026/Robo_Hand_RS485/ROS2/robo_hand_ws/install/local_setup.sh'
[17.119s] INFO:colcon.colcon_core.shell:Creating prefix util module '/home/berenic/Documents/LPRS2_2026/Robo_Hand_RS485/ROS2/robo_hand_ws/install/_local_setup_util_sh.py'
[17.119s] INFO:colcon.colcon_core.shell:Creating prefix chain script '/home/berenic/Documents/LPRS2_2026/Robo_Hand_RS485/ROS2/robo_hand_ws/install/setup.sh'
[17.121s] INFO:colcon.colcon_core.shell:Creating prefix script '/home/berenic/Documents/LPRS2_2026/Robo_Hand_RS485/ROS2/robo_hand_ws/install/local_setup.bash'
[17.121s] INFO:colcon.colcon_core.shell:Creating prefix chain script '/home/berenic/Documents/LPRS2_2026/Robo_Hand_RS485/ROS2/robo_hand_ws/install/setup.bash'
[17.123s] INFO:colcon.colcon_core.shell:Creating prefix script '/home/berenic/Documents/LPRS2_2026/Robo_Hand_RS485/ROS2/robo_hand_ws/install/local_setup.zsh'
[17.124s] INFO:colcon.colcon_core.shell:Creating prefix chain script '/home/berenic/Documents/LPRS2_2026/Robo_Hand_RS485/ROS2/robo_hand_ws/install/setup.zsh'
